artist_name,num_songs,tempo,loudness,energy
!!!,3,115.03066666666666,-7.256666666666667,0.8276666666666667
"""Weird Al"" Yankovic",5,153.5152,-9.5588,0.7584
'Til Tuesday,1,105.228,-11.537,0.515
*NSYNC,7,139.96714285714285,-5.402285714285715,0.8104285714285714
+44,6,148.53166666666667,-6.024666666666666,0.7171666666666666
...And You Will Know Us by the Trail of Dead,28,131.381,-6.666857142857142,0.7578571428571428
.38 Special,1,130.955,-5.471,0.748
1 Giant Leap,1,92.487,-8.391,0.834
10 Ft. Ganja Plant,2,107.463,-6.239,0.704
10 Years,3,139.766,-5.808,0.7413333333333334
10cc,8,118.239875,-9.785874999999999,0.61475
112,1,98.003,-4.552,0.718
12 Stones,3,167.82133333333334,-4.431666666666667,0.9250000000000002
1200 Micrograms,16,142.072,-7.0881875,0.9100625
12th Planet,1,143.013,-6.78,0.658
1349,16,128.73575,-5.8535625,0.8833875
13th Floor Elevators,2,160.63,-7.482,0.6365000000000001
16 Horsepower,8,106.29374999999999,-7.558625,0.67575
16bit,1,139.864,-13.957,0.481
17 Hippies,1,113.09,-13.819,0.442
1990s,1,141.169,-4.244,0.732
2 Brothers on the 4th Floor,1,134.869,-12.217,0.715
2 Chainz,3,122.86533333333334,-4.908666666666666,0.6293333333333333
2 Foot Yard,1,110.038,-9.883,0.363
2 Live Crew,1,128.748,-9.359,0.805
2 Pistols,1,134.062,-6.191,0.747
2 Unlimited,1,124.838,-7.224,0.834
2002,7,91.69371428571428,-17.920142857142856,0.19815714285714287
21 Hertz,1,82.009,-15.91,0.293
21 Savage,2,137.0425,-7.804,0.5255
22-20s,3,112.57366666666667,-4.929666666666667,0.9003333333333333
2562,9,140.36777777777777,-8.851333333333333,0.685
2:54,1,97.536,-8.41,0.651
2NE1,2,179.065,-3.0164999999999997,0.6415
2PM,1,140.026,-7.646,0.932
2Pac,16,90.904,-4.5691875,0.795
2raumwohnung,8,130.7705,-7.6335,0.62925
3 Doors Down,23,130.13721739130435,-5.454695652173913,0.8217826086956521
3 Inches of Blood,3,111.46766666666667,-4.869,0.8986666666666666
3-11 Porter,1,104.02,-9.991,0.373
30 Seconds to Mars,16,135.7290625,-6.83125,0.7454875
311,30,126.20323333333334,-7.085966666666667,0.8162333333333333
32 Leaves,1,90.562,-5.96,0.818
36 Crazyfists,17,128.37094117647058,-5.158705882352941,0.9129999999999999
3OH!3,8,130.390125,-4.812875,0.73975
4 Non Blondes,5,122.04079999999999,-8.8278,0.7368
4 Strings,2,138.9815,-7.0285,0.8195
40 Below Summer,3,114.678,-6.5249999999999995,0.9123333333333333
4Lyn,1,104.881,-7.489,0.567
4hero,12,123.61174999999999,-10.164166666666667,0.5955
4minute,1,106.039,-2.226,0.832
5 Seconds of Summer,3,118.65066666666667,-3.8513333333333333,0.8210000000000001
50 Cent,16,103.473375,-4.428625,0.7286875
65daysofstatic,47,141.93091489361703,-8.655021276595745,0.7325531914893617
7 Year Bitch,2,133.7265,-7.8035,0.746
702,1,92.195,-7.423,0.726
7Ray,1,117.041,-4.18,0.925
808 State,7,118.31885714285714,-8.646285714285714,0.87
80KIDZ,1,121.977,-4.377,0.756
88 Fingers Louie,1,183.3,-2.695,0.987
8mm,1,161.994,-9.025,0.448
9 Lazy 9,9,121.24177777777777,-18.578222222222223,0.4123333333333334
999,1,132.838,-10.871,0.619
9mm Parabellum Bullet,11,142.6559090909091,-3.8489999999999998,0.9431818181818182
::M∆DE::IN::HEIGHTS::,1,129.929,-10.312,0.383
:Of the Wand & the Moon:,3,113.42633333333333,-10.826333333333332,0.5506666666666667
:Wumpscut:,12,128.77725,-7.0030833333333335,0.8061666666666666
A Boogie Wit da Hoodie,1,96.057,-5.075,0.587
A Boy Called Joni,1,131.996,-12.552,0.79
A Bullet For Pretty Boy,1,98.119,-4.659,0.859
A Change of Pace,5,141.7338,-3.3549999999999995,0.9016
A Day to Remember,29,130.3146896551724,-5.941551724137931,0.858103448275862
A Different Breed Of Killer,4,121.219,-5.48775,0.953
A Fine Frenzy,13,122.28646153846154,-5.588384615384616,0.6738461538461539
A Flock of Seagulls,5,145.471,-8.112,0.6832
A Forest Mighty Black,6,120.33516666666667,-7.899166666666666,0.8033333333333333
A Great Big World,1,139.747,-7.616,0.157
A Guy Called Gerald,1,119.503,-7.855,0.83
A Hawk and a Hacksaw,3,120.49466666666666,-12.755666666666665,0.38066666666666665
A Kid Hereafter,1,102.784,-4.954,0.875
A Life Once Lost,6,136.953,-4.376,0.9135
A Man Called Adam,1,94.404,-12.842,0.516
A Perfect Circle,24,132.21608333333333,-9.150208333333333,0.6426791666666667
A Place to Bury Strangers,16,133.4288125,-4.7078125,0.780875
A Plea for Purging,3,126.947,-3.1156666666666664,0.9906666666666667
A R I Z O N A,1,105.945,-8.587,0.647
A Rocket to the Moon,2,151.457,-2.9595000000000002,0.765
A Silver Mt. Zion,12,101.16125,-13.45275,0.33433333333333337
A Skylit Drive,17,126.87405882352941,-4.292470588235294,0.8750588235294118
A Static Lullaby,2,151.337,-3.378,0.967
A Storm of Light,1,80.032,-8.434,0.788
A Sunny Day In Glasgow,12,122.93691666666666,-7.500916666666666,0.7559166666666667
A Taste Of Honey,1,124.9,-10.697,0.573
A Tribe Called Quest,32,99.15321875,-11.13275,0.5099375
A Veil of Water,3,146.226,-12.511333333333333,0.29033333333333333
A Wilhelm Scream,2,105.318,-5.0085,0.9530000000000001
A$AP Ferg,1,170.073,-5.489,0.845
A$AP Rocky,4,113.20124999999999,-7.5302500000000006,0.67675
A*Teens,1,126.612,-1.933,0.988
A.A. Bondy,4,141.86925,-12.75925,0.417
ABBA,41,126.37468292682927,-8.338560975609758,0.6651902439024391
ABC,6,122.00349999999999,-8.3615,0.7648333333333334
AC Slater,1,139.936,-9.132,0.607
AC/DC,47,127.07265957446809,-4.988914893617022,0.8191702127659574
ACIDMAN,1,200.35,-6.811,0.693
AFI,34,136.5800882352941,-5.395176470588235,0.8458241264705881
AFX,6,162.04066666666668,-8.445333333333332,0.919
AKB48,1,132.038,-3.508,0.865
ALL CAPS,1,130.032,-3.764,0.962
ANBB,1,124.972,-13.329,0.246
ASD,1,102.58,-5.487,0.926
ASHES dIVIDE,7,125.11971428571428,-6.090142857142857,0.7901428571428571
ASIAN KUNG-FU GENERATION,3,137.48533333333333,-5.747333333333334,0.7843333333333332
ASP,4,94.01050000000001,-4.95825,0.832
ATB,30,133.41966666666667,-7.8408,0.7922333333333333
ATB pres. Flanders,1,130.986,-6.092,0.798
Aaliyah,4,104.98075,-6.37675,0.57575
Aaron,2,103.096,-10.182500000000001,0.5225
Aaron Ackerson,1,149.991,-8.942,0.8
Aaron Copland,2,108.70500000000001,-22.4075,0.04505
Aaron Neville,2,171.1035,-11.336,0.4645
Aaron Tippin,2,99.9225,-6.3065,0.728
Abacabb,1,148.014,-4.947,0.961
Abakus,1,123.019,-13.95,0.756
Abbey Lincoln,1,85.358,-15.118,0.204
Abe Vigoda,2,100.637,-11.5385,0.5445
Abel Korzeniowski,3,84.891,-15.159,0.21999999999999997
Abfahrt Hinwil,1,108.004,-8.894,0.851
Abigail Williams,2,128.07850000000002,-3.1310000000000002,0.9505
Abney Park,2,133.5015,-6.538,0.796
Aborted,30,112.60353333333333,-5.207766666666667,0.9394666666666667
Above & Beyond,10,138.65910000000002,-10.0629,0.6484
Above & Beyond pres. Tranquility Base,1,137.778,-8.027,0.975
Absu,3,111.93966666666665,-11.588,0.5203366666666667
Absurd Minds,3,117.657,-7.018999999999999,0.8613333333333334
Accept,8,134.464125,-10.075,0.833875
Acceptance,6,143.07883333333334,-4.041333333333333,0.8758333333333334
Access to Arasaka,2,101.5745,-11.426,0.884
Acda en de Munnik,2,102.39699999999999,-10.122,0.4355
Ace Frehley,1,95.083,-8.586,0.56
Ace Hood,2,118.583,-5.6,0.721
Ace of Base,15,109.27966666666666,-8.0618,0.8228666666666666
Aceyalone,1,127.257,-9.377,0.606
Achillea,2,139.70250000000001,-13.2565,0.429
Acid Bath,18,113.88866666666667,-6.883444444444445,0.8121111111111111
Acid House Kings,2,124.999,-7.684000000000001,0.6875
Acid King,11,118.658,-9.363363636363637,0.6439090909090909
Across Five Aprils,2,76.786,-8.8645,0.6285000000000001
Action Bronson,1,93.649,-4.031,0.851
Active Child,3,124.79866666666668,-8.212,0.5950000000000001
Active Sight,1,138.005,-10.314,0.84
Actress,9,124.33344444444444,-13.45711111111111,0.45098888888888883
Adam Ant,1,95.775,-10.383,0.895
Adam F,1,171.33,-4.317,0.988
Adam Green,6,132.24633333333333,-5.874,0.6903333333333334
Adam Johnson,1,120.002,-8.546,0.93
Adam Lambert,10,116.40429999999999,-5.2934,0.7985
Adam Steffey,2,164.99450000000002,-9.75,0.7110000000000001
Adam and the Ants,2,112.18700000000001,-7.205500000000001,0.8125
Add N To (X),1,134.956,-3.299,0.976
Adele,21,118.27957142857143,-7.592190476190477,0.499952380952381
Adelitas Way,3,139.98666666666668,-4.140666666666667,0.902
Adema,22,126.34854545454546,-4.343818181818182,0.9308181818181819
Adept,2,93.02000000000001,-5.5115,0.8825000000000001
Adiemus,2,119.0275,-11.4275,0.384
Adolescents,7,120.47857142857143,-6.190714285714286,0.9534285714285714
Adolphson & Falk,1,160.871,-7.877,0.686
Adriana Calcanhotto,2,128.925,-11.5695,0.354
Adversus,2,119.851,-11.045,0.7325
Aemen,2,93.905,-6.9990000000000006,0.606
Aereogramme,4,110.0025,-9.030750000000001,0.52125
Aeroc,1,180.025,-7.155,0.953
Aerosmith,62,128.0969516129032,-6.926129032258065,0.8153387096774194
Aes Dana,3,74.99266666666666,-19.900333333333336,0.368821
Aesma Daeva,1,82.47,-4.959,0.878
Aesop Rock,9,106.31977777777779,-8.07288888888889,0.7127777777777777
Aesthetic Perfection,6,118.34716666666667,-6.497333333333333,0.8703333333333333
Afghan Whigs,3,116.87733333333334,-7.030666666666666,0.743
Afrika Bambaataa,1,129.808,-4.21,0.961
Afro Celt Sound System,3,127.33,-6.521333333333334,0.8096666666666666
Afrojack,2,126.4975,-5.076499999999999,0.8255
Afromental,2,127.489,-5.9415,0.652
After Forever,13,135.51084615384616,-5.074923076923077,0.8623846153846154
After the Burial,6,102.21833333333332,-3.9293333333333336,0.9476666666666667
Afterlife,1,174.003,-11.372,0.504
Against All Authority,2,135.4005,-3.5465,0.9695
Against Me!,5,125.0616,-3.8986000000000005,0.8210000000000001
Agalloch,2,131.5,-7.3035,0.6905
Agathodaimon,2,155.511,-6.159,0.8955
Agent Alvin,1,175.024,-5.309,0.951
Agent Orange,2,104.17,-6.944,0.935
Agnelli & Nelson,1,129.983,-11.522,0.56
Agnes,2,125.95,-5.074999999999999,0.7585
Agnes Obel,5,143.7974,-16.6054,0.14684
Agnieszka Chylińska,3,135.32933333333335,-6.084333333333333,0.8103333333333333
Agnostic Front,3,124.93900000000001,-5.251666666666666,0.9363333333333334
Agonoize,8,117.19024999999999,-7.9113750000000005,0.892375
Agoraphobic Nosebleed,6,140.81316666666666,-3.158333333333333,0.9786666666666667
Agoria,3,123.66366666666666,-10.054,0.6113333333333334
Agua de Annique,1,121.046,-10.876,0.354
Aiden,5,130.8394,-5.3128,0.9221999999999999
Aim,2,119.00899999999999,-6.2225,0.5145
Aimee Mann,15,125.43606666666666,-8.454333333333333,0.5250666666666667
Air,48,130.57193750000002,-10.897916666666667,0.5001741666666667
Air Formation,2,105.834,-9.014,0.462
Air France,8,130.13325,-10.409125,0.693125
Air Supply,3,98.10966666666667,-6.826666666666667,0.7003333333333334
Air Traffic,8,128.232875,-5.650625,0.6915
Airbourne,3,160.677,-2.693,0.9660000000000001
Airiel,1,155.048,-4.334,0.967
Airlock,1,128.017,-12.502,0.349
Aisha Duo,2,138.6765,-18.7865,0.224
Akcent,1,125.024,-8.486,0.763
Akercocke,3,134.28366666666668,-6.814666666666667,0.9113333333333333
Akira Kiteshi,1,70.473,-6.52,0.924
Akira Yamaoka,4,124.82674999999999,-17.76375,0.36637000000000003
Akissforjersey,1,86.144,-5.856,0.956
Akon,12,114.65066666666667,-5.97,0.66125
Al Di Meola,5,105.63759999999999,-11.2274,0.666
Al Green,7,100.54114285714286,-14.016571428571428,0.36428571428571427
Al Hirt,1,173.625,-4.961,0.847
Al Martino,1,124.757,-13.489,0.444
Al Stewart,1,117.033,-8.242,0.635
Alabama,1,103.606,-11.882,0.421
Alabama Shakes,7,111.92871428571428,-7.009142857142857,0.5947142857142858
Alain Bashung,1,117.671,-8.207,0.769
Alain Souchon,1,75.774,-14.5,0.337
Alamo Race Track,1,180.013,-5.042,0.635
Alan Jackson,11,130.012,-8.25690909090909,0.6265454545454545
Alan Reeves / Phil Steele / Philip Brigham,1,104.402,-8.646,0.583
Alan Silvestri,3,76.31966666666666,-19.121333333333336,0.23024333333333333
Alan Walker,1,179.87,-5.272,0.645
Alanis Morissette,16,120.4529375,-7.2953125000000005,0.6836875
Alannah Myles,1,91.147,-6.009,0.5
Alaska In Winter,1,110.007,-10.519,0.417
Albert Ayler,1,83.266,-13.701,0.396
Albert Collins,3,100.22666666666667,-10.233333333333333,0.7296666666666667
Albert Hammond,1,116.429,-8.45,0.618
"Albert Hammond, Jr.",6,122.7935,-4.896,0.7341666666666667
Albert King,5,136.10899999999998,-9.189599999999999,0.4248
Alborosie,7,125.04442857142858,-5.471428571428571,0.6948571428571428
Alcazar,2,131.506,-5.246,0.8915
Alcest,3,108.07433333333334,-9.773,0.5926666666666667
Alceu Valença,1,107.303,-6.101,0.765
Alec Empire,1,142.014,-4.054,0.726
Alejandro Fernández,2,136.26999999999998,-9.416,0.363
Alejandro Sanz,1,160.075,-6.731,0.846
Alela Diane,3,137.00066666666666,-12.060666666666668,0.21766666666666667
Alesana,25,141.79552,-5.75944,0.8445199999999999
Alesha Dixon,2,147.018,-3.714,0.8015
Alessia Cara,4,104.9515,-6.309,0.54625
Alesso,2,126.0135,-4.629,0.882
Alestorm,4,128.36075,-4.390000000000001,0.93575
Alex Clare,3,159.13666666666668,-7.946333333333333,0.5766666666666667
Alex Cornell,1,90.055,-11.216,0.408
Alex Gaudino,2,128.0315,-6.003,0.956
Alex Gopher,3,101.02266666666667,-7.397000000000001,0.6709999999999999
Alex Kozobolis,1,60.419,-29.531,0.248
Alex Party,1,127.825,-7.497,0.876
Alex Reece,2,159.81400000000002,-9.622,0.681
Alex Smoke,6,124.1555,-10.307333333333334,0.6745
"Alexander ""Skip"" Spence",1,99.487,-21.807,0.112
Alexandra Burke,2,153.043,-4.495,0.7985
Alexandre Desplat,3,136.70033333333333,-20.314666666666668,0.2220333333333333
Alexi Murdoch,6,117.99249999999999,-15.530833333333334,0.3431666666666667
Alexisonfire,18,117.51088888888889,-6.037555555555556,0.8111666666666666
Ali Farka Touré,7,113.81357142857144,-12.409,0.3520285714285714
Ali Farka Touré and Ry Cooder,1,90.353,-14.455,0.4
Alice Coltrane,3,89.34033333333333,-13.048666666666668,0.45566666666666666
Alice Cooper,11,126.08763636363636,-8.96490909090909,0.7868181818181817
Alice Deejay,5,137.7938,-7.1384,0.8714000000000001
Alice Glass,2,80.087,-11.894,0.3415
Alice Merton,1,115.958,-7.295,0.657
Alice Russell,3,112.972,-10.427999999999999,0.42533333333333334
Alice in Chains,50,116.55772,-6.51206,0.77414
Alice in Videoland,10,137.0096,-5.3751,0.8534
Alicia Keys,37,113.68408108108108,-8.849108108108108,0.5305486486486487
Alien Ant Farm,9,128.4043333333333,-4.140333333333333,0.9306666666666666
Alien Sex Fiend,2,147.1415,-8.5005,0.8360000000000001
Alien Vampires,4,138.7575,-5.71075,0.987
Alif Tree,1,117.074,-9.725,0.475
Aliotta Haynes Jeremiah,1,94.004,-11.383,0.78
Alison Krauss,5,114.4822,-12.080400000000001,0.2952
Alison Krauss & Union Station,5,138.77100000000002,-10.965599999999998,0.5124
Alison Moyet,1,99.5,-7.672,0.53
Alix Perez,3,173.05633333333333,-7.151,0.648
Alizée,9,117.76288888888888,-6.010555555555555,0.8401111111111111
Alkaline Trio,41,131.99343902439023,-5.387170731707317,0.8783658536585366
All,1,170.937,-13.605,0.892
All My Faith Lost ...,1,75.432,-13.877,0.219
All Pigs Must Die,1,96.798,-3.751,0.969
All Saints,2,117.4025,-7.340999999999999,0.6025
All Shall Perish,24,121.18704166666667,-5.112041666666667,0.882875
All That Remains,21,113.81009523809524,-5.458142857142858,0.9572857142857142
All Time Low,21,140.1522857142857,-3.988428571428572,0.9033333333333333
All-4-One,1,83.217,-8.072,0.413
Allah-Las,1,119.283,-5.494,0.815
Alle Farben,2,118.497,-7.2475000000000005,0.61
Allie X,3,135.30433333333335,-4.102666666666667,0.8016666666666667
Allison Durham Speer,1,114.799,-9.556,0.465
Allison Iraheta,1,150.978,-1.912,0.918
Allister,5,155.98,-4.4948,0.9172
Aloe Blacc,5,149.625,-7.3264,0.6442
Aloha from Hell,1,130.061,-5.139,0.844
Alok,1,121.996,-7.757,0.43
Alpha,3,124.503,-11.827333333333334,0.36800000000000005
Alpha Blondy,1,143.994,-8.119,0.56
Alphabeat,2,126.97800000000001,-5.734999999999999,0.9045000000000001
Alphaville,5,116.1608,-11.1528,0.6532
Alphawezen,3,121.24566666666668,-11.131,0.573
Alpine,1,115.0,-5.456,0.64
Altan,1,72.858,-10.8,0.239
Altar Of Dagon,1,106.037,-10.714,0.86
Alter Bridge,17,146.5900588235294,-4.3703529411764706,0.9025882352941176
Altered Images,2,126.84450000000001,-7.5705,0.71
Althea & Donna,1,82.501,-10.33,0.445
Alton Ellis,1,88.747,-7.962,0.502
AlunaGeorge,2,106.0415,-7.2235,0.569
Alvvays,1,183.954,-6.242,0.459
Aly & AJ,5,134.3654,-3.8764000000000003,0.8096
Amadou & Mariam,4,116.57775000000001,-9.129000000000001,0.5415
Amaia Montero,1,139.948,-4.877,0.702
Amanda Blank,2,106.481,-4.457,0.7415
Amanda Jenssen,4,122.5345,-4.9407499999999995,0.74175
Amanda Palmer,4,104.79075,-7.656499999999999,0.432
Amaranthe,10,113.00720000000001,-4.918200000000001,0.9188000000000001
Amatory,2,124.98750000000001,-5.4465,0.9055
Ambeon,1,128.041,-8.473,0.601
Amber Asylum,1,144.173,-19.468,0.149
Amber Pacific,7,129.0374285714286,-4.127714285714285,0.9278571428571428
Amberian Dawn,5,100.33879999999999,-3.4219999999999997,0.859
Ambrosia,2,129.235,-9.435500000000001,0.588
Ambulance Ltd,5,124.73719999999999,-6.7829999999999995,0.7188
Amduscia,3,124.72399999999999,-9.430666666666667,0.943
Amel Bent,1,100.012,-5.83,0.673
Amel Larrieux,2,114.102,-12.432500000000001,0.2821
America,9,142.09922222222224,-8.809444444444445,0.6617777777777778
American Football,3,115.24566666666665,-8.915333333333335,0.6896666666666667
American Head Charge,4,104.379,-4.84125,0.95675
American Hi-Fi,9,130.07033333333334,-3.356222222222222,0.8967777777777778
Amerie,4,105.87625,-4.953,0.90725
Amesoeurs,8,131.27587499999998,-10.506,0.733375
Amethystium,11,104.89990909090908,-10.111818181818181,0.5742727272727273
Ametsub,1,126.986,-10.186,0.743
Amici Forever,1,74.984,-12.27,0.353
Amii Stewart,1,140.791,-11.199,0.805
Amiina,9,101.49544444444444,-16.046555555555553,0.15684233333333333
Amilcare Ponchielli,1,133.693,-22.982,0.0707
Ammoncontact,1,99.941,-9.971,0.53
Amon Amarth,47,145.29236170212766,-4.519595744680851,0.9670425531914894
Amon Düül II,4,143.29149999999998,-15.97275,0.49125
Amon Tobin,49,132.90361224489797,-9.467469387755102,0.6917959183673469
Amorphis,74,125.66662162162162,-5.4611081081081085,0.8380675675675676
Amorphous Androgynous,2,114.5325,-19.173499999999997,0.427
Amos Lee,22,121.06877272727273,-11.590363636363636,0.29474545454545453
Amparanoia,4,119.4825,-7.56875,0.7645
Amplifier,2,139.9645,-7.734,0.728
Amusement Parks On Fire,7,124.05728571428573,-8.758,0.5878285714285714
Amy Adams,1,174.064,-8.22,0.582
Amy Diamond,1,92.722,-5.238,0.788
Amy Grant,1,97.861,-5.534,0.888
Amy Lambert,1,117.855,-7.429,0.609
Amy Lee,1,97.998,-9.945,0.299
Amy Macdonald,9,124.16766666666666,-6.888999999999999,0.6975333333333333
Amy Millan,3,114.96333333333332,-7.321666666666666,0.6413333333333333
Amy Winehouse,23,106.64186956521739,-6.367217391304348,0.6120434782608696
An Albatross,3,107.45100000000001,-6.349333333333334,0.816
An Autumn for Crippled Children,1,160.643,-4.24,0.947
An Danzza,1,109.979,-10.288,0.352
An Endless Sporadic,1,100.005,-7.425,0.763
Ana Tijoux,1,104.014,-7.169,0.692
Anaal Nathrakh,37,123.15045945945946,-4.740891891891892,0.6754864864864865
Anal Cunt,2,120.834,-6.9615,0.9635
Anamanaguchi,2,112.1065,-4.0595,0.87
Ananda Shankar,1,132.885,-11.961,0.695
Anarbor,5,143.9718,-3.693,0.8458
Anastacia,5,103.4386,-5.0896,0.7674
Anathema,43,114.27044186046511,-11.505325581395349,0.5161232558139535
Anberlin,29,145.67758620689654,-5.7043448275862065,0.8403448275862069
Ancient Astronauts,1,89.99,-7.28,0.772
And Also The Trees,1,128.014,-12.795,0.447
And Hell Followed With,1,102.634,-3.854,0.973
And One,1,95.991,-8.833,0.735
And So I Watch You From Afar,8,114.29425,-6.973625,0.715125
Andain,1,130.998,-8.111,0.665
Anderson .Paak,2,123.56700000000001,-7.1805,0.7715000000000001
Andhim,1,119.981,-8.354,0.797
Andrea Bocelli,10,118.5001,-8.3569,0.3947
Andrea Doria,1,126.997,-7.195,0.794
Andrea True Connection,1,103.025,-10.834,0.555
Andrew Bird,29,123.47272413793104,-11.38148275862069,0.4195551724137931
Andrew Lloyd Webber,7,91.06700000000001,-13.641428571428571,0.304
Andrew W.K.,5,161.82819999999998,-3.535,0.9498
Andreya Triana,2,89.52799999999999,-10.0485,0.467
Androcell,1,101.965,-7.942,0.658
Andru Donalds,4,152.4855,-5.7995,0.7015
André Wall,1,119.971,-8.296,0.661
Andrés Calamaro,1,68.467,-6.624,0.648
Andrés Segovia,1,78.474,-25.484,0.281
Andy C,1,173.985,-11.955,0.874
Andy Kim,1,123.519,-7.378,0.768
Andy McKee,4,112.3365,-10.80075,0.3865
Andy Timmons,1,89.804,-8.136,0.651
Andy Williams,1,157.225,-9.573,0.631
Ane Brun,7,115.51700000000001,-13.466285714285716,0.2252
Angel Witch,2,121.857,-8.310500000000001,0.9065
Angela Lansbury,1,171.584,-14.447,0.162
Angels & Agony,1,128.016,-9.933,0.73
Angels & Airwaves,17,148.61482352941178,-6.157,0.8362941176470589
Angels Of Venice,2,141.9825,-14.950499999999998,0.2505
Angelspit,10,150.6131,-4.5386,0.9521000000000001
Angelzoom,2,98.463,-6.2170000000000005,0.581
Anggun,1,83.97,-6.488,0.795
Angie Stone,3,114.65866666666666,-6.047999999999999,0.7116666666666666
Angra,9,125.26922222222223,-7.499555555555555,0.8183333333333334
Angtoria,6,97.51283333333333,-5.512666666666667,0.8508333333333332
Angus & Julia Stone,23,113.50382608695651,-11.969,0.3615434782608696
Angélique Kidjo,2,107.443,-7.779,0.7475
Ani DiFranco,1,143.667,-7.904,0.61
Ania,9,121.38399999999999,-8.447333333333333,0.5047777777777778
Animal Collective,70,115.8963,-9.803128571428571,0.6599242857142856
Animal Liberation Orchestra,1,123.396,-9.79,0.604
Animals as Leaders,13,139.38023076923076,-7.511615384615386,0.7402307692307691
Animals on Wheels,2,161.11200000000002,-10.2375,0.641
Animosity,4,104.3555,-4.491,0.92875
Anita Baker,2,78.179,-7.4125,0.573
Anita Lipnicka & John Porter,3,126.28666666666668,-8.364,0.515
Anita Ward,1,127.618,-12.267,0.555
Anja Garbarek,9,118.95288888888889,-14.968666666666666,0.26863333333333334
Anja Schneider,3,127.738,-12.229999999999999,0.5343333333333333
Ann Downing,1,107.201,-14.006,0.203
Ann Peebles,1,80.17,-10.904,0.429
Anna Abreu,2,95.753,-6.6495,0.72
Anna Calvi,1,113.433,-10.989,0.309
Anna Karina,1,119.397,-4.185,0.803
Anna Maria Jopek,1,150.0,-10.873,0.394
Anna Nalick,3,159.946,-7.395333333333333,0.4983333333333333
Anna Ternheim,21,122.44361904761904,-9.728238095238096,0.39884285714285717
Anna von Hausswolff,1,139.172,-17.857,0.137
Anne Clark,1,129.933,-11.651,0.877
Anne Hathaway,1,54.978,-17.357,0.0753
Anne Murray,1,124.323,-5.754,0.448
Annett Louisan,8,114.84337500000001,-10.70375,0.43262500000000004
Annie,8,110.346625,-5.7677499999999995,0.764
Annie Lennox,3,109.68266666666666,-12.078000000000001,0.3873333333333333
Annihilator,4,137.34375,-7.1049999999999995,0.93425
Annotations of an Autopsy,16,117.9965625,-6.707,0.81275
Anoice,4,85.9985,-10.961,0.37275
Anoraak,5,122.9964,-9.9596,0.6544000000000001
Anorexia Nervosa,3,100.527,-5.620333333333334,0.9143333333333333
Another Level,1,79.726,-7.051,0.477
Anouar Brahem,3,89.48599999999999,-23.145666666666667,0.048633333333333334
Anouk,2,110.04249999999999,-9.865,0.572
Anoushka Shankar,3,126.029,-11.932333333333332,0.502
Anterior,1,98.02,-4.786,0.987
Anthony B,2,146.71749999999997,-5.013999999999999,0.772
Anthony Hamilton,2,121.3945,-8.415,0.33399999999999996
Anthrax,42,124.87907142857144,-7.117047619047619,0.9336666666666666
Anti-Flag,15,132.49373333333332,-5.4458,0.9353333333333332
Antibalas Afrobeat Orchestra,3,114.21033333333332,-9.490666666666668,0.827
Antiloop,2,139.54899999999998,-6.9185,0.981
Antimatter,14,117.78857142857143,-11.818071428571429,0.3766285714285714
Antonio Vivaldi,3,120.47266666666667,-21.5,0.1917
Antony Parviainen,1,200.048,-4.821,0.72
Antony and the Johnsons,18,107.9398888888889,-13.993055555555555,0.20967444444444444
Antony with Bryce Dessner,1,86.009,-15.461,0.179
Antonín Dvořák,3,81.09033333333333,-16.249333333333336,0.13520000000000001
Antsy Pants,1,101.282,-11.717,0.523
Antti Tuisku,1,129.996,-5.582,0.898
Antônio Carlos Jobim,8,116.681375,-15.3475,0.368625
Anya Marina,1,118.017,-10.163,0.426
Anúna,3,100.72466666666666,-18.083333333333332,0.159
Apache Indian,1,134.018,-8.672,0.679
Apartment,1,99.022,-4.704,0.922
Aphex Twin,64,132.41385937500002,-13.680546875,0.5899546875
Aphrodite,1,173.548,-7.269,0.867
Aphrodite's Child,2,99.2405,-11.4655,0.6705
Apocalypse Orchestra,1,153.061,-7.168,0.712
Apocalyptica,45,119.37257777777776,-8.266777777777778,0.6429111111111111
Apollo 440,7,123.79685714285714,-8.775857142857143,0.7297142857142856
Apoptygma Berzerk,15,121.8322,-9.128733333333333,0.7539533333333334
Apostle of Hustle,2,136.2425,-6.3285,0.802
Apparat,4,109.345,-12.135,0.45625000000000004
April March,2,116.9945,-8.045,0.398
April Stevens,1,116.628,-18.625,0.122
April Wine,1,83.546,-15.021,0.308
Aqua,7,131.57271428571428,-5.489428571428571,0.9087142857142857
Aqualung,8,128.883375,-11.23425,0.377125
Aquasky,1,160.131,-7.72,0.704
Aqueduct,1,120.671,-6.975,0.882
Arab Strap,2,144.1895,-13.249500000000001,0.505
Arab on Radar,4,154.38549999999998,-6.46725,0.915
Arca,8,106.371375,-13.308375,0.478375
Arcade Fire,27,121.94474074074073,-7.27362962962963,0.7437037037037036
Arcadia,1,110.791,-14.746,0.552
Arcana,14,115.40935714285715,-12.321285714285713,0.4538357142857143
Arcangelo Corelli,3,85.82466666666666,-21.893333333333334,0.07766666666666668
Arch Enemy,62,127.00901612903226,-5.1795,0.9275
Archers of Loaf,2,119.203,-9.464,0.5435
Archie Bronson Outfit,2,100.215,-4.4559999999999995,0.9225
Architects,21,118.67795238095239,-4.437714285714286,0.9565714285714286
Architecture in Helsinki,20,120.0153,-7.56725,0.5836
Archive,23,129.2641739130435,-10.851434782608695,0.4881695652173913
Arctic Monkeys,49,129.73846938775512,-5.992469387755102,0.8164081632653061
Arcturus,9,104.43322222222223,-7.947666666666667,0.7123333333333333
Arema Arega,1,160.01,-10.392,0.635
Aretha Franklin,17,127.29929411764704,-9.620176470588236,0.5331764705882353
Argent,1,89.212,-7.058,0.715
Ari Koivunen,10,109.03419999999998,-4.2431,0.8462
Ariana Grande,21,117.21204761904762,-6.31947619047619,0.6212857142857142
Ariel Pink,2,113.161,-2.3885,0.8325
Ariel Pink's Haunted Graffiti,8,138.478125,-8.1455,0.778125
Aril Brikha,1,131.015,-10.136,0.809
Ark,2,118.501,-6.082000000000001,0.9595
Arkona,17,142.84629411764706,-4.993352941176471,0.9109411764705883
Arlo Guthrie,1,83.386,-15.403,0.263
Armand van Helden,6,129.08616666666668,-6.728666666666666,0.786
Armandinho,2,73.655,-10.9605,0.627
Armin van Buuren,19,132.50615789473684,-8.979526315789473,0.8104210526315789
Armor for Sleep,4,168.223,-4.6615,0.91025
Armored Saint,1,167.977,-11.913,0.888
Arms and Sleepers,1,89.96,-9.392,0.421
Arnej,2,128.9955,-9.2165,0.387
Arno Cost & Arias,1,124.978,-6.906,0.691
Aromabar,1,110.004,-5.35,0.846
Arrested Development,1,99.897,-6.526,0.784
Arsis,10,111.4733,-5.316,0.9862
Arsonists Get All The Girls,19,129.6858947368421,-4.936578947368421,0.9038947368421052
Art Blakey & The Jazz Messengers,3,121.48200000000001,-14.410000000000002,0.19376666666666664
Art Brut,7,159.60914285714284,-3.150714285714286,0.9249999999999999
Art Pepper,1,132.923,-15.025,0.105
Art of Dying,3,142.96633333333332,-3.9476666666666667,0.8489999999999999
Art of Noise,2,120.50999999999999,-11.218,0.4565
Artesia,7,79.871,-12.854571428571429,0.36257142857142854
Arthur Conley,1,80.201,-9.669,0.659
Arthur Russell,10,121.91779999999999,-13.2947,0.4084
Artie Shaw,2,125.82849999999999,-12.276,0.22049999999999997
Artist vs. Poet,3,145.956,-4.1113333333333335,0.9183333333333333
Arvo Pärt,1,75.453,-31.755,0.0087
As Blood Runs Black,2,115.4505,-2.2475,0.9975
As Cities Burn,11,136.59890909090907,-5.47,0.8583636363636363
As I Lay Dying,51,139.0253725490196,-4.8152156862745095,0.9336274509803922
As Tall As Lions,1,136.93,-4.908,0.915
As We Fight,1,144.722,-2.473,0.991
Asaf Avidan & The Mojos,2,112.8805,-8.4015,0.3525
Ascii.Disko,3,128.33966666666666,-7.452000000000001,0.8106666666666666
Ash,7,153.09471428571428,-4.5561428571428575,0.9478571428571428
Ashanti,4,107.44075,-5.3515,0.6984999999999999
Ashbury Heights,5,117.0008,-11.061,0.781
Ashe,1,119.812,-8.624,0.406
Asher Roth,3,130.44766666666666,-5.089666666666667,0.7746666666666666
Ashford & Simpson,1,100.851,-6.284,0.688
Ashlee Simpson,14,134.447,-4.180714285714286,0.7843571428571429
Ashley Tisdale,5,111.495,-4.235200000000001,0.7678
Ashra,2,108.49799999999999,-17.2895,0.27749999999999997
Ashram,1,96.23,-9.81,0.278
Asia,3,135.84799999999998,-7.489,0.8626666666666667
Asian Dub Foundation,1,161.112,-3.246,0.918
Asking Alexandria,11,133.37363636363636,-3.9979090909090913,0.9272727272727272
Asobi Seksu,19,129.96357894736843,-6.100315789473685,0.7088947368421052
Assemblage 23,19,137.96173684210527,-8.753473684210526,0.8598421052631579
Astor Piazzolla,3,140.882,-15.273000000000001,0.26899999999999996
Astral Projection,12,142.08124999999998,-10.071833333333332,0.9576666666666668
Astrix,9,138.4568888888889,-7.2025555555555565,0.9024444444444444
Astrobrite,1,149.645,-5.951,0.414
Astrud Gilberto,10,105.89680000000001,-14.975100000000001,0.28506
Aswad,1,127.43,-18.988,0.156
At the Drive-In,32,130.80871875,-5.4950625,0.86428125
At the Gates,27,107.2887037037037,-7.815333333333334,0.9387407407407408
Atari Teenage Riot,11,137.62981818181817,-6.166818181818183,0.9670000000000001
Ataxia,2,132.36849999999998,-9.416,0.517
Aterciopelados,1,154.963,-6.646,0.75
Atheist,13,111.90230769230769,-9.072076923076922,0.8742307692307693
Athlete,19,122.94142105263158,-8.165315789473684,0.5541052631578948
Atjazz,1,121.074,-8.569,0.765
Atlanta Rhythm Section,1,83.524,-6.963,0.65
Atlantic Starr,1,79.55,-11.621,0.518
Atlas Sound,20,112.14359999999999,-9.40845,0.61
Atmosphere,11,97.86263636363637,-3.752727272727273,0.6881818181818182
Atomic Rooster,2,136.9275,-8.123999999999999,0.8009999999999999
Atoms for Peace,3,144.23733333333334,-6.804333333333333,0.8250000000000001
Atomship,1,121.948,-5.156,0.86
Atreyu,12,128.43675,-4.447416666666666,0.93825
Atrium Carceri,9,100.698,-19.635666666666665,0.2753333333333333
Attack Attack!,3,122.95799999999998,-3.2856666666666663,0.9786666666666667
Attila,4,115.293,-7.2025,0.7845
Au Revoir Simone,24,135.261875,-10.854999999999999,0.5103333333333334
Audio Bullys,6,109.52383333333334,-4.9645,0.7965
Audio Lotion,2,131.00650000000002,-12.1595,0.4075
Audion,9,125.43377777777778,-8.517,0.6356666666666667
Audioslave,27,116.1408888888889,-4.559222222222222,0.7607777777777778
Auf Der Maur,10,129.76330000000002,-6.8539,0.7312000000000001
Augury,1,113.316,-4.838,0.947
August Burns Red,29,129.09420689655173,-4.569931034482758,0.9561034482758621
Augustana,11,106.56136363636364,-6.096909090909091,0.6177272727272727
Augustus Pablo,3,114.30266666666667,-9.095666666666666,0.6493333333333333
Auletta,1,108.068,-5.006,0.829
Aurora,1,95.332,-9.944,0.536
Austra,2,122.0145,-7.823,0.5495
Austrian Death Machine,9,146.47144444444444,-3.9413333333333336,0.9565555555555556
Autechre,105,117.47066666666667,-13.449838095238094,0.657319240952381
AutoKratz,1,129.91,-5.484,0.703
Autolux,4,115.93225000000001,-6.44125,0.78375
Autopsy,5,104.8152,-6.8042,0.8880000000000001
Ava Max,1,130.089,-4.67,0.656
Avant,4,111.22725,-5.53325,0.51325
Avantasia,33,123.65866666666666,-5.7870606060606065,0.7724848484848486
Avenged Sevenfold,37,131.38381081081081,-5.149297297297298,0.9085405405405406
Aventura,1,133.694,-4.922,0.61
Average White Band,1,106.972,-7.15,0.653
Aversions Crown,1,134.901,-3.158,0.984
Avey Tare,1,115.253,-8.522,0.781
Avi Buffalo,1,94.75,-7.854,0.549
Avicii,11,126.01681818181818,-5.750818181818182,0.7377272727272728
Avishai Cohen Trio,1,112.848,-9.525,0.654
Avril Lavigne,32,134.73390625000002,-4.601,0.7975625
Awolnation,2,131.533,-7.41,0.584
Axel Bartsch,1,123.995,-11.145,0.563
Axel Rudi Pell,2,101.961,-6.6365,0.5585
Axwell,4,129.04,-7.6125,0.87975
Aya RL,1,177.049,-9.44,0.404
Ayreon,36,112.11344444444444,-8.980361111111112,0.5909444444444445
Ayria,13,128.3853076923077,-7.4861538461538455,0.8693846153846153
Ayub Ogada,2,100.992,-20.527,0.05115
Ayọ,4,124.75375,-10.47775,0.436
Azam Ali,7,130.0097142857143,-8.725714285714286,0.6391428571428571
Azari & III,1,118.999,-4.881,0.7
Azealia Banks,5,126.799,-6.8756,0.7476
Aztec Camera,3,127.99366666666667,-6.366666666666667,0.769
Azure Ray,2,104.0865,-11.517,0.3225
B*Witched,1,109.0,-3.816,0.951
B-Complex,2,174.0125,-4.519,0.9455
B-Tribe,2,92.82300000000001,-16.52,0.187
B. Fleischmann,1,139.985,-10.86,0.499
B.B. King,19,113.75531578947368,-8.712421052631578,0.5708421052631579
B.J. Thomas,2,119.42750000000001,-11.9455,0.44400000000000006
B.o.B,2,82.67750000000001,-5.1235,0.7375
B12,1,121.89,-7.862,0.897
BABYMETAL,3,153.06933333333333,-2.231666666666667,0.9126666666666666
BACK-ON,1,92.005,-4.075,0.942
BADBADNOTGOOD,4,135.44925,-7.71425,0.67175
BB Brunes,1,129.606,-4.872,0.607
BBE,1,137.871,-8.491,0.909
BBMak,1,104.775,-3.308,0.935
BEAUTIFUL WORLD,1,173.143,-14.029,0.611
BROCKHAMPTON,2,139.89499999999998,-4.989,0.7585
BROODS,4,151.321,-7.341,0.6725
BT,3,131.698,-6.6723333333333334,0.8376666666666667
BTS,2,133.505,-4.5184999999999995,0.8725
Baaba Maal,4,104.4915,-8.723500000000001,0.598
Baba Brooks,1,121.789,-9.885,0.734
Babasónicos,2,124.87549999999999,-7.330500000000001,0.6555
Babes in Toyland,3,140.97566666666668,-9.858666666666666,0.6776666666666666
Baby Bash,2,80.1505,-4.327,0.7315
Baby D,1,134.993,-7.615,0.876
Baby Washington,1,142.171,-8.471,0.58
Babyface,2,125.06550000000001,-10.8085,0.47850000000000004
Babylon Circus,6,120.68933333333332,-4.867333333333334,0.8208333333333333
Babylon System,1,142.988,-6.583,0.869
Babyshambles,18,105.29599999999999,-7.017277777777777,0.6548888888888889
Baccara,1,122.46,-6.187,0.817
Bachelors of Science,2,174.559,-4.7315000000000005,0.9495
Bachman-Turner Overdrive,3,117.57633333333332,-8.830666666666668,0.7913333333333332
Backstreet Boys,5,125.81880000000001,-6.587000000000001,0.7166
Backyard Babies,1,156.125,-3.375,0.896
Bad Astronaut,1,154.214,-4.574,0.916
Bad Brains,19,130.84305263157896,-10.619210526315788,0.8062631578947368
Bad Company,3,144.29933333333335,-6.608666666666667,0.8536666666666667
Bad English,2,119.9265,-8.593,0.6890000000000001
Bad Manners,8,144.71375,-6.3345,0.816
Bad Meets Evil,1,86.878,-3.8,0.868
Bad Religion,31,147.23506451612903,-5.078096774193548,0.9361935483870967
Baden Powell,2,98.4845,-16.727,0.384
Badfinger,1,100.997,-11.593,0.514
Badly Drawn Boy,14,112.2925,-8.213071428571428,0.6743571428571428
Badmarsh & Shri,7,124.462,-10.688285714285714,0.7401428571428571
Bag Raiders,3,122.31966666666666,-5.477333333333333,0.8569999999999999
Baha Men,1,119.984,-3.789,0.891
Bahamas,2,101.3865,-6.8629999999999995,0.36650000000000005
Bal-Sagoth,4,136.949,-7.9865,0.8355
Balam Acab,3,131.43966666666668,-10.297666666666666,0.6276666666666667
Balance and Composure,2,132.4885,-6.3035,0.8274999999999999
Balanescu Quartet,1,122.476,-14.726,0.257
Balkan Beat Box,15,106.44433333333333,-6.873733333333333,0.7394000000000001
Balligomingo,2,100.48949999999999,-8.164,0.87
Ballyhoo!,1,102.217,-6.979,0.838
Balmorhea,5,123.0682,-15.3276,0.3914
Baltimora,1,110.091,-6.757,0.842
Bananarama,3,119.21499999999999,-5.944333333333333,0.8623333333333334
Banco De Gaia,2,118.1095,-10.939,0.6970000000000001
Band Aid,1,115.111,-5.377,0.708
Band of Horses,15,132.82166666666666,-6.818666666666667,0.5884666666666667
Band of Skulls,3,105.02666666666666,-6.437333333333334,0.7503333333333333
Bandabardò,1,103.039,-7.858,0.896
Bandits of the Acoustic Revolution,4,123.6115,-9.940249999999999,0.62325
Bang Gang,1,147.346,-6.497,0.655
Banks,10,135.7409,-9.67,0.46209999999999996
Bar 9,1,139.823,-6.48,0.807
Barbara,1,140.002,-10.592,0.24
Barbara Lewis,2,101.0605,-11.5335,0.42600000000000005
Barbra Streisand,2,108.5655,-14.0215,0.22050000000000003
Barbra Streisand & Kris Kristofferson,1,151.851,-11.743,0.283
Barclay James Harvest,1,120.767,-15.695,0.212
Barcode Brothers,1,138.005,-7.896,0.816
Barenaked Ladies,4,109.99,-8.657250000000001,0.7375
Bargain Music,1,202.885,-14.609,0.316
Baroness,20,129.20575000000002,-8.960550000000001,0.70995
Barrett Strong,1,132.336,-7.041,0.851
Barrington Levy,5,89.398,-8.9428,0.4896
Barry Adamson,1,99.566,-12.16,0.466
Barry Brown,1,131.967,-15.15,0.28
Barry Louis Polisar,1,185.159,-10.535,0.499
Barry Manilow,4,117.2295,-8.52725,0.474
Barry McGuire,1,117.08,-12.051,0.481
Barry Ryan,1,131.073,-10.245,0.663
Barry White,9,104.38255555555556,-8.903444444444444,0.6425555555555555
Barthezz,1,142.858,-12.001,0.958
Base Ball Bear,1,156.987,-2.876,0.845
Basement Jaxx,22,129.3908181818182,-6.566727272727272,0.8026818181818182
Basia,1,88.743,-8.779,0.744
Basic Channel,6,144.34983333333332,-20.476499999999998,0.5483333333333333
Basic Element,1,130.02,-3.641,0.953
Basil Poledouris,2,105.6665,-15.123999999999999,0.2705
Basshunter,10,139.0925,-5.6955,0.9791000000000001
Bassnectar,2,124.011,-4.9845,0.8005
Bastille,11,132.48054545454545,-5.529090909090909,0.7545454545454546
Bat for Lashes,13,110.977,-10.594692307692307,0.4454
Bathory,42,115.34292857142857,-8.328809523809523,0.8093809523809524
Baths,2,130.042,-8.641,0.6915
Battle Beast,1,100.007,-6.96,0.92
Battlelore,1,172.958,-5.861,0.909
Battles,16,114.3241875,-8.875562500000001,0.6956875
Bauhaus,35,126.33265714285714,-12.235628571428572,0.5931142857142857
Baul Dimension,1,75.008,-11.211,0.456
Bay City Rollers,1,125.293,-9.428,0.632
Bayside,11,147.07327272727272,-6.32590909090909,0.7775454545454547
Be Your Own Pet,7,170.54671428571427,-1.3824285714285713,0.9578571428571429
Be'lakor,2,113.68950000000001,-11.2305,0.5760000000000001
Beach Fossils,1,135.996,-5.443,0.802
Beach House,26,121.35661538461538,-9.870153846153848,0.4436950576923077
Beady Belle,2,104.943,-6.395,0.6579999999999999
Beady Eye,1,203.9,-8.328,0.408
Beak>,2,71.8565,-13.044,0.199
Beanfield,7,111.52342857142857,-8.61057142857143,0.739
Beanie Sigel,2,136.43849999999998,-7.5875,0.6559999999999999
Bear in Heaven,11,101.35645454545455,-5.703363636363637,0.7502727272727273
Bear's Den,1,143.986,-12.826,0.292
Beartooth,2,137.2305,-2.9160000000000004,0.986
Beastie Boys,70,115.38199999999999,-9.830228571428572,0.7329714285714286
Beat Happening,3,122.656,-7.465333333333334,0.8743333333333334
Beatfreakz,1,133.151,-5.028,0.884
Beats Antique,7,128.145,-6.657000000000001,0.7292857142857143
Beatsteaks,21,142.3841904761905,-5.684523809523809,0.8865714285714285
Bebe,2,94.9255,-9.3245,0.6275
Bebe Rexha,1,109.019,-6.872,0.577
Bebel Gilberto,13,107.40438461538461,-12.434615384615386,0.476
Beborn Beton,1,120.004,-8.049,0.912
Beck,68,121.33019117647058,-9.153,0.5478970588235293
Becky G,1,119.987,-7.548,0.529
Becoming the Archetype,3,150.5086666666667,-3.9753333333333334,0.9593333333333334
Bednarek,1,136.158,-10.65,0.293
Bedouin Soundclash,8,125.213,-8.867625,0.5265
Bedrock,1,135.009,-9.009,0.98
Bedřich Smetana,1,90.566,-18.78,0.176
Bee Gees,18,108.54094444444445,-8.702722222222222,0.5759444444444445
Beenie Man,2,92.5675,-8.474499999999999,0.6080000000000001
Before Their Eyes,1,103.844,-4.011,0.816
Before the Dawn,11,118.04327272727272,-5.966,0.8441818181818181
Beginner,9,95.04222222222222,-6.552555555555555,0.743
Behemoth,50,119.90961999999999,-4.89498,0.95492
Beherit,11,133.36454545454546,-14.894454545454545,0.5770909090909091
Beirut,38,123.2501842105263,-8.747578947368421,0.5271842105263158
Belanova,4,135.24200000000002,-6.86525,0.7155
Belinda,2,132.4245,-3.738,0.739
Bell Orchestre,1,135.978,-27.184,0.0442
Bell X1,1,72.204,-8.265,0.397
Belle and Sebastian,39,126.60923076923078,-9.588051282051282,0.5693333333333334
Belleruche,5,126.42939999999999,-9.565000000000001,0.5156000000000001
Bellini,1,132.946,-2.704,0.977
Belly,1,171.017,-10.446,0.548
Belong,7,92.11699999999999,-10.140285714285714,0.3723571428571429
Belouis Some,1,108.166,-10.812,0.787
Belphegor,12,116.14616666666666,-1.9615833333333335,0.9511666666666666
Belvedere,1,118.493,-6.85,0.988
Ben Folds,27,118.98466666666666,-7.772555555555555,0.6078518518518519
Ben Folds Five,23,116.03960869565218,-7.9954347826086964,0.6658260869565218
Ben Frost,1,170.531,-7.435,0.748
Ben Gibbard,1,88.02,-9.54,0.375
Ben Harper,22,125.98704545454547,-10.80609090909091,0.4509446363636363
Ben Howard,6,113.00066666666667,-10.6105,0.5491666666666667
Ben Klock,3,126.331,-11.546,0.6036666666666667
Ben Kweller,10,122.86659999999999,-7.909700000000001,0.4904
Ben Lee,3,125.847,-17.579333333333334,0.33816666666666667
Ben Speer,1,118.755,-8.723,0.972
Ben Webster,1,128.969,-13.414,0.289
Ben Westbeech,2,104.25399999999999,-9.1615,0.6685000000000001
Ben l'Oncle Soul,1,107.144,-5.435,0.676
Benassi Bros.,3,131.94166666666666,-2.753,0.7583333333333334
Beneath The Sky,2,162.76850000000002,-4.0785,0.9524999999999999
Beneath the Massacre,4,114.50675,-4.1315,0.9475
Benediction,2,114.179,-8.8685,0.954
Benga,14,140.55514285714284,-8.513357142857142,0.7138571428571429
Beni,1,124.007,-4.868,0.858
Benjamin Biolay,6,105.016,-8.796666666666667,0.5670000000000001
Benjie,1,173.08,-7.733,0.965
Benny Benassi,10,129.9957,-4.3253,0.772
Benny Goodman,2,91.1875,-11.2625,0.385
Benoit & Sergio,1,124.006,-10.552,0.703
Bent,8,128.77837499999998,-8.434,0.662125
Bentley Rhythm Ace,2,137.9975,-11.5915,0.8654999999999999
Benzino,1,101.03,-5.796,0.871
Berlin,1,96.014,-5.544,0.821
Bernard Fanning,3,118.72333333333334,-10.431666666666667,0.3427
Bernard Herrmann,1,115.022,-14.063,0.166
Bernie Barlow,1,132.024,-5.48,0.839
Bernward Koch,4,96.01225000000001,-20.301000000000002,0.045200000000000004
Bersarin Quartett,1,145.013,-9.755,0.451
Bersuit Vergarabat,3,138.74733333333333,-3.779,0.867
Bert Jansch,1,174.265,-23.913,0.12
Bertie Higgins,1,102.006,-8.186,0.579
Beseech,1,160.048,-8.8,0.522
Bessie Smith,1,177.601,-13.994,0.0246
Best Coast,4,128.1795,-3.9655,0.916
Beth Gibbons & Rustin Man,7,123.19057142857143,-16.173571428571428,0.24989999999999998
Beth Orton,7,112.40414285714284,-12.045428571428571,0.4011571428571429
Betraying the Martyrs,11,118.32263636363636,-8.456909090909091,0.895090909090909
Bette Midler,3,130.57866666666666,-9.213333333333333,0.318
Better Than Ezra,2,103.9915,-5.7245,0.763
Bettie Serveert,1,94.606,-10.318,0.372
Betty Carter,1,96.874,-20.259,0.194
Betty Davis,2,141.8515,-7.2365,0.6605000000000001
Betty Everett,1,121.717,-7.727,0.596
Betty Who,1,122.975,-4.327,0.929
Betty Wright,1,89.618,-7.27,0.739
Between the Buried and Me,16,114.031625,-7.8785625,0.764925
Beulah,3,127.08966666666667,-6.690666666666668,0.6833333333333332
Beyoncé,35,111.87665714285714,-7.247657142857143,0.6200857142857142
Beyond the Now,1,139.946,-4.536,0.831
Bibio,2,126.625,-8.2925,0.4505
Bicep,1,129.983,-7.995,0.798
Biffy Clyro,18,143.05816666666666,-6.003055555555556,0.7608888888888888
Big & Rich,1,147.716,-6.24,0.608
Big Audio Dynamite,2,121.92349999999999,-10.382000000000001,0.669
Big Bad Voodoo Daddy,1,92.307,-5.715,0.501
Big Black,4,119.57575,-11.09225,0.901
Big Black Delta,1,97.931,-5.482,0.739
Big Boi,2,123.29150000000001,-6.311999999999999,0.6795
Big Brother & The Holding Company,4,139.41975,-9.746,0.6445
Big Bud,3,150.65166666666667,-7.835,0.714
Big Country,1,126.778,-4.978,0.942
Big D And The Kids Table,22,111.08622727272727,-3.518590909090909,0.8903636363636364
Big Daddy Kane,1,94.958,-7.694,0.715
Big Deal,1,103.078,-5.342,0.721
Big Gigantic,1,147.915,-4.275,0.943
Big Joe Turner,1,154.464,-10.855,0.471
Big L,7,130.19314285714287,-9.1,0.6247142857142858
Big Punisher,4,93.66425,-5.61275,0.75025
Big Sean,3,106.43466666666666,-5.966333333333334,0.7793333333333333
Big Star,9,142.91944444444445,-6.555555555555555,0.6798888888888889
Big Thief,1,123.453,-11.541,0.263
Big Youth,1,167.505,-5.48,0.618
Bigod 20,1,122.016,-8.283,0.945
Bikini Kill,4,152.50475,-4.2675,0.9552499999999999
Bilal,1,94.783,-6.499,0.842
Bill Evans,4,97.57075,-21.671499999999998,0.073995
Bill Evans Trio,1,107.961,-23.182,0.131
Bill Gaither Trio,1,80.753,-13.918,0.337
Bill Haley & His Comets,2,162.83249999999998,-6.8035,0.825
Bill Medley,1,108.799,-4.939,0.891
Bill Monroe,1,110.534,-12.069,0.324
Bill Withers,3,103.93733333333334,-11.107999999999999,0.425
Billie Eilish,7,100.9297142857143,-13.914,0.27914285714285714
Billie Holiday,25,103.68,-14.736559999999999,0.16204000000000002
Billie Myers,1,178.008,-7.077,0.666
Billie the Vision & the Dancers,2,114.9765,-8.504000000000001,0.5645
Billy Bragg,3,158.56466666666665,-9.356,0.6126666666666667
Billy Bragg & Wilco,8,131.237875,-9.701,0.507125
Billy Cobham,2,128.813,-8.097999999999999,0.7215
Billy Currington,8,128.14025,-4.335375,0.739
Billy Eckstine,1,77.409,-9.96,0.267
Billy Idol,11,131.1720909090909,-8.427545454545454,0.7466363636363638
Billy J. Kramer & The Dakotas,1,126.911,-11.077,0.51
Billy Joel,22,120.42422727272728,-9.756227272727273,0.6344590909090909
Billy Ocean,1,140.859,-2.672,0.889
Billy Preston,1,102.792,-5.206,0.834
Billy Squier,2,88.2625,-9.4465,0.5920000000000001
Billy Swan,1,124.128,-7.884,0.794
Billy Talent,30,140.079,-3.9882666666666666,0.9267
Billy's Band,1,151.137,-14.482,0.389
Bing Crosby,5,111.1398,-12.235400000000002,0.2752
Biohazard,2,118.7645,-5.2015,0.975
Biosphere,18,113.46394444444445,-27.718222222222224,0.18162566666666666
Birdman,1,82.481,-6.563,0.608
Birdy,6,91.05466666666666,-9.384,0.3695
Birdy Nam Nam,7,125.19000000000001,-9.098,0.6998571428571428
Bis,1,135.84,-5.363,0.971
Biting Elbows,1,167.541,-6.628,0.933
Bitter:Sweet,3,108.694,-7.633333333333333,0.5956666666666667
Biz Markie,1,85.308,-9.004,0.663
Bizzy Bone,1,90.028,-4.345,0.803
Björk,56,112.27401785714287,-12.055267857142857,0.4387232142857143
Black Books,1,119.933,-8.31,0.458
Black Box,2,118.2295,-11.898499999999999,0.6455
Black Box Recorder,1,160.554,-11.563,0.394
Black Chow,1,89.966,-7.801,0.556
Black Dice,9,106.60677777777778,-9.970555555555556,0.6794444444444445
Black Eyed Peas,33,112.69733333333333,-5.6854545454545455,0.6951212121212121
Black Flag,21,112.43538095238095,-13.250619047619047,0.7646190476190475
Black Grape,3,114.21,-6.811333333333334,0.8933333333333334
Black Grass,1,116.999,-6.781,0.794
Black Joe Lewis & The Honeybears,2,118.3375,-3.5345,0.7395
Black Kids,5,119.9772,-4.2402,0.8805999999999999
Black Lab,1,132.011,-7.74,0.493
Black Label Society,26,122.60523076923076,-5.963461538461539,0.8140769230769231
Black Light Burns,6,107.04316666666666,-9.181333333333333,0.7164999999999999
Black Lips,6,113.505,-6.668166666666667,0.7638333333333334
Black Messiah,5,135.89600000000002,-4.5774,0.9654
Black Moon,1,176.361,-6.746,0.799
Black Moth Super Rainbow,18,122.46255555555555,-5.326222222222222,0.7222777777777778
Black Mountain,11,117.7099090909091,-9.890636363636363,0.5762727272727273
Black Rebel Motorcycle Club,27,120.34059259259259,-5.486444444444444,0.7702962962962963
Black Sabbath,61,116.92226229508196,-11.482754098360655,0.6139754098360656
Black Sheep,1,101.24,-5.758,0.863
Black Star,2,135.6865,-5.959,0.6679999999999999
Black Stone Cherry,2,144.187,-3.75,0.89
Black Strobe,2,120.0085,-7.788,0.7375
Black Sun Empire,7,169.15728571428573,-3.890571428571429,0.9501428571428571
Black Tambourine,6,125.3815,-7.219166666666666,0.8113333333333334
Black Tide,9,155.63766666666666,-3.4753333333333334,0.9808888888888888
Black Uhuru,14,130.4459285714286,-9.967642857142858,0.6625
Black Veil Brides,11,143.64654545454547,-4.686545454545454,0.8792727272727273
Blackalicious,4,122.50975,-8.28175,0.6485
Blackbird Blackbird,1,108.01,-10.67,0.552
Blackfield,9,134.29744444444444,-9.20411111111111,0.4715555555555555
Blackfilm,1,94.979,-6.941,0.771
Blackmill,1,155.966,-9.282,0.712
Blackmore's Night,19,131.47084210526316,-9.384842105263159,0.4695263157894736
Blake Shelton,6,112.00150000000001,-6.447,0.6716666666666667
Blakroc,2,132.147,-5.997,0.7615000000000001
Blanck Mass,1,80.665,-5.742,0.935
Blancmange,1,115.403,-5.257,0.821
Blank & Jones,4,131.22050000000002,-9.733,0.6315
Blank Banshee,1,146.026,-7.84,0.689
Blaqk Audio,2,140.0215,-4.878,0.8049999999999999
Blawan,1,138.013,-6.574,0.757
Bleachers,1,162.024,-6.227,0.79
Bleed from Within,4,143.89425,-3.80775,0.966
Bleeding Through,19,113.14294736842105,-4.982684210526316,0.9140526315789474
Blind Faith,6,125.93583333333333,-13.456333333333333,0.5261666666666667
Blind Guardian,25,135.849,-7.62572,0.78268
Blind Lemon Jefferson,1,139.571,-8.969,0.55
Blind Melon,17,116.14376470588235,-8.304588235294117,0.6533529411764706
Blind Pilot,7,110.05142857142857,-11.840428571428571,0.3734285714285714
Blind Willie Johnson,1,81.264,-10.738,0.231
Blind Willie McTell,1,83.181,-15.508,0.223
Blind Witness,1,119.887,-2.79,0.985
Blinded Colony,2,98.114,-5.934,0.922
Blindside,1,153.866,-4.783,0.893
Bliss,3,117.76333333333334,-11.089999999999998,0.517
Blitzen Trapper,2,86.27850000000001,-9.533999999999999,0.5805
Bloc Party,35,141.47480000000002,-5.632285714285715,0.7899758857142858
Blockhead,16,108.447875,-10.8234375,0.5586875
Blonde Redhead,32,129.859,-9.487875,0.65815625
Blondie,16,134.17325,-6.3033125,0.7833125
Blood Axis,1,82.573,-8.471,0.542
Blood Ceremony,2,116.66149999999999,-7.1335,0.7685
Blood Has Been Shed,1,102.384,-2.963,0.983
Blood Orange,2,116.4915,-7.867000000000001,0.6525
Blood Red Shoes,10,144.3331,-4.241300000000001,0.9715999999999999
Blood Red Throne,1,136.922,-5.143,0.948
Blood Stain Child,8,133.899,-4.712125,0.9635
"Blood, Sweat & Tears",5,101.178,-12.543000000000001,0.33328
Bloodbath,23,114.65139130434783,-5.578391304347826,0.9629130434782608
Bloodbound,1,72.39,-5.297,0.859
Bloodhound Gang,27,123.9801111111111,-8.27125925925926,0.6916296296296296
Bloodsimple,1,90.963,-3.072,0.993
Blossom Dearie,1,134.409,-15.587,0.248
Blouse,3,117.99000000000001,-9.073666666666666,0.6186666666666666
Blu,1,87.875,-6.766,0.672
Blu Cantrell,1,90.116,-5.319,0.722
Blu Mar Ten,2,172.9865,-8.903,0.7425
Blue,1,97.989,-4.863,0.689
Blue Cheer,2,116.958,-3.751,0.902
Blue Foundation,6,121.80966666666666,-7.3676666666666675,0.6268333333333334
Blue Man Group,8,154.40125,-11.108875,0.696375
Blue October,7,122.58942857142857,-7.59042857142857,0.6165714285714285
Blue Rodeo,5,109.67739999999999,-7.488200000000001,0.6242
Blue Six,3,143.03133333333332,-10.088333333333333,0.7086666666666667
Blue Stahli,3,146.69766666666666,-7.286333333333334,0.8473333333333333
Blue States,4,128.496,-7.697,0.82725
Blue Swede,1,118.081,-5.746,0.84
Blue System,1,113.002,-6.053,0.81
Blue Öyster Cult,16,139.9080625,-9.33575,0.744875
Blues Image,1,125.485,-11.312,0.615
Blues Pills,3,151.044,-3.955,0.9423333333333334
Blues Traveler,7,129.05185714285713,-6.7587142857142855,0.8295714285714286
Bluetech,2,87.03399999999999,-14.3555,0.37
Blur,51,119.5518431372549,-9.126549019607843,0.7188823529411764
Blut aus Nord,2,137.4925,-4.5255,0.988
Blutengel,19,119.9168947368421,-6.344421052631579,0.8056842105263158
Blümchen,2,181.16899999999998,-6.7015,0.9755
Bo Diddley,5,126.00619999999999,-10.162600000000001,0.6322
Bo Kaspers Orkester,1,128.015,-8.158,0.593
BoBmo,1,130.036,-3.253,0.956
Boards of Canada,75,115.28721333333333,-18.15749333333333,0.42215213333333335
Bob B. Soxx & The Blue Jeans,1,162.972,-5.763,0.848
Bob Dylan,98,121.00851020408165,-10.615142857142859,0.5182183673469388
Bob James,1,98.65,-15.71,0.484
Bob Marley,1,121.272,-11.609,0.502
Bob Marley & The Wailers,65,121.77713846153847,-11.11243076923077,0.4468461538461539
Bob Seger,4,105.16175,-9.57975,0.59775
Bob Seger & The Silver Bullet Band,1,133.195,-5.411,0.91
Bob Sinclar,1,128.081,-6.482,0.69
Bob Welch,1,72.15,-8.366,0.527
Bobbi Humphrey,1,100.058,-11.315,0.683
Bobbie Gentry,1,120.696,-8.084,0.225
Bobby Biggs,1,118.957,-9.056,0.604
Bobby Brown,2,105.89,-7.416499999999999,0.8145
Bobby Caldwell,1,84.074,-16.87,0.391
Bobby Darin,5,124.624,-11.626999999999999,0.49219999999999997
Bobby Hill,1,154.632,-7.834,0.72
Bobby Hughes Combination,1,129.747,-6.506,0.892
Bobby McFerrin,1,68.188,-18.068,0.205
Bobby Vee,2,122.0755,-6.362,0.605
Bobby Vinton,2,88.59800000000001,-11.179,0.296
Bobby Womack,4,94.579,-10.065999999999999,0.5662499999999999
Body Count,2,134.78050000000002,-6.401,0.897
Body Language,1,86.292,-6.906,0.825
BodyRockers,1,127.984,-14.484,0.536
Bodyjar,1,111.264,-5.0,0.974
Bodyrox feat. Luciana,1,128.996,-5.81,0.89
Bohren & der Club of Gore,21,101.39438095238096,-21.790285714285716,0.08744619047619047
Bola,14,113.46064285714286,-13.141642857142857,0.5764285714285714
Bolt Thrower,19,119.61436842105265,-8.379894736842104,0.9175263157894736
Bomb the Bass,2,106.0135,-7.952,0.8500000000000001
Bomb the Music Industry!,1,136.764,-3.688,0.949
Bomba Estéreo,1,109.02,-5.534,0.894
Bombay Bicycle Club,15,127.856,-7.2586,0.7404
Bombay Dub Orchestra,1,77.596,-17.644,0.201
Bombino,2,84.884,-6.5245,0.877
Bomfunk MC's,2,147.88400000000001,-5.821,0.921
Bon Iver,15,101.97666666666667,-15.158933333333334,0.30152
Bon Jovi,20,120.49295,-4.76975,0.7775000000000001
Bond,7,119.19885714285715,-7.073428571428571,0.8867142857142857
Bondage Fairies,2,125.895,-6.3565000000000005,0.771
Bone Thugs-N-Harmony,2,172.56799999999998,-8.486,0.47
Boney M.,10,121.25280000000001,-8.9944,0.7539
Bong-Ra,4,161.03175,-6.256500000000001,0.85025
Bongripper,2,115.81899999999999,-7.0205,0.7515000000000001
Bongzilla,10,115.05940000000001,-5.9403999999999995,0.8812
Bonnie 'Prince' Billy,1,131.717,-10.841,0.308
Bonnie Raitt,3,121.085,-10.468333333333334,0.3213333333333333
Bonnie Somerville,1,80.971,-10.688,0.398
Bonnie Tyler,3,127.59400000000001,-6.999,0.7633333333333333
Bono,1,92.816,-6.789,0.658
Bonobo,40,112.71959999999999,-9.936350000000001,0.5665250000000001
Booka Shade,29,126.81551724137931,-11.060275862068965,0.5852413793103449
Booker T. & the MG's,4,142.4555,-12.23725,0.494
Boom Bip,3,126.33766666666668,-10.344333333333333,0.5933333333333333
Boom Boom Satellites,9,142.94222222222223,-4.051333333333334,0.9514444444444445
Bootsy Collins,2,134.66649999999998,-7.9465,0.782
Booty Luv,1,126.958,-5.853,0.735
Boozoo Bajou,9,138.50622222222222,-9.201555555555554,0.6454444444444445
Borgore,5,125.62440000000001,-4.6708,0.7310000000000001
Boris,3,118.14833333333333,-9.591333333333333,0.6635333333333333
Boris Brejcha,8,125.00162499999999,-11.86875,0.554375
Boris Gardiner,1,168.344,-9.083,0.688
Boris Vian,4,86.0935,-11.006,0.35645000000000004
Borknagar,45,123.75182222222223,-6.223733333333333,0.7828888888888889
Born Ruffians,5,122.3048,-6.4826,0.589
Born from Pain,1,169.89,-4.601,0.987
Born of Osiris,7,120.10071428571429,-3.964714285714286,0.9799999999999999
Bosse,8,147.15425,-6.57025,0.7045
Bosson,1,99.988,-4.445,0.883
Boston,12,121.13908333333335,-8.986333333333333,0.7181666666666667
Boubacar Traoré,1,166.085,-8.185,0.694
Bounty Killer,3,145.896,-9.896333333333333,0.65
Bow Wow,2,109.7545,-6.8915,0.5865
Bow Wow Wow,2,102.9375,-6.245,0.8905000000000001
Bowerbirds,4,118.35325,-12.148,0.34075
Bowery Electric,3,92.10933333333332,-11.858666666666666,0.6456666666666666
Bowling for Soup,9,124.463,-5.244555555555555,0.7703333333333333
Box Car Racer,8,122.696375,-4.363,0.87575
Boxcutter,21,144.77771428571427,-10.108,0.7007142857142857
Boy,2,114.86949999999999,-10.364999999999998,0.382
Boy & Bear,1,87.079,-6.598,0.475
Boy George,2,93.7355,-14.097000000000001,0.43500000000000005
Boy Harsher,1,129.029,-5.446,0.842
Boy Kill Boy,3,156.74833333333333,-3.7550000000000003,0.9373333333333335
Boyd Rice and Friends,1,105.376,-13.339,0.322
Boys Like Girls,18,149.10088888888887,-3.8953888888888892,0.901388888888889
Boys Night Out,10,145.4647,-4.9854,0.8924
Boys Noize,16,125.772,-6.8766875,0.7675
Boyz II Men,8,115.85125,-8.8355,0.50975
Boyzone,2,131.339,-9.0385,0.62
Boz Scaggs,2,118.203,-8.256499999999999,0.6165
Brad,1,61.935,-13.547,0.229
Brad Kane,1,123.661,-16.439,0.323
Brad Mehldau,1,102.334,-19.879,0.0982
Brad Paisley,11,125.85927272727272,-8.179272727272727,0.5698181818181818
Bradley Cooper,1,150.242,-2.133,0.937
Braid,3,125.63066666666667,-6.143,0.926
Brain Drill,3,126.19766666666668,-1.617,0.964
Bran Van 3000,3,141.30633333333333,-8.488333333333333,0.6026666666666667
Brand New,35,126.14760000000001,-6.723228571428571,0.6512285714285714
Brand New Sin,1,75.831,-3.64,0.946
Brand X,1,150.736,-15.933,0.626
Brandi Carlile,4,128.00525,-8.44625,0.52025
Brandon Flowers,5,114.9248,-8.1154,0.6648000000000001
Brandt Brauer Frick,1,119.996,-12.05,0.753
Brandy,4,84.1545,-4.84525,0.60875
Brant Bjork,2,145.6445,-11.98,0.6285
Brantley Gilbert,2,159.9975,-6.1815,0.7845
Brazilian Girls,8,131.32625,-7.9971250000000005,0.761625
Bread,4,129.85575,-11.79675,0.474
Breakage,2,143.7005,-8.6945,0.7965
Breakbeat Era,3,168.282,-5.928333333333334,0.7919999999999999
Breakbot,1,118.075,-3.701,0.794
Breakdown of Sanity,2,144.73,-2.4935,0.9565
Breaking Benjamin,27,140.2004814814815,-4.673222222222222,0.8617777777777778
Breakout,1,145.76,-12.753,0.362
Breathe,1,128.768,-15.018,0.384
Breathe Carolina,15,131.1758,-5.7508,0.8076000000000001
Brenda Holloway,1,142.177,-15.003,0.381
Brenda Lee,4,104.89025000000001,-9.82675,0.39075000000000004
Brendan Benson,1,166.599,-4.967,0.881
Brendan Perry,8,106.784375,-13.151625,0.30125
Brett Dennen,9,97.302,-9.222666666666667,0.4633333333333333
Brewer & Shipley,1,151.156,-14.103,0.585
Brian Crain,2,128.483,-18.42,0.1835
Brian Eno,10,123.3957,-19.798099999999998,0.332297
Brian Eno & David Byrne,7,120.6422857142857,-11.264714285714286,0.6152857142857143
Brian Hyland,1,90.098,-10.096,0.373
Brian McKnight,1,129.83,-8.896,0.437
Brian Wilson,9,125.77833333333332,-9.487,0.3615555555555556
Brick,1,108.951,-6.791,0.895
Brick & Lace,1,99.948,-3.337,0.906
Bright Eyes,28,113.59671428571428,-9.55842857142857,0.5553214285714285
Brigitte Bardot,5,143.3974,-10.586400000000001,0.5316
Brigitte Fontaine,1,83.07,-12.3,0.322
Bring Me the Horizon,14,113.58407142857142,-5.357571428571428,0.9134285714285715
British Sea Power,9,145.0288888888889,-4.731222222222223,0.8111111111111111
Britney Spears,41,120.23168292682927,-5.4946829268292685,0.7283170731707317
Britta Persson,1,140.728,-6.372,0.492
Broadcast,32,111.043375,-10.9841875,0.52684375
Broadway,1,74.998,-8.439,0.376
Broder Daniel,1,135.294,-4.237,0.841
Brodka,6,131.75516666666667,-7.466166666666666,0.5226666666666667
Broken Bells,4,112.6935,-6.4727500000000004,0.60225
Broken Note,1,110.021,-6.116,0.973
Broken Social Scene,49,118.13428571428571,-12.405510204081633,0.5428624489795918
Brokencyde,5,93.77619999999999,-4.550199999999999,0.8413999999999999
Bronski Beat,1,132.251,-11.889,0.524
Brook Benton,1,75.298,-12.219,0.448
Brooke Fraser,1,121.958,-8.84,0.581
Brooke Hogan,1,107.023,-7.659,0.568
Brookes Brothers,3,145.00066666666666,-4.595666666666666,0.9083333333333333
Brooks & Dunn,9,137.0421111111111,-5.818666666666667,0.7607777777777778
Brother Ali,1,87.793,-5.576,0.535
Brother Bones & His Shadows,1,81.178,-12.665,0.309
Brother Firetribe,1,120.021,-6.021,0.978
Brotherhood of Man,1,185.041,-5.413,0.781
Brothers Johnson,3,105.10200000000002,-11.622333333333332,0.6739999999999999
Brothomstates,2,120.52799999999999,-16.0035,0.621
Brownstone,1,95.121,-8.477,0.638
Bruce Adler,1,128.946,-15.568,0.197
Bruce Dickinson,5,121.56199999999998,-6.0122,0.8864000000000001
Bruce Springsteen,47,123.13378723404254,-12.988468085106382,0.5368453191489362
Brujeria,4,112.46775,-8.350999999999999,0.902
Bruno Coulais,2,83.289,-20.8065,0.1082
Bruno Mars,12,128.58825,-5.531583333333334,0.6656666666666667
Brutal Truth,5,112.5782,-5.5236,0.9528000000000001
Bryan Adams,9,122.26055555555556,-6.508111111111111,0.7422222222222222
Bryan Ferry,2,119.1115,-7.9815000000000005,0.7284999999999999
Buck-O-Nine,2,148.8905,-6.756,0.8805000000000001
Buckcherry,2,97.5915,-5.611000000000001,0.772
Buckethead,13,114.06884615384615,-13.941384615384615,0.36197307692307695
Bucky Covington,1,128.975,-3.828,0.708
Bud Powell,1,140.006,-12.95,0.51
Buddy Guy,8,116.335375,-8.1925,0.573875
Buddy Holly,13,117.2916923076923,-11.529153846153845,0.38302307692307697
Buddy Knox,1,179.637,-11.123,0.612
Buddy Rich,1,158.534,-7.954,0.836
Buena Vista Social Club,11,118.07763636363637,-12.070545454545455,0.526090909090909
Buffalo Springfield,8,130.564625,-13.455125,0.46125
Built to Spill,8,111.31425,-7.212375,0.6505
Buju Banton,6,126.39050000000002,-7.206166666666667,0.6415000000000001
Bullet for My Valentine,36,128.8841111111111,-3.7748611111111114,0.9442222222222222
Bullion,1,76.328,-15.836,0.464
Bungle,1,174.013,-6.521,0.904
Bunny Wailer,7,133.501,-14.267714285714286,0.37685714285714284
Buraka Som Sistema,3,137.65533333333335,-6.966333333333334,0.7986666666666666
Burden of a Day,1,159.498,-6.028,0.897
Burial,23,125.14478260869565,-11.940260869565217,0.5722130434782609
Buried Inside,1,118.541,-4.243,0.957
Burl Ives,1,140.898,-17.502,0.28
Burning Spear,15,123.34086666666667,-12.639466666666666,0.4302
Burning Witch,1,85.863,-6.551,0.49
Burt Bacharach,1,128.042,-21.532,0.169
Bury Tomorrow,1,99.89,-3.078,0.988
Burzum,23,118.03960869565218,-13.363913043478261,0.42402521739130433
Busdriver,1,107.967,-13.659,0.501
Bush,8,134.461625,-7.413375,0.620375
Busta Rhymes,4,110.70925,-6.818250000000001,0.73825
Busted,3,144.37733333333333,-5.112,0.8983333333333333
Busy P,1,100.071,-8.868,0.625
Busy Signal,1,127.828,-1.362,0.917
Butterfly Boucher,1,140.831,-7.433,0.392
Butthole Surfers,12,128.95766666666665,-8.71675,0.7031666666666667
Buzzcocks,10,137.4958,-7.3452,0.8741999999999999
Byetone,1,120.01,-10.731,0.488
Béla Fleck and the Flecktones,1,148.249,-11.898,0.612
Bénabar,5,127.54960000000001,-11.6934,0.4556
Böhse Onkelz,2,146.7515,-4.067,0.961
C+C Music Factory,1,113.876,-6.992,0.858
C-Bool,1,121.945,-5.392,0.856
C.W. McCall,1,111.262,-7.516,0.805
C2C,3,102.39566666666667,-6.711666666666666,0.6603333333333333
C418,6,99.178,-27.737666666666666,0.04511333333333333
CFCF,1,97.83,-10.949,0.502
CHON,2,169.97,-6.417,0.857
CHVRCHES,11,123.04563636363636,-5.456909090909091,0.7262727272727273
CKY,8,117.371625,-5.262875,0.912375
CPM 22,2,135.585,-2.8215000000000003,0.965
CUBISMO GRAFICO,1,124.982,-7.054,0.923
Ca$his,1,78.132,-4.028,0.683
Cab Calloway,1,110.707,-8.948,0.28
Cabaret Voltaire,6,117.98633333333333,-12.265833333333333,0.5921666666666666
Cabas,1,97.019,-3.079,0.894
Cadacross,6,138.65416666666667,-4.7515,0.9465
Caesars,5,138.0814,-3.9097999999999997,0.944
Caetano Veloso,1,128.322,-11.118,0.43
Café Tacvba,3,157.64466666666667,-5.594666666666666,0.9253333333333335
Cage the Elephant,15,145.57933333333332,-3.7922000000000002,0.8707999999999999
Caifanes,3,138.92066666666668,-4.953,0.8263333333333334
Cajun Dance Party,1,160.871,-1.777,0.947
Cake,46,115.97528260869566,-8.826978260869565,0.6196086956521739
Calexico,15,117.98819999999999,-11.672466666666667,0.49263999999999997
Caliban,14,141.93592857142858,-4.515785714285714,0.8994285714285714
Callaghan,1,152.968,-5.381,0.921
Calle 13,1,109.981,-10.498,0.74
Callisto,3,105.73833333333333,-6.178333333333334,0.753
Calogero,2,153.9395,-6.6685,0.6335
Calvin Harris,23,123.12313043478261,-5.572782608695652,0.756391304347826
Calyx & TeeBee,2,171.982,-4.4399999999999995,0.9059999999999999
Cam,1,140.904,-8.772,0.248
Cam'ron,3,89.36733333333332,-7.3693333333333335,0.6733333333333333
Camel,8,121.49925,-11.91575,0.514
Cameo,1,115.916,-7.922,0.889
Camera Obscura,18,118.00122222222222,-8.417222222222222,0.5812777777777778
Camila,1,150.405,-7.214,0.465
Camila Cabello,3,102.87133333333334,-6.635666666666666,0.534
Camille,18,119.4926111111111,-12.107833333333334,0.34475
Camille Saint-Saëns,2,103.1595,-26.1435,0.0565
Camo & Krooked,14,157.73192857142857,-4.380928571428571,0.8222142857142857
Camouflage,2,127.4685,-10.7095,0.6615
Camper Van Beethoven,2,138.9875,-12.024999999999999,0.8145
Camélia Jordana,2,123.02250000000001,-8.1835,0.5005
Can,8,140.7725,-10.648375,0.63075
Cancer Bats,2,160.29000000000002,-4.522,0.9465
Candi Staton,1,120.013,-13.408,0.633
Candlebox,3,139.27233333333334,-6.3293333333333335,0.8746666666666667
Candlemass,23,112.47173913043478,-5.620304347826087,0.7716521739130435
Candy Dulfer,1,105.637,-6.112,0.756
Canned Heat,4,127.872,-12.52525,0.663
Cannibal Corpse,59,123.39701694915254,-6.725491525423728,0.980457627118644
Cannibal Ox,2,77.3325,-4.598,0.9355
Cannonball Adderley,4,99.856,-13.22675,0.354
Cansei de Ser Sexy,15,134.67173333333332,-5.217066666666667,0.8271999999999999
Cant,1,177.993,-6.038,0.875
Canteca De Macao,1,112.058,-5.3,0.862
Cantoma,3,92.175,-15.400666666666666,0.4794666666666667
Cap'n Jazz,11,111.7159090909091,-8.109,0.7401818181818182
Caparezza,1,159.966,-3.437,0.878
Capdown,2,95.2615,-7.3975,0.9724999999999999
Capercaillie,2,97.517,-11.583,0.4405
Capital Cities,3,120.31133333333332,-6.238666666666667,0.6973333333333334
Capleton,3,93.931,-7.213,0.8250000000000001
Captain & Tennille,2,109.9095,-8.208,0.5960000000000001
Captain Beefheart & His Magic Band,22,117.68513636363636,-12.174272727272728,0.6516818181818181
Captain Hollywood Project,1,127.957,-4.226,0.855
Car Bomb,2,113.694,-5.8125,0.856
Carach Angren,3,163.31,-9.18,0.871
Caravan,2,128.224,-11.132,0.6234999999999999
Caravan Palace,8,118.447125,-5.34075,0.843875
Carbon Based Lifeforms,5,140.6402,-13.2366,0.49379999999999996
Carbon Leaf,1,156.215,-9.227,0.603
Carcass,9,101.37666666666667,-6.952444444444445,0.964
Cardi B,3,138.74933333333334,-7.0263333333333335,0.642
Caribou,35,131.86171428571427,-10.943085714285713,0.6121714285714285
Carl B.,1,130.011,-7.569,0.716
Carl Craig,2,131.02100000000002,-14.6545,0.5045
Carl Douglas,1,102.253,-9.838,0.685
Carl Orff,2,112.70400000000001,-19.2795,0.2045
Carl Perkins,4,134.4595,-8.3215,0.78425
Carla Bruni,2,149.8735,-10.818,0.351
Carla Thomas,1,114.453,-9.653,0.341
Carlos Gardel,1,171.804,-8.812,0.273
Carlos Varela,1,119.907,-14.984,0.0761
Carlos Vives,1,93.028,-8.987,0.85
Carly Rae Jepsen,2,102.0245,-5.489,0.6765
Carly Simon,4,120.11875,-10.53575,0.528
Carmen Maria Vega,1,167.981,-11.775,0.213
Carmen McRae,2,121.589,-12.5745,0.3335
Carnifex,24,117.22566666666667,-3.3173333333333335,0.9844583333333333
Caro Emerald,3,145.97566666666668,-7.010333333333333,0.7360000000000001
Carola,1,169.956,-16.317,0.103
Carole King,10,118.8555,-12.1682,0.38310000000000005
Carolina Liar,1,105.12,-4.451,0.775
Caroline Polachek,1,123.997,-8.309,0.438
Carpathian,1,181.343,-5.117,0.954
Carpathian Forest,20,114.13435,-8.196000000000002,0.7932
Carpenter Brut,1,129.0,-3.706,0.857
Carpenters,7,122.32228571428571,-11.574,0.3982857142857143
Carrie Underwood,14,123.63614285714286,-4.175928571428572,0.7270714285714286
Carte Blanche,1,127.945,-5.148,0.814
Cartel,4,135.4755,-3.52775,0.8732500000000001
Carter Burwell,1,172.318,-25.25,0.0392
Cartola,1,112.024,-10.815,0.495
Cartoons,1,136.044,-6.438,0.941
Cary Brothers,3,101.08466666666668,-11.710333333333333,0.31333333333333335
Casa Del Mirto,1,126.056,-4.572,0.869
Cascada,11,141.444,-5.7526363636363635,0.9492727272727273
Case,1,120.062,-7.122,0.616
Cash Cash,3,150.02033333333335,-2.5406666666666666,0.9016666666666667
Cashmere Cat,1,149.987,-6.173,0.742
Casiotone for the Painfully Alone,4,142.11700000000002,-8.6425,0.59475
Caspa,3,163.18633333333332,-9.591333333333333,0.8843333333333333
Casper,3,155.32566666666665,-7.413333333333334,0.8326666666666666
Caspian,15,111.64786666666667,-11.0586,0.5442400000000001
Cass McCombs,1,125.033,-13.353,0.149
Cassandra Wilson,1,86.569,-19.836,0.089
Cassidy,1,88.779,-4.211,0.919
Cassie,2,99.99799999999999,-7.5085,0.42800000000000005
Cassius,7,123.85214285714287,-10.623285714285714,0.6518571428571428
Cast,1,80.104,-6.215,0.596
Cat Power,66,113.81736363636364,-12.934530303030302,0.28031060606060604
Cat's Eyes,2,140.503,-11.29,0.668
Catamenia,6,116.68616666666667,-5.564333333333334,0.8843333333333333
Catatonia,3,110.42466666666667,-7.681,0.6246666666666666
Catch 22,5,135.1818,-6.0358,0.7944
Catfish and The Bottlemen,1,137.93,-4.757,0.892
Cathedral,5,137.5894,-7.1912,0.8478
Catherine Feeny,1,83.103,-10.197,0.379
Cattle Decapitation,22,123.11631818181819,-6.502818181818182,0.8919545454545456
Cavalera Conspiracy,6,112.16949999999999,-5.203666666666667,0.9238333333333334
Cave In,1,150.464,-4.289,0.938
Cazuza,2,106.646,-8.7205,0.7145
Celia Cruz,1,80.047,-10.985,0.695
Cell,1,99.995,-23.161,0.186
Celldweller,9,111.09777777777778,-6.576444444444444,0.7971111111111111
Celldweller feat. Styles of Beyond,1,115.96,-7.53,0.907
Celtic Frost,19,117.79147368421053,-6.59178947368421,0.7810526315789473
Celtic Spirit,8,106.37299999999999,-10.71375,0.387625
Celtic Woman,13,107.81653846153846,-12.469692307692307,0.28571538461538465
Ceo,1,120.033,-8.582,0.66
Cephalic Carnage,32,119.96875,-6.052781250000001,0.84442559375
Cepia,2,87.5325,-7.826,0.888
"Cerf, Mitiska & Jaren",1,126.006,-4.996,0.856
Cerrone,1,127.45,-6.767,0.856
Cesária Évora,9,119.49111111111112,-9.258222222222223,0.5241111111111112
Chad VanGaalen,6,131.08333333333334,-9.072166666666666,0.5568333333333334
Chai,1,119.06,-3.136,0.945
Chairlift,11,130.27727272727273,-8.554727272727273,0.5713636363636364
Chairmen Of The Board,1,63.133,-6.955,0.587
Chaka Demus & Pliers,3,120.19800000000002,-8.865333333333334,0.7323333333333334
Chaka Khan,4,119.50175,-6.99175,0.84075
Chambao,3,113.06966666666666,-7.607666666666667,0.6463333333333333
Chamillionaire,2,141.499,-4.5215,0.7935000000000001
Champaign,1,72.405,-11.264,0.503
Champion,2,120.0455,-10.371500000000001,0.643
Chance the Rapper,1,72.348,-7.641,0.343
Chantal Kreviazuk,2,112.20400000000001,-7.195,0.382
Chapeau Claque,1,119.989,-7.22,0.718
Chapterhouse,1,175.692,-8.084,0.668
Charles Aznavour,4,107.53425,-12.004999999999999,0.371425
Charles Bradley,1,109.422,-8.124,0.736
Charles Brown,1,178.723,-7.907,0.41
Charles Manson,2,126.39,-13.7405,0.332
Charles Mingus,8,117.09425,-15.694875,0.3068375
Charles Trenet,1,114.811,-16.581,0.203
Charley Patton,1,108.338,-6.801,0.347
Charli XCX,10,121.45430000000002,-4.8619,0.7937000000000001
Charlie Brown JR.,3,119.351,-4.148333333333333,0.919
Charlie Daniels Band,2,140.15449999999998,-9.885000000000002,0.6234999999999999
Charlie Feathers,1,95.432,-9.049,0.584
Charlie Parker,7,132.27285714285716,-13.381428571428572,0.2965714285714286
Charlie Winston,2,99.213,-9.683,0.5535
Charlotte Church,3,112.55166666666666,-8.098333333333334,0.5609999999999999
Charlotte Gainsbourg,23,115.55730434782609,-9.958347826086957,0.5249565217391304
Charly García,1,105.4,-10.43,0.631
Charon,4,118.24849999999999,-4.4635,0.859
Chase & Status,12,144.95175,-4.91425,0.8562500000000001
Chastity Belt,1,124.795,-7.47,0.681
Chateau Marmont,2,160.48450000000003,-6.4885,0.7084999999999999
Chavela Vargas,1,131.028,-18.129,0.0655
Che Sudaka,2,103.195,-9.2205,0.6245
Cheap Trick,4,141.3665,-7.42225,0.876
Cheese People,1,170.017,-10.248,0.706
Chef,1,83.03,-9.519,0.565
Chef'Special,1,92.946,-12.139,0.415
Chelsea Grin,12,119.87658333333333,-3.9493333333333336,0.9642499999999999
Chelsea Wolfe,17,111.34129411764705,-11.706588235294118,0.457
Cher,6,137.10416666666666,-5.393000000000001,0.7671666666666667
Cher Lloyd,2,126.4265,-3.074,0.865
Cherish,2,95.4805,-5.364,0.6445000000000001
Cherry Ghost,1,134.163,-5.857,0.657
Cherry Poppin' Daddies,1,107.23,-8.362,0.889
Cheryl,1,128.011,-4.114,0.931
Cheryl Lynn,1,113.587,-4.539,0.796
Chesney Hawkes,1,119.956,-11.063,0.697
Chet Baker,14,93.1405,-15.9595,0.1437357142857143
Chet Faker,5,131.86579999999998,-8.2586,0.6016
Chevelle,25,125.87296,-4.88068,0.8348399999999999
Chew Lips,4,137.98000000000002,-8.63125,0.58925
Chezidek,1,72.569,-7.239,0.509
Chiasm,1,125.008,-6.124,0.93
Chic,3,120.79966666666667,-8.102666666666666,0.8566666666666666
Chicago,7,129.38228571428573,-9.526428571428571,0.6348571428571429
Chicane,14,122.97664285714286,-11.082285714285714,0.6822142857142858
Chicane feat. Tom Jones,1,130.056,-6.149,0.878
Chick Corea,2,133.6415,-14.7625,0.423
Chicken Shack,1,157.275,-15.018,0.342
Chickenfoot,1,127.531,-7.048,0.967
Chicks On Speed,2,112.3025,-7.8995,0.5885
Chico Buarque,5,93.4948,-14.918600000000001,0.30838
Chico Science & Nação Zumbi,1,95.743,-8.924,0.729
Chiddy Bang,1,117.743,-4.952,0.895
Childish Gambino,9,117.54655555555557,-8.544,0.5621111111111111
Children of Bodom,41,116.68173170731707,-3.392390243902439,0.9618048780487805
Chimaira,19,134.02505263157894,-4.5758947368421055,0.945421052631579
China Crisis,1,116.401,-6.26,0.754
Chinawoman,1,92.003,-8.834,0.401
Chinese Man,3,106.02933333333334,-7.7026666666666666,0.6656666666666667
Chingon,1,87.651,-5.532,0.854
Chingy,2,156.25,-4.559,0.803
Chinmaya Dunster,1,81.091,-13.339,0.233
Chino & Nacho,1,120.014,-4.897,0.917
Chiodos,3,135.635,-6.6433333333333335,0.7013333333333334
Chlöe Howl,2,144.01749999999998,-5.355,0.704
Choir of Young Believers,2,152.377,-7.869,0.6085
Choking Victim,12,108.66691666666667,-3.3815000000000004,0.9685833333333332
Cholera,2,116.56299999999999,-8.3035,0.7615000000000001
Chris Botti,1,103.462,-16.028,0.189
Chris Brown,17,118.04511764705883,-5.753588235294118,0.6507647058823529
Chris Cagle,9,136.80833333333334,-5.986222222222222,0.7658888888888888
Chris Clark,1,90.799,-6.843,0.862
Chris Cornell,21,123.86528571428573,-5.196476190476191,0.7043809523809523
Chris Isaak,2,130.6385,-13.4225,0.5095000000000001
Chris Joss,1,148.032,-11.83,0.54
Chris Lake,1,125.997,-6.482,0.755
Chris Norman,1,136.19,-12.611,0.428
Chris Rea,4,123.62225,-10.37875,0.573
Chris Spheeris,2,136.67249999999999,-14.144499999999999,0.30000000000000004
Chris Stapleton,1,50.724,-10.916,0.368
Chris Thomas King,1,148.751,-8.819,0.314
Chris Tomlin,1,156.054,-5.653,0.573
Chris Vrenna,5,99.112,-12.3878,0.42560000000000003
Chris Young,2,124.392,-4.795,0.5875
Chris de Burgh,2,126.689,-8.9935,0.4395
Chris.SU & Raw.full,1,174.056,-2.429,0.969
Chrisette Michele,2,116.8895,-6.562,0.5715
Christian Bruhn,1,125.306,-13.068,0.664
Christian Death,3,128.681,-8.459333333333333,0.7203333333333334
Christie,1,126.663,-13.688,0.543
Christina Aguilera,34,124.60608823529412,-5.2068529411764715,0.7060882352941177
Christina Milian,4,127.50625,-6.2725,0.7482500000000001
Christina Perri,4,110.36425,-8.74,0.4395
Christina Stürmer,4,159.157,-5.9755,0.7315
Christophe Beck,1,73.964,-16.387,0.29
Christophe Maé,1,100.033,-5.793,0.698
Christopher Cross,3,140.596,-9.443333333333333,0.5456666666666666
Christopher Lawrence,1,135.854,-6.565,0.975
Christopher O'Riley,1,69.302,-30.576,0.00482
Chromatics,14,114.51285714285714,-11.043571428571429,0.4977142857142857
Chrome Sparks,1,86.967,-9.838,0.658
Chromeo,15,127.62313333333333,-6.083866666666666,0.7508
Chronixx,1,83.473,-6.547,0.725
Chubby Checker,2,86.313,-6.321,0.7725
Chuck Berry,18,128.28227777777778,-8.333555555555556,0.7247777777777777
Chuck Mangione,1,104.844,-5.703,0.708
Chuck Ragan,2,110.8135,-7.1114999999999995,0.5985
Chuck Wicks,1,139.031,-8.729,0.396
Chumbawamba,1,207.617,-7.69,0.943
Ciara,6,109.81533333333334,-7.494666666666667,0.5323333333333333
Cibo Matto,3,103.77499999999999,-11.821,0.5193333333333333
Ciccone Youth,8,130.98075,-18.62725,0.6601309125
Cinderella,9,129.0891111111111,-6.246444444444444,0.8215555555555556
Cinema Bizarre,5,108.19160000000002,-5.7624,0.7596
Cinematic Sunrise,1,144.573,-7.026,0.324
Cinnamon Chasers,1,160.002,-9.621,0.628
Circa Survive,4,115.2485,-5.25525,0.86625
Circle Jerks,1,164.088,-9.664,0.934
Circle Takes the Square,5,127.06479999999999,-4.4848,0.884
Circus Maximus,4,128.18375,-3.9682500000000003,0.9532499999999999
Cirez D,1,126.523,-7.623,0.841
Cirque Du Soleil,1,83.916,-9.055,0.628
Cirrus,1,105.044,-3.746,0.998
Citizen Cope,8,93.7325,-4.761625,0.68075
Citizen Fish,1,140.07,-5.448,0.618
City High,1,95.868,-6.924,0.795
City and Colour,19,125.79494736842106,-9.165736842105263,0.42226315789473684
Civil Twilight,1,150.039,-5.955,0.7
Claire Laffut,1,96.976,-7.827,0.528
Clairo,1,104.996,-7.694,0.546
Clan of Xymox,21,118.98490476190476,-11.454714285714285,0.6804285714285714
Clannad,24,121.43358333333333,-16.28858333333333,0.3389875
Clap Your Hands Say Yeah,5,147.4934,-6.481,0.8897999999999999
Clare Maguire,1,111.73,-5.678,0.882
"Clarence ""Frogman"" Henry",1,84.513,-8.127,0.509
Clarence Carter,2,130.9025,-12.227,0.588
Clark,3,97.95666666666666,-6.089333333333333,0.7856666666666667
Class Actress,1,150.474,-7.808,0.625
Claude Debussy,5,77.52459999999999,-24.5914,0.038988
Claude VonStroke,1,124.998,-8.942,0.85
Claude-Michel Schönberg,1,84.228,-12.042,0.275
Clawfinger,6,151.16933333333336,-4.496166666666666,0.9526666666666667
Clay Walker,1,123.053,-9.095,0.691
Clear View,1,139.849,-10.474,0.788
Cleopatra,1,125.97,-11.643,0.406
Cliff Martinez,1,95.446,-22.99,0.165
Cliff Richard,2,119.53,-9.603,0.548
Clifford Brown,1,126.57,-10.998,0.145
Clinic,6,126.80733333333332,-8.752166666666666,0.5958333333333333
Clint Black,4,119.185,-9.8405,0.66275
Clint Mansell,15,101.82853333333333,-17.136266666666664,0.23962
Clipse,2,157.0345,-3.14,0.8485
Close Your Eyes,3,112.99633333333333,-4.58,0.934
Closure in Moscow,2,174.02100000000002,-3.8545,0.9635
Cloud Cult,1,140.027,-7.159,0.773
Cloud Nothings,1,170.024,-6.107,0.942
Cloudkicker,1,149.751,-5.348,0.936
Club 8,1,174.089,-8.141,0.484
Club Nouveau,1,182.448,-8.42,0.629
Clubroot,5,137.8122,-9.5166,0.5848
Cluster,1,117.372,-20.074,0.156
Clutch,5,128.8636,-6.1804,0.8682000000000001
Coal Chamber,13,125.636,-5.815846153846153,0.8223846153846153
Coalesce,2,121.638,-8.155,0.8915
Cobblestone Jazz,1,130.36,-11.713,0.71
Cobra Starship,9,135.8011111111111,-6.085555555555556,0.8137777777777777
Cock Robin,2,119.899,-10.0855,0.6125
CocoRosie,17,108.46588235294118,-9.368058823529411,0.41858823529411765
Coconut Records,5,118.60259999999998,-9.4476,0.4192
Cocoon,9,114.25988888888888,-10.48011111111111,0.4288888888888889
Cocteau Twins,48,126.26129166666668,-9.051791666666666,0.6419791666666667
Code 64,3,152.73033333333333,-3.4499999999999997,0.96
Coheed and Cambria,27,146.18818518518518,-4.876814814814815,0.8856296296296295
Coil,3,131.267,-12.203333333333333,0.36366666666666664
Colbie Caillat,16,130.3614375,-6.924,0.6197125
Cold,3,146.33366666666666,-4.94,0.9316666666666666
Cold Cave,3,121.67066666666666,-7.696000000000001,0.8616666666666667
Cold War Kids,7,108.7572857142857,-6.017571428571428,0.6724285714285714
ColdWorld,7,126.285,-9.376285714285714,0.41657142857142854
Coldcut,3,119.269,-8.68,0.7003333333333334
Coldplay,65,125.56484615384616,-8.676092307692308,0.5595615384615384
Colin Hay,1,102.457,-11.649,0.289
Collapse Under the Empire,1,125.008,-6.446,0.895
Collective Soul,5,102.542,-6.4628,0.6966
Colleen,15,125.33486666666666,-13.764866666666668,0.36333333333333334
Collide,2,119.22550000000001,-4.34,0.9165
Collie Buddz,5,117.40419999999999,-5.904,0.737
Collin Raye,1,114.412,-7.89,0.466
Collingsworth Family,1,120.434,-9.221,0.546
Colonel Claypool's Bucket of Bernie Brains,4,123.90775,-3.89725,0.969
Colony 5,7,137.1577142857143,-6.872714285714285,0.9138571428571429
Com Truise,3,118.01233333333333,-9.527,0.5233333333333333
Coma,1,111.148,-4.492,0.962
Combichrist,33,131.02554545454544,-6.434515151515152,0.8544848484848485
Comeback Kid,24,113.34954166666667,-4.101291666666667,0.9685833333333332
Commix,6,163.74333333333334,-5.671166666666667,0.8103333333333333
Commodores,6,114.14799999999998,-11.204166666666666,0.5516666666666666
Common,9,100.29922222222223,-8.430888888888889,0.7294444444444443
Common Rider,6,151.0755,-6.169833333333333,0.7798333333333334
Compay Segundo,5,109.8262,-5.662,0.7402
Compton's Most Wanted,1,155.87,-11.136,0.484
Con Funk Shun,1,115.386,-7.589,0.911
Concord Dawn,7,154.01600000000002,-5.838857142857143,0.9095714285714286
Concrete Blonde,2,110.265,-10.697,0.728
Confide,3,151.339,-4.307666666666666,0.9873333333333333
Congorock,1,129.991,-8.613,0.697
Conjure One,12,109.1965,-8.052999999999999,0.6716666666666667
Connie Francis,5,115.52000000000001,-7.8584000000000005,0.5856
Conor Maynard,1,93.997,-3.96,0.784
Conor Oberst,8,117.23325,-7.359125,0.716375
Conrad Sewell,1,114.994,-4.739,0.796
Consequence,1,72.998,-5.154,0.622
Consumed,1,101.608,-9.011,0.902
Containe,1,131.251,-13.293,0.586
Contemporary Noise Quintet,2,96.8895,-8.1295,0.6995
Control Denied,4,114.76875,-7.4885,0.94775
Converge,40,119.375225,-4.570625000000001,0.88655
Conway Twitty,2,83.34899999999999,-11.396,0.33599999999999997
Coolio,1,79.959,-9.929,0.527
Copeland,12,132.78991666666667,-7.731083333333333,0.6586666666666666
Cor Scorpii,1,84.937,-4.442,0.877
Coralie Clément,2,148.837,-7.002,0.794
Corey Hart,2,150.4565,-15.447000000000001,0.31689999999999996
Corinne Bailey Rae,14,111.69264285714287,-9.931142857142857,0.45128571428571423
Cornelius,13,122.96592307692308,-9.789384615384616,0.6072076923076923
Cornelius Brothers & Sister Rose,1,115.845,-11.364,0.598
Cornell Campbell,1,78.138,-9.94,0.55
Cornershop,2,117.878,-5.631,0.8520000000000001
Corrosion of Conformity,5,118.6682,-6.8476,0.8503999999999999
Corvus Corax,5,134.906,-8.745000000000001,0.7046
Cosmic Gate,1,131.977,-11.766,0.501
Cosmin TRG,1,125.37,-8.71,0.785
Costa Cordalis,1,126.929,-5.157,0.957
Count Alert with Lyn Taitt & The Baba Brooks Band,1,91.96,-8.666,0.675
Count Basic,1,110.003,-7.158,0.893
Count Basie,3,133.57133333333334,-11.035666666666666,0.464
Counting Crows,15,121.18786666666666,-6.603066666666666,0.6808
Country Joe & The Fish,3,116.16933333333334,-14.463333333333333,0.36800000000000005
Courtney Love,6,139.01833333333335,-4.146666666666667,0.8985
Covenant,10,114.53130000000002,-9.5437,0.7661
Coverdale/Page,4,126.31975,-6.22575,0.9047499999999999
Cowboy Junkies,3,118.81266666666666,-22.069666666666667,0.21583333333333332
Cradle of Filth,47,120.25836170212766,-7.478170212765957,0.8319148936170213
Craft Spells,1,118.006,-5.535,0.928
Craig Armstrong,2,128.709,-15.694500000000001,0.3985
Craig David,2,126.21950000000001,-7.211,0.7805
Craig Morgan,6,128.9055,-5.4558333333333335,0.7218333333333332
Cranes,6,126.75049999999999,-12.577833333333333,0.53345
Crash Course in Science,1,122.116,-6.152,0.658
Crash Test Dummies,2,130.6575,-14.572,0.327
Crashdïet,2,155.5,-1.98,0.9755
Crazy Penis,1,103.924,-6.501,0.789
Crazy Town,3,104.92333333333333,-4.732666666666667,0.8663333333333334
Cream,31,118.355,-13.336129032258064,0.5271612903225806
Creed,13,140.7123076923077,-5.235769230769231,0.7946153846153846
Creedence Clearwater Revival,45,123.44982222222222,-7.792,0.6914444444444445
Crim3s,1,80.994,1.43,0.682
Crippled Black Phoenix,7,110.3682857142857,-9.613857142857142,0.4642714285714286
Crissi Cochrane,1,75.606,-16.124,0.0845
Cristian Castro,1,127.998,-4.637,0.848
Cro,4,132.75425,-6.204750000000001,0.7797499999999999
Cro-Mags,1,106.411,-4.717,0.982
Crocodiles,3,163.38033333333334,-5.773,0.952
Crookers,4,127.71925,-6.4965,0.62975
Crosby & Nash,1,153.177,-14.157,0.0829
"Crosby, Stills & Nash",7,145.1494285714286,-13.599142857142857,0.43185714285714283
"Crosby, Stills, Nash & Young",8,125.977625,-13.903875,0.39475
Crossfade,6,132.54116666666667,-5.990333333333333,0.8248333333333333
Crossfaith,1,134.374,-2.769,0.994
Crowbar,13,135.17007692307692,-8.680692307692308,0.8114615384615385
Crowded House,5,99.00919999999999,-9.0396,0.619
Crown the Empire,1,92.495,-2.38,0.971
Cruachan,4,128.30875,-6.27125,0.8067500000000001
Cry Of Love,1,127.746,-10.327,0.675
Cryptopsy,20,126.3217,-6.5491,0.9258
Crystal Castles,32,126.2568125,-6.68796875,0.7705
Crystal Fighters,6,135.5195,-6.366333333333333,0.7688333333333334
Crystal Gayle,1,85.033,-11.89,0.359
Crystal Stilts,2,114.726,-3.646,0.8534999999999999
Crystal Waters,1,120.24,-4.023,0.806
Cujo,7,131.16542857142858,-11.630714285714287,0.5024368
Culcha Candela,1,77.919,-4.738,0.729
Cult of Luna,26,115.96957692307691,-9.364461538461539,0.5586807692307693
Cults,6,125.07466666666666,-5.580333333333333,0.6928333333333333
Cultura Profética,1,120.27,-3.24,0.775
Culture,2,134.49099999999999,-10.075,0.6375
Culture Beat,2,132.8735,-7.6555,0.9535
Culture Club,4,110.1005,-9.521,0.7145
Culture Kultür,2,138.9715,-7.9590000000000005,0.9445
Culture Shock,1,174.035,-1.587,0.945
Curly Heads,1,149.762,-8.091,0.765
Curren$y,1,99.527,-9.364,0.749
Current 93,8,110.749375,-15.172375,0.302167
Current Swell,1,97.902,-8.183,0.658
Current Value,1,90.984,-5.824,0.886
Curse,2,78.0915,-6.9675,0.7175
Cursive,8,136.99812500000002,-7.596,0.688625
Curtis Lee,1,106.33,-5.816,0.601
Curtis Mayfield,9,117.65244444444446,-9.275222222222222,0.6286666666666666
Curve,3,104.90566666666666,-7.899666666666666,0.9523333333333334
Cusco,8,112.479375,-11.754125,0.483875
Cut Chemist,2,151.7735,-6.7515,0.681
Cut Copy,16,120.5656875,-6.086187499999999,0.81
Cute Is What We Aim For,6,124.92116666666668,-6.167166666666667,0.7593333333333333
Cutsigh,1,128.788,-14.744,0.102
Cutting Crew,1,124.769,-15.793,0.576
Cutting Pink With Knives,1,120.125,-2.782,0.985
Cutty Ranks,1,98.044,-4.727,0.854
Cyantific,5,174.41979999999998,-5.4562,0.9238
Cyberaktif,1,111.682,-7.109,0.952
Cybotron,1,126.754,-8.129,0.796
CygnosiC,1,195.975,-4.504,0.994
Cygnus X,2,143.47449999999998,-8.882,0.9215
Cymande,2,119.4165,-9.424,0.7505
Cymbals Eat Guitars,6,121.42866666666667,-9.535833333333334,0.5401666666666667
Cyndi Lauper,7,131.93814285714285,-6.885,0.6498571428571428
Cynic,3,127.34033333333332,-8.597333333333333,0.8456666666666667
Cypress Hill,17,107.54688235294118,-10.730411764705883,0.6348823529411765
Cássia Eller,3,130.24633333333335,-11.390666666666666,0.45366666666666666
Cécile Corbel,1,139.027,-15.452,0.337
Céline Dion,16,126.485125,-8.5251875,0.5295625
César Franck,1,67.78,-18.495,0.133
Céu,3,124.897,-11.903666666666666,0.427
Cœur de Pirate,4,121.10725,-7.44625,0.42050000000000004
D'Angelo,10,96.4588,-11.102500000000001,0.3638
D'espairsRay,8,147.47424999999998,-4.032875,0.858125
D-Bridge,1,168.028,-4.632,0.953
D.I.M.,1,125.01,-7.307,0.705
D.R.I.,2,113.3095,-5.3345,0.876
D12,2,87.65700000000001,-3.6390000000000002,0.8140000000000001
DANGERDOOM,4,136.852,-7.827,0.618
DAY26,2,114.4305,-7.569000000000001,0.596
DEPAPEPE,1,126.996,-7.816,0.691
DFC,1,171.581,-11.639,0.513
DIIV,5,141.7324,-6.1232,0.7769999999999999
DIR EN GREY,37,112.39735135135136,-5.849783783783784,0.8684324324324324
DJ Aligator,1,139.994,-5.144,0.944
DJ Cam,5,114.3872,-12.962799999999998,0.6296
DJ Disse,1,120.0,-11.137,0.555
DJ Encore,2,137.001,-5.3934999999999995,0.9285
DJ Food,2,88.40299999999999,-8.718,0.763
DJ Fresh,3,156.58,-3.021666666666667,0.924
DJ Hazard,3,177.335,-3.649666666666667,0.9796666666666667
DJ Jean,2,132.2485,-7.269,0.938
DJ Khaled,1,135.702,-4.706,0.76
DJ Koze,6,139.414,-15.646666666666667,0.38966666666666666
DJ Krush,4,132.954,-9.667,0.68875
DJ Luck & MC Neat,1,134.849,-8.714,0.384
DJ Marky & XRS,1,174.973,-14.172,0.939
DJ Mehdi,3,116.61933333333333,-8.397666666666668,0.7983333333333333
DJ Okawari,1,98.028,-9.196,0.52
DJ Quicksilver,1,135.996,-5.728,0.997
DJ Rap,1,106.988,-5.812,0.814
DJ Roc,1,127.973,-7.356,0.482
DJ Ross,1,139.725,-5.833,0.952
DJ Shadow,23,123.75295652173914,-9.853826086956522,0.6481739130434783
DJ Snake,2,152.3255,-5.338,0.702
DJ T.,1,124.991,-8.406,0.779
DJ Vadim,1,80.007,-16.778,0.132
DJ Zinc,4,150.96175,-7.0280000000000005,0.84675
DMX,14,109.59307142857143,-7.1845,0.7486428571428572
DNA2,1,138.008,-6.747,0.885
DRAB MAJESTY,1,128.024,-5.238,0.827
DT8 Project,1,128.053,-10.822,0.571
Da Brat,1,90.979,-12.134,0.491
Da Juve,1,146.994,-5.563,0.93
Da Lata,4,112.761,-11.568,0.592
Dabrye,6,126.3625,-9.501333333333333,0.5333333333333333
Dada Life,2,128.0115,-8.1095,0.593
Daddy DJ,1,135.006,-7.321,0.936
Daddy Yankee,2,136.094,-6.586,0.7909999999999999
Daedelus,13,136.66323076923075,-9.05376923076923,0.7916153846153846
Daft Punk,63,117.65325396825396,-10.235904761904761,0.618120634920635
Dagda,3,106.66066666666666,-13.288333333333334,0.5103333333333334
Dagoba,2,159.22,-7.679,0.7855000000000001
Daisy Chainsaw,2,86.003,-10.404499999999999,0.82
Dalida,1,81.159,-10.624,0.312
Dallas Superstars,1,135.991,-7.911,0.969
Damageplan,4,115.62625,-4.974,0.88675
Damian Marley,24,110.89316666666667,-6.802791666666667,0.745375
Damien Jurado,1,121.572,-10.527,0.347
Damien Rice,15,100.55906666666667,-13.370800000000001,0.27607333333333334
Damn Yankees,1,81.334,-7.876,0.61
Damon Albarn,2,97.14750000000001,-14.398500000000002,0.264
Damon Dotson,1,130.822,-6.384,0.689
Dan Auerbach,12,114.30008333333332,-9.809416666666666,0.6184833333333334
Dan Black,2,147.928,-7.9265,0.6295
Dan Deacon,4,142.501,-4.03925,0.8815
Dan Fogelberg,4,140.91375,-11.31425,0.35250000000000004
Dan Hartman,2,120.63300000000001,-8.153,0.6835
Dan Hill,1,119.409,-11.015,0.344
Dan Le Sac vs Scroobius Pip,1,160.024,-5.195,0.806
Dan Mangan,1,123.966,-6.364,0.609
Dananananaykroyd,1,136.918,-4.629,0.897
Danay,1,78.656,-5.664,0.654
Dance Gavin Dance,23,141.97752173913045,-3.838434782608696,0.8948695652173914
Dance With The Dead,1,129.998,-5.47,0.885
Danger,2,135.981,-4.8445,0.7929999999999999
Dani Siciliano,1,110.698,-15.453,0.222
Daniel Balavoine,3,125.58933333333334,-7.950666666666667,0.7383333333333333
Daniel Bedingfield,3,130.00133333333335,-5.8133333333333335,0.664
Daniel Boone,1,121.929,-13.173,0.579
Daniel Johnston,3,110.91566666666665,-11.116666666666667,0.29666666666666663
Daniel Kandi,1,137.776,-7.645,0.959
Daniel Lanois,1,136.747,-22.989,0.127
Daniel Masson,1,168.035,-13.014,0.488
Daniel Powter,4,119.08025,-3.94125,0.84925
Daniele Luppi,1,125.962,-11.861,0.353
Danity Kane,2,99.2175,-8.857,0.5135000000000001
Danko Jones,7,138.96857142857144,-3.8275714285714284,0.9237142857142857
Danny Brown,4,91.79075,-5.9167499999999995,0.7665
Danny Byrd,8,159.503125,-5.64775,0.8312875
Danny Elfman,9,121.61322222222222,-13.810222222222222,0.3938888888888889
Danzig,18,136.75683333333333,-9.674722222222222,0.7067777777777777
Daphne Loves Derby,2,120.988,-6.4205000000000005,0.6915
Daphni,1,120.04,-8.098,0.699
Dara Maclean,3,150.68533333333335,-6.210999999999999,0.6709999999999999
Dargaard,4,99.92975,-11.3505,0.447
Dario G,1,133.005,-8.122,0.905
Dario Marianelli,5,98.33160000000001,-21.235999999999997,0.1881
Darius,1,109.993,-9.248,0.556
Darius Rucker,4,149.713,-5.8870000000000005,0.64
Dark Fortress,1,117.479,-4.452,0.94
Dark Funeral,24,122.71954166666667,-4.470958333333333,0.9161666666666667
Dark Moor,2,169.9965,-5.5035,0.8574999999999999
Dark New Day,2,115.47,-5.8265,0.8505
Dark Sanctuary,12,106.53383333333333,-14.661083333333332,0.29741666666666666
Dark Tranquillity,31,119.61861290322581,-5.4595806451612905,0.8911935483870967
Darkel,1,160.015,-7.276,0.764
Darker My Love,2,142.02,-7.0600000000000005,0.858
Darkest Hour,5,128.1628,-8.646,0.7418
Darkseed,2,120.0135,-4.5205,0.9415
Darkside,4,116.5995,-12.41,0.32425
Darkstar,4,134.05525,-10.65625,0.46325
Darkthrone,29,130.40089655172414,-5.45051724137931,0.9599310344827586
Darlene Love,2,109.787,-6.088,0.7865
Darling Parade,1,178.059,-4.51,0.846
Darondo,1,150.289,-12.398,0.398
Darryl Worley,2,149.981,-7.1850000000000005,0.534
Darude,8,135.111875,-8.328625,0.8921250000000001
Darwin Deez,5,125.51559999999999,-4.4670000000000005,0.48739999999999994
Das Ich,8,119.451375,-6.042375,0.79325
Dash Berlin,2,133.4575,-8.756,0.678
"Dash Berlin with Cerf, Mitiska & Jaren",1,135.005,-7.869,0.867
Dashboard Confessional,34,126.90623529411765,-7.090470588235294,0.6092941176470589
Daso,1,126.005,-8.563,0.597
Data,4,130.8595,-6.4472499999999995,0.78175
Datarock,8,135.67325,-6.0809999999999995,0.759125
Datsik,3,149.559,-6.427,0.7476666666666666
Datsik & Kill the Noise,1,128.129,-9.106,0.728
Daturah,1,117.979,-9.274,0.649
Daughter,10,130.5189,-12.7677,0.374
Daughters,8,128.2825,-5.884375,0.8805
Daughtry,13,146.4272307692308,-3.535769230769231,0.8364615384615385
Dave & Ansel Collins,1,80.664,-11.596,0.511
Dave Brubeck,1,116.928,-15.232,0.602
Dave Edmunds,1,103.338,-9.912,0.527
Dave Gahan,7,106.11314285714286,-6.039428571428571,0.7085714285714285
Dave Keller,1,174.713,-9.302,0.472
Dave Matthews,2,87.797,-10.780000000000001,0.299
Dave Matthews Band,35,110.9590857142857,-7.022485714285715,0.7379428571428571
Dave Sitek,1,180.008,-6.582,0.755
David Allan Coe,5,114.70519999999999,-9.6998,0.5614
David Archuleta,1,163.978,-4.877,0.694
David Arkenstone,5,119.9752,-13.341399999999998,0.3276
David Axelrod,1,178.911,-13.968,0.355
David Bowie,51,118.42688235294118,-9.80892156862745,0.6415490196078432
David Byrne,1,130.36,-12.669,0.26
David Cook,2,143.485,-5.0120000000000005,0.7035
David Cross,1,83.958,-12.388,0.475
David Essex,1,151.14,-18.476,0.205
David Garrett,2,105.77499999999999,-8.7585,0.591
David Gilmour,5,93.3948,-12.5578,0.3092
David Gray,9,138.0487777777778,-9.118777777777778,0.5663333333333334
David Guetta,13,122.89076923076922,-5.115461538461539,0.7966923076923076
David Holmes,2,98.79499999999999,-8.93,0.687
David Karsten Daniels,1,143.909,-9.749,0.253
David Lanz,4,130.90825,-14.7605,0.155075
David Lee Murphy,1,99.942,-11.124,0.614
David Lynch,4,120.37650000000001,-9.38975,0.43674999999999997
David Ruffin,1,110.152,-9.419,0.667
David Ryan Harris,1,151.868,-9.619,0.367
David Soul,1,99.394,-10.19,0.401
David Sylvian,5,119.44279999999999,-13.6394,0.44480000000000003
David Thomas Broughton,1,98.738,-17.079,0.134
David Torn,1,104.034,-14.68,0.277
David Usher,1,90.059,-11.984,0.259
Davy Spillane,1,122.789,-11.856,0.335
Dawn of Ashes,5,128.99880000000002,-6.4117999999999995,0.8907999999999999
Daya,1,95.018,-4.714,0.8
Days of the New,11,123.64790909090908,-8.282454545454545,0.6625454545454545
Dazz Band,1,130.869,-8.7,0.819
De La Soul,1,96.801,-8.622,0.493
De-Phazz,39,116.70117948717947,-9.834,0.7207025641025641
DeBarge,1,116.327,-7.289,0.839
DeVotchKa,3,116.714,-6.4206666666666665,0.6176666666666667
Deacon Blue,1,130.303,-5.677,0.889
Dead Boys,1,93.659,-10.527,0.952
Dead By Sunrise,3,123.32433333333334,-4.035333333333333,0.8676666666666666
Dead Can Dance,17,106.49876470588235,-12.295058823529411,0.41158823529411764
Dead Kennedys,33,128.04333333333335,-5.896000000000001,0.9156666666666666
Dead Man's Bones,7,123.88557142857142,-11.673285714285713,0.5147142857142858
Dead Meadow,1,77.913,-6.525,0.601
Dead Poetic,9,134.0113333333333,-4.455444444444444,0.8787777777777778
Dead by April,12,143.44408333333334,-4.184583333333333,0.9361666666666667
Dead or Alive,3,125.20833333333333,-6.946333333333333,0.8666666666666666
DeadLock,11,111.778,-5.3785454545454545,0.8396363636363637
Deaf Center,4,112.647,-18.977,0.2541
Deaf Havana,1,176.951,-3.584,0.976
Deafheaven,11,117.48563636363637,-10.88709090909091,0.5896727272727272
Dean Martin,11,116.6190909090909,-12.413272727272727,0.25481818181818183
Deana Carter,2,125.25999999999999,-7.0825,0.5425
Dear and the Headlights,1,161.122,-5.945,0.913
Death,26,116.40353846153847,-5.949307692307692,0.9466538461538462
Death Angel,3,128.89466666666667,-4.3276666666666666,0.9826666666666667
Death Cab for Cutie,16,128.5635625,-9.949125,0.547875
Death from Above 1979,12,119.29441666666666,-5.990083333333334,0.8937499999999999
Death in June,5,126.147,-9.653,0.7398
Death in June & Boyd Rice,1,108.511,-9.168,0.833
Death in Vegas,21,131.47566666666665,-8.772428571428572,0.6396666666666666
Deathspell Omega,1,99.913,-4.457,0.943
Deathstars,19,120.79731578947367,-4.992684210526316,0.9073157894736843
Debbie Reynolds,1,102.152,-10.351,0.282
Decapitated,2,124.48750000000001,-4.071,0.986
Decoded Feedback,1,144.04,-11.627,0.877
Decyfer Down,1,130.074,-2.692,0.935
Dee Dee Bridgewater,2,92.845,-6.426,0.6525
Deep Blue,1,134.498,-6.629,0.977
Deep Blue Something,1,110.345,-9.197,0.717
Deep Cut,2,133.8625,-5.9925,0.829
Deep Dish,7,121.72928571428572,-7.6737142857142855,0.76
Deep Forest,25,112.944,-12.95676,0.5227272
Deep Purple,23,119.76108695652174,-10.49495652173913,0.6580869565217392
Deep Wound,1,131.146,-3.926,0.895
Deepak Ram,2,165.704,-10.279,0.673
Deer Tick,3,102.50033333333333,-5.439666666666667,0.6396666666666667
Deerhoof,39,121.65471794871794,-6.391333333333334,0.6479999999999999
Deerhunter,34,119.95979411764705,-7.445235294117647,0.6592647058823529
Def Leppard,8,107.881625,-6.12425,0.86975
Default,7,121.22814285714286,-4.373428571428571,0.8300000000000001
Defeated Sanity,2,110.239,-6.8965,0.9624999999999999
Defeater,3,143.504,-7.400666666666666,0.7206666666666667
Deftones,35,125.91934285714285,-5.593114285714285,0.8406857142857143
Deichkind,3,128.64566666666667,-6.592333333333333,0.7386666666666667
Deicide,4,105.84825000000001,-5.82675,0.9835
Deine Lakaien,10,127.10239999999999,-10.599,0.6559999999999999
Del Amitri,3,104.00866666666667,-8.659,0.6053333333333333
Del Shannon,1,123.783,-10.789,0.548
Del Tha Funkee Homosapien,1,99.602,-6.479,0.81
Delain,6,131.73916666666665,-4.917833333333333,0.8231666666666667
Delegation,1,94.161,-12.036,0.42
Delerium,21,114.74533333333333,-9.97052380952381,0.6978095238095238
Delilah,1,111.195,-8.581,0.606
Delorean,2,124.9465,-6.6195,0.8305
Delphic,4,131.1295,-9.38175,0.7685
Delroy Wilson,2,78.25200000000001,-8.595,0.577
Delta 5,1,134.525,-6.231,0.66
Delta Goodrem,4,134.87324999999998,-6.343500000000001,0.6990000000000001
Delta Heavy,1,173.997,-2.709,0.869
Delta Spirit,5,113.7734,-7.009399999999999,0.7091999999999999
Deltron 3030,5,113.86300000000001,-10.698,0.5856
Demi Lovato,20,147.28105,-5.7877,0.7071500000000001
Demians,1,79.733,-8.635,0.646
Demilich,1,91.056,-10.41,0.894
Demis Roussos,4,137.788,-8.65625,0.614
Demon Hunter,9,143.7641111111111,-4.636555555555556,0.9306666666666666
Demons & Wizards,1,120.057,-9.324,0.37
Denez Prigent,1,84.334,-15.09,0.128
Dennis Brown,3,132.75333333333333,-11.956333333333333,0.613
Dennis Wilson,1,133.188,-11.079,0.558
Department of Eagles,11,136.51218181818183,-8.562545454545456,0.5307272727272727
Depeche Mode,56,122.97723214285715,-11.506267857142857,0.6249464285714286
Der Blaue Reiter,1,103.621,-9.866,0.534
Derdian,1,169.96,-5.822,0.909
Derek and the Dominos,10,119.0173,-13.881499999999999,0.51269
Dermot O'brien,1,121.731,-8.287,0.673
Derrick Harriott,1,176.537,-9.557,0.392
Derrick May,1,128.103,-6.209,0.878
Derrick Morgan,4,130.233,-10.34625,0.54575
Deru,1,78.73,-16.847,0.403
Des'ree,3,121.72500000000001,-9.075666666666667,0.5936666666666667
Desaparecidos,1,81.459,-7.043,0.944
Descendents,35,132.7480857142857,-7.9406857142857135,0.9035142857142857
Desert Sessions,7,129.7757142857143,-5.001428571428571,0.801
Desiderii Marginis,3,119.12266666666666,-15.254,0.48566666666666664
Desiigner,1,145.199,-5.536,0.738
Desimal,1,170.153,-2.645,0.992
Desire,2,110.628,-11.092500000000001,0.451
Desmond Dekker,8,119.5685,-9.83775,0.57225
Desmond Dekker & The Aces,2,86.78299999999999,-6.215,0.616
Desmond Pringle,1,149.973,-7.462,0.704
Despised Icon,23,129.53217391304347,-3.4984782608695655,0.9600869565217391
Destiny's Child,13,111.2096923076923,-4.755,0.7199230769230769
Destroy Rebuild Until God Shows,1,99.769,-5.417,0.89
Destroyer,10,121.5683,-7.696600000000001,0.6353
Destruction,9,134.91666666666666,-3.670444444444444,0.9907777777777778
Deströyer 666,1,103.177,-6.121,0.953
Detektivbyrån,2,149.536,-8.474,0.7895
Dethklok,2,129.9855,-6.069,0.909
Detonautas Roque Clube,2,107.592,-9.2595,0.534
Deuter,3,76.194,-22.78833333333333,0.08900999999999999
Deutsch Amerikanische Freundschaft,2,58.843500000000006,-11.4175,0.6635
Deutsch Nepal,1,155.33,-12.975,0.448
Dev,1,124.927,-6.979,0.772
Deva Premal,2,137.7665,-12.196,0.376
Devendra Banhart,42,113.75161904761906,-12.592380952380953,0.36904761904761907
Device,1,178.731,-3.999,0.936
Devil Sold His Soul,1,126.924,-7.866,0.691
Devil's Gift,1,91.485,-3.659,0.947
DevilDriver,5,108.52539999999999,-4.3992,0.9788
Devin Townsend,28,124.0525,-9.116249999999999,0.7264464285714285
Devin Townsend Project,15,124.65933333333334,-8.0964,0.7404666666666666
Deviot,1,126.964,-6.711,0.924
Devo,16,151.4808125,-11.6010625,0.6315625
Dexter Gordon,1,98.395,-13.196,0.197
Dexys Midnight Runners,3,118.98066666666666,-9.879333333333333,0.5403333333333333
Diablo,11,120.26645454545455,-5.131545454545455,0.9474545454545455
Diablo Swing Orchestra,15,138.6182,-7.687666666666667,0.7851666666666667
Diabolical Masquerade,3,146.40333333333334,-9.225333333333333,0.7746666666666666
Diamanda Galás,16,110.9063125,-15.935,0.3274875
Diamond Rio,2,126.9755,-9.1825,0.56
Diana King,1,94.054,-5.466,0.828
Diana Krall,32,115.2489375,-15.03340625,0.22693125
Diana Ross,12,120.4445,-9.468333333333334,0.6086666666666667
Diana Ross and the Supremes,2,102.7645,-6.9965,0.6
Diane Arkenstone,2,120.50300000000001,-11.474499999999999,0.5965
Diary of Dreams,13,122.65884615384616,-9.955846153846153,0.6762307692307693
Dick Dale,2,132.214,-7.3995,0.8845000000000001
Dick Dale & His Del-Tones,1,172.659,-7.009,0.903
Diddy - Dirty Money,1,103.931,-2.467,0.952
Dido,20,125.23985,-9.80985,0.51485
Die Antwoord,8,124.54225,-5.998375,0.7585
Die Apokalyptischen Reiter,20,119.90329999999999,-5.3965000000000005,0.81365
Die Fantastischen Vier,16,114.8504375,-7.6319375,0.7370625
Die Form,1,118.025,-9.569,0.628
Die Krupps,2,172.082,-15.128,0.8625
Die Prinzen,2,116.0545,-8.401499999999999,0.7785
Die Toten Hosen,11,121.96736363636364,-3.725909090909091,0.8188181818181818
Die Verbannten Kinder Evas,1,137.68,-10.533,0.254
Diecast,1,132.706,-5.476,0.648
Dierks Bentley,7,134.22028571428572,-5.288714285714286,0.7631428571428571
Dieselboy,1,134.175,-12.668,0.561
Diesler,1,109.95,-6.135,0.981
Digable Planets,9,105.16822222222223,-15.619111111111112,0.4598888888888889
Digital Mystikz,2,141.50099999999998,-10.7005,0.645
Digitalism,16,125.1946875,-6.49025,0.752875
Dilated Peoples,5,105.95840000000001,-6.1228,0.8082
Dillinger,1,103.708,-8.592,0.892
Dillinja,1,172.077,-9.916,0.688
Dillon Francis,1,112.046,-4.778,0.781
Dimension,1,173.998,-3.345,0.895
Dimmu Borgir,36,119.77677777777778,-5.2099722222222224,0.8856388888888889
Dinah Shore,2,132.182,-16.4515,0.1
Dinah Washington,8,120.94900000000001,-11.296625,0.29700000000000004
Dinosaur Jr.,50,127.27364,-5.87614,0.8951399999999999
Dio,13,125.58092307692307,-7.70523076923077,0.8613846153846154
Dion,1,79.464,-11.496,0.481
Dion & The Belmonts,1,209.099,-7.465,0.576
Dionne Warwick,3,138.34133333333332,-9.446666666666667,0.49233333333333335
Diorama,3,124.00466666666667,-4.562,0.9063333333333333
Dioxyde,1,95.004,-8.235,0.848
Diplo,4,126.59025,-7.2385,0.77475
Dire Straits,18,115.38416666666666,-10.5105,0.6088333333333333
Dirk Leyers,1,119.994,-10.964,0.594
Dirty Elegance,1,146.977,-4.249,0.994
Dirty Pretty Things,12,137.40025,-3.700083333333333,0.85425
Dirty Projectors,7,111.10342857142858,-8.507285714285715,0.47200000000000003
Dirty Three,6,94.93433333333333,-16.160333333333334,0.3225
Dirty Vegas,6,121.50349999999999,-7.866,0.8155
Dirtyphonics,4,175.04675,-4.252,0.916
Disarmonia Mundi,1,87.979,-1.673,0.971
Disciple,2,97.02449999999999,-2.1020000000000003,0.9055
Disclosure,5,117.244,-7.0348,0.6950000000000001
Disco Inferno,1,117.062,-12.322,0.796
Discount,8,126.47975,-7.323375,0.82425
Discovery,4,148.80825,-6.6434999999999995,0.67225
Disembowelment,1,110.436,-10.437,0.756
Dishwalla,1,78.648,-7.043,0.67
Dismember,1,113.416,-5.938,0.981
Dispatch,10,105.9574,-6.2329,0.6368
Disrupt,3,129.10299999999998,-7.409,0.9626666666666667
Dissection,3,106.796,-4.816333333333333,0.9116666666666666
Distance,7,139.5572857142857,-11.814285714285715,0.47671428571428576
Disturbed,35,128.3862,-4.3220857142857145,0.9102857142857143
Diva Destruction,1,143.055,-4.967,0.744
Divine Ascension,1,84.395,-3.111,0.929
Divinyls,1,109.349,-4.044,0.924
Dixie Chicks,28,127.0697142857143,-7.493285714285714,0.5649821428571429
Dizzee Rascal,3,126.02600000000001,-4.595,0.839
Dizzy Gillespie,2,91.85849999999999,-12.461500000000001,0.388
Django Django,4,119.0295,-8.3445,0.6595
Django Reinhardt,11,123.78136363636364,-11.706181818181818,0.40963636363636363
Djavan,2,94.2595,-10.154499999999999,0.7170000000000001
Dmitri Shostakovich,1,118.824,-17.089,0.441
Dntel,9,133.34166666666667,-14.168888888888889,0.47200000000000003
Do As Infinity,1,129.809,-1.206,0.988
Do Make Say Think,10,116.50450000000001,-13.105599999999999,0.48983
Dobet Gnahoré,1,93.026,-8.007,0.451
Dobie Gray,1,76.199,-14.061,0.318
Doctor Flake,1,130.033,-7.555,0.615
Doctor P,1,139.932,-2.426,0.983
Doctor Rockit,1,104.047,-15.262,0.443
Document One,1,139.779,-5.465,0.721
Dodgy,1,132.877,-9.067,0.502
Doe Maar,2,113.853,-7.529,0.7015
"Does It Offend You, Yeah?",8,139.59575,-3.6959999999999997,0.89475
Dog Fashion Disco,3,125.23033333333335,-9.013,0.6643333333333333
Dogs Die in Hot Cars,2,141.92950000000002,-6.0765,0.8105
Doja Cat,2,120.99600000000001,-5.1495,0.665
Dokken,3,137.98033333333333,-8.321333333333333,0.7639999999999999
Dolly Parton,6,97.271,-8.854666666666667,0.4726666666666666
Dolores O'Riordan,1,170.021,-6.482,0.81
Domenico Modugno,1,127.87,-14.887,0.06
Dominik Eulberg,8,127.631625,-9.384875000000001,0.530625
Don Caballero,3,133.97566666666668,-8.817,0.8446666666666666
Don Carlos,5,101.16600000000001,-11.5708,0.4516
Don Covay,1,118.203,-16.832,0.374
Don Francisco,1,73.02,-16.822,0.298
Don Henley,4,122.00325,-13.5885,0.56625
Don Johnson Big Band,1,125.022,-5.107,0.901
Don McLean,4,97.75999999999999,-13.19625,0.29125
Don Nitti,1,80.023,-7.56,0.528
Don Omar,2,103.5015,-5.5815,0.7685
Don Toliver,1,127.994,-5.717,0.631
Donald Byrd,1,108.087,-11.044,0.785
Donald Fagen,4,116.92699999999999,-14.562999999999999,0.3875
Donald McCollum,1,109.981,-8.133,0.691
Donavon Frankenreiter,8,108.90025,-7.307125,0.64
Donell Jones,3,105.67733333333335,-8.515,0.46166666666666667
Donkeyboy,1,121.01,-5.155,0.539
Donna De Lory,1,167.647,-11.126,0.581
Donna Summer,4,114.537,-8.5465,0.7997500000000001
Donny Hathaway,8,104.842,-11.300625,0.467625
Donovan,9,103.0988888888889,-14.245666666666668,0.4088888888888889
Doof,2,140.86,-7.9,0.98
Doom,3,150.76066666666668,-8.617666666666667,0.9486666666666667
Doomriders,1,79.213,-7.08,0.43
Doormouse,1,161.962,-13.967,0.627
Dope,21,131.88480952380954,-4.5437619047619044,0.919095238095238
Dope D.O.D.,1,87.809,-7.515,0.742
Dope Stars Inc.,24,144.40558333333334,-4.259791666666667,0.9474583333333334
Dopplereffekt,1,125.724,-11.397,0.739
Dorfdisko,1,136.023,-8.218,0.391
Doris Day,3,129.037,-9.205,0.4046666666666667
Dorothy Ashby,1,94.037,-10.438,0.563
Dos Hombres,1,180.016,-12.954,0.664
DotExe,1,170.169,-6.236,0.812
Doves,29,112.63179310344827,-7.604275862068966,0.6967241379310344
Down,6,110.63116666666667,-9.285,0.7181666666666667
Down By Law,1,133.151,-7.612,0.871
Download,2,134.906,-11.477,0.867
Dr. Dog,8,119.05225,-6.754625,0.633625
Dr. Dre,25,100.20916,-4.9292,0.75724
Dr. Feelgood,1,123.308,-13.537,0.461
Dr. Hook,5,103.4742,-9.4144,0.6514
Dr. John,2,133.3495,-9.811,0.7885
Dr. Octagon,4,89.92,-14.02775,0.54415
Draconian,6,124.57583333333332,-5.161499999999999,0.7885
DragonForce,11,160.91054545454546,-4.746545454545455,0.9399090909090909
Dragonette,4,152.53025,-4.111,0.81275
Dragonland,11,114.298,-4.414454545454546,0.8420909090909091
Drake,26,116.2578076923077,-9.076615384615383,0.5263846153846153
Dreadzone,2,138.3755,-9.106,0.831
Dream Evil,13,127.63561538461538,-4.6285384615384615,0.8945384615384615
Dream Koala,1,119.277,-13.004,0.283
Dream Theater,46,126.71471739130436,-7.572108695652174,0.7715434782608696
Drexciya,1,132.831,-8.965,0.617
Dritte Wahl,1,143.859,-4.32,0.98
Drive Like Jehu,8,123.744,-8.231375,0.8402499999999999
Drive-By Truckers,1,82.498,-5.992,0.494
"Drop Dead, Gorgeous",4,131.55575,-5.14125,0.85975
Drop Nineteens,6,120.35199999999999,-12.563166666666667,0.5383333333333333
Dropkick Murphys,34,128.72170588235295,-3.112,0.9337352941176471
Drowning Pool,18,124.35722222222222,-4.105166666666666,0.9259444444444446
Dru Hill,4,111.544,-7.5015,0.54225
Drudkh,3,131.15766666666667,-7.63,0.715
Drumcorps,7,128.85057142857144,-6.856999999999999,0.907
Drumsound & Bassline Smith,1,174.864,-4.076,0.912
Dry Kill Logic,3,130.47833333333332,-5.613333333333333,0.93
Dry the River,2,143.627,-6.032500000000001,0.5535
Dryer,1,152.083,-8.849,0.555
Dschinghis Khan,1,139.997,-5.098,0.85
Dua Lipa,9,107.95344444444443,-4.85211111111111,0.6952222222222222
Duane Eddy,2,116.7705,-12.738,0.5680000000000001
Dub Fx,2,103.29,-6.636,0.785
Dub Incorporation,2,125.915,-3.532,0.9415
Dubfire,1,128.005,-4.259,0.935
Dublex Inc.,1,124.188,-12.516,0.849
Duffy,9,123.56055555555557,-6.218333333333334,0.6531111111111111
Duke Dumont,3,119.962,-6.419,0.7786666666666666
Duke Ellington,7,121.64028571428571,-13.311285714285715,0.2417
Duke Ellington & John Coltrane,1,104.664,-14.409,0.238
Dulce Liquido,1,130.007,-4.827,0.986
Dum Dum Girls,5,160.542,-3.9988,0.9734
DumDum Boys,1,125.26,-6.667,0.867
Duncan Dhu,1,74.214,-6.685,0.859
Duncan Sheik,1,187.918,-6.976,0.806
Dune,1,163.78,-9.672,0.673
Dungen,8,117.8405,-8.708874999999999,0.5533875
Duran Duran,14,121.86871428571429,-8.803857142857144,0.7660714285714285
Duran y Garcia,1,123.988,-8.887,0.605
Dustin Kensrue,1,147.201,-7.647,0.379
Dustin Lynch,1,73.033,-5.905,0.747
Dustin O'Halloran,8,103.5125,-24.460375,0.12022875
Dustin Tebbutt,1,102.949,-7.477,0.62
Dusty Kid,2,126.4995,-10.2335,0.5535
Dusty Springfield,12,108.925,-8.213666666666667,0.5771666666666667
Dwarves,1,177.199,-5.045,0.927
Dwight Yoakam,1,144.184,-5.114,0.84
Dying Fetus,27,103.613,-6.259777777777778,0.9554074074074074
Dynamite Deluxe,6,127.06883333333333,-6.607166666666667,0.7078333333333333
Dzihan & Kamien,5,111.0682,-8.874199999999998,0.6314
Dälek,3,92.702,-9.282666666666666,0.7563333333333334
Dżem,1,130.49,-8.168,0.677
E-Rotic,1,142.932,-3.571,0.989
E-Type,1,148.02,-5.756,0.944
E.S. Posthumus,3,100.08466666666668,-11.371,0.555
EAV,1,167.984,-7.046,0.831
ELLEGARDEN,2,157.9715,-1.9675,0.9055
EMF,1,104.068,-6.455,0.86
EMMA6,4,133.8345,-4.59225,0.65625
EOTO,1,136.009,-7.448,0.727
EPMD,2,90.72149999999999,-4.41,0.7444999999999999
ESG,3,124.2,-10.674,0.6813333333333333
EVE 6,3,132.422,-6.2620000000000005,0.7959999999999999
EXID,1,114.285,-2.877,0.794
Eagle Twin,2,109.7295,-6.830500000000001,0.7895
Eagle-Eye Cherry,8,106.19975,-9.26075,0.61375
Eagles,17,110.93558823529412,-9.429941176470589,0.5344705882352941
Eagles of Death Metal,21,132.17533333333336,-4.149333333333333,0.9124761904761904
Eagulls,1,79.63,-3.853,0.989
Eamon,2,79.25550000000001,-5.893000000000001,0.6975
Earl Hooker,1,80.232,-9.374,0.459
Earl Sweatshirt,5,103.603,-7.3016000000000005,0.6372
Earlimart,1,112.173,-14.91,0.324
Earth,7,87.58942857142857,-14.142857142857142,0.2809857142857143
"Earth, Wind & Fire",10,119.10819999999998,-10.600100000000001,0.6485
East 17,1,128.003,-8.725,0.498
Eastern Sun,1,89.986,-10.614,0.62
Easton Corbin,6,115.28266666666667,-9.114166666666668,0.5416666666666666
Easy Star All-Stars,6,143.21216666666666,-8.141833333333333,0.8038333333333334
Eazy-E,5,96.4992,-6.0678,0.7374
Echidna,1,74.658,-8.693,0.854
Echo & the Bunnymen,17,132.17082352941176,-8.403529411764705,0.8029999999999999
Echobelly,1,160.713,-4.24,0.985
Echosmith,2,109.99350000000001,-5.824,0.624
Echt,1,112.02,-7.668,0.809
Ed Rush & Optical,12,141.905,-7.522083333333334,0.8154166666666667
Ed Sheeran,9,104.91577777777778,-7.947333333333333,0.5349888888888888
Eddie & The Hot Rods,1,147.797,-5.753,0.863
Eddie Cochran,2,141.3615,-10.301,0.6805
Eddie Holland,1,201.233,-3.89,0.939
Eddie Jefferson,1,177.526,-14.306,0.504
Eddie Kendricks,1,102.019,-10.855,0.669
Eddie Money,3,124.02266666666667,-6.378333333333334,0.8450000000000001
Eddie Rabbitt,1,132.344,-8.201,0.633
Eddie Vedder,11,121.50345454545455,-9.018090909090908,0.521
Eddy Grant,1,123.602,-13.356,0.435
Edenbridge,12,134.13541666666666,-5.573,0.899
Edgard Varèse,2,103.613,-14.706,0.548
Edge of Dawn,2,102.5075,-6.92,0.837
Edgewater,3,170.65066666666667,-3.954333333333333,0.9239999999999999
Edguy,46,119.62945652173913,-5.346652173913044,0.8652391304347826
Edie Brickell and New Bohemians,1,178.153,-5.904,0.893
Edison Lighthouse,1,120.413,-15.391,0.442
Editors,20,138.49715,-6.41305,0.7133
Edvard Grieg,1,129.086,-16.256,0.165
Edvin Marton,1,83.557,-2.024,0.953
Edward Maya,1,127.997,-6.804,0.736
Edward Sharpe & The Magnetic Zeros,13,117.0616923076923,-8.583,0.5856923076923077
Edwin Birdsong,1,116.586,-11.758,0.664
Edwin McCain,2,117.4075,-11.183,0.5945
Edwin Starr,2,127.112,-8.379,0.8480000000000001
Edwyn Collins,1,126.278,-3.828,0.856
Edyta Bartosiewicz,1,120.735,-11.149,0.401
Eek-a-Mouse,5,103.14360000000002,-10.2756,0.522
Eels,41,115.90685365853659,-10.688756097560976,0.48488292682926826
Efdemin,6,126.00516666666665,-14.263166666666665,0.45166666666666666
Efterklang,28,115.5825,-13.416142857142857,0.4255714285714286
Eftos!rx,1,107.154,-6.926,0.905
Ego Likeness,1,120.03,-6.981,0.92
Egotronic,1,122.977,-12.542,0.418
Egypt Central,3,122.99733333333332,-4.774333333333334,0.9263333333333333
Eiffel 65,2,128.99849999999998,-7.409,0.969
Eighteen Visions,6,147.46183333333332,-4.258166666666667,0.9576666666666668
Einherjer,8,125.832875,-7.908625000000001,0.869
Einstürzende Neubauten,24,117.74779166666667,-11.045708333333332,0.5212916666666666
Eisbrecher,13,131.24030769230768,-5.345538461538461,0.8808461538461538
Eisenfunk,1,134.009,-4.592,0.897
Eko Fresh,1,94.914,-6.273,0.806
Ektomorf,4,113.85674999999999,-3.94625,0.94225
El Gran Silencio,1,112.915,-6.653,0.932
El Grupo Nuevo de Omar Rodriguez Lopez,1,122.874,-4.511,0.979
El Guincho,3,110.88266666666668,-5.113666666666667,0.9143333333333333
El Perro del Mar,7,110.40514285714286,-8.723285714285714,0.42738571428571426
El Sexteto Miramar,1,140.296,-9.403,0.598
Elastica,1,121.32,-5.795,0.699
Elbow,23,128.7288695652174,-8.68191304347826,0.5691739130434783
Elder,1,144.63,-6.637,0.869
Electrelane,5,132.3192,-12.754999999999999,0.44299999999999995
Electric Guest,2,129.99099999999999,-7.2515,0.5795
Electric Light Orchestra,22,113.6908181818182,-8.761636363636363,0.6535454545454545
Electric President,1,145.006,-8.008,0.748
Electric Universe,5,145.1952,-7.1604,0.9442
Electric Wizard,14,131.62264285714286,-8.293142857142858,0.7305714285714285
ElectricOkra,1,120.037,-14.918,0.479
Electronic,2,116.0575,-9.867,0.781
Elefant,2,157.0325,-6.3535,0.7995
Elektrochemie,2,124.994,-9.1835,0.38449999999999995
Element Eighty,12,146.90533333333335,-4.1735,0.8683333333333333
Element of Crime,1,83.741,-10.848,0.434
Elend,1,81.725,-10.636,0.428
Elephant Man,2,114.768,-4.966,0.8320000000000001
Elf,2,100.77850000000001,-9.3095,0.7035
Eli Young Band,4,155.01425,-4.2695,0.65075
Eliades Ochoa,1,107.28,-7.697,0.657
Eliane Elias,1,75.415,-15.814,0.369
Elis,7,125.73085714285715,-4.354142857142857,0.7969999999999999
Elis Regina,1,106.393,-15.076,0.608
Elisa,1,120.087,-7.948,0.424
Elite Force,1,125.979,-9.357,0.814
Eliza Doolittle,5,138.6654,-6.996,0.6664
Elizabeth Cotten,1,104.393,-17.275,0.157
Ella Baila Sola,1,134.019,-11.804,0.373
Ella Eyre,1,97.722,-12.451,0.125
Ella Fitzgerald,28,102.5185357142857,-11.204785714285714,0.27734285714285717
Ella Fitzgerald & Louis Armstrong,9,100.38044444444444,-12.966444444444445,0.18811111111111112
Ella Henderson,1,125.004,-10.411,0.263
Ella Mai,1,79.882,-5.628,0.61
Ella On The Run,1,183.936,-8.75,0.45
Elle Varner,1,128.064,-4.063,0.536
Ellen Allien,10,125.3776,-12.973099999999999,0.5684
Ellie Goulding,20,124.63600000000001,-6.4017,0.7078
Elliott Smith,76,117.53942105263157,-12.916552631578947,0.3665328947368421
Elliott Yamin,1,116.027,-6.734,0.487
Elmer Bernstein,1,81.27,-22.202,0.101
Elmore James,3,147.49066666666667,-6.6819999999999995,0.6709999999999999
Elsiane,3,96.87400000000001,-16.674333333333333,0.2753333333333334
Elton John,25,125.163,-9.36016,0.5753199999999999
Eluveitie,45,110.42473333333334,-5.228288888888889,0.8351555555555555
Eluvium,1,69.685,-15.961,0.146
Elvenking,29,124.85044827586206,-4.769448275862069,0.8865172413793103
Elvin Bishop,1,109.538,-5.949,0.732
Elvis Costello,11,124.78390909090909,-8.245,0.6976363636363636
Elvis Costello & The Attractions,9,144.87644444444445,-6.584555555555555,0.8068888888888889
Elvis Perkins,1,158.247,-9.008,0.566
Elvis Presley,51,103.56325490196078,-10.873980392156863,0.5207882352941177
Ely Guerra,2,115.8955,-11.3155,0.5075
Elysia,2,133.2035,-3.9429999999999996,0.9375
Emalkay,3,116.76999999999998,-7.305666666666667,0.654
Emancipator,19,115.58305263157895,-12.905842105263158,0.4727368421052631
Emarosa,12,142.85441666666665,-3.64575,0.86875
Embrace,1,104.14,-6.264,0.883
Emeli Sandé,4,95.1805,-5.90125,0.50875
Emeralds,4,116.2565,-8.63,0.669
"Emerson, Lake & Palmer",19,118.67957894736841,-13.048736842105262,0.5997
Emery,26,148.13923076923078,-5.243615384615385,0.8228076923076924
Emigrate,4,126.54675,-5.69875,0.83975
Emika,2,120.0075,-13.4495,0.313
Emilia,1,87.973,-9.829,0.466
Emilie Autumn,17,122.46517647058823,-9.224823529411765,0.6303705882352941
Emily Jane White,1,147.523,-16.841,0.143
Emily Osment,1,123.926,-6.495,0.801
Emilíana Torrini,19,119.00205263157896,-12.172,0.35452105263157896
Eminem,54,111.18898148148148,-4.835092592592593,0.7431851851851852
Emma Bunton,1,118.011,-5.4,0.772
Emma Shapplin,6,101.65716666666667,-10.287166666666666,0.4741666666666667
Emmure,14,130.72864285714286,-6.604357142857142,0.9002142857142857
Emmy the Great,1,96.005,-10.437,0.486
Emmylou Harris,8,126.144,-11.451625,0.437375
Emperor,16,109.881625,-5.7811875,0.8523125
Empire of the Sun,12,120.15016666666666,-6.415416666666666,0.7166666666666667
Empyrium,3,109.06166666666667,-13.432333333333332,0.37366666666666665
En Vogue,2,90.1405,-4.2665,0.8035
Enam,2,106.29050000000001,-18.318,0.3095
Endo,1,126.278,-3.119,0.916
Enduser,1,90.504,-2.912,0.986
Enej,1,169.761,-4.263,0.889
Engelbert Humperdinck,3,133.55733333333333,-10.718666666666666,0.45733333333333337
Engenheiros Do Hawaii,3,112.48033333333335,-7.002333333333333,0.6493333333333333
Engine-EarZ Experiment,1,140.072,-8.29,0.72
England Dan & John Ford Coley,1,119.116,-10.017,0.56
Enigma,47,116.04010638297873,-12.731255319148937,0.5841787234042553
Ennio Morricone,10,92.17949999999999,-14.8518,0.31838
Enno Bunger,1,80.967,-10.68,0.313
Enrique Bunbury,1,128.44,-6.141,0.706
Enrique Iglesias,7,109.99585714285715,-5.802428571428571,0.7712857142857142
Ensiferum,36,125.99763888888889,-7.2596388888888885,0.7718975833333332
Enslaved,27,138.01018518518518,-6.8537037037037045,0.8955555555555555
Enter Shikari,28,133.42457142857143,-6.269678571428571,0.7964285714285715
Entheogenic,1,117.994,-8.702,0.922
Entombed,22,131.93522727272727,-7.627409090909091,0.9407727272727272
Entwine,11,128.25290909090907,-5.230636363636363,0.8504545454545455
Envy,2,95.3845,-13.487499999999999,0.272
Enya,63,108.45031746031746,-16.5004126984127,0.21570952380952382
Ephel Duath,2,142.19299999999998,-7.476,0.8055000000000001
Epica,15,117.92573333333333,-6.422933333333333,0.8175333333333333
Equilibrium,24,135.48141666666666,-6.760083333333333,0.833125
Era,21,108.51019047619047,-10.302142857142858,0.5115714285714286
Erasure,5,124.5998,-8.494,0.8131999999999999
Eric B. & Rakim,4,119.92675,-10.2155,0.752
Eric Burdon,1,119.382,-14.048,0.597
Eric Burdon & The Animals,1,91.538,-13.392,0.379
Eric Carmen,1,110.512,-7.889,0.627
Eric Church,13,117.67730769230769,-6.736307692307692,0.7542307692307693
Eric Clapton,44,118.21595454545455,-12.202318181818184,0.5391613636363636
Eric Dolphy,4,89.69925,-14.23075,0.36575
Eric Hutchinson,2,86.23,-6.982,0.488
Eric Prydz,4,138.03375,-6.62725,0.823
Eric Whitacre,1,140.038,-23.01,0.105
Erik Hassle,2,114.033,-3.4779999999999998,0.8035
Erik Satie,3,76.76166666666667,-27.92233333333333,0.06820666666666667
Erin McCarley,4,136.2045,-6.907500000000001,0.56925
Erlend Øye,7,117.56114285714285,-8.314285714285715,0.6267142857142858
Ernest Ranglin,1,139.856,-17.714,0.239
Ernest Tubb,3,106.28899999999999,-9.665333333333333,0.39366666666666666
Ernesto vs. Bastian,1,130.012,-6.987,0.925
Errol Dunkley,1,93.253,-12.501,0.503
Eruption,1,123.556,-6.965,0.817
Erutan,1,136.956,-13.788,0.271
Erykah Badu,26,109.61734615384616,-10.041615384615385,0.4554615384615385
Esben and the Witch,1,130.048,-10.817,0.466
Esbjörn Svensson Trio,2,131.7055,-17.9985,0.1639
Escala,1,90.082,-9.833,0.256
Escape the Fate,13,127.49123076923077,-4.846076923076923,0.9037692307692308
Eskimo,1,146.027,-8.518,0.957
Eskmo,2,111.834,-6.1315,0.46699999999999997
Esmerine,2,125.95750000000001,-25.459,0.05935
Esmée Denters,1,125.803,-4.061,0.808
Esoteric,1,86.009,-15.913,0.188
Espen Lind,1,122.252,-9.721,0.432
Esperanza Spalding,4,105.85975,-16.3335,0.209725
Espers,1,120.525,-12.801,0.352
Estanis,1,163.727,-3.68,0.848
Estatic Fear,10,113.38250000000001,-10.089400000000001,0.5154
Ester Dean,1,88.047,-5.036,0.714
Esther Phillips,1,99.328,-9.819,0.651
Esthero,4,120.3595,-8.5375,0.68275
Estopa,2,88.81200000000001,-8.911000000000001,0.823
Estrella Morente,1,103.892,-10.511,0.37
Eternal Lord,6,117.77683333333334,-6.528833333333334,0.8713333333333333
Eternal Tears of Sorrow,10,128.5032,-5.5819,0.9106
Eths,3,125.00866666666667,-6.140000000000001,0.8773333333333332
Etta James,14,115.31164285714286,-7.6292857142857144,0.46295000000000003
Europe,6,121.82033333333334,-5.4755,0.824
Eurythmics,13,123.6326923076923,-11.020538461538461,0.7234615384615386
Eva Cassidy,7,108.2147142857143,-14.635428571428573,0.22051428571428572
Eva Simons,1,127.017,-2.991,0.712
Evan Rachel Wood,3,117.09466666666667,-9.354000000000001,0.4471
Evan and Jaron,1,94.072,-4.851,0.933
Evanescence,26,135.10123076923077,-5.818423076923077,0.7551538461538462
Evangelicals,1,127.349,-6.037,0.872
Evans Blue,3,181.186,-5.091666666666666,0.9013333333333332
Eve,2,95.8685,-5.269,0.677
"Evelyn ""Champagne"" King",2,115.413,-8.4445,0.581
Everclear,20,121.87335,-5.5948,0.92975
Evergreen Terrace,10,144.9144,-4.618,0.9160999999999999
Evergrey,13,111.57984615384615,-5.659692307692307,0.8260769230769232
Everlast,4,104.66775,-6.036,0.671
Every Avenue,9,133.357,-3.475111111111111,0.8857777777777778
Every Time I Die,44,125.06263636363637,-4.7129318181818185,0.9617954545454546
Everything But the Girl,13,142.11546153846155,-10.665461538461539,0.5270769230769231
Everything Everything,2,126.05199999999999,-5.963,0.7595000000000001
Evgeny Kissin,1,66.298,-31.383,0.016
Evie Karlsson,1,76.909,-17.077,0.0989
Evil Nine,2,104.988,-6.965,0.6034999999999999
Evile,1,95.962,-4.662,0.994
Evol Intent,10,137.6586,-6.2181,0.8868
Ewa Farna,1,77.989,-7.358,0.591
Ewun,1,176.067,-5.144,0.992
Example,3,125.34466666666667,-3.4446666666666665,0.8773333333333334
Excel,1,108.363,-4.447,0.908
Excision,1,139.998,-10.088,0.988
Excision & Datsik,1,139.457,-8.197,0.676
Exile,2,97.19399999999999,-7.375500000000001,0.64
Exo,1,100.03,-2.519,0.886
Exodus,20,124.32685,-4.6628,0.9644499999999999
Explosions in the Sky,12,115.75958333333334,-12.098083333333333,0.45716666666666667
Extrawelt,15,127.7306,-11.355066666666666,0.6186666666666666
Extreme,6,129.29633333333334,-8.596166666666667,0.7404999999999999
Extreme Noise Terror,13,114.12215384615385,-5.311846153846154,0.9653846153846154
Eyedea & Abilities,1,91.983,-3.65,0.767
Eyehategod,33,117.09833333333333,-9.307181818181817,0.6706060606060605
Eyes Set to Kill,16,142.1203125,-4.20525,0.9206875
F.U.S.E.,1,125.919,-6.375,0.968
FC/Kahuna,5,115.9642,-7.8138000000000005,0.6338
FGFC820,2,137.00150000000002,-4.67,0.993
FKA twigs,13,116.051,-8.97176923076923,0.5228461538461538
FKJ,1,95.991,-6.078,0.593
FLYamSAM,1,84.984,-4.106,0.928
FM Belfast,1,124.062,-4.946,0.701
FM Static,1,187.949,-6.334,0.871
Fabolous,2,80.7505,-8.1815,0.5355
Fabrizio De André,1,156.135,-16.367,0.157
Fabrizio Paterlini,3,111.88866666666667,-20.551333333333332,0.164
Face to Face,1,147.742,-4.176,0.958
Faces,2,158.2705,-9.9105,0.486
Fact,4,135.06375,-4.7505,0.94575
Factory Floor,1,130.002,-5.791,0.991
Fad Gadget,5,112.1624,-7.908200000000001,0.818
Failure,5,129.8706,-8.1802,0.7192000000000001
Fair to Midland,10,112.5755,-4.9704,0.8039
Fairmont,1,125.01,-14.61,0.432
Fairport Convention,2,135.629,-10.4585,0.529
Faith Evans,2,110.2315,-9.6755,0.547
Faith Hill,3,142.262,-6.903333333333333,0.6806666666666666
Faith No More,51,126.78358823529412,-7.69,0.852156862745098
Faith and the Muse,2,125.96900000000001,-8.048,0.6035
Faithless,38,122.24965789473684,-9.13378947368421,0.6709736842105263
Fake Blood,1,128.015,-6.021,0.847
Falco,7,124.67728571428572,-7.287714285714286,0.8137142857142857
Falconer,3,118.59333333333332,-7.546666666666667,0.7176666666666667
Fall Out Boy,31,138.57306451612905,-4.1042903225806455,0.8885806451612903
Fall of Serenity,1,99.994,-3.921,0.965
Falling in Reverse,2,91.19149999999999,-3.8235,0.9015
Familjen,9,122.52733333333335,-4.639333333333333,0.8574444444444445
Family Force 5,1,132.009,-4.156,0.897
Fanfarlo,5,108.25219999999999,-7.106999999999999,0.6394
Fang,1,156.8,-14.188,0.678
Fang Island,1,97.59,-9.713,0.201
Fantan Mojah,3,107.61233333333332,-6.725666666666666,0.6033333333333334
Fantastic Mr Fox,1,140.029,-10.349,0.484
Fantômas,6,115.68783333333333,-8.426833333333333,0.6305000000000001
Far East Movement,3,112.839,-6.978666666666666,0.6866666666666666
Farben Lehre,3,119.80933333333333,-4.8356666666666674,0.9283333333333333
Farin Urlaub,5,123.3004,-3.979,0.8764
Farin Urlaub Racing Team,1,170.272,-6.424,0.888
Fastball,1,120.841,-7.119,0.862
Fat Freddy's Drop,10,127.34279999999998,-12.4145,0.3988
Fat Joe,1,168.267,-5.874,0.833
Fatback Band,1,105.425,-9.439,0.585
Fatboy Slim,22,123.41377272727273,-7.367272727272728,0.8556363636363638
Fatima Spar und Die Freedom Fries,1,95.62,-10.344,0.456
Fatima Yamaha,1,120.021,-9.381,0.521
Fatman Scoop,1,101.173,-6.474,0.716
Fatoumata Diawara,1,87.454,-12.527,0.529
Fats Domino,3,106.06233333333334,-11.797666666666666,0.40166666666666667
Fatty Koo,1,91.031,-4.021,0.799
Faun,3,115.15233333333333,-12.660333333333332,0.35200000000000004
Faunts,3,120.68733333333334,-9.303333333333333,0.7443333333333334
Faust,4,129.069,-14.071000000000002,0.5595
Fauxliage,1,160.007,-6.679,0.74
Feadz,1,128.983,-9.956,0.893
Fear Before The March Of Flames,3,146.406,-5.103000000000001,0.9199999999999999
Fear Factory,19,127.21552631578946,-4.981631578947368,0.934421052631579
Fear My Thoughts,1,102.521,-4.446,0.984
Fear of Men,1,128.004,-7.0,0.567
Feargal Sharkey,1,104.512,-7.684,0.928
Fedde Le Grand,2,127.9505,-5.836,0.9065000000000001
Federico Aubele,3,120.24933333333333,-7.4190000000000005,0.6003333333333334
Feed Her to the Sharks,1,199.01,-3.619,0.966
Feed Me,2,124.988,-9.467500000000001,0.792
Feeder,5,122.1664,-4.1036,0.8778
Feel,2,134.51,-4.2065,0.7905
Fehlfarben,1,126.062,-9.017,0.672
Feindflug,3,153.51933333333332,-5.516000000000001,0.9313333333333333
Feint,2,174.0385,-5.900499999999999,0.896
Feist,21,110.86614285714285,-10.817428571428572,0.3637047619047619
Fejd,1,119.94,-6.615,0.785
Fela Kuti,7,109.44500000000001,-7.782000000000001,0.8291428571428572
Feline,1,156.259,-4.898,0.838
Felix Jaehn,1,125.025,-6.891,0.766
Felix Laband,1,102.0,-12.936,0.377
Felix Mendelssohn,3,109.13600000000001,-18.567333333333334,0.1293
Felix da Housecat,6,134.3385,-7.187833333333334,0.7221666666666667
Felt,1,81.868,-10.328,0.626
Femi Kuti,2,126.0015,-7.839,0.898
Fenech-Soler,3,137.66333333333333,-5.747666666666667,0.7476666666666666
Fenix TX,3,101.349,-3.723333333333333,0.9223333333333333
Fennesz,16,114.9533125,-13.8090625,0.413295625
Fergie,11,125.91,-5.984727272727272,0.6310909090909091
Fernanda Porto,2,90.98249999999999,-7.0365,0.8220000000000001
Ferras,1,156.058,-6.162,0.617
Ferry Corsten,11,137.1801818181818,-10.074,0.7388181818181819
Festa Mobile,1,122.396,-16.017,0.454
Fettes Brot,8,103.445125,-6.007,0.754875
Feuerschwanz,1,141.991,-7.623,0.744
Fever Ray,12,125.15641666666666,-8.960666666666667,0.6044166666666667
Fiction Factory,1,116.635,-9.381,0.875
Field Music,2,121.963,-8.632000000000001,0.621
Fields of the Nephilim,7,126.35742857142857,-8.342142857142857,0.8407142857142856
Fifth Harmony,2,150.9665,-4.6215,0.79
Fightstar,2,91.489,-4.9985,0.8955
Fila Brazillia,9,105.66955555555555,-13.155888888888889,0.4993333333333333
Film School,2,148.702,-5.2255,0.7709999999999999
Filter,7,136.41728571428573,-6.931285714285715,0.7165743285714286
Filthy Dukes,2,124.97200000000001,-3.8285,0.927
Finch,12,135.81866666666667,-5.17425,0.8682500000000001
Fine Young Cannibals,3,135.77466666666666,-6.085,0.7783333333333333
Fingathing,1,96.003,-12.281,0.609
Finger Eleven,12,125.70033333333333,-5.204,0.7915833333333334
Fink,6,109.70716666666665,-11.015833333333333,0.37683333333333335
Finley Quaye,5,106.0232,-9.4472,0.5468
Finntroll,54,124.41803703703702,-6.890851851851852,0.857854037037037
Fiona Apple,28,127.85221428571428,-10.376964285714285,0.4570714285714286
Fiona Joyce,1,146.057,-17.705,0.198
Firefall,1,122.392,-7.434,0.493
Fireflight,1,159.927,-4.897,0.945
Firehouse,1,75.058,-5.135,0.764
Firewind,9,122.58011111111111,-4.2457777777777785,0.9212222222222223
First Aid Kit,15,109.6424,-6.762466666666667,0.4786
Fischerspooner,18,131.38361111111112,-8.259611111111111,0.6634444444444445
Fish,1,126.804,-12.307,0.398
Fishbone,2,147.058,-3.1225,0.9325
Fisz Emade Tworzywo,1,109.984,-6.492,0.59
Fisz Emade jako Tworzywo Sztuczne,1,176.042,-7.237,0.47
Fit for a King,3,159.99233333333333,-4.957666666666667,0.9723333333333333
Fitz and the Tantrums,2,150.3625,-3.8675,0.8845000000000001
Five,2,103.3955,-7.042999999999999,0.8180000000000001
Five Finger Death Punch,22,149.41459090909092,-4.210590909090909,0.9434545454545454
Five Horse Johnson,1,150.179,-4.108,0.951
Five Iron Frenzy,3,126.56,-4.987,0.793
Five for Fighting,3,130.54366666666667,-7.195666666666667,0.556
Flash and the Pan,1,134.308,-10.568,0.806
Flaw,14,129.2245,-5.692142857142857,0.8456428571428571
Fleet Foxes,18,106.86888888888889,-10.5465,0.3575666666666667
Fleetwood Mac,31,128.0028064516129,-12.234193548387097,0.5472870967741936
Flesh Field,1,139.963,-8.25,0.875
Fleshgod Apocalypse,2,102.108,-7.2185,0.6234999999999999
Fleur East,1,117.988,-5.438,0.888
Flevans,1,116.045,-5.922,0.953
Flight of the Conchords,15,125.912,-8.220533333333334,0.59
Flipper,2,124.10600000000001,-6.894,0.9465
Flipsyde,1,93.963,-8.248,0.633
Flo Rida,4,113.0125,-5.4745,0.83175
Floating Points,1,115.995,-10.65,0.555
Flobots,4,134.49375,-7.33975,0.63925
Floex,1,124.999,-9.071,0.662
Flogging Molly,19,131.5054210526316,-4.992842105263158,0.8437894736842105
Florence + the Machine,21,135.5402380952381,-5.355333333333333,0.735
Florence Rawlings,1,112.921,-4.997,0.536
Florent Pagny,1,137.979,-8.094,0.431
Florian Meindl,2,124.515,-11.6985,0.5815
Florida Georgia Line,2,114.547,-3.7015000000000002,0.932
Flow,1,177.956,-2.892,0.906
Flowing Tears,4,114.87424999999999,-4.838,0.7415
Fluke,20,123.11099999999999,-10.387049999999999,0.74655
Flume,4,109.50025,-6.14525,0.52925
Flunk,12,112.08241666666667,-8.743333333333334,0.5985833333333334
Flux Pavilion,6,153.32033333333334,-6.756666666666667,0.8828333333333332
Flying Lotus,35,111.97054285714286,-6.872628571428572,0.7632371428571428
Flying Saucer Attack,3,117.82733333333333,-8.516,0.8690000000000001
Flykkiller,7,114.42328571428571,-5.800285714285715,0.7238571428571429
Flyleaf,17,144.7534705882353,-4.555764705882353,0.8905294117647058
Foals,27,135.57325925925926,-7.247962962962963,0.7807777777777778
Fobia,1,145.002,-4.339,0.913
Focus,1,182.701,-5.658,0.83
Foghat,1,118.819,-4.851,0.974
Foo Fighters,70,135.9025,-6.410285714285714,0.7498285714285714
Fool's Garden,1,146.02,-6.957,0.579
Fooled By April,1,118.458,-4.27,0.739
For All Those Sleeping,1,134.955,-2.757,0.973
For My Pain...,5,123.931,-5.5794,0.8576
For Today,7,115.70942857142857,-5.032428571428571,0.8280000000000001
For the Fallen Dreams,3,143.683,-4.364333333333334,0.9663333333333334
Force of Nature,1,98.113,-5.651,0.856
Forefather,1,149.994,-5.482,0.931
Foreigner,6,119.79866666666668,-5.947666666666667,0.7546666666666667
Forest Swords,1,174.65,-10.595,0.536
Forever the Sickest Kids,7,120.596,-6.0445714285714285,0.8035714285714286
Fort Knox Five,1,105.023,-7.266,0.67
Fort Minor,1,109.976,-2.729,0.962
Foster the People,9,122.95511111111111,-6.274666666666666,0.7971111111111111
Fotos,6,145.4675,-3.9426666666666663,0.8106666666666666
Fountains of Wayne,3,124.00666666666666,-6.878666666666667,0.6013333333333334
Four Letter Lie,1,180.052,-4.031,0.958
Four Quartets,2,143.517,-9.922,0.511
Four Tet,42,119.5229761904762,-11.978642857142857,0.5982404761904763
Four Year Strong,10,152.35340000000002,-4.9587,0.9494
Foxboro Hot Tubs,2,121.3925,-3.9145000000000003,0.98
Foxes,2,121.9185,-4.185,0.8945000000000001
Foxy Brown,1,90.656,-7.468,0.539
Foxy Shazam,7,147.8007142857143,-4.021571428571429,0.9372857142857143
Foxygen,2,144.87650000000002,-6.9785,0.771
Foy Vance,1,81.973,-9.496,0.287
Fragma,1,135.009,-9.303,0.806
Framing Hanley,1,88.043,-3.536,0.924
France Gall,1,127.608,-8.682,0.608
Francesco De Gregori,1,122.987,-10.442,0.322
Francis Cabrel,4,118.15825000000001,-12.06775,0.39775000000000005
Francisco Tárrega,1,179.755,-19.364,0.353
Franco De Vita,1,80.04,-6.313,0.614
Frank Black,3,105.46733333333333,-6.304333333333333,0.8300000000000001
Frank Ocean,12,107.07533333333333,-9.318666666666667,0.475125
Frank Sinatra,50,114.9807,-13.182319999999999,0.255942
Frank Sinatra & Tommy Dorsey,2,81.1875,-11.41,0.177
Frank Turner,3,116.745,-6.965666666666667,0.6683333333333333
Frank Wilson,1,133.98,-8.109,0.961
Frank Zappa,20,119.2032,-11.29805,0.64155
Frankie Avalon,1,112.264,-13.491,0.306
Frankie Goes to Hollywood,3,112.646,-11.569,0.6426666666666666
Frankie J,2,128.16,-8.4495,0.4585
Frankie Lymon and The Teenagers,2,174.876,-6.263,0.5920000000000001
Frankie Rose,2,170.527,-5.217499999999999,0.743
Frankie Valli,1,109.305,-8.73,0.463
Frankie Valli & the Four Seasons,5,123.44659999999999,-8.6668,0.6586000000000001
Frankmusik,5,149.21179999999998,-6.2414000000000005,0.8545999999999999
Franz Ferdinand,40,125.06975,-6.432575,0.7449749999999999
Franz Liszt,5,111.57719999999999,-24.1734,0.12868
Franz Schubert,4,96.95175,-23.043,0.052975
Françoise Hardy,4,122.892,-9.741,0.38
Françoiz Breut,1,118.878,-7.919,0.634
Fred Astaire,2,92.48150000000001,-14.7365,0.227
Fred Neil,1,122.92,-14.455,0.365
Freda Payne,1,108.758,-10.776,0.602
Freddie & The Dreamers,1,146.794,-11.581,0.45
Freddie Hubbard,2,109.1845,-14.036,0.276
Freddie Jackson,1,91.425,-7.281,0.499
Freddie King,2,115.5725,-11.828,0.6815
Freddie McGregor,1,68.499,-8.279,0.487
Freddie Mercury,2,95.2145,-10.108,0.633
Freddie Notes & The Rudies,1,110.343,-5.507,0.525
Freddy Fender,1,91.462,-9.718,0.279
Frederik,1,138.596,-5.42,0.747
Free,9,132.00266666666664,-10.935666666666666,0.5742222222222222
Free the Robots,1,165.088,-8.579,0.852
Freedom Call,9,132.51977777777776,-4.769777777777778,0.9222222222222223
Freeland,2,147.5635,-6.811,0.796
Freemasons,1,128.003,-7.493,0.794
Freestylers,1,137.988,-8.021,0.938
Freetempo,1,100.007,-4.196,0.9
Frejat,1,127.582,-5.189,0.731
French Affair,1,130.026,-6.498,0.91
French Films,1,169.912,-8.857,0.823
French Kicks,2,94.223,-6.157,0.688
French Teen Idol,1,153.621,-9.624,0.479
Frida,1,108.336,-6.382,0.795
Friendly Fires,8,127.538375,-5.149375,0.868375
Frightened Rabbit,13,120.2863846153846,-6.5903846153846155,0.7320769230769231
Frittenbude,2,123.98349999999999,-5.2375,0.7805
Fritz Kalkbrenner,2,127.9935,-11.391,0.6145
Frog Eyes,6,127.68166666666667,-9.011,0.7166666666666667
From Autumn To Ashes,18,111.9538888888889,-6.440388888888889,0.8662222222222222
From First to Last,16,157.777875,-3.4005625,0.9678125
From The Shallows,2,122.295,-3.9125,0.862
Front 242,13,137.56115384615384,-9.367384615384616,0.8222307692307692
Front Line Assembly,7,118.5592857142857,-8.453999999999999,0.8448571428571429
Frou Frou,10,124.29570000000001,-8.8231,0.66035
Frozen Plasma,3,131.99433333333334,-3.2383333333333333,0.9723333333333333
Fruit Bats,1,96.845,-6.338,0.697
Frédéric Chopin,7,85.85128571428572,-24.284285714285716,0.04914857142857143
Fréhel,1,111.881,-9.766,0.429
Fu,1,133.255,-2.997,0.899
Fuck Buttons,9,128.55033333333333,-8.047222222222222,0.8881111111111112
Fucked Up,6,132.77433333333332,-3.9088333333333334,0.851
Fuel,12,138.78216666666665,-5.83875,0.8565
Fugazi,21,113.00452380952382,-9.211857142857143,0.6705714285714286
Fugees,10,98.4361,-12.6039,0.44173
Fujiya & Miyagi,3,118.983,-9.577333333333334,0.4876666666666667
Fukkk Offf,1,128.043,-11.313,0.857
Full Blown Chaos,1,92.271,-3.537,0.961
Fun Lovin' Criminals,7,105.5512857142857,-9.494714285714284,0.5101428571428571
Funeral for a Friend,15,128.55233333333334,-4.897133333333333,0.8376666666666667
Funkadelic,2,121.0265,-11.4985,0.6415
Funker Vogt,8,133.468625,-7.9365000000000006,0.89425
Funki Porcini,15,105.2464,-17.4726,0.3919533333333333
Further Seems Forever,3,175.966,-4.605666666666667,0.9203333333333333
Future,1,131.23,-8.423,0.604
Future Islands,6,141.666,-6.588166666666667,0.7596666666666666
Future Leaders of the World,1,144.065,-5.305,0.864
Future Prophecies,7,153.31085714285715,-6.6494285714285715,0.8651428571428571
Future of the Left,1,172.747,-4.854,0.812
G-Eazy,2,143.9765,-5.1575,0.7215
G-Unit,4,91.845,-5.10825,0.6952499999999999
G. Love,1,93.96,-6.856,0.67
G. Love & Special Sauce,11,137.42254545454546,-9.034636363636364,0.6381818181818182
GG Allin,3,133.01266666666666,-9.193,0.9
GMS,2,148.8385,-15.003499999999999,0.8574999999999999
GS Boyz,1,154.005,-5.956,0.702
GWAR,1,132.311,-9.693,0.534
Gaba Kulka,1,137.248,-6.23,0.753
Gabriel & Dresden,3,130.359,-8.26,0.6396666666666667
Gabriel Ananda,2,127.0,-13.025500000000001,0.6965
Gabriel Fauré,5,86.0622,-23.381999999999998,0.09280000000000001
Gabriel O Pensador,1,98.402,-9.729,0.548
Gabriel Rios,1,106.484,-10.735,0.427
Gabriella Cilmi,4,148.137,-6.169499999999999,0.6465000000000001
Gabrielle,1,183.026,-7.023,0.453
Gaelic Storm,2,105.732,-8.184000000000001,0.566
Gaetano Donizetti,1,80.108,-25.734,0.117
Gaia,1,131.984,-7.539,0.888
Gal Costa,2,88.55449999999999,-11.9785,0.493
Galantis,2,117.9985,-3.1130000000000004,0.9085000000000001
Galaxie 500,19,137.51042105263159,-9.73078947368421,0.5749473684210527
Gallhammer,1,150.865,-7.735,0.92
Gallows,3,133.554,-2.109,0.9973333333333333
Gamma Ray,5,135.0896,-6.2856000000000005,0.9246000000000001
Gandalf,4,121.52974999999999,-13.183,0.33475
Gang Gang Dance,8,112.237125,-10.105625,0.643625
Gang Green,1,188.863,-3.619,0.968
Gang Starr,4,132.11825,-7.4765,0.79725
Gang of Four,13,140.1183076923077,-9.175307692307692,0.7327692307692307
Garbage,31,122.45787096774194,-6.3388709677419355,0.8036129032258065
Gardens & Villa,2,129.49450000000002,-7.0335,0.7175
Garou,2,131.947,-5.4495000000000005,0.7195
Gary Allan,8,113.648875,-8.3065,0.559375
Gary B,1,92.99,-6.397,0.769
Gary Clark Jr.,2,87.4605,-2.833,0.7295
Gary Lewis & The Playboys,1,132.422,-16.134,0.473
Gary Moore,12,124.68408333333333,-8.726750000000001,0.5980833333333333
Gary Numan,13,112.61384615384615,-12.537923076923077,0.5871538461538461
Gatekeeper,1,137.928,-6.957,0.877
Gatsby's American Dream,1,161.121,-6.117,0.766
Gaudi,1,110.016,-9.441,0.602
Gavin Bryars,1,183.783,-19.614,0.101
Gavin DeGraw,8,145.709375,-5.788375,0.731375
Gay For Johnny Depp,1,138.25,-4.579,0.909
Gayngs,1,138.191,-8.631,0.399
Gazebo,1,108.619,-5.874,0.586
Gazpacho,1,151.98,-9.118,0.627
Geier Sturzflug,1,165.728,-5.191,0.83
Gemini,1,139.981,-3.233,0.852
Gene,1,90.8,-8.013,0.631
Gene Ammons,1,131.276,-10.668,0.0475
Gene Chandler,1,106.275,-11.482,0.438
Gene Kelly,1,135.743,-3.0,0.484
Gene Pitney,2,105.9945,-7.459,0.6339999999999999
Gene Vincent,3,133.90233333333333,-10.948666666666668,0.6356666666666667
Genesis,25,115.69568,-13.52812,0.49658879999999994
Genghis Tron,8,130.3475,-7.3100000000000005,0.786875
Genitallica,1,171.829,-9.795,0.904
Genki Rockets,1,120.021,-4.415,0.913
Gentle Giant,12,124.87849999999999,-14.835833333333333,0.41225
Gentleman,20,128.08735,-5.6918999999999995,0.7603
Geographer,2,102.99549999999999,-6.7975,0.7095
Georg Friedrich Händel,4,109.238,-18.785,0.143025
George Baker Selection,1,103.456,-8.321,0.778
George Benson,4,123.41975000000001,-13.306,0.4485
George Clinton,1,106.577,-6.564,0.848
George Duke,1,124.294,-5.573,0.76
George Ezra,3,115.824,-5.758,0.6343333333333333
George Gershwin,3,92.38799999999999,-12.284666666666666,0.36033333333333334
George Harrison,9,122.21577777777777,-8.73488888888889,0.5786666666666667
George Howard,1,84.1,-8.922,0.553
George Jones,4,92.334,-12.00675,0.32299999999999995
George McCrae,2,101.3305,-11.606,0.5675
George Michael,15,113.78673333333333,-9.0872,0.6190666666666667
George Strait,8,116.874,-10.082625,0.498
George Thorogood & The Destroyers,1,106.623,-11.754,0.839
George Winston,6,141.3795,-18.784333333333333,0.17466666666666666
Georges Bizet,1,124.747,-20.737,0.0891
Georges Brassens,5,149.1886,-14.672,0.15536
Georgie Fame,1,124.71,-8.308,0.592
Geri Halliwell,1,93.474,-7.904,0.599
Gerry & The Pacemakers,3,126.01333333333334,-8.985,0.6126666666666667
Gerry Rafferty,2,120.9765,-14.6675,0.3325
Gesaffelstein,5,105.0006,-6.188599999999999,0.7406
Gescom,3,102.36566666666666,-12.450666666666669,0.797
Gheorghe Zamfir,1,132.374,-17.435,0.183
Ghetto,1,139.354,-7.94,0.907
Ghost,8,124.98425,-5.854375,0.782625
Ghost Brigade,7,113.83757142857144,-6.596857142857142,0.7878571428571428
Ghostface Killah,1,91.552,-0.617,0.996
Ghostfriend,1,139.946,-22.271,0.189
Ghosthill,1,89.974,-4.004,0.933
Ghostland Observatory,2,104.7465,-6.390000000000001,0.687
Giacomo Puccini,3,79.19333333333333,-14.886666666666665,0.17566666666666664
Giant Drag,5,139.6364,-6.7578000000000005,0.6828000000000001
Gigi D'Agostino,5,132.0136,-7.9336,0.7478
Gil Scott-Heron,9,119.33133333333333,-14.509777777777778,0.4732111111111111
Gilbert Bécaud,1,138.267,-6.365,0.638
Gilbert O'Sullivan,1,172.211,-11.35,0.39
Gilberto Gil,2,135.0215,-9.831,0.6970000000000001
Gillian Welch,11,110.50445454545455,-11.010818181818182,0.2747636363636364
Gin Blossoms,6,139.457,-6.454666666666667,0.868
Gino Vannelli,1,139.368,-6.052,0.783
Ginuwine,5,111.0882,-8.7058,0.5142
Gioacchino Rossini,4,139.5165,-17.47775,0.30695
Giorgio Moroder,1,129.293,-14.344,0.408
Giovanni Allevi,3,115.44233333333334,-15.810666666666668,0.22233333333333336
Gipsy Kings,17,115.16782352941176,-10.374411764705883,0.7294117647058824
Giraffage,1,199.952,-6.511,0.511
Girl Talk,22,116.34536363636363,-7.230409090909091,0.745909090909091
Girl Unit,1,139.975,-7.052,0.794
Girlicious,1,95.527,-2.434,0.875
Girls,5,118.63640000000001,-8.4836,0.6426000000000001
Girls Aloud,5,119.7316,-4.5416,0.906
Gisbert zu Knyphausen,3,150.35433333333333,-10.472333333333333,0.521
Giulia y Los Tellarini,1,148.998,-11.313,0.476
Giuseppe Verdi,3,152.092,-20.570666666666668,0.1841
Gladys Knight,1,77.972,-8.812,0.614
Gladys Knight & The Pips,1,112.637,-9.249,0.607
Glass Animals,2,104.0035,-9.972999999999999,0.49650000000000005
Glass Candy,6,121.14033333333333,-9.010833333333332,0.6015
Glass Tiger,1,109.837,-9.144,0.697
Glasser,3,126.49933333333335,-8.186333333333332,0.5356666666666666
Glassjaw,2,116.47550000000001,-6.098,0.8045
Glasvegas,3,115.98899999999999,-7.781333333333333,0.5736666666666667
Glee Cast,12,130.28841666666668,-6.373666666666666,0.6204166666666667
Glen Campbell,5,104.4354,-8.4174,0.5890000000000001
Glen Hansard,5,145.47820000000002,-12.659,0.34493999999999997
Glen Hansard & Markéta Irglová,1,78.784,-12.07,0.318
Glen Payne,1,67.513,-11.185,0.505
Glenn Branca,2,145.264,-9.475000000000001,0.734
Glenn Miller,9,127.122,-11.671333333333333,0.2905111111111111
Glenn Morrison,1,125.991,-5.67,0.829
Global Communication,5,110.70599999999999,-16.2268,0.4976
Global Experience,2,131.854,-9.7305,0.8885000000000001
Gloria Estefan,1,123.147,-7.144,0.87
Gloriana,1,97.998,-4.009,0.859
Glowworm,1,180.839,-8.744,0.576
Gnarls Barkley,14,135.7852142857143,-4.413571428571428,0.8780714285714285
Go West,2,119.5995,-13.0245,0.6465000000000001
Goatsnake,3,111.51366666666667,-7.256,0.6863333333333334
Goatwhore,1,160.022,-5.116,0.979
Gob,4,157.15800000000002,-3.955,0.89325
Goblin,1,177.88,-12.696,0.525
God Forbid,3,104.91866666666665,-4.75,0.9620000000000001
God Help the Girl,1,98.459,-11.706,0.297
God Is An Astronaut,14,125.35278571428572,-12.094071428571429,0.5532285714285715
God Module,14,130.72692857142857,-6.7335,0.9571428571428572
Godflesh,6,121.75600000000001,-11.130166666666668,0.7763333333333332
Godhead,3,127.23866666666667,-6.304333333333333,0.8146666666666667
Godsmack,32,125.147125,-7.0490625,0.7963
Gogol Bordello,12,115.53816666666667,-4.8895,0.7705833333333333
Gojira,33,102.37590909090909,-6.3852121212121205,0.7930484848484849
Gold Panda,13,129.2419230769231,-7.793461538461538,0.7393846153846154
Golden Earring,2,110.7175,-7.3625,0.723
Golden Smog,1,122.045,-4.716,0.915
Goldfinger,15,130.65873333333332,-6.616066666666667,0.8459333333333333
Goldfish,3,120.46,-8.930666666666667,0.6736666666666666
Goldfrapp,37,111.2351081081081,-9.494027027027027,0.486972972972973
Goldie,2,162.815,-8.814,0.8475
Goldmund,6,126.61766666666665,-27.9135,0.12750666666666668
Goloka,1,99.99,-8.242,0.522
Gomez,2,145.60750000000002,-7.0865,0.6025
Gondwana,1,143.597,-7.244,0.666
Gong,2,141.4205,-14.130500000000001,0.6455
Gonzales,4,120.34424999999999,-19.59875,0.2401
Goo Goo Dolls,9,125.64288888888889,-5.296444444444444,0.7971111111111111
Good Charlotte,29,133.8634827586207,-4.99951724137931,0.819896551724138
Good Old War,2,117.2735,-6.906000000000001,0.6910000000000001
Good Riddance,2,141.7205,-4.802,0.992
Good Shoes,5,157.40879999999999,-6.494800000000001,0.8266
Goofy Guys,1,98.198,-16.994,0.435
Goombay Dance Band,1,129.263,-8.478,0.85
Goose,4,124.69200000000001,-4.555,0.89575
Goran Bregović,3,91.42399999999999,-12.340000000000002,0.27343333333333336
Gordian Knot,2,93.9485,-21.6525,0.371855
Gordon Lightfoot,5,128.6286,-10.9482,0.4626
Gorgoroth,11,148.90727272727273,-5.421818181818182,0.9316363636363636
Gorguts,5,95.1328,-5.4403999999999995,0.9632
Gorilla Biscuits,4,115.08075,-5.1865,0.9655
Gorillaz,66,121.09757575757575,-8.388515151515152,0.6288787878787879
Gorky's Zygotic Mynci,1,117.821,-7.957,0.556
Gossip,12,114.51641666666666,-6.479166666666667,0.6655000000000001
Gotan Project,21,106.56747619047619,-8.53557142857143,0.5981428571428571
Gothminister,3,125.68733333333334,-6.490333333333333,0.8706666666666667
Gotye,10,121.88820000000001,-7.7593000000000005,0.6525000000000001
Gouryella,1,136.977,-10.075,0.898
Gov't Mule,2,133.164,-6.2445,0.6739999999999999
Govi,4,107.618,-12.43925,0.6555
Grace,1,94.064,-7.581,0.563
Grace Jones,6,120.2565,-10.463166666666666,0.7055000000000001
Grafton Primary,1,128.023,-5.667,0.796
Graham Colton,2,139.951,-5.8275,0.696
Graham Coxon,7,148.58242857142858,-5.257142857142857,0.8215714285714285
Graham Parker,2,138.45600000000002,-7.382,0.859
Grails,1,79.469,-11.153,0.391
Gram Parsons,1,112.757,-13.655,0.312
Gramatik,4,91.274,-6.13025,0.6135
Gramophonedzie,1,124.992,-5.86,0.742
Grand Archives,1,127.896,-4.547,0.542
Grand Funk Railroad,3,116.63966666666666,-9.387333333333332,0.7989999999999999
Grand Magus,1,114.014,-4.66,0.942
Grand National,1,111.017,-9.617,0.732
Grandaddy,9,103.54988888888889,-11.384444444444446,0.4216888888888889
Grandmaster Flash,1,114.998,-7.525,0.701
Grant Green,1,115.757,-21.064,0.0532
Grant Lee Buffalo,1,82.308,-10.046,0.355
Grateful Dead,18,116.15227777777778,-10.852555555555556,0.5440555555555555
Grave Digger,5,104.22439999999999,-6.573,0.8612
Gravediggaz,1,89.755,-7.926,0.671
Gravenhurst,2,134.732,-6.966,0.6875
Graveworm,17,128.00435294117648,-2.883705882352941,0.9381764705882353
Graveyard,2,119.363,-4.522,0.8795
Great Good Fine OK,1,102.009,-6.708,0.655
Great Lake Swimmers,19,114.16226315789474,-14.924947368421053,0.31797421052631575
Great White,3,119.51799999999999,-8.752,0.6566666666666666
Greeley Estates,16,151.4875,-4.293375,0.9501875
Green Carnation,6,103.13983333333333,-8.299333333333333,0.5696666666666667
Green Day,50,125.77266,-4.25824,0.90024
Green River,2,153.1505,-8.1135,0.9335
Greenleaf,1,89.48,-7.768,0.649
Greg Haines,1,128.457,-18.536,0.163
Greg Laswell,3,109.38233333333334,-10.35,0.42733333333333334
Greg Maroney,1,75.196,-15.177,0.285
Gregor Meyle,1,76.779,-6.991,0.609
Gregor Tresher,4,128.74425,-10.7515,0.699
Gregorian,1,84.962,-11.293,0.72
Gregory Abbott,1,94.949,-13.154,0.391
Gregory Alan Isakov,3,132.17966666666666,-12.330666666666668,0.2856666666666667
Gregory Isaacs,8,114.891,-9.879375,0.444875
Grendel,1,120.041,-14.512,0.344
Gretchen Wilson,4,158.827,-6.71575,0.69525
Greyboy,1,108.022,-13.212,0.501
Grief,1,75.492,-9.154,0.803
Grimes,11,125.69100000000002,-9.081090909090909,0.5742727272727273
Grinderman,6,121.575,-8.632166666666667,0.5878333333333333
Gripin,1,110.047,-6.839,0.86
Grizzly Bear,36,111.85622222222223,-11.162527777777777,0.39169444444444446
Groove Armada,32,123.56625,-9.01615625,0.67065625
Groove Coverage,7,145.52214285714285,-6.006,0.8052857142857143
Groovezone,1,139.895,-10.033,0.861
Groundation,6,114.62650000000001,-9.5635,0.4988333333333333
Grouper,6,97.8655,-20.740833333333335,0.26089999999999997
Grouplove,2,103.4465,-5.6315,0.883
"Grover Washington, Jr.",1,103.752,-11.465,0.576
Gruf,1,166.782,-5.935,0.881
Grzegorz Turnau,1,174.143,-9.343,0.379
Guano Apes,22,131.80731818181818,-5.807227272727273,0.8744545454545455
Gucci Mane,2,161.48399999999998,-4.9945,0.6325000000000001
Gudda Gudda,3,111.12033333333333,-7.471666666666667,0.7913333333333333
Gui Boratto,13,125.62592307692307,-11.840000000000002,0.6157692307692307
Guided by Voices,3,107.38966666666666,-8.717333333333334,0.87
Guillemots,7,135.75128571428573,-14.629428571428571,0.34377142857142856
Guns N' Roses,51,132.48803921568629,-7.446764705882353,0.8661960784313726
Guru,2,95.556,-12.442499999999999,0.5295
Guru Josh Project,1,127.999,-6.139,0.849
GusGus,1,121.024,-9.098,0.882
Gustav Holst,2,109.9245,-14.722,0.2935
Gustav Mahler,1,178.239,-20.524,0.113
Gustavo Cerati,5,119.01020000000001,-6.0782,0.724
Gustavo Santaolalla,7,104.88185714285714,-18.022285714285715,0.13775228571428572
Guster,5,119.9016,-8.8708,0.6786
Guthrie Govan,1,76.616,-5.412,0.766
Guttermouth,2,128.298,-5.1105,0.9684999999999999
Guy Clark,1,116.255,-9.331,0.28
Guy Gerber,1,124.992,-11.703,0.696
Gwen Stefani,18,123.42927777777777,-4.538,0.7808333333333333
Gyllene Tider,1,129.043,-8.752,0.669
Gym Class Heroes,1,102.015,-7.658,0.675
Gyptian,2,152.187,-7.6775,0.546
Gérard Lenorman,1,124.775,-11.106,0.493
H-Blockx,1,103.025,-2.619,0.93
H.O.S.H.,1,123.007,-14.198,0.569
H2O,1,156.013,-4.767,0.966
HAIM,6,125.94233333333334,-6.106000000000001,0.7553333333333333
HORSE the band,10,108.98240000000001,-4.0262,0.943
Habakuk,10,136.7809,-7.6464,0.7031
Habib Koité,1,118.209,-7.934,0.669
Hacienda,1,91.415,-8.22,0.979
Hadise,1,115.024,-3.857,0.958
Hadouken!,1,98.78,-5.445,0.745
Haerts,1,120.032,-5.233,0.731
Hagalaz' Runedance,3,118.27466666666668,-9.581333333333333,0.5696666666666667
Haggard,22,110.10909090909091,-8.262318181818182,0.63
Hailee Steinfeld,1,99.963,-5.529,0.814
Haircut 100,2,144.3965,-10.900500000000001,0.673
Haken,1,100.172,-5.28,0.935
Halestorm,1,170.019,-4.062,0.891
Half Moon Run,1,89.067,-8.968,0.744
Halford,2,99.3275,-3.3925,0.993
Halifax,1,101.284,-4.29,0.932
Hall & Oates,8,129.989,-9.48975,0.647375
Hallucinogen,8,135.932625,-6.23875,0.9289999999999999
Halou,8,120.556875,-9.31975,0.48
Halsey,3,145.29733333333334,-5.529333333333334,0.6446666666666666
"Hamilton, Joe Frank & Reynolds",1,100.266,-8.414,0.731
HammerFall,44,132.78145454545455,-5.693590909090909,0.8720681818181819
Hammock,3,110.58866666666665,-9.484333333333332,0.4996666666666667
Hanayo,1,125.984,-9.305,0.575
Handsome Furs,8,128.815875,-7.1185,0.723375
Hank Levy,1,107.577,-4.673,0.767
Hank Williams,13,134.83638461538462,-11.470615384615384,0.2743076923076923
Hank Williams III,1,160.251,-9.146,0.603
Hannah Fury,1,145.268,-12.56,0.318
Hannah Montana,4,146.52875,-4.134,0.85975
Hanne Hukkelberg,2,108.02799999999999,-8.785,0.48450000000000004
Hanner,1,132.847,-6.009,0.532
Hanni El Khatib,1,85.016,-6.388,0.698
Hans Zimmer,24,101.78625,-20.1985,0.23749583333333335
Hans Zimmer & James Newton Howard,1,166.071,-30.278,0.0693
Hanson,2,127.792,-6.1145,0.8554999999999999
Hanzel und Gretyl,1,103.994,-6.069,0.823
Happy Mondays,5,111.44279999999999,-7.902799999999999,0.881
Hard-Fi,5,129.90019999999998,-6.942400000000001,0.6088
Hardcore Superstar,1,149.846,-2.632,0.978
Hardknox,1,118.012,-5.493,0.912
Harmonia,2,129.858,-16.596,0.311
Harmonic 313,2,109.0265,-7.3665,0.5980000000000001
Harold Budd,8,101.85275,-25.035375000000002,0.11857374999999999
Harold Faltermeyer,2,112.225,-12.709,0.56
Harold Melvin & The Blue Notes,1,88.639,-2.513,0.627
Harpers Bizarre,1,108.73,-9.925,0.424
Harpo,1,119.298,-7.78,0.793
Harry Belafonte,2,114.89250000000001,-12.558499999999999,0.4762
Harry Chapin,1,77.689,-8.907,0.549
"Harry Connick, Jr.",9,138.077,-16.379666666666665,0.19865555555555556
Harry Gregson-Williams,5,121.8798,-20.8734,0.15166
Harry J Allstars,1,89.588,-8.169,0.795
Harry Mcclintock,1,90.107,-19.001,0.0986
Harry Nilsson,1,124.038,-10.545,0.472
Harry Styles,2,110.979,-6.353,0.5974999999999999
Harvey Danger,1,180.074,-12.686,0.407
Haste the Day,22,120.61772727272728,-5.172545454545454,0.9080454545454546
Hatcha & Benga,1,139.905,-7.022,0.856
Hate Eternal,2,110.8605,-6.9745,0.9555
Hatebreed,23,148.0224347826087,-5.826695652173913,0.9111304347826087
Hatesphere,4,127.75075,-3.61725,0.97325
Hatfield and the North,1,81.39,-10.058,0.192
Hauschka,3,102.93733333333334,-14.348999999999998,0.301
Have Heart,3,132.381,-4.709666666666667,0.9446666666666667
Have a Nice Life,1,120.024,-7.939,0.557
Hawk Nelson,3,142.46166666666667,-5.666666666666667,0.8290000000000001
Hawkwind,2,152.0935,-14.363,0.8125
Hawthorne Heights,4,163.72375,-4.79225,0.82725
Hayley Kiyoko,1,104.049,-5.986,0.703
Hayley Westenra,5,108.4686,-10.9556,0.3556
Hazel O'Connor,1,140.298,-9.56,0.712
Hazmat Modine,1,153.831,-8.055,0.633
He Is Legend,5,132.91080000000002,-9.6864,0.892
Head,3,92.32566666666666,-4.121333333333333,0.9106666666666667
Head Automatica,1,140.21,-4.119,0.969
Head Wound City,2,165.9915,-5.458,0.99
Headhunter,1,138.041,-9.955,0.64
Headman,1,129.98,-8.783,0.776
Health,7,144.29714285714286,-6.0967142857142855,0.832
Heart,7,123.616,-9.335714285714285,0.6727142857142857
Heartless Bastards,2,80.3565,-5.590999999999999,0.74
Heartsrevolution,2,123.18950000000001,-4.993,0.8945
Heartthrob,1,124.992,-14.365,0.609
Heathen,2,124.349,-6.793,0.886
Heather Nova,3,95.444,-6.512666666666667,0.665
Heatmiser,1,84.494,-10.526,0.38
Heatwave,5,116.029,-11.4666,0.5434
Heaven & Hell,7,120.59400000000001,-5.240571428571428,0.9045714285714286
Heaven 17,3,100.24966666666667,-11.046,0.7256666666666667
Heaven Shall Burn,35,118.17022857142857,-4.514114285714285,0.9197428571428572
Heavens,1,120.005,-5.73,0.69
Heavy D & The Boyz,1,119.945,-7.829,0.925
Heavy Heavy Low Low,15,124.31986666666667,-5.0528,0.8639333333333333
Heidevolk,1,138.064,-4.11,0.904
Heidi Montag,1,117.075,-2.463,0.723
Heimataerde,3,134.384,-4.785333333333333,0.9976666666666666
Helalyn Flowers,2,126.526,-5.2485,0.8965
Helen Reddy,1,98.243,-5.197,0.594
Helene Bøksle,1,109.926,-6.037,0.477
Helios,2,88.71549999999999,-13.688,0.6725
Helium Vola,4,140.22074999999998,-10.001000000000001,0.553
Hell Is For Heroes,2,129.6815,-4.170999999999999,0.9564999999999999
Hella,10,112.7251,-6.7018,0.9187
Hellhammer,14,135.07564285714287,-5.657571428571429,0.9486428571428572
Hello Saferide,13,115.04492307692307,-9.367846153846154,0.47961538461538467
Hellogoodbye,8,137.735875,-4.997875,0.825625
Helloween,41,131.28560975609756,-7.000024390243902,0.8809512195121951
Hellyeah,6,116.71766666666667,-2.486666666666667,0.9388333333333333
Helmet,13,122.29776923076923,-7.469307692307693,0.8667692307692308
Hemp Gru,1,95.099,-5.509,0.793
Henry Jackman,1,112.989,-11.201,0.487
Henry Mancini,4,117.3575,-14.275749999999999,0.27625
Henryk Górecki,1,93.073,-19.787,0.0766
Hepcat,1,95.522,-8.595,0.683
Her Space Holiday,3,96.68466666666666,-7.919,0.4656666666666667
Herb Alpert and the Tijuana Brass,2,82.45150000000001,-12.0295,0.29
Herbert,7,132.16185714285714,-13.909571428571427,0.5578142857142857
Herbert Grönemeyer,7,125.63585714285715,-6.6121428571428575,0.6437142857142858
Herbie Hancock,10,120.02680000000001,-12.7598,0.4923
Hercules and Love Affair,7,110.85857142857142,-6.288571428571429,0.7041428571428572
Here I Come Falling,1,141.769,-3.517,0.881
Here We Go Magic,3,125.64533333333334,-7.493333333333335,0.7023333333333334
Herman's Hermits,4,140.18675,-11.781,0.6475
Heroin and Your Veins,1,124.998,-14.573,0.464
Herrenmagazin,1,169.005,-6.667,0.94
Hess Is More,1,95.443,-9.13,0.761
Hevia,6,112.83999999999999,-11.505666666666665,0.5723333333333334
Hexstatic,3,127.022,-7.630333333333333,0.7559999999999999
Hey,4,126.875,-8.30275,0.5455
Hey Monday,7,157.52514285714287,-3.0547142857142857,0.8577142857142857
Hi-Standard,1,119.388,-7.16,0.819
Hiatus Kaiyote,1,83.892,-7.461,0.443
Hidden Orchestra,3,88.31566666666667,-11.928666666666667,0.5816666666666667
Hidrogenesse,1,141.007,-9.195,0.924
Hieroglyphics,1,92.076,-13.567,0.553
High And Mighty Color,4,126.7585,-3.68525,0.8755
High Contrast,22,166.399,-7.037045454545455,0.8597272727272728
High School Musical,5,128.42860000000002,-5.9756,0.7698
High Tone,3,115.53166666666668,-8.225,0.698
High on Fire,19,139.61384210526316,-6.419315789473684,0.9007368421052632
Hilary Duff,8,136.51175,-4.351375,0.827
Hilary Stagg,1,102.814,-16.515,0.182
Hildur Guðnadóttir,1,92.302,-20.914,0.0746
Hilight Tribe,1,137.927,-7.899,0.861
Hillary Lindsey,1,157.423,-6.089,0.604
Him,22,132.93222727272726,-5.5518636363636364,0.7985
Himsa,2,120.0025,-3.1325000000000003,0.972
Hinder,6,124.99883333333334,-4.874666666666666,0.8355
Hindi Zahra,6,122.35183333333333,-9.0725,0.4996666666666667
Hird,7,119.50585714285714,-10.711857142857143,0.6357142857142858
Hiromi,1,112.686,-13.096,0.844
His Statue Falls,1,174.0,-3.227,0.957
Hit the Lights,3,124.839,-4.734333333333333,0.7986666666666666
Hocico,6,115.548,-8.988166666666666,0.8571666666666666
Hockey,2,128.302,-4.079,0.8215
Hocus Pocus,1,89.832,-11.278,0.373
Hoffmaestro & Chraa,1,125.972,-7.213,0.676
Holden,2,134.39499999999998,-10.5525,0.6705
Hole,32,137.30578125,-7.40709375,0.767625
Holly Beth Vincent,1,90.467,-11.849,0.423
Holly Brook,1,142.414,-9.432,0.368
Hollywood Undead,14,130.73342857142856,-5.307499999999999,0.8655714285714285
Holy Fuck,14,136.6625,-6.043214285714286,0.8928571428571429
Holy Ghost!,2,115.486,-5.068,0.7855000000000001
Holy Other,4,98.08625,-8.87725,0.5702499999999999
Holy Wave,1,167.07,-9.522,0.449
Honne,2,103.543,-4.594,0.718
Hoobastank,19,130.88078947368422,-4.428947368421053,0.8973684210526316
Hootie & The Blowfish,2,107.32650000000001,-7.8245000000000005,0.7795
Hooverphonic,22,122.35909090909091,-7.710545454545454,0.6991818181818181
Hope Sandoval & The Warm Inventions,6,126.03099999999999,-18.93,0.20773333333333333
Hopes Die Last,2,184.988,-5.026,0.886
Horace Andy,2,76.8775,-12.247,0.42400000000000004
Horace Silver,2,132.9085,-17.245,0.32
Horse Feathers,10,100.5186,-14.1495,0.16489
Horsepower Productions,1,132.82,-5.981,0.947
Hostage,1,128.007,-5.26,0.818
Hot Butter,1,134.671,-9.977,0.773
Hot Chelle Rae,1,99.993,-4.97,0.788
Hot Chip,24,125.01912499999999,-8.413291666666668,0.5801666666666666
Hot Chocolate,2,105.375,-7.554499999999999,0.631
Hot Hot Heat,12,133.71375,-4.5015,0.8755000000000001
Hot Water Music,11,144.86309090909091,-5.279909090909091,0.9570909090909091
Houndmouth,1,135.177,-7.513,0.677
House of Pain,1,106.617,-6.223,0.704
Housse de Racket,2,129.9715,-3.8205,0.755
Houston Calls,5,150.221,-5.101000000000001,0.8635999999999999
How to Destroy Angels,3,151.89566666666667,-10.506,0.29333333333333333
How to Dress Well,2,94.66900000000001,-11.741,0.3775
Howard Jones,2,102.5665,-5.741,0.8089999999999999
Howard Shore,8,102.98949999999999,-17.639875,0.200525
Howie B,1,95.07,-9.95,0.54
Howie Day,12,121.72316666666667,-7.879666666666666,0.5921666666666666
Howlin' Wolf,7,114.71885714285715,-8.761714285714286,0.6408571428571428
Hozier,4,175.88475,-8.70475,0.381575
Hubert Kah,2,142.0895,-7.637,0.838
Hudson Mohawke,10,141.4334,-7.1651,0.7093
Hues Corporation,1,106.923,-5.928,0.791
Huey,1,144.14,-7.227,0.667
Huey Lewis & The News,8,120.64025,-7.41375,0.735125
Hug,1,125.997,-10.532,0.408
Hugh Laurie,10,118.9239,-7.684899999999999,0.48419999999999996
Hugh Masekela,3,116.83666666666666,-12.461999999999998,0.611
Hugues Aufray,1,128.549,-11.364,0.279
Hum,1,114.514,-8.251,0.903
Human Hands,1,118.145,-13.458,0.651
Humble Pie,1,121.913,-13.216,0.598
Hund am Strand,1,149.992,-5.738,0.684
Hundred Reasons,1,108.077,-4.766,0.916
Hungry Lucy,1,79.935,-8.733,0.563
Hunter Hayes,2,177.891,-6.656000000000001,0.6595
Hurricane #1,1,164.061,-7.21,0.687
Hurt,1,179.879,-9.608,0.36
Hurts,6,118.35133333333333,-6.676666666666667,0.7253333333333334
Hush,1,89.975,-5.057,0.803
Husky Rescue,1,77.528,-16.711,0.254
Hybrid,17,122.78982352941178,-10.856411764705882,0.705
Hyde,6,115.53316666666667,-3.3998333333333335,0.919
Hyper Crush,1,128.049,-8.154,0.722
Hypnotic Brass Ensemble,1,95.918,-9.823,0.554
Hypocrisy,23,114.45965217391304,-5.9126956521739125,0.8930869565217392
Håkan Hellström,16,118.4943125,-5.4933125,0.790375
Hélène Ségara,1,108.613,-11.377,0.306
Héroes del Silencio,5,125.48920000000001,-4.7716,0.8474
Hüsker Dü,10,130.2632,-10.0369,0.8442999999999999
I,1,67.52,-4.544,0.954
I Am Ghost,10,135.3404,-4.3086,0.8709999999999999
I Am Robot and Proud,4,123.71325,-10.682,0.6425
I Am Waiting for You Last Summer,2,103.4865,-7.166,0.5880000000000001
I Blame Coco,1,126.174,-4.858,0.79
I Break Horses,3,113.65466666666667,-4.415666666666667,0.8956666666666667
I Declare War,3,139.3336666666667,-6.290666666666667,0.7866666666666666
I Draw Slow,1,204.489,-7.472,0.439
I Killed the Prom Queen,9,110.46544444444446,-4.773888888888889,0.9363333333333332
I Love You But I've Chosen Darkness,4,131.63375,-9.96525,0.53975
I Monster,1,152.701,-4.014,0.801
I See Stars,1,130.036,-3.665,0.965
I Set My Friends on Fire,10,149.901,-5.3114,0.8714000000000001
I Wayne,1,78.524,-4.848,0.827
I'm from Barcelona,9,133.07833333333332,-6.0761111111111115,0.8210000000000001
I:Scintilla,1,109.998,-3.16,0.969
IAM,2,135.1995,-6.808,0.73
IAMX,13,111.5233076923077,-7.719692307692307,0.7006153846153846
INDK,1,139.663,-5.061,0.973
INXS,13,127.73523076923077,-5.981153846153846,0.7906153846153846
Ian Brown,4,125.57675,-6.65325,0.7304999999999999
Ian Dury and the Blockheads,1,104.312,-10.197,0.781
Ian Pooley,1,114.911,-8.191,0.839
Ian Van Dahl,2,134.997,-6.0745000000000005,0.8574999999999999
Ibrahim Ferrer,6,105.59166666666665,-10.259,0.4251666666666667
Ice Cube,2,85.4605,-6.1005,0.708
Ice MC,1,133.003,-6.187,0.901
Iceage,1,156.197,-7.043,0.764
Iced Earth,17,120.01841176470589,-8.421470588235294,0.8698588235294117
Icehouse,1,135.579,-17.277,0.463
Ich + Ich,1,125.942,-7.203,0.564
Icicle,1,174.017,-5.465,0.816
Icon of Coil,10,134.4094,-7.4361999999999995,0.9406000000000001
Icona Pop,4,119.52325,-4.067,0.75625
Ida Corr,1,129.023,-6.69,0.663
Ida Maria,3,144.07899999999998,-9.825333333333333,0.614
Ide Adobe Players,1,78.973,-12.049,0.186
Ideal,1,91.124,-6.541,0.781
Idiot Pilot,1,150.226,-4.06,0.906
Idle Sons,2,164.0045,-4.0115,0.9319999999999999
Idlewild,7,148.41614285714286,-4.634857142857143,0.8721428571428572
Idris Muhammad,1,122.809,-12.064,0.735
If These Trees Could Talk,1,100.021,-10.259,0.504
Iggy Azalea,2,102.77799999999999,-5.478,0.681
Iggy Pop,16,129.52425,-9.4210625,0.759875
Iglu & Hartly,1,120.033,-2.977,0.834
Ignite,9,127.10133333333334,-5.331666666666667,0.9055555555555556
Igor Stravinsky,1,75.507,-21.671,0.0876
Ihsahn,15,131.5306,-5.603,0.9185333333333333
Ijahman Levi,1,121.877,-9.559,0.627
Ike & Tina Turner,2,95.907,-9.8955,0.747
Ikonika,3,113.98266666666666,-9.891,0.43733333333333335
Il Divo,6,112.75133333333333,-8.0685,0.3993333333333333
Il Tempio delle Clessidre,1,95.084,-5.31,0.81
Ill Niño,12,137.43708333333333,-4.145333333333333,0.9325833333333334
Illumination,1,120.038,-7.749,0.888
Ils,1,134.825,-6.736,0.864
Ima Robot,3,123.18833333333333,-4.880333333333334,0.9223333333333333
Imagination,1,105.127,-9.896,0.56
Imagine Dragons,19,118.0276842105263,-5.571210526315789,0.725842105263158
Imany,1,124.019,-7.386,0.617
Imelda May,1,110.552,-7.099,0.749
Immanu El,1,122.967,-9.037,0.813
Immortal,8,111.31537499999999,-6.023375,0.92325
Immortal Technique,2,100.6395,-5.73,0.8085
Imogen Heap,21,126.77095238095238,-10.865238095238096,0.44366666666666665
Impending Doom,12,120.98433333333332,-6.17725,0.8882720833333333
Imperanon,3,99.29366666666665,-4.559333333333334,0.898
Imperia,5,161.7608,-7.590999999999999,0.6976
Impetigo,1,173.024,-4.332,0.966
In Extremo,41,138.68431707317072,-4.6194390243902435,0.8632682926829268
In Flames,76,122.53869736842107,-5.802315789473684,0.9068947368421053
In Strict Confidence,2,128.011,-6.3580000000000005,0.96
In The Midst Of Lions,1,130.245,-5.637,0.851
In The Woods...,5,136.2518,-9.5286,0.8548
In This Moment,20,134.1426,-4.7497,0.9047499999999999
InMe,1,98.344,-7.795,0.873
Inara George,1,144.144,-12.194,0.232
Incantation,1,172.171,-6.751,0.918
Incognito,4,113.99675,-9.65425,0.66525
Incredible Bongo Band,1,118.133,-7.609,0.768
Incubus,53,133.76556603773585,-6.010339622641509,0.8056603773584906
India.Arie,6,112.39666666666666,-7.300333333333334,0.5076666666666667
Indian Vibes,1,117.725,-8.053,0.858
Indigo Girls,2,104.2355,-7.3629999999999995,0.6305000000000001
Indila,2,96.2025,-5.6805,0.6085
Indios Bravos,2,119.91,-7.164,0.7745
Indochine,1,166.785,-2.417,0.985
Infadels,2,129.0485,-8.24,0.87
Infected Mushroom,56,139.21210714285715,-8.765,0.7888928571428571
Infected Mushroom & Yahel,1,140.01,-11.153,0.713
Infectious Grooves,1,105.081,-5.693,0.898
Infernal,1,127.957,-5.039,0.895
Influx Uk,1,174.983,-5.638,0.883
Ingrid Michaelson,12,128.4805,-8.612666666666668,0.45808333333333334
Inhale Exhale,3,109.74933333333333,-5.252666666666666,0.9646666666666667
Inkubus Sukkubus,1,119.918,-5.034,0.786
Inna,2,128.012,-4.326499999999999,0.831
Inner Circle,1,172.968,-7.491,0.75
Inner City,1,120.109,-8.997,0.965
Inner City Unit,1,166.352,-10.841,0.808
Insane Clown Posse,22,114.47995454545456,-5.156363636363636,0.7983636363636364
Insect Warfare,13,134.9456153846154,-4.968384615384616,0.9946153846153846
Insomnium,17,143.28241176470587,-5.575941176470588,0.8749411764705882
Inspiral Carpets,1,127.721,-5.892,0.854
Institute,5,127.3412,-5.535,0.796
Interpol,32,122.26434375,-4.9466874999999995,0.863625
Into Eternity,7,128.30885714285714,-6.713714285714286,0.7908571428571428
Into The Moat,2,119.54650000000001,-7.473000000000001,0.764
Ion Dissonance,12,112.04841666666665,-5.7875000000000005,0.9392499999999999
Iration,1,107.073,-5.695,0.681
Irene Cara,1,121.97,-6.84,0.729
Irfan,2,90.934,-9.892,0.304
Irie Révoltés,4,171.48225,-6.091749999999999,0.68025
Irma Thomas,2,94.2285,-10.199,0.4675
Iron & Wine,18,118.31583333333333,-10.657111111111112,0.43127777777777776
Iron Butterfly,2,120.3835,-9.565,0.6245
Iron Maiden,76,119.50197368421053,-6.159657894736842,0.8850000000000001
Iron Savior,1,115.05,-4.391,0.952
Ironik,1,100.526,-5.556,0.922
Is Tropical,1,140.987,-14.474,0.611
Isaac Albéniz,1,120.146,-27.315,0.151
Isaac Hayes,3,105.97033333333333,-12.806333333333333,0.458
Isaac Shepard,1,115.553,-17.846,0.115
Isabelle Antena,1,160.004,-7.524,0.659
Isaiah Rashad,1,80.939,-7.56,0.676
Isan,1,153.952,-14.223,0.388
Ishome,1,140.002,-12.463,0.508
Isis,33,119.07033333333334,-8.48560606060606,0.7146969696969697
Isis + Aereogramme,1,117.798,-9.437,0.589
Islands,3,113.82633333333332,-9.315666666666667,0.512
Isobel Campbell & Mark Lanegan,6,122.31666666666666,-15.0785,0.26366666666666666
Isolée,2,125.007,-10.262,0.6715
Israel Kamakawiwo'ole,3,112.18299999999999,-11.553666666666667,0.40066666666666667
Israel Vibration,4,140.1465,-12.607,0.40475000000000005
Issa Bagayogo,1,95.003,-9.617,0.654
Issues,1,134.953,-3.118,0.987
It Dies Today,12,144.35266666666666,-4.302416666666667,0.9267500000000001
Italobrothers,1,102.002,-4.034,0.751
Ive Mendes,1,167.933,-12.422,0.496
Ivy,2,90.26750000000001,-8.645,0.614
Iyaz,3,114.351,-5.077333333333333,0.7136666666666667
J Balvin,3,144.32133333333334,-6.010666666666666,0.7126666666666667
J Boog,1,173.517,-5.183,0.676
J Dilla,6,160.55550000000002,-6.261,0.7098333333333334
J-Kwon,1,152.409,-8.219,0.715
J. Cole,4,108.46525,-8.53275,0.60575
J. Holiday,3,96.90366666666667,-5.068666666666666,0.7286666666666667
J. Tillman,2,121.6455,-10.9645,0.20450000000000002
J.B.O.,2,155.1595,-4.592,0.784
J.D. Souther,1,108.983,-12.655,0.447
J.J. Cale,15,108.18766666666667,-15.257066666666667,0.40773333333333334
JFA,1,88.3,-7.855,0.948
JLS,2,127.49849999999999,-5.5705,0.7775000000000001
JME,1,82.445,-7.925,0.541
JX,1,134.607,-5.041,0.985
Ja Rule,4,119.74575,-6.07125,0.7025
Jaakko Eino Kalevi,2,107.91300000000001,-11.448,0.47750000000000004
Jack Garratt,1,90.345,-9.267,0.518
Jack Johnson,58,117.53353448275861,-10.468827586206897,0.45142068965517246
Jack Jones,1,127.934,-13.189,0.489
Jack Off Jill,8,142.77875,-6.528375,0.807375
Jack Peñate,8,110.662625,-5.976875,0.7475
Jack Wall,1,123.869,-12.953,0.737
Jack White,6,115.76249999999999,-11.548333333333334,0.5483333333333333
Jack or Jive,1,141.869,-11.189,0.203
Jack's Mannequin,13,142.11476923076924,-4.740923076923076,0.8637692307692307
Jackie Brenston and His Delta Cats,1,78.118,-6.873,0.675
Jackie DeShannon,1,106.857,-11.552,0.289
Jackie Wilson,1,137.468,-5.458,0.623
Jackson Browne,3,88.39366666666666,-11.739333333333335,0.514
Jackson C. Frank,1,106.65,-17.151,0.116
Jackson and His Computer Band,2,84.906,-19.671,0.25025
Jaco Pastorius,7,111.05157142857142,-17.5,0.4902285714285714
Jacob Miller,3,116.473,-10.695333333333332,0.5093333333333333
Jacqueline Taïeb,1,121.347,-15.96,0.37
Jacques Brel,13,105.58907692307692,-9.993076923076924,0.41730769230769227
Jacques Dutronc,4,114.505,-5.255,0.70175
Jacques Greene,1,167.993,-7.376,0.703
Jacques Offenbach,1,74.42,-15.793,0.184
Jadakiss,3,115.71,-5.274666666666667,0.7919999999999999
Jae Millz,1,98.056,-8.154,0.784
Jaffa,1,175.955,-7.672,0.834
Jaga Jazzist,15,120.30306666666667,-9.734933333333334,0.5666666666666667
Jagged Edge,3,108.995,-6.303,0.6146666666666666
Jaguar Wright,1,96.461,-8.627,0.467
Jaguares,1,106.192,-7.375,0.621
Jagwar Ma,2,113.509,-7.5435,0.6659999999999999
Jah Cure,5,129.3364,-7.143000000000001,0.5237999999999999
Jah Mason,2,74.634,-8.048,0.5945
Jaheim,2,85.51599999999999,-6.8255,0.5625
Jain,1,99.196,-6.278,0.494
Jakalope,2,147.0005,-6.029999999999999,0.9259999999999999
Jakatta,2,102.558,-9.839,0.618
Jake Bugg,6,114.4405,-6.752333333333333,0.6758333333333333
Jake Owen,1,92.357,-4.072,0.843
Jakob,4,126.86975000000001,-15.524000000000001,0.319575
Jakob Dylan,2,127.26249999999999,-10.2685,0.493
Jam & Spoon,1,137.014,-8.184,0.967
Jamaica,1,82.214,-4.269,0.825
Jamal,17,130.8220588235294,-6.016470588235294,0.7384117647058824
Jamala,1,120.012,-5.235,0.506
Jamelia,1,130.082,-5.436,0.953
James,5,113.3018,-6.9114,0.732
James Bay,1,147.526,-10.779,0.289
James Blake,13,121.09053846153847,-10.785923076923078,0.46215384615384614
James Blunt,11,102.67909090909092,-8.495545454545454,0.5137272727272727
James Brown,16,117.2975,-10.3015,0.57875
James Chance & The Contortions,3,157.782,-13.228333333333333,0.7530000000000001
James Dean Bradfield,1,166.003,-6.143,0.532
James Figurine,1,118.014,-8.078,0.771
James Gang,1,91.35,-9.769,0.938
James Holden,2,133.019,-13.214,0.743
James Horner,6,105.97733333333333,-24.619833333333332,0.04596666666666666
James Morrison,12,99.09308333333333,-5.624583333333334,0.6817500000000001
James Newton Howard,4,90.10475,-21.08425,0.135625
James Otto,2,138.03699999999998,-7.7545,0.384
James Taylor,16,111.8179375,-13.5434375,0.35270625
James Vincent McMorrow,3,111.52933333333334,-11.945666666666668,0.29433333333333334
James Yuill,1,114.993,-13.084,0.428
Jamie Cullum,43,114.77460465116279,-9.975883720930232,0.44150232558139535
Jamie Foxx,6,131.93516666666667,-8.424666666666667,0.543
Jamie Lidell,6,113.96050000000001,-7.788666666666667,0.6033333333333334
Jamie Lynn Hart,1,99.024,-5.474,0.598
Jamie O'Neal,1,115.479,-10.247,0.236
Jamie T,9,132.18544444444444,-6.255111111111111,0.6927777777777777
Jamie Woon,2,110.029,-11.197,0.485
Jamie xx,1,125.52,-10.153,0.769
Jamiroquai,38,118.91326315789473,-8.872,0.7355789473684211
Jan A.P. Kaczmarek,1,93.087,-16.405,0.172
Jan Delay,13,125.642,-7.026923076923077,0.5753846153846154
Jan Hammer,2,153.749,-7.1015,0.8089999999999999
Jan Hammer Group,1,93.804,-7.121,0.792
Jan Jelinek,2,121.77350000000001,-16.2285,0.39049999999999996
Jane Air,1,149.994,-4.24,0.782
Jane Monheit,1,172.69,-6.708,0.434
Jane's Addiction,13,114.7296153846154,-5.371153846153846,0.8781538461538462
Janelle Monáe,6,118.30400000000002,-8.240166666666667,0.5668333333333334
Janet Jackson,8,119.58099999999999,-5.807625,0.738875
Janis Ian,1,125.411,-15.918,0.3
Janis Joplin,16,127.1095625,-10.3070625,0.5225
Janusz Olejniczak,1,93.636,-25.666,0.0356
Japan,3,117.99433333333333,-12.755333333333333,0.5539999999999999
Japandroids,10,147.1251,-5.7101999999999995,0.8423
Japanther,3,95.89133333333332,-6.099333333333334,0.8386666666666667
Jarabe de Palo,7,124.71642857142857,-9.177000000000001,0.6324285714285713
Jaron And The Long Road To Love,1,139.649,-5.787,0.635
Jarvis Cocker,4,146.752,-5.77,0.7075
Jasmine Thompson,1,110.771,-7.44,0.332
Jason Aldean,11,129.932,-4.274727272727272,0.7227272727272728
Jason Collett,2,115.026,-8.9875,0.5565
Jason Derülo,4,109.98975,-4.89325,0.744
Jason Donovan,1,96.007,-13.874,0.364
Jason Michael Carroll,1,75.517,-5.31,0.597
Jason Mraz,15,118.48226666666666,-7.780466666666666,0.6136
Jason Reeves,1,118.078,-4.834,0.746
Javier Navarrete,1,71.02,-15.901,0.0998
Jawbreaker,11,137.7699090909091,-7.981454545454545,0.8605454545454545
Jay & The Americans,1,133.037,-9.175,0.754
Jay Reatard,3,123.66866666666665,-0.9896666666666668,0.956
Jay Sean,1,93.878,-6.354,0.587
Jay Smith,1,108.553,-6.936,0.729
Jay Ungar,1,99.185,-28.766,0.0563
Jay-Jay Johanson,4,143.16175,-6.4745,0.75975
Jay-Z,30,101.03246666666668,-5.373066666666667,0.7883
Jaydee,1,128.853,-9.003,0.622
Jayl Funk,1,122.003,-5.309,0.951
Jaymay,4,126.417,-14.543500000000002,0.19369999999999998
Jazmine Sullivan,7,107.77771428571428,-5.740285714285714,0.5754285714285715
Jazzamor,10,117.843,-9.5251,0.6578
Jazzanova,12,100.09183333333334,-10.245333333333333,0.5870000000000001
Jazztronik,1,112.414,-6.712,0.694
Jean Ferrat,1,113.903,-7.695,0.373
Jean Knight,1,94.024,-7.198,0.731
Jean Michel Jarre,3,154.92766666666668,-10.988666666666667,0.7753333333333333
Jean Sibelius,1,77.974,-21.127,0.0268
Jean-Claude Chapuis,1,69.339,-36.43,0.00224
Jean-Yves Thibaudet,1,46.755,-21.398,0.117
Jeanne Gies,1,113.769,-14.019,0.35
Jedi Mind Tricks,1,97.079,-5.464,0.822
Jeff & Sheri Easter,1,117.611,-4.319,0.483
Jeff Alexander,1,83.082,-24.861,0.0351
Jeff Beck,15,107.6202,-10.058533333333333,0.6611999999999999
Jeff Buckley,20,116.6646,-10.700849999999999,0.42817999999999995
Jeff Mangum,1,95.367,-10.159,0.663
Jeff Wayne,1,131.953,-5.8,0.849
Jefferson Airplane,25,123.32064,-12.109079999999999,0.53196
Jefferson Starship,1,117.307,-9.602,0.82
Jeffree Star,1,139.952,-5.365,0.921
Jeffrey Koepper,1,119.965,-20.855,0.162
Jeffrey Osborne,1,68.101,-7.972,0.452
Jega,3,150.28766666666667,-9.131666666666666,0.755
Jel,2,82.429,-10.64,0.7025
Jelonek,2,126.84100000000001,-9.481,0.412
Jem,10,109.57350000000001,-7.9673,0.613
Jennifer Daniels,1,83.679,-5.709,0.709
Jennifer Hudson,5,110.63219999999998,-4.8126,0.6374
Jennifer Lopez,11,103.52036363636363,-5.415272727272727,0.7496363636363637
Jennifer Rostock,1,110.026,-1.726,0.89
Jenny Lewis,9,122.57177777777777,-7.450444444444445,0.5975555555555556
Jenny Owen Youngs,2,123.34899999999999,-12.0855,0.2165
Jenny Wilson,2,119.5015,-9.1155,0.32599999999999996
Jens Gad,1,79.004,-12.033,0.3
Jens Lekman,16,119.9735625,-9.0690625,0.5303125
Jeremih,5,132.5826,-8.408800000000001,0.49559999999999993
Jeremy Soule,6,109.781,-25.521,0.10958333333333332
Jermaine Jackson,1,81.196,-14.711,0.311
Jermaine Jackson & Pia Zadora,1,152.892,-7.273,0.847
Jerrod Niemann,2,132.9595,-8.5405,0.521
Jerry Cantrell,12,111.90283333333333,-7.542833333333333,0.7359166666666667
Jerry Fuller,1,79.844,-8.814,0.702
Jerry Lee Lewis,4,119.3215,-8.969249999999999,0.714
Jerry Reed,2,113.6185,-5.54,0.9035
Jerry Rivera,1,163.98,-4.675,0.889
Jeru the Damaja,1,169.646,-10.741,0.597
Jesper Kyd,1,126.06,-12.561,0.344
Jesse Cook,8,119.6555,-11.232,0.7435
Jesse McCartney,3,85.406,-5.177666666666667,0.699
Jesse Rose,1,126.003,-13.515,0.375
Jessica Andrews,1,83.889,-5.634,0.678
Jessica King,1,178.955,-9.842,0.333
Jessica Simpson,1,124.056,-3.88,0.859
Jessie J,7,128.54385714285715,-4.25,0.6797142857142857
Jessie Ware,2,145.51549999999997,-11.362,0.5309999999999999
Jesu,6,101.09483333333333,-9.392666666666667,0.4298333333333333
Jesus On Extasy,7,119.00714285714285,-8.106285714285715,0.8035714285714286
Jet,8,127.28475,-5.458,0.71175
Jethro Tull,19,116.53478947368421,-12.346526315789474,0.58
Jets to Brazil,1,88.776,-9.298,0.452
Jewel,5,112.53979999999999,-11.9478,0.29964
Jex Thoth,1,77.479,-6.861,0.545
Jhelisa,1,102.424,-17.303,0.0715
Jhené Aiko,1,94.895,-9.156,0.414
Jibbs,1,157.147,-6.869,0.589
Jill Barber,1,114.99,-9.634,0.214
Jill Scott,8,117.15275,-8.71325,0.506
Jill Tracy,1,114.861,-10.323,0.543
Jim Brickman,2,136.7815,-20.759,0.09305
Jim Croce,5,133.557,-14.075399999999998,0.36019999999999996
Jim Hall,1,130.431,-22.397,0.165
Jim Johnston,1,138.975,-10.528,0.384
Jim Jones,1,118.124,-6.635,0.785
Jim Reeves,2,88.712,-11.377,0.28049999999999997
Jim Sturgess,2,123.5625,-7.6515,0.6635
Jim White,2,137.542,-11.129999999999999,0.46399999999999997
Jimi Hendrix,48,109.60270833333334,-7.956708333333332,0.7488125
Jimmie Rodgers,1,84.887,-6.254,0.537
Jimmy Buffett,4,123.15725,-13.660250000000001,0.45975
Jimmy Cliff,8,123.04650000000001,-9.606375,0.581625
Jimmy Dean,1,173.502,-13.045,0.446
Jimmy Durante,3,91.52833333333332,-10.453333333333333,0.31633333333333336
Jimmy Eat World,36,133.8263333333333,-6.054444444444445,0.8066666666666666
Jimmy Edgar,1,127.036,-5.086,0.849
Jimmy Page,5,126.0296,-11.8408,0.6032
Jimmy Reed,2,85.5275,-10.0795,0.46399999999999997
Jimmy Ruffin,2,117.2475,-8.404,0.639
Jimmy Smith,1,107.328,-12.855,0.367
Jimmy Soul,1,93.468,-7.501,0.871
Jimmy Wayne,1,161.834,-4.046,0.827
Jo Stafford,1,72.645,-10.004,0.308
JoJo,4,96.901,-6.2485,0.5695
Joachim Witt,1,137.009,-12.54,0.659
Joakim,1,128.046,-7.588,0.941
Joan Armatrading,2,97.6365,-11.0335,0.3135
Joan Baez,3,110.65066666666667,-13.251,0.27666666666666667
Joan Jett and the Blackhearts,4,146.0095,-5.46875,0.852
Joan Manuel Serrat,1,151.826,-8.169,0.395
Joan as Police Woman,4,100.398,-9.49225,0.452
Joanie Madden,1,191.799,-10.743,0.254
Joanna Gruesome,1,87.907,-5.723,0.841
Joaquín Sabina,1,84.288,-7.11,0.59
Job for a Cowboy,14,117.81528571428571,-5.498928571428571,0.9415714285714286
Jocelyn Brown,1,109.061,-11.147,0.683
Jocelyn Pook,1,82.019,-14.304,0.203
Jochen Miller,1,138.024,-9.806,0.808
Jodeci,1,172.066,-6.362,0.839
Jodi Benson,1,97.535,-14.136,0.148
Jody Watley,1,109.196,-13.161,0.435
Joe,4,109.948,-7.43675,0.5615
Joe Bonamassa,11,116.82763636363637,-7.774454545454546,0.6375454545454545
Joe Cocker,14,127.84564285714285,-10.078999999999999,0.5407642857142857
Joe Dassin,1,104.845,-8.703,0.484
Joe Diffie,3,145.51266666666666,-6.937,0.8086666666666668
Joe Esposito,1,94.08,-6.503,0.877
Joe Henderson,1,81.85,-12.793,0.339
Joe Jackson,5,130.5668,-9.843,0.5654
Joe Jonas,1,163.822,-5.157,0.728
Joe Nichols,10,125.3679,-6.461499999999999,0.6597000000000001
Joe Pass,1,82.554,-14.122,0.448
Joe Satriani,18,133.3343888888889,-6.398166666666667,0.7585000000000001
Joe Strummer,1,153.934,-4.22,0.804
Joe Strummer and the Mescaleros,8,120.25425,-8.23975,0.677
Joe Tex,1,92.164,-7.711,0.388
Joe Turner & Pete Johnson,1,96.267,-14.962,0.283
Joe Walsh,4,110.242,-10.5795,0.57175
Joey Beltram,1,122.825,-8.333,0.583
Joey Fehrenbach,1,158.001,-10.959,0.401
Joey Ramone,1,168.204,-5.309,0.885
Johann Pachelbel,2,108.937,-11.26,0.29600000000000004
Johann Sebastian Bach,7,105.70914285714287,-18.35585714285714,0.26061428571428574
Johann Strauss II,1,78.841,-23.722,0.115
Johannes Brahms,2,74.252,-22.9975,0.07135
Johannes Linstead,1,84.921,-13.797,0.504
John Anderson,3,116.19766666666668,-7.645,0.6823333333333332
John Brown's Body,1,128.433,-5.631,0.876
John Cage,6,110.77083333333333,-30.703666666666667,0.0768
John Cale,4,113.9795,-15.18525,0.39225
John Carpenter,1,94.727,-16.017,0.198
John Coltrane,14,101.27985714285715,-13.337571428571428,0.3462428571428572
John Dahlbäck,1,125.003,-8.604,0.708
John Denver,6,122.21816666666666,-12.030500000000002,0.34600000000000003
John Fahey,2,116.662,-11.715,0.5335
John Farnham,1,85.187,-11.171,0.692
John Fogerty,3,141.40033333333332,-5.252,0.8783333333333333
John Foxx,1,132.673,-11.83,0.523
John Fred & His Playboy Band,2,81.703,-8.844,0.6659999999999999
John Frusciante,22,111.29677272727272,-9.960818181818182,0.47539545454545457
John Grant,2,130.965,-9.5025,0.432
John Hiatt,5,115.48679999999999,-9.0782,0.7432000000000001
John Holt,4,97.26225,-6.67225,0.5467500000000001
John Lee Hooker,9,123.37133333333334,-10.389333333333333,0.4235555555555556
John Legend,16,117.2284375,-8.87525,0.530875
John Legend & The Roots,1,94.169,-5.63,0.758
John Lennon,11,108.22518181818182,-9.19890909090909,0.6302727272727272
John Martyn,3,109.67266666666667,-19.852,0.1920333333333333
John Maus,7,128.62428571428572,-7.9797142857142855,0.6742857142857143
John Mayall,1,132.138,-8.517,0.925
John Mayall & The Bluesbreakers,7,119.51914285714285,-8.376142857142858,0.6588571428571429
John Mayer,37,115.54664864864864,-7.537783783783785,0.6086486486486486
John Mellencamp,2,130.026,-5.8134999999999994,0.7115
John Michael Montgomery,1,128.029,-7.243,0.626
John Most,1,169.828,-13.048,0.313
John Newman,2,123.006,-5.482,0.8554999999999999
John Paul Jones,1,107.77,-8.306,0.97
John Paul Young,1,82.208,-10.068,0.864
John Powell,3,133.46466666666666,-11.404666666666666,0.618
John Prine,7,116.33085714285714,-12.232714285714286,0.383
John Scofield,3,108.31266666666666,-16.341666666666665,0.338
John Tavener,2,77.542,-27.1325,0.02765
John Travolta,2,141.459,-9.341999999999999,0.771
John Trudell,1,141.296,-11.425,0.317
John Waite,1,129.125,-10.471,0.829
John Williams,8,91.718625,-21.954124999999998,0.1267875
Johnnie Taylor,2,109.2935,-7.2075,0.6615
Johnny & The Hurricanes,1,151.398,-11.115,0.821
Johnny Bristol,1,98.883,-9.82,0.637
Johnny Burnette,1,75.89,-12.018,0.342
Johnny Cash,84,109.69780952380952,-10.942321428571429,0.4398107142857143
Johnny Caswell,1,132.457,-14.199,0.632
Johnny Clarke,1,74.75,-8.201,0.425
Johnny Flynn,1,108.036,-8.166,0.737
Johnny Gill,2,92.9105,-6.4715,0.7925
Johnny Hates Jazz,2,112.514,-9.3095,0.69
Johnny Horton,2,131.542,-10.892,0.6045
Johnny Kidd & The Pirates,1,125.325,-3.099,0.816
Johnny Marr,1,134.572,-4.053,0.962
Johnny Mathis,5,92.2586,-11.1272,0.3358
Johnny Nash,1,124.159,-8.017,0.586
Johnny Osbourne,1,103.317,-6.655,0.569
Johnny Paycheck,1,142.381,-13.559,0.484
Johnny Temple,1,85.0,-13.262,0.0735
Johnny Truant,4,143.26175,-6.156750000000001,0.93175
Johnny Winter,8,135.07762499999998,-10.085875,0.683
Johnossi,13,139.94846153846154,-6.2791538461538465,0.7202307692307692
Jolie Holland,1,115.694,-12.082,0.24
Jomanda,1,121.44,-11.506,0.568
Jon & Vangelis,8,116.31125,-17.1595,0.270375
Jon B.,1,125.858,-10.722,0.388
Jon Bellion,1,90.246,-4.188,0.567
Jon Brion,5,97.7384,-19.8598,0.23176000000000002
Jon Foreman,2,120.94399999999999,-10.858,0.3395
Jon Hassell,1,89.136,-38.277,0.0358
Jon Hopkins,15,123.36333333333333,-13.74,0.475086
Jon Kennedy,3,115.12700000000001,-14.229999999999999,0.538
Jon McLaughlin,5,147.392,-5.3347999999999995,0.7086
Jon Schmidt,2,125.9075,-14.791,0.244
Jon Secada,1,105.893,-10.734,0.644
Jona Lewie,1,93.458,-10.222,0.495
Jonas Blue,1,117.84,-5.831,0.789
Jonas Brothers,9,129.84411111111112,-4.962555555555555,0.7935555555555556
Jonas Steur,2,137.9875,-10.664,0.8049999999999999
Jonathan Coulton,3,93.728,-6.695666666666667,0.38366666666666666
Jonathan Johansson,1,93.007,-10.178,0.434
Jonathan Richman And The Modern Lovers,1,103.913,-11.818,0.424
Joni Mitchell,20,109.66845,-12.7523,0.26802000000000004
Jonn Serrie,1,84.034,-25.069,0.226
Jonny Greenwood,12,117.85116666666666,-14.704500000000001,0.42425
Jonny L,1,170.028,-6.632,0.874
Jonny Lang,4,107.6875,-6.50525,0.708
Jordan O'Jordan,2,152.1045,-9.5815,0.44300000000000006
Jordan Pruitt,1,95.985,-6.583,0.291
Jordin Sparks,7,147.23185714285714,-4.452714285714285,0.6827142857142857
Jorge Ben,5,103.3214,-9.4328,0.5728
Jorge Drexler,1,92.948,-12.331,0.307
Joris Delacroix,2,125.4865,-9.131,0.739
Jorja Smith,2,88.924,-8.552499999999998,0.372
Joseph Arthur,1,110.952,-7.454,0.631
Josephine Cameron,1,125.022,-9.875,0.15
Josephine the Singer,2,110.68350000000001,-10.1705,0.45899999999999996
Josh Gracin,2,154.0525,-4.6255,0.659
Josh Groban,12,113.10083333333334,-10.206000000000001,0.36975
Josh Ritter,3,114.39399999999999,-7.848999999999999,0.6733333333333333
Josh Rouse,4,122.0455,-9.76275,0.6435
Josh Thompson,2,145.4385,-5.5715,0.7264999999999999
Josh Turner,5,117.0214,-5.4136,0.7246
Joshua Radin,11,120.47527272727274,-14.33609090909091,0.29009090909090907
Joss Stone,23,117.74460869565219,-7.130304347826086,0.6266521739130435
José Feliciano,1,148.886,-5.383,0.895
José González,19,119.89294736842105,-13.144842105263159,0.3404052631578947
José James,1,143.545,-12.364,0.428
José José,1,109.313,-6.24,0.612
José Padilla,2,122.0685,-15.885000000000002,0.39849999999999997
Journey,11,129.16136363636363,-7.930272727272728,0.7002727272727273
Joy Division,22,138.81240909090909,-9.690181818181818,0.7347272727272728
Joya Landis,1,80.796,-6.323,0.708
Joyce Jonathan,1,120.017,-8.978,0.453
Joyce Manor,1,125.746,-5.383,0.809
João Gilberto,2,84.58250000000001,-11.6,0.45299999999999996
Jr. Walker & The All Stars,3,125.46999999999998,-6.201666666666667,0.6423333333333333
Juan Luis Guerra,2,113.475,-8.8635,0.441
Juana Molina,1,123.269,-11.549,0.528
Juanes,4,108.99600000000001,-5.591,0.63975
Judas Priest,33,119.07969696969697,-7.274272727272727,0.8352121212121213
Judge Dread,3,133.096,-8.396333333333333,0.526
Judy Garland,2,79.7885,-10.5655,0.268
Judy Kuhn,1,94.545,-15.619,0.213
Juelz Santana,2,123.9805,-4.4425,0.8775
Juice Newton,2,159.466,-7.249499999999999,0.6945
Juice WRLD,1,142.049,-5.244,0.798
Julee Cruise,1,96.143,-15.851,0.418
Juli,12,119.55308333333333,-6.2050833333333335,0.6551666666666667
Julia Fordham,1,179.296,-15.521,0.252
Julia Holter,1,154.966,-2.535,0.895
Julia Kent,1,83.495,-14.526,0.257
Julian Casablancas,7,153.62514285714286,-3.346285714285714,0.8572857142857142
Julian Cope,1,126.268,-7.131,0.816
Julian Marley,3,111.96466666666667,-4.364333333333334,0.7053333333333334
Julian Plenti,7,129.1332857142857,-9.545714285714284,0.4668571428571428
Julianna Barwick,1,66.375,-14.99,0.301
Julianne Hough,2,156.4285,-3.128,0.759
Julie London,2,97.313,-12.5,0.2165
Julien Doré,1,105.996,-5.357,0.814
Julien Neto,2,109.1575,-18.212,0.1243
Julieta Venegas,4,138.975,-4.8395,0.68525
Juliette and the Licks,1,121.006,-17.104,0.741
July Skies,2,120.3765,-19.953,0.151
June Carter Cash,2,88.8825,-9.7195,0.4185
June Christy,2,89.6235,-19.302999999999997,0.033850000000000005
June Madrona,1,164.77,-12.985,0.146
Jungle,4,106.75399999999999,-9.2115,0.6375
Junior Boys,16,136.71325,-10.741187499999999,0.5685125
Junior Jack,2,124.9815,-7.827,0.972
Junior Kelly,5,89.1,-5.1868,0.777
Junior Kimbrough,1,174.396,-7.593,0.578
Junior M.A.F.I.A.,1,91.257,-5.933,0.825
Junior Murvin,2,127.8735,-9.513000000000002,0.4655
Junior Senior,3,116.59466666666667,-3.215666666666667,0.9203333333333333
Junior Stress,1,96.273,-5.136,0.803
Junip,8,117.524,-9.479625,0.679625
Junkie XL,4,125.001,-4.35175,0.86025
Juno Reactor,15,127.62833333333333,-9.724933333333333,0.7904
Jupiter Jones,1,164.81,-4.094,0.982
Jurassic 5,10,114.10439999999998,-7.515000000000001,0.7639
Jurgen Vries,1,136.001,-4.529,0.998
Just Jack,5,101.773,-6.2726,0.6228
Just Surrender,1,115.037,-2.355,0.933
Justice,18,117.68377777777778,-4.634666666666666,0.8338888888888889
Justin Bieber,20,118.66765000000001,-5.6733,0.6638
Justin Hinds & The Dominoes,3,115.39833333333333,-9.391333333333334,0.535
Justin Moore,1,133.893,-5.308,0.737
Justin Nozuka,5,128.1468,-7.611400000000001,0.5424
Justin Timberlake,12,101.48366666666668,-6.4120833333333325,0.6198333333333333
Justin Vernon + Aaron Dessner,1,72.644,-12.91,0.369
Justyna Steczkowska,1,198.142,-7.256,0.787
Juvelen,2,123.37950000000001,-5.6690000000000005,0.6599999999999999
Juvenile,1,191.621,-5.224,0.7
Juveniles,1,87.028,-7.302,0.69
Jóhann Jóhannsson,10,91.7054,-22.7372,0.11259000000000001
Jónsi,1,139.883,-9.076,0.635
Jürgen Paape,1,119.994,-8.488,0.438
K'naan,5,142.1134,-4.9588,0.8582000000000001
K's Choice,3,136.877,-10.015,0.527
K-Ci & JoJo,1,134.253,-6.581,0.536
K-OS,7,116.12971428571429,-5.813285714285714,0.8167142857142856
K.C. Accidental,1,177.008,-18.782,0.502
K.I.Z.,9,122.61566666666666,-5.91,0.7966666666666666
KASMs,1,153.824,-8.44,0.811
KC and The Sunshine Band,5,111.8892,-8.8946,0.8566
KMFDM,12,127.05958333333332,-5.435,0.92075
KRS-One,1,100.694,-7.78,0.962
KT Tunstall,19,117.78678947368421,-8.57578947368421,0.496
Kaada/Patton,3,100.97033333333333,-15.915,0.19499999999999998
Kacey Musgraves,5,121.18260000000001,-7.2324,0.618
Kacy Hill,1,193.827,-5.095,0.632
Kai Tracid,3,136.98499999999999,-8.077,0.835
Kailash Kher,1,159.792,-4.804,0.58
Kaiser Chiefs,26,135.28719230769232,-4.260461538461539,0.8685384615384616
Kaizers Orchestra,9,113.782,-4.843,0.7503333333333333
Kajagoogoo,1,108.011,-18.385,0.503
Kaki King,1,111.312,-15.322,0.317
Kalafina,3,115.37533333333334,-6.742333333333334,0.6003333333333333
Kaleidoscope,1,108.467,-8.987,0.621
Kali Uchis,1,119.001,-4.469,0.761
Kalliope,1,82.461,-8.669,0.627
Kalmah,19,136.68194736842105,-3.820578947368421,0.9667894736842105
Kamasi Washington,1,109.056,-10.018,0.566
Kamaya Painters,2,138.519,-9.8035,0.8245
Kamelot,22,131.8885,-5.828863636363637,0.8675454545454545
Kammarheit,2,86.1505,-23.459,0.1575
Kamp!,2,104.86949999999999,-8.6035,0.728
Kana,1,154.023,-5.82,0.534
Kandi,1,133.986,-5.702,0.762
Kangding Ray,1,199.865,-21.515,0.298
Kanka,1,171.989,-5.412,0.614
Kansas,6,112.64333333333333,-8.355833333333333,0.6323333333333333
Kanye West,55,108.56372727272728,-7.370836363636364,0.5976181818181818
Kaolin,1,94.963,-7.695,0.771
Kaoma,1,118.931,-11.912,0.592
Kap Bambino,4,143.7495,-3.3055,0.877
Karamelo Santo,1,93.024,-6.424,0.691
Kardinal Offishall,1,106.966,-5.692,0.912
Karen Dalton,4,132.05725,-15.674,0.27190000000000003
Karen Elson,1,89.872,-5.914,0.765
Karen Matheson,2,133.342,-13.3845,0.3605
Karen O and the Kids,9,121.51344444444446,-13.127444444444444,0.38885555555555557
Karl Jenkins,1,96.321,-16.776,0.269
Karl Sanders,1,172.066,-10.034,0.542
Karlheinz Stockhausen,1,125.578,-32.058,0.0308
Karmella's Game,2,162.7025,-4.3995,0.9205000000000001
Karmin,1,120.023,-3.581,0.737
Karnivool,8,131.213875,-6.247,0.791125
Karpatenhund,2,132.05599999999998,-2.4435000000000002,0.925
Karsh Kale,2,156.014,-11.355,0.9035
Karunesh,11,105.34109090909091,-13.976454545454544,0.3521818181818182
Kasabian,18,120.37672222222221,-6.237611111111111,0.805
Kasey Chambers,1,119.883,-6.544,0.601
Kashmir,1,171.075,-9.082,0.68
Kasia Cerekwicka,1,78.993,-3.164,0.579
Kasia Kowalska,3,121.55566666666665,-5.941666666666666,0.6616666666666666
Kasia Stankiewicz,1,175.99,-9.067,0.548
Kaskade,6,125.94133333333333,-7.262833333333333,0.6761666666666667
Kaskade & Skrillex,1,128.089,-7.289,0.855
Kat Dahlia,1,121.868,-6.731,0.638
Kat DeLuna,3,79.76866666666666,-5.640666666666667,0.5770000000000001
Kataklysm,8,123.394625,-4.176875,0.9688749999999999
Katatonia,59,122.73562711864408,-7.926728813559323,0.7039491525423729
Kate & Anna McGarrigle,1,102.811,-8.921,0.494
Kate Boy,1,113.014,-8.123,0.844
Kate Bush,41,122.87734146341462,-14.01719512195122,0.36202682926829266
Kate Havnevik,2,93.298,-13.7705,0.2815
Kate Nash,12,116.06808333333333,-5.949083333333333,0.7468333333333333
Kate Ryan,5,134.9468,-5.5948,0.9248
Kate Voegele,4,111.36125,-5.72175,0.624
Kate Walsh,1,108.031,-12.946,0.272
Katharine McPhee,1,150.017,-2.746,0.873
Katherine Jenkins,2,136.765,-10.152000000000001,0.4425
Kathleen Edwards,3,135.34,-4.315,0.8476666666666667
Katie Melua,16,116.3031875,-12.9440625,0.270625
Katrina and the Waves,1,109.783,-7.358,0.943
Katy B,4,135.37275,-5.27125,0.7072499999999999
Katy Perry,26,131.07926923076923,-5.074423076923077,0.7577307692307692
Kauan,2,122.5075,-19.4555,0.1993
Kavinsky,4,98.57675,-7.8527499999999995,0.79025
Kayah,1,124.155,-7.868,0.799
Kayah i Bregović,1,115.018,-7.063,0.782
Kayo Dot,3,126.49933333333333,-12.273000000000001,0.4703333333333333
Kaytranada,1,107.99,-6.644,0.757
Ke$ha,17,127.09258823529412,-4.33264705882353,0.7816470588235295
Keala Settle,1,191.702,-7.276,0.704
Keane,18,120.87616666666668,-5.576777777777778,0.7461666666666666
Keaton Henson,1,97.571,-8.527,0.317
Keenhouse,1,136.892,-5.788,0.867
Keep Shelly In Athens,1,119.942,-7.774,0.774
Keep of Kalessin,5,106.63499999999999,-7.8192,0.9301999999999999
Keimzeit,1,131.932,-7.393,0.747
Keith Anderson,3,145.54433333333336,-3.891,0.7983333333333333
Keith Jarrett,1,101.617,-20.768,0.246
Keith Richards,3,105.23,-13.044333333333334,0.5946666666666667
Keith Sweat,1,87.885,-9.035,0.517
Keith Urban,6,125.86183333333334,-6.329666666666667,0.6533333333333333
Keith Whitley,1,88.122,-11.54,0.413
Kele,2,128.5045,-7.396000000000001,0.6599999999999999
Kelis,4,131.04174999999998,-6.40475,0.7695
Kelley Polar,1,135.045,-9.591,0.459
Kellie Pickler,7,125.41799999999999,-4.196285714285714,0.8518571428571429
Kelly Clarkson,23,122.4268695652174,-4.554565217391304,0.7964782608695652
Kelly Llorenna,1,137.88,-5.452,0.925
Kelly Rowland,4,133.42825,-7.47025,0.6305
Kelsey Lu,1,130.411,-12.679,0.523
Ken Boothe,2,103.707,-13.778,0.365
Ken Ishii,2,141.02499999999998,-9.530999999999999,0.969
Kendji Girac,1,112.001,-4.531,0.731
Kendrick Lamar,5,109.6338,-7.0342,0.6812
Kenny Burrell,2,103.8935,-15.251999999999999,0.297
Kenny Chesney,12,133.064,-6.968083333333333,0.7110833333333333
Kenny G,1,81.721,-7.467,0.497
Kenny G & Aaron Neville,1,79.271,-8.362,0.545
Kenny Loggins,3,149.48933333333335,-6.3373333333333335,0.7816666666666666
Kenny Rogers,4,110.3535,-14.76825,0.403
Kenny Rogers & Dolly Parton,1,204.016,-4.512,0.663
Kenny Rogers & The First Edition,1,115.287,-14.852,0.51
Kenny Wayne Shepherd Band,1,172.969,-7.742,0.913
Kent,38,126.81257894736841,-7.495973684210526,0.6706842105263158
Kent Jones,1,106.29,-5.152,0.76
Keny Arkana,1,97.499,-2.95,0.896
Kenyon Hopkins,1,140.917,-10.273,0.566
Keren Ann,19,101.31363157894737,-12.369631578947368,0.3334736842105263
Keri Hilson,4,122.19025,-5.773,0.7402500000000001
Keri Leigh,1,124.5,-7.551,0.615
Kerli,4,117.48625000000001,-3.30725,0.87625
Kero Kero Bonito,1,124.998,-4.318,0.863
Kettcar,19,125.49331578947368,-7.518526315789474,0.6763684210526316
Kettel,2,108.004,-11.1845,0.5875
Kevin Devine,1,111.598,-9.0,0.523
Kevin Drew,1,78.076,-16.955,0.148
Kevin Johansen,2,130.4485,-10.777,0.5934999999999999
Kevin Kern,2,82.876,-20.1965,0.0557
Kevin Rudolf,2,118.769,-4.742,0.837
Keyshia Cole,6,110.243,-4.574000000000001,0.6725
Keziah Jones,1,83.982,-5.903,0.495
Khaled,1,98.759,-7.343,0.859
Khalid,4,85.8065,-11.199,0.40125
Khlyst,4,118.697,-13.19,0.52
Kiasmos,4,121.01025,-11.246500000000001,0.47675
Kid Cudi,10,115.9879,-6.9756,0.6900999999999999
Kid Koala,9,104.79144444444445,-12.132666666666667,0.585
Kid Loco,4,103.72850000000001,-7.159,0.773
Kid Rock,3,108.51833333333333,-3.442666666666667,0.9053333333333334
Kid Sister,1,125.956,-6.141,0.929
Kids in Glass Houses,4,163.12225,-3.7840000000000003,0.9007499999999999
Kids of 88,1,131.972,-4.363,0.76
Kiesza,5,114.11480000000002,-6.6096,0.5804
Kiiara,1,113.049,-9.343,0.412
Kiko Veneno,1,107.956,-14.982,0.718
Kill Memory Crash,1,117.998,-4.257,0.875
Kill Paris,1,109.95,-5.953,0.646
Kill the Noise,5,134.353,-5.279,0.9029999999999999
Killer Mike,1,83.687,-10.64,0.659
Killing Joke,6,143.28766666666667,-10.251333333333333,0.8565
Killswitch Engage,20,128.25555,-4.3881,0.9269999999999999
Kilo Kish,1,135.903,-7.42,0.679
Kim Carnes,1,116.568,-7.992,0.555
Kim Cesarion,1,119.942,-3.517,0.853
Kim Fox,1,103.681,-5.172,0.94
Kim Mitchell,1,110.44,-14.357,0.483
Kim Petras,1,149.929,-8.681,0.496
Kim Weston,1,178.73,-6.212,0.86
Kim Wilde,4,136.01175,-5.71075,0.8029999999999999
Kimbra,1,93.994,-6.34,0.666
Kimya Dawson,7,131.91657142857142,-13.701857142857142,0.3057142857142857
Kindness,3,105.21499999999999,-9.052999999999999,0.6626666666666666
King,1,126.026,-6.736,0.657
King Conquer,1,127.462,-4.613,0.996
King Curtis,1,113.168,-8.833,0.694
King Diamond,6,119.07,-5.778666666666666,0.9274999999999999
King Dude,5,125.27179999999998,-8.3892,0.7104
King Floyd,1,102.142,-9.744,0.47
King Geedorah,4,95.5575,-2.5835,0.917
King Gizzard & The Lizard Wizard,1,104.203,-5.269,0.915
King Krule,3,114.93066666666668,-8.571333333333333,0.5863333333333334
King Midas Sound,1,88.055,-10.962,0.714
King Princess,2,120.881,-8.307,0.5575
King Sunny Ade,1,105.026,-15.27,0.452
King Tubby,2,154.243,-11.1025,0.46499999999999997
Kingdom Come,1,126.161,-7.946,0.642
Kingdom of Sorrow,1,135.738,-3.418,0.983
Kings of Convenience,22,127.66199999999999,-12.7585,0.3750454545454545
Kings of Leon,50,128.19686,-6.18028,0.72236
Kingston Wall,2,122.3775,-7.9785,0.73
Kinky,3,117.16699999999999,-7.34,0.8816666666666667
Kip Moore,2,105.555,-8.1965,0.5925
Kirsty Hawkshaw,1,124.005,-8.435,0.826
Kiss,28,125.72039285714285,-6.738035714285714,0.8441071428571428
Kissin' Dynamite,1,145.011,-4.246,0.961
Kitaro,14,111.36521428571429,-13.789285714285713,0.3630714285714286
Kittie,9,136.567,-4.978555555555555,0.8725555555555555
Kitty Wells,1,137.043,-7.019,0.332
"Kitty, Daisy & Lewis",1,88.654,-5.995,0.627
Kiuas,23,117.17639130434782,-4.583130434782609,0.8954347826086956
Kivimetsän Druidi,7,120.80485714285714,-4.215571428571429,0.9514285714285714
Klaus Badelt,11,108.50072727272727,-13.381,0.3402454545454546
Klaxons,7,139.48271428571428,-3.650714285714286,0.8772857142857143
Klaypex,1,142.022,-3.406,0.943
Klee,2,128.0605,-7.281,0.6950000000000001
Kleerup,5,119.3996,-6.5,0.7626000000000001
Klute,3,171.016,-5.145,0.884
Knife Party,4,155.50650000000002,-3.2555,0.956
Knights Of The Abyss,7,122.09185714285715,-4.115571428571429,0.9695714285714285
Knorkator,1,140.038,-5.833,0.964
Kodaline,1,124.009,-4.773,0.825
Kode9,3,123.29033333333332,-11.770333333333333,0.5716666666666667
Kode9 & The Spaceape,4,148.77425,-9.382,0.57075
Koko Taylor,1,153.678,-9.697,0.616
Kollektiv Turmstrasse,1,125.006,-10.694,0.565
Kombajn Do Zbierania Kur Po Wioskach,2,153.2715,-4.693,0.8825000000000001
Kool & The Gang,8,113.23949999999999,-9.047625,0.769125
Kool Savas,2,85.026,-5.709,0.698
Kool Savas & Azad,1,90.979,-6.224,0.673
Koop,18,122.77194444444444,-11.754833333333332,0.5371111111111111
Koreless,1,177.643,-10.84,0.386
Kormac,1,123.143,-6.413,0.83
Korn,72,116.755875,-6.190819444444444,0.8277361111111111
Korpiklaani,32,131.2811875,-4.586,0.90990625
Kortez,1,129.94,-10.412,0.409
Kosheen,6,115.86233333333332,-7.880333333333333,0.6903333333333334
Kostia,1,118.299,-26.61,0.0501
Koushik,1,91.68,-11.44,0.553
Kraak & Smaak,1,109.964,-4.335,0.9
Krach,1,144.76,-10.829,0.646
Kraddy,1,137.934,-5.036,0.812
Kraftklub,2,117.03399999999999,-4.314,0.776
Kraftwerk,14,116.7645,-16.080142857142857,0.5021428571428571
Krazy Baldhead,1,179.977,-8.084,0.698
Kreator,53,116.72837735849058,-6.915754716981133,0.9413018867924527
Krewella,3,122.676,-2.124333333333333,0.9343333333333333
Kris Allen,1,92.045,-2.98,0.888
Kris Kristofferson,5,80.577,-12.1998,0.3148
Krishna Das,4,105.072,-10.867,0.5680000000000001
Krisiun,1,115.73,-4.926,0.974
Kristine W.,1,134.07,-6.277,0.865
Kromestar,1,141.188,-7.35,0.403
Kronos Quartet,1,100.845,-8.8,0.23
Kruder & Dorfmeister,4,147.2805,-12.97025,0.6
Krypteria,12,117.13841666666667,-7.615749999999999,0.6934999999999999
Kubb,1,155.199,-3.9,0.826
Kuedo,1,120.997,-7.217,0.937
Kula Shaker,15,108.12806666666667,-9.747399999999999,0.65794
Kult,6,134.981,-7.163666666666667,0.8306666666666667
Kultur Shock,4,98.033,-7.07025,0.81325
Kurt Vile,8,113.680125,-10.630875,0.634
Ky-Mani Marley,1,99.489,-5.86,0.777
Kyau vs. Albert,3,136.67133333333334,-8.801666666666668,0.7666666666666666
Kygo,3,102.67233333333333,-7.204666666666667,0.6669999999999999
Kylesa,2,94.4095,-6.5184999999999995,0.896
Kylie Minogue,19,119.47542105263157,-6.287368421052632,0.7547894736842105
Kyo,2,164.80700000000002,-6.723,0.833
Kyoto Jazz Massive,2,122.507,-5.934,0.9175
Kyte,2,80.52000000000001,-8.306000000000001,0.515
Kyuss,9,151.0268888888889,-14.420444444444444,0.585
L'Arc~en~Ciel,22,117.25063636363637,-4.96109090909091,0.8530454545454546
L'Âme Immortelle,17,132.05811764705882,-7.87129411764706,0.7421176470588235
L7,9,125.35966666666667,-7.986,0.8505555555555556
LCD Soundsystem,31,128.60267741935485,-7.6976774193548385,0.7415483870967742
LFO,5,127.95540000000001,-11.865199999999998,0.8225999999999999
LIL PUMP,1,119.889,-6.71,0.523
LL Cool J,4,92.8075,-9.5405,0.575
LMC vs. U2,1,128.593,-6.718,0.946
LMFAO,5,129.0182,-3.7466,0.8178000000000001
LP,1,173.938,-6.656,0.763
LTJ Bukem,7,145.87814285714285,-8.268857142857142,0.731
La Bouche,1,134.788,-6.424,0.929
La Dispute,2,130.764,-7.09,0.833
La Grande Sophie,1,103.354,-5.001,0.933
La Kinky Beat,1,172.967,-3.713,0.922
La Mosca Tsé-Tsé,1,99.289,-6.033,0.823
La Oreja de Van Gogh,2,156.4735,-6.147,0.6655
La Pegatina,1,115.248,-6.521,0.782
La Phaze,1,102.001,-3.553,0.919
La Quinta Estación,2,147.5115,-4.761,0.7695000000000001
La Roux,14,130.22592857142857,-4.397285714285714,0.7574285714285715
La Rue Kétanou,8,126.628,-7.287,0.4645
La Tordue,2,119.319,-8.806000000000001,0.522
La Vela Puerca,1,114.024,-5.639,0.675
LaVern Baker,1,168.298,-6.602,0.712
LaVern Baker & Jimmy Ricks,1,112.074,-8.375,0.402
Laakso,3,157.78333333333333,-5.088666666666666,0.8029999999999999
Labradford,5,98.3862,-21.2374,0.20928
Labyrinth,1,169.891,-6.865,0.852
Lacrimosa,15,123.8548,-9.6086,0.5441333333333334
Lacuna Coil,22,120.70786363636363,-5.620045454545455,0.7855
Lady Antebellum,8,125.430375,-4.857875,0.696625
Lady Gaga,33,118.17572727272727,-5.753969696969697,0.7043636363636363
Lady Sovereign,4,132.46925,-4.8425,0.827
Ladyhawke,11,132.98436363636364,-4.618545454545455,0.8059999999999999
Ladytron,29,125.84355172413794,-6.2410000000000005,0.8025517241379311
Lafee,1,139.999,-6.547,0.67
Lagwagon,13,124.09369230769231,-5.28476923076923,0.913923076923077
Laibach,8,113.499375,-8.793375,0.764875
Laid Back,1,167.808,-5.974,0.784
Laith Al-Deen,1,205.654,-6.292,0.803
Lake of Tears,8,110.622375,-7.1053749999999996,0.696375
Lakeside,1,114.767,-11.924,0.603
Laleh,2,139.8385,-10.084,0.33799999999999997
Lali Puna,8,115.398,-10.790125,0.490875
Lamb,20,116.42249999999999,-8.3915,0.61105
Lamb of God,34,123.0125,-3.3663235294117646,0.9728823529411765
Lambchop,1,89.776,-12.436,0.562
Lambretta,1,139.541,-3.018,0.912
Lamont Dozier,1,188.631,-7.283,0.899
Lana Del Rey,24,118.86425000000001,-8.643875,0.5162083333333333
Land of Talk,3,118.88699999999999,-6.813,0.7356666666666666
Landon Pigg,1,83.457,-7.933,0.561
Lao Che,3,155.171,-7.164333333333334,0.7959999999999999
Lapalux,1,158.89,-10.32,0.269
Lara & Reyes,1,114.038,-7.217,0.783
Lara Fabian,3,111.781,-11.058,0.43966666666666665
Laraaji,1,112.125,-10.42,0.838
Lard,2,170.3585,-7.2330000000000005,0.929
Laroque,1,173.981,-6.474,0.953
Larry Carlton,1,144.223,-14.39,0.378
Larry Ford,1,84.274,-9.838,0.511
Lars Winnerbäck,3,102.80966666666666,-8.309,0.6566666666666666
Las Ketchup,1,184.846,-4.4,0.957
Lasgo,1,140.017,-6.682,0.982
Late Night Alumni,1,125.986,-8.026,0.893
Late of the Pier,9,148.64,-5.291222222222222,0.8371111111111111
Laura Branigan,1,106.596,-6.002,0.879
Laura Marling,20,120.87485,-10.7143,0.38207
Laura Nyro,2,146.1145,-6.4190000000000005,0.618
Laura Veirs,2,135.174,-11.5125,0.4095
Laurel Aitken,1,140.095,-9.22,0.501
Laurent Garnier,7,136.33285714285714,-9.590714285714286,0.7734285714285714
Laurent Voulzy,1,129.463,-6.169,0.756
Laurent Wolf,1,130.013,-4.455,0.685
Laurie Anderson,2,94.845,-13.444500000000001,0.5225
Lauv,1,95.998,-8.543,0.45
Lawrence,1,125.007,-9.574,0.631
Lawrence English,1,74.004,-25.695,0.0521
Layo & Bushwacka!,1,173.893,-8.708,0.571
Le Click,1,133.658,-7.096,0.72
Le Peuple de l'Herbe,2,106.81,-7.166,0.8065
Le Sport,2,125.027,-7.3919999999999995,0.9199999999999999
Le Tigre,13,131.4243846153846,-4.3342307692307696,0.8613076923076922
LeAnn Rimes,2,103.1495,-5.6765,0.489
LeToya,1,135.963,-5.408,0.587
Lea Salonga,1,125.285,-8.564,0.367
Leadbelly,2,134.663,-10.524000000000001,0.257
Leandra,1,82.079,-8.232,0.488
Leaves' Eyes,2,126.5015,-5.5874999999999995,0.669
Lebanon Hanover,1,165.048,-15.372,0.334
Lebo M,1,114.987,-9.716,0.599
Lech Janerka,1,92.512,-9.597,0.735
Led Zeppelin,53,115.76147169811321,-10.629981132075471,0.6473207547169811
"Lee ""Scratch"" Perry",2,110.98849999999999,-9.405999999999999,0.5660000000000001
"Lee ""Scratch"" Perry & The Upsetters",2,149.324,-16.3965,0.25565
Lee Ann Womack,1,151.109,-9.592,0.451
Lee Brice,2,158.51049999999998,-6.4159999999999995,0.6499999999999999
Lee Dorsey,1,140.659,-10.616,0.565
Lee Fields & The Expressions,2,168.5725,-5.733499999999999,0.618
Lee Morgan,2,107.286,-10.719000000000001,0.35150000000000003
Lee Ritenour,2,103.31700000000001,-13.789,0.5045
Leena Conquest,1,105.944,-9.935,0.626
Left Lane Cruiser,1,152.87,-2.79,0.981
Leftfield,17,134.7645294117647,-11.468235294117648,0.7140588235294117
Leftöver Crack,9,135.78744444444445,-4.879888888888889,0.9548888888888888
Legião Urbana,6,145.2313333333333,-10.607833333333334,0.6388333333333334
Legowelt,1,135.855,-5.52,0.946
Lemar,1,90.015,-7.654,0.593
Lemon Jelly,3,126.171,-12.457666666666666,0.5346666666666667
Lemongrass,7,128.056,-8.748714285714286,0.6812857142857143
Lemâitre,1,117.965,-6.122,0.775
Len Faki,1,122.061,-10.299,0.618
Lena,2,148.517,-7.412,0.629
Lene Marlin,2,118.0925,-9.651499999999999,0.5235000000000001
Leng Tch'e,6,148.09966666666665,-4.069333333333334,0.9375
Lenka,3,118.34066666666666,-5.1610000000000005,0.5336666666666666
Lenny Kravitz,24,114.77595833333334,-7.392208333333333,0.6909583333333332
Leo Sayer,3,101.43833333333333,-9.090333333333334,0.5456666666666666
Leon Bridges,1,134.115,-7.916,0.667
Leon Russell,1,159.219,-9.421,0.616
Leona Lewis,9,114.58266666666665,-5.102666666666667,0.6162222222222222
Leonard Bernstein,1,89.155,-14.583,0.18
Leonard Cohen,47,121.68644680851064,-16.395638297872342,0.25572340425531914
Leprous,3,116.60666666666667,-5.664999999999999,0.739
Leroy Hutson,1,91.668,-14.96,0.382
Les Claypool,6,104.65083333333332,-6.247,0.8391666666666667
Les Claypool's Frog Brigade,2,128.94400000000002,-4.849,0.9199999999999999
Les Discrets,1,120.124,-9.922,0.805
Les Nubians,3,119.38166666666666,-6.7123333333333335,0.5609999999999999
Les Négresses Vertes,2,84.9815,-12.651,0.491
Les Rita Mitsouko,2,116.70150000000001,-5.4955,0.7765
Les Rythmes Digitales,2,119.5615,-5.952999999999999,0.9490000000000001
Les Savy Fav,6,130.922,-6.314166666666666,0.835
Lesiëm,4,117.56174999999999,-8.753,0.50125
Lesley Gore,2,124.806,-10.106,0.601
Less Than Jake,37,138.46516216216216,-3.9709459459459455,0.934864864864865
Lester Flatt & Earl Scruggs,1,161.187,-6.18,0.882
Lester Young,1,83.751,-10.098,0.114
Letherette,1,110.024,-4.299,0.831
Letzte Instanz,14,102.36264285714286,-4.163785714285714,0.8466428571428571
Leviathan,1,135.039,-12.47,0.351
Lewis Watson,1,129.986,-8.051,0.668
Lexy & K. Paul,1,128.013,-6.675,0.622
Lhasa,1,92.031,-14.857,0.255
Lhasa de Sela,4,113.43475000000001,-11.0375,0.3292
Lia Ices,1,126.035,-8.438,0.296
Liaisons Dangereuses,1,114.585,-5.363,0.981
Liam Lynch,1,84.537,-7.208,0.671
Lianne La Havas,2,134.0335,-10.1035,0.379
Liars,36,124.49480555555556,-9.318083333333334,0.6236944444444444
Liberty X,1,103.876,-6.534,0.606
Library Tapes,3,97.98599999999999,-23.23866666666667,0.04774333333333333
Liesbeth List,2,108.7675,-13.073,0.28200000000000003
Life Cried,1,126.015,-2.092,0.992
Life Without Buildings,1,127.423,-7.359,0.848
Life of Agony,2,156.88299999999998,-3.862,0.981
Lifehouse,17,126.42729411764707,-6.392882352941177,0.660235294117647
Lifelike,1,125.979,-5.007,0.956
Lifelover,23,122.87808695652174,-5.394260869565217,0.8326521739130435
Lifetime,1,100.489,-6.848,0.948
Light This City,2,108.4025,-1.1375000000000002,0.9975
Lighthouse Family,3,94.108,-7.537333333333334,0.7153333333333333
Lightnin' Hopkins,1,148.985,-3.399,0.68
Lightning Bolt,30,125.6611,-5.066466666666667,0.9375
Lightning Dust,1,159.574,-9.267,0.846
Lights,3,136.778,-5.867,0.718
Lights Out Asia,2,137.4615,-9.299,0.719
Lightspeed Champion,2,110.7215,-10.881,0.513
Lil Baby,1,119.958,-9.309,0.346
Lil Nas X,1,140.081,-5.614,0.679
Lil Tecca,1,179.974,-6.257,0.642
Lil Twist,1,151.986,-7.746,0.775
Lil' Flip,1,74.899,-3.403,0.758
Lil' Kim,3,108.37966666666667,-10.330333333333334,0.6293333333333333
Lil' Wayne,5,130.0458,-5.590400000000001,0.7438
Lila Downs,3,100.16733333333333,-8.452,0.307
Lilly Wood & The Prick,1,114.985,-5.725,0.517
Lily Allen,22,132.04204545454547,-7.2355909090909085,0.7810909090909092
Limbonic Art,1,94.64,-5.34,0.655
Limewax,1,175.064,-4.742,0.809
Limp Bizkit,31,104.86,-5.967354838709677,0.8146129032258065
Linda Lyndell,1,173.157,-6.296,0.759
Linda Ronstadt,1,95.158,-10.394,0.202
Linda Scott,1,118.555,-9.799,0.534
Lindsay Lohan,6,114.17966666666666,-3.736,0.8569999999999999
Lindsey Stirling,4,135.74025,-4.92425,0.89125
Lindstrøm,5,129.747,-10.8092,0.6958
Linea Aspera,1,120.992,-12.614,0.551
Link Wray,1,84.839,-9.487,0.609
Linkin Park,32,122.8069375,-6.447875,0.8035
Linton Kwesi Johnson,1,129.2,-15.344,0.418
Lionel Richie,10,120.62370000000001,-10.8686,0.4925
Lior,1,116.613,-13.268,0.223
"Lipps, Inc.",1,122.724,-8.91,0.606
Liquid Child,1,137.959,-10.527,0.786
Liquid Liquid,2,119.3905,-8.429,0.857
Liquid Tension Experiment,13,122.04192307692308,-5.939538461538461,0.8301538461538461
Liquido,1,128.039,-6.182,0.783
Lisa Ekdahl,2,130.375,-11.399000000000001,0.403
Lisa Gerrard,12,99.11766666666666,-17.52075,0.23913333333333334
Lisa Hannigan,5,113.96,-12.2392,0.333
Lisa Loeb,3,124.44633333333333,-6.480666666666667,0.7533333333333333
Lisa Lynne,3,87.68966666666667,-14.102333333333332,0.2926666666666667
Lisa Mitchell,1,113.98,-10.715,0.485
Lisa Shaw,1,119.991,-8.455,0.597
Lissie,1,119.962,-10.375,0.481
Lissy Trullie,1,139.767,-6.806,0.749
Lit,5,113.229,-3.214,0.9209999999999999
Lita Ford,2,136.546,-9.6055,0.613
Lite,3,120.94066666666667,-4.501333333333333,0.848
Little Anthony & the Imperials,1,99.714,-6.403,0.406
Little Big,1,119.985,-8.085,0.823
Little Big Town,3,115.65233333333333,-5.2956666666666665,0.785
Little Boots,3,129.991,-5.765333333333333,0.8256666666666667
Little Dragon,9,132.606,-9.14411111111111,0.5633333333333334
Little Eva,1,127.991,-13.291,0.689
Little Feat,7,121.93985714285714,-9.893857142857144,0.5885714285714286
Little Jackie,1,106.015,-5.549,0.665
Little Joy,8,104.71412500000001,-10.406125,0.3986625
Little Man Tate,5,150.3828,-4.899,0.8716000000000002
Little Mix,3,91.01400000000001,-4.839333333333333,0.7493333333333334
Little People,5,118.14000000000001,-9.9986,0.6364
Little Porkchop,1,139.504,-5.605,0.773
Little Richard,7,160.8742857142857,-8.959285714285715,0.6474285714285715
Little River Band,4,115.583,-9.348749999999999,0.5625
Little Simz,1,100.063,-6.485,0.641
Little Texas,2,129.69549999999998,-11.7335,0.523
Little Walter,2,119.773,-8.546,0.5235
Liturgy,2,77.6665,-5.221,0.65
Liv,1,89.961,-3.768,0.882
Liv Kristine,4,128.91725,-10.07,0.55075
Live,21,122.8254761904762,-7.260238095238096,0.7153333333333334
Living Colour,3,127.54066666666667,-6.805,0.7210000000000001
Liz Phair,10,124.9075,-7.504300000000001,0.6741
Liz Story,1,68.587,-17.826,0.18
Lizz Wright,1,106.654,-15.265,0.22
Lizzo,2,139.0085,-3.017,0.7565
Lizzy Mercier Descloux,2,98.4095,-8.5685,0.625
Llewellyn,3,78.118,-24.773,0.07496666666666667
Llorca,3,124.02633333333334,-10.685666666666668,0.7593333333333333
Lloyd,8,127.185125,-7.22025,0.619375
Lloyd Banks,3,123.17433333333334,-4.854,0.7423333333333333
Lloyd Cole and The Commotions,2,127.9,-6.583500000000001,0.837
Lloyd Price,1,129.793,-13.855,0.388
Lo-Fang,1,119.754,-12.517,0.309
Lo-Fi-Fnk,3,131.65133333333333,-6.271333333333334,0.6313333333333333
Loadstar,1,215.023,-4.577,0.971
Lobo,1,73.347,-12.419,0.353
Local H,4,130.31175000000002,-6.08325,0.79725
Local Natives,15,113.83566666666667,-8.047266666666667,0.6644666666666666
Lock Up,1,122.905,-6.734,0.972
Loco Dice,3,123.97333333333334,-12.104333333333335,0.7200000000000001
Locrian,1,143.596,-7.368,0.637
Loggins & Messina,3,129.32,-8.644,0.5143333333333333
Logh,1,119.98,-7.933,0.661
Logistics,24,173.51516666666666,-5.849374999999999,0.9365416666666667
Logo,1,124.988,-6.849,0.85
Loleatta Holloway,1,117.128,-9.337,0.756
Lolene,1,120.033,-7.657,0.549
Loma Prieta,1,86.751,-3.037,0.996
London After Midnight,9,123.31755555555554,-6.323888888888889,0.8065555555555556
London Elektricity,28,153.29732142857142,-6.691928571428571,0.8915
London Grammar,4,88.82974999999999,-11.52225,0.38175
Londonbeat,1,113.539,-7.074,0.828
Lonestar,5,155.7018,-5.5738,0.597
Long Arm,2,113.35849999999999,-7.2620000000000005,0.704
Long Beach Dub All Stars,4,125.479,-3.7005,0.825
Long Beach Shortbus,4,113.1435,-8.702,0.619
Long Distance Calling,6,131.41666666666666,-7.726500000000001,0.753
Lonnie Liston Smith,1,127.251,-8.855,0.816
Looking Glass,2,126.3035,-9.215,0.6955
Loona,1,131.005,-4.483,0.959
Looptroop,5,96.09880000000001,-7.9358,0.7034
Looptroop Rockers,1,191.976,-7.067,0.9
Lopazz,1,125.04,-9.969,0.641
Lorbi,1,106.769,-16.291,0.244
Lord Huron,2,114.98400000000001,-8.307500000000001,0.715
Lorde,4,111.1485,-10.2645,0.44075
Lordi,5,123.2394,-4.349,0.9481999999999999
Lords of Acid,1,169.216,-2.001,0.806
Lordsong,1,123.953,-7.616,0.245
Loreen,2,130.61,-5.2385,0.8025
Loreena McKennitt,15,101.21633333333332,-12.452266666666667,0.27829333333333334
Loretta Lynn,5,97.97959999999999,-7.6286000000000005,0.5484
Lorn,4,132.565,-7.764,0.71325
Los Auténticos Decadentes,3,113.39566666666667,-6.560666666666666,0.7423333333333334
Los Bravos,1,130.087,-8.65,0.642
Los Cafres,2,131.48399999999998,-10.7335,0.5485
Los Campesinos!,1,157.593,-4.329,0.884
Los Cojolites,1,139.321,-11.241,0.6
Los Del Rio,1,103.201,-7.704,0.883
Los Delinqüentes,3,104.589,-7.489333333333334,0.7283333333333334
Los Fabulosos Cadillacs,20,130.72809999999998,-8.1101,0.7933
Los Hermanos,4,121.027,-8.24125,0.518
Los Lobos,2,131.903,-9.3335,0.6595
Los Látigos,1,119.944,-5.537,0.618
Los Pericos,3,102.13,-8.125,0.5843333333333334
Los Prisioneros,1,180.507,-8.996,0.628
Los Rodríguez,1,104.854,-3.696,0.926
Los Titanes,1,100.894,-7.209,0.786
Los Tres,1,115.292,-8.478,0.549
Loscil,7,120.72500000000001,-18.108428571428572,0.2534
Lost Frequencies,1,121.017,-10.825,0.499
Lostprophets,1,105.066,-2.701,0.928
Lou Bega,2,174.2345,-8.1475,0.7755000000000001
Lou Donaldson,2,110.5805,-17.853,0.1516
Lou Reed,19,127.04173684210527,-13.795526315789473,0.48936842105263156
Louane,1,114.003,-8.139,0.554
Louie Austen,2,119.5635,-6.901,0.7645
Louis Armstrong,16,107.074,-9.7949375,0.3799375
Louis Prima,4,145.92275,-12.0405,0.4575
Louis XIV,1,92.212,-15.932,0.537
Louise Attaque,15,122.02706666666667,-7.9674,0.6075999999999999
Lovage,3,107.49433333333333,-9.651666666666666,0.5670000000000001
Love,10,119.52770000000001,-8.7048,0.6973
Love And Rockets,1,125.702,-8.261,0.748
Love Is All,5,147.1888,-2.4823999999999997,0.9254
Love Like Blood,1,130.177,-8.931,0.716
Lovehatehero,9,143.41155555555554,-4.552444444444444,0.9381111111111111
Loverboy,2,136.5185,-6.160500000000001,0.8705
Low,32,115.72059375,-13.628187500000001,0.2776521875
Lowell Fulson,1,94.807,-8.322,0.725
Lower Definition,1,123.086,-4.791,0.924
Lower Dens,4,127.50775,-10.693000000000001,0.5257499999999999
Lowlife,2,108.77449999999999,-8.348500000000001,0.7005
Lu,1,176.06,-4.433,0.784
Luca Turilli,1,111.619,-5.603,0.448
Luca Turilli's Rhapsody,1,81.116,-10.667,0.376
Luciana Souza,1,124.78,-9.463,0.359
Luciano Pavarotti,5,99.32939999999999,-12.384,0.296
Lucie Niemelä,1,146.668,-9.907,0.41
Lucienne Boyer,1,74.684,-12.816,0.104
Lucille Bogan,2,87.688,-17.85,0.08095000000000001
Lucinda Williams,9,129.74433333333334,-7.971,0.5471111111111111
Lucky Soul,1,138.104,-4.346,0.813
Lucy Rose,1,134.352,-9.601,0.23
Lucy Swann,1,152.166,-9.647,0.531
Ludacris,5,103.8504,-5.7124,0.7412000000000001
Ludovico Einaudi,49,112.14230612244899,-24.664346938775513,0.11268448979591837
Ludwig van Beethoven,7,114.502,-18.856428571428573,0.17907142857142858
Luigi Boccherini,2,99.6155,-20.6915,0.1717
Luis Fonsi,2,166.95850000000002,-6.593,0.655
Luis Miguel,1,144.075,-8.814,0.428
Luiz Bonfá,1,99.125,-17.365,0.248
Lukas Graham,1,120.023,-8.761,0.412
Luke Bryan,11,123.67372727272728,-4.974636363636364,0.7774545454545454
Luke Vibert,7,129.91914285714284,-7.093285714285714,0.885
Lukid,3,110.20100000000001,-12.911666666666667,0.49233333333333335
Lullatone,4,116.31125,-17.253,0.29475
Lulu,2,115.95349999999999,-7.2615,0.619
Lulu Rouge,5,119.4304,-18.1012,0.32799999999999996
Luna,3,155.55933333333334,-7.830000000000001,0.6236666666666667
Luna Mortis,1,104.011,-4.628,0.953
Lunascape,4,144.486,-7.32975,0.7455
Lunatic Calm,1,135.633,-5.407,0.941
Lunatic Soul,2,108.1895,-11.7575,0.467
Lunatica,5,135.99079999999998,-4.1652000000000005,0.8962
Lunchmoney Lewis,1,125.982,-6.404,0.635
Lunice,1,92.026,-11.224,0.674
Luniz,1,174.074,-8.34,0.684
Luomo,10,123.8877,-11.6934,0.5107999999999999
Lupe Fiasco,8,98.606,-5.0695,0.8045
Lush,19,135.34173684210526,-9.986578947368422,0.7803684210526316
Lusine,13,123.31246153846153,-8.538846153846153,0.7045384615384616
Lust for Youth,1,127.988,-11.789,0.552
Lustmord,4,115.0005,-14.510749999999998,0.40349999999999997
Lustre,1,48.761,-13.182,0.488
Lutan Fyah,1,83.502,-9.1,0.578
Luther Vandross,6,107.34533333333331,-11.145666666666665,0.4366666666666667
Lycia,1,90.995,-10.155,0.426
Lydia,2,126.48849999999999,-8.386,0.6035
Lyfe Jennings,1,87.971,-8.656,0.495
Lykke Li,22,119.89777272727274,-8.446954545454545,0.5259090909090909
Lyle Lovett,1,90.347,-14.87,0.26
Lymbyc Systym,2,114.019,-10.7305,0.49249999999999994
Lyn Collins,1,113.274,-17.064,0.405
Lynn Anderson,1,150.368,-7.982,0.796
Lynyrd Skynyrd,23,127.21565217391304,-9.815391304347825,0.6491304347826087
Lyriel,1,138.001,-3.272,0.896
Låpsley,1,116.009,-9.35,0.433
Léo Delibes,2,74.379,-27.668,0.0445
Léo Ferré,1,109.949,-13.694,0.234
Léon,1,178.091,-7.87,0.534
Lô Borges,1,144.022,-13.811,0.325
M,1,110.809,-12.823,0.694
M. Pokora,1,113.952,-4.167,0.896
M. Ward,15,111.77400000000002,-9.9946,0.5603333333333332
M.I.A.,27,138.44314814814814,-6.199851851851851,0.7838518518518519
M.O.P.,1,94.228,-6.121,0.774
M/A/R/R/S,1,113.032,-6.088,0.86
M2M,1,97.556,-6.241,0.723
M6,1,127.991,-12.515,0.861
M83,38,117.79618421052632,-10.33221052631579,0.4209216315789474
MAE,12,132.46516666666668,-7.306916666666667,0.6645833333333333
MC Chris,1,148.028,-3.876,0.956
MC Hammer,1,133.36,-5.693,0.765
MC Solaar,4,94.48775,-6.34525,0.68575
MC5,3,101.17033333333335,-10.298,0.758
MDC,3,135.95366666666666,-12.324,0.7803333333333334
METZ,1,176.071,-6.648,0.98
MF DOOM,8,105.214375,-7.141375,0.754
MGMT,19,126.34126315789473,-5.548684210526316,0.7872105263157895
MKTO,1,102.066,-4.858,0.774
MRK1,5,140.0112,-10.3064,0.6952
MSTRKRFT,11,128.8990909090909,-3.9369090909090905,0.8765454545454545
MU330,6,115.50466666666667,-5.456166666666667,0.8798333333333334
MUD,2,96.3075,-11.352,0.6035
Maanam,9,123.18922222222221,-12.231777777777777,0.5450111111111111
Mabel,1,98.985,-2.852,0.869
Mac DeMarco,6,101.15350000000001,-7.623666666666666,0.7121666666666666
Mac Miller,6,120.298,-7.6241666666666665,0.5661666666666667
Macabre,2,92.6465,-1.8835,0.9715
Macaco,8,106.775125,-4.4725,0.803875
Macbeth,1,126.535,-8.84,0.794
Maceo & The Macks,1,204.264,-11.954,0.598
Machinae Supremacy,10,110.3915,-4.5759,0.8289
Machine Head,16,120.647,-5.158375,0.9672499999999999
Machinedrum,1,159.912,-8.635,0.848
Machinemade God,1,200.067,-5.154,0.959
Macklemore & Ryan Lewis,2,118.5085,-7.375,0.7050000000000001
Macy Gray,10,129.0262,-5.1334,0.8238
Mad Caddies,40,134.45105,-5.769625,0.814125
Mad Season,8,122.372,-8.658,0.6154999999999999
Madeleine Peyroux,22,104.10327272727272,-13.052727272727271,0.2685454545454546
Madeon,1,112.183,-2.445,0.852
Madina Lake,3,128.22566666666668,-4.667333333333333,0.872
Madison Avenue,1,124.512,-6.131,0.951
Madlib,7,116.76985714285715,-9.418142857142856,0.6537142857142858
Madness,16,131.4291875,-5.820375,0.8109375
Madonna,45,115.45815555555556,-7.715644444444445,0.7018222222222222
Madredeus,2,103.804,-9.5105,0.40800000000000003
Madrugada,3,107.476,-4.306333333333334,0.8743333333333334
Madsen,8,150.46175,-5.6065000000000005,0.79
Maduk,1,174.953,-2.001,0.941
Madvillain,14,104.79792857142857,-8.865928571428572,0.7329285714285714
Maethelvin,1,115.002,-8.834,0.827
Magazine,2,128.26749999999998,-8.782,0.798
Maggie Rogers,2,99.5035,-9.603,0.46249999999999997
Magic System,1,119.031,-5.534,0.89
Magic!,2,146.0285,-6.1195,0.6719999999999999
Magik Markers,1,178.208,-5.029,0.97
Magion,1,77.609,-4.589,0.711
Magna Canta,4,142.01075,-9.02875,0.71475
Magnetic Man,3,133.62066666666666,-4.868666666666667,0.8056666666666666
Magnolia Electric Co.,1,176.539,-6.371,0.758
Mahavishnu Orchestra,8,111.770625,-16.72225,0.518375
Mahmoud Ahmed,1,116.812,-8.597,0.598
Maino,1,149.342,-10.568,0.725
Majestic Downfall,1,120.019,-5.259,0.922
Major Lance,1,117.412,-10.129,0.451
Major Lazer,3,115.348,-5.385666666666666,0.8536666666666667
Major Organ And The Adding Machine,1,79.958,-7.762,0.812
Make Them Suffer,3,116.11099999999999,-2.969666666666667,0.9823333333333334
Mala,2,140.031,-12.1555,0.7325
Malajube,1,118.424,-4.714,0.981
Maldita,1,99.922,-5.321,0.325
Maldita Vecindad Y Los Hijos Del Quinto Patio,1,107.849,-3.713,0.996
Malfunkshun,1,130.404,-7.309,0.736
Mallu Magalhães,1,92.304,-15.76,0.169
Malvina Reynolds,1,122.15,-9.341,0.269
Malú,1,84.921,-6.058,0.792
Mamonas Assassinas,5,135.8726,-9.5038,0.6881999999999999
Man Man,2,125.9925,-6.8795,0.598
Man Overboard,1,144.05,-4.823,0.97
Man With No Name,1,135.756,-11.873,0.953
Manchester Orchestra,16,138.4665,-9.9210625,0.5281875
Mandalay,1,172.084,-7.878,0.586
Mando Diao,42,135.22209523809522,-5.495095238095238,0.7450714285714286
Mandrill,1,105.834,-7.276,0.709
Mandy Moore,4,105.87225000000001,-8.711500000000001,0.488
Manfred Mann,1,112.3,-6.786,0.611
Manfred Mann's Earth Band,1,127.797,-8.645,0.63
Manian,1,151.977,-5.882,0.988
Manic Street Preachers,27,124.43285185185185,-7.263592592592594,0.7368148148148147
Mannheim Steamroller,3,110.03466666666667,-10.126333333333333,0.46466666666666673
Mano Negra,5,151.24079999999998,-10.3328,0.837
Manowar,19,135.696,-10.719473684210525,0.7626315789473684
Mansun,2,107.5935,-7.2540000000000004,0.8365
Manu Chao,30,140.16883333333334,-7.2554,0.7748666666666666
Manu Dibango,1,116.481,-14.386,0.6
Manual,1,120.09,-6.715,0.772
Maor Levi,1,135.396,-7.053,0.974
Maps,5,110.7114,-5.6514,0.7304
Maps & Atlases,1,115.009,-7.626,0.468
Marc Anthony,1,165.977,-5.4,0.889
Marc Cohn,1,130.437,-8.691,0.529
Marc Houle,1,123.094,-11.902,0.72
Marc Lavoine,1,97.234,-9.783,0.623
Marc Romboy,1,124.99,-10.457,0.732
Marcel Dettmann,1,126.99,-14.216,0.446
Marcel Woods,2,138.01549999999997,-8.813500000000001,0.9544999999999999
Marcia Griffiths,1,81.856,-9.338,0.419
Marco V,3,136.33566666666664,-8.789333333333333,0.8503333333333334
Marcomé,1,99.605,-13.917,0.332
Marcus Intalex,1,175.015,-8.245,0.81
Marcy Playground,3,124.25166666666667,-8.911666666666667,0.6789999999999999
Marduk,34,121.89808823529411,-5.087882352941176,0.9005294117647058
Marek Grechuta,2,84.19749999999999,-11.576,0.344
Marek Hemmann,4,127.752,-11.61875,0.449
Maren Morris,2,76.9915,-5.489000000000001,0.6565
Margaret,1,96.719,-3.306,0.814
Margot & the Nuclear So and So's,5,149.8986,-8.271600000000001,0.55
Maria Bethânia,1,105.469,-12.907,0.284
Maria Callas,1,86.749,-14.438,0.0936
Maria McKee,2,123.97149999999999,-10.559000000000001,0.34450000000000003
Maria Mena,12,106.57575000000001,-7.368666666666667,0.5155
Maria Muldaur,1,98.103,-11.025,0.391
Maria Peszek,3,165.43233333333333,-9.849,0.4701666666666666
Maria Rita,1,93.66,-10.362,0.542
Maria Taylor,2,109.98349999999999,-8.600999999999999,0.681
Mariah Carey,23,122.76934782608696,-7.917782608695653,0.516913043478261
Marian Hill,1,81.996,-7.018,0.49
Marianne Faithfull,1,120.705,-15.228,0.314
Marianne Rosenberg,2,130.16449999999998,-8.122,0.728
Marie Serneholt,1,97.982,-5.506,0.674
Marika,2,129.7405,-7.1915,0.7035
Marika Hackman,1,98.975,-10.088,0.584
Marillion,7,124.11057142857143,-9.476285714285714,0.5458571428571429
Marilyn Manson,61,134.688131147541,-6.741967213114754,0.8187704918032787
Marilyn Monroe,2,154.051,-7.4505,0.39849999999999997
Marina & the Diamonds,14,124.06464285714286,-5.640928571428572,0.7445
Mario,4,113.71000000000001,-7.39625,0.552
Mario Vazquez,2,87.9515,-6.781499999999999,0.6154999999999999
Marisa Monte,2,100.072,-18.9975,0.2369
Marissa Nadler,9,123.73222222222222,-13.067666666666668,0.2803333333333333
Mariza,4,107.8965,-9.944749999999999,0.22375
Marié Digby,1,172.094,-3.18,0.859
Marjorie Estiano,1,98.123,-5.742,0.62
Mark Chesnutt,2,99.93299999999999,-12.762,0.499
Mark Forster,2,117.98849999999999,-6.5295000000000005,0.728
Mark Isham,2,150.2135,-19.609,0.192
Mark Knight & Funkagenda,1,126.998,-9.055,0.813
Mark Knopfler,24,114.62983333333334,-11.900541666666667,0.42850000000000005
Mark Kozelek,1,80.867,-14.168,0.224
Mark Lanegan,10,129.1713,-10.7092,0.5338
Mark Morgan,1,128.167,-5.983,0.839
Mark Mothersbaugh,1,104.218,-13.18,0.334
Mark Owen,1,118.032,-3.609,0.909
Mark Ronson,7,114.30314285714284,-6.176714285714286,0.7804285714285715
Mark Wills,1,82.934,-7.989,0.467
Markus Krunegård,1,164.533,-5.651,0.85
Markus Schulz,2,134.982,-8.925,0.8245
Marlena Shaw,1,94.572,-6.254,0.831
Marlene Dietrich,2,77.604,-16.3275,0.08049999999999999
Marmalade,1,96.157,-10.327,0.46
Marnie Stern,1,131.704,-3.688,0.988
Maroon 5,29,118.61720689655172,-5.200482758620689,0.7009310344827585
Marshmello,1,95.079,-2.384,0.88
Marteria,1,168.062,-4.678,0.875
Martha Reeves & The Vandellas,4,137.20625,-7.16625,0.7342500000000001
Martha Wainwright,7,122.96971428571429,-7.757142857142857,0.49885714285714283
Martha and The Vandellas,1,125.392,-10.975,0.568
Martha and the Muffins,1,163.37,-6.798,0.848
Martika,1,130.156,-6.319,0.607
Martin Buttrich,1,118.992,-12.628,0.624
Martin Garrix,3,129.84366666666665,-5.332333333333334,0.7440000000000001
Martin O'Donnell & Michael Salvatori,1,79.988,-11.371,0.432
Martin Solveig,4,125.5195,-5.86825,0.766
Martin Stig Andersen,1,139.544,-31.912,0.0448
Martin Tungevaag,1,127.928,-6.764,0.768
Martina McBride,3,128.91866666666667,-5.489333333333334,0.7806666666666667
Martina Topley-Bird,15,117.45626666666666,-8.938066666666666,0.6138
Marty Robbins,2,102.54599999999999,-11.6585,0.36
Martyn,2,131.51,-10.3765,0.6745
Marvin Gaye,28,117.13414285714285,-9.911642857142857,0.5751071428571429
Marvin Pontiac,1,95.099,-12.899,0.537
Mary Chapin Carpenter,3,135.087,-6.27,0.7623333333333333
Mary Gauthier,2,102.94149999999999,-11.823,0.222
Mary Hopkin,1,177.477,-11.506,0.257
Mary J. Blige,6,115.93433333333333,-5.825166666666667,0.6526666666666666
Mary Jane Girls,1,116.843,-4.03,0.91
Mary Lorson,1,164.436,-14.096,0.247
Mary Mary,1,100.456,-5.083,0.799
Mary Wells,4,115.92425,-10.23325,0.53425
Maserati,1,117.969,-11.024,0.757
Maskinen,1,119.97,-6.061,0.753
Mason,1,127.932,-9.139,0.682
Mason Jennings,2,75.2075,-8.582,0.4555
Mason vs Princess Superstar,1,127.893,-6.886,0.849
Massive Attack,57,125.87064912280702,-13.248561403508772,0.5034385964912281
Massive Töne,1,124.018,-5.478,0.608
Master Blaster,1,134.965,-8.177,0.939
Masterplan,11,125.83645454545454,-4.8963636363636365,0.8996363636363637
Mastodon,39,133.0145128205128,-4.374974358974359,0.9592307692307691
Mat Kearney,9,136.37744444444445,-7.478000000000001,0.622
Matchbook Romance,7,131.06557142857145,-5.282428571428571,0.7387142857142857
Matchbox Twenty,16,122.14750000000001,-6.9369375,0.7282500000000001
Mateo Messina,1,95.076,-18.721,0.321
Mates of State,2,135.429,-6.9375,0.6025
Mathew Jonson,2,126.912,-15.7605,0.5449999999999999
Mathias Kaden,1,126.005,-13.598,0.649
Mathieu Boogaerts,1,70.835,-13.97,0.257
Matias Aguayo,1,120.99,-9.05,0.697
Matisyahu,17,108.94611764705883,-6.255294117647059,0.7124705882352941
Matmatah,2,129.88150000000002,-3.7645,0.968
Matmos,2,137.024,-8.712,0.562
Matrix & Futurebound,1,174.001,-4.476,0.995
Matt & Kim,5,145.5344,-6.7388,0.7576
Matt Costa,15,114.8666,-8.2896,0.572
Matt Monro,1,87.355,-10.156,0.336
Matt Nathanson,9,119.94466666666666,-7.093222222222222,0.6993333333333334
Matt Skiba,1,131.982,-6.467,0.813
Matt Wertz,5,105.6184,-6.0524000000000004,0.7302000000000001
Matt White,1,126.906,-3.955,0.85
Mattafix,2,166.492,-7.401,0.6890000000000001
Matteah Baim,1,86.846,-17.359,0.215
Matthew Dear,12,124.92366666666668,-8.298250000000001,0.6754166666666667
Matthew Good,1,103.071,-6.079,0.757
Matthew Good Band,1,136.052,-4.284,0.841
Matthew Sweet,1,128.931,-5.622,0.825
Matthew Wilder,1,109.664,-7.68,0.695
Matthewdavid,1,145.171,-5.468,0.879
Matthias Tanzmann,1,123.999,-11.029,0.841
Matty G,1,137.08,-6.632,0.738
Maurice Ravel,6,92.27066666666667,-25.044833333333333,0.07148333333333333
Mauro Picotto,2,137.0155,-8.779499999999999,0.8049999999999999
Mavado,2,91.9995,-4.4785,0.817
Max,1,81.019,-7.727,0.493
Max Cooper,2,121.00450000000001,-10.8625,0.7375
Max Graham,1,133.988,-11.25,0.75
Max Herre,2,130.394,-10.0235,0.6194999999999999
Max Richter,16,111.181125,-22.624875,0.150429375
Max Romeo,3,105.62433333333333,-7.349666666666667,0.6123333333333334
Max Romeo & The Upsetters,1,149.029,-11.564,0.441
Maxime Le Forestier,1,147.651,-11.358,0.68
Maximilian Hecker,1,99.679,-7.431,0.675
Maxine Nightingale,1,146.101,-8.343,0.572
Maxwell,8,108.214875,-9.782875,0.489625
Maxïmo Park,24,141.13025000000002,-4.3345,0.859375
Maya Jane Coles,1,124.973,-9.458,0.819
Maybeshewill,2,113.50800000000001,-7.7965,0.788
Mayday Parade,9,132.37144444444445,-4.164666666666666,0.8148888888888889
Mayer Hawthorne,6,132.96683333333334,-7.525666666666666,0.6251666666666666
Mayhem,7,130.72114285714287,-7.309714285714286,0.9135714285714285
Maylene and the Sons of Disaster,2,153.002,-1.8035,0.9915
Mazzy Star,26,130.94203846153846,-13.769192307692306,0.31903076923076923
McCoy Tyner,2,97.8605,-17.46,0.2975
McFadden & Whitehead,1,112.418,-6.516,0.791
McFly,8,147.4495,-4.142125,0.833125
Me First and the Gimme Gimmes,11,128.17127272727274,-5.713363636363637,0.8603636363636364
Meat Beat Manifesto,2,141.196,-17.02,0.6114999999999999
Meat Katie,1,68.224,-8.78,0.404
Meat Loaf,2,99.44,-11.221499999999999,0.396
Meat Puppets,8,118.921875,-10.228875,0.68
Mecano,2,114.841,-10.428999999999998,0.35845
"Medeski, Martin and Wood",8,109.247875,-11.867750000000001,0.5141249999999999
Mediengruppe Telekommander,2,150.0445,-6.2940000000000005,0.8420000000000001
Medina,1,169.939,-3.884,0.883
Mediæval Bæbes,11,106.17972727272728,-15.95509090909091,0.30676363636363635
Medwyn Goodall,4,130.43625,-14.239249999999998,0.39125000000000004
Meg & Dia,1,119.854,-8.738,0.42
Megadeth,34,132.15235294117647,-5.32835294117647,0.921264705882353
Megaherz,1,99.983,-5.217,0.906
Meghan Trainor,3,99.61366666666667,-5.999666666666666,0.6086666666666667
Mehdi,1,129.002,-10.179,0.261
Meiko,3,84.233,-7.085999999999999,0.5206666666666666
Meitz,1,167.04,-8.979,0.576
Mekka,1,133.287,-8.419,0.931
Mel Tormé,4,109.58250000000001,-15.200750000000001,0.2646
Melanie,1,84.387,-13.866,0.24
Melanie C,1,110.263,-7.566,0.528
Melanie Fiona,2,111.886,-4.987,0.734
Melanie Martinez,1,130.029,-5.365,0.707
Melano,1,172.081,-4.668,0.913
Melechesh,1,100.038,-4.836,0.974
Melissa Etheridge,3,97.82333333333334,-7.696333333333333,0.773
Melissa Ferrick,1,164.644,-7.555,0.451
Melissa Horn,3,99.05266666666667,-11.609333333333334,0.4326666666666667
Melissa Manchester,1,77.875,-13.706,0.408
Melody Club,2,136.5075,-4.6295,0.917
Melody Gardot,17,102.85994117647058,-13.848058823529412,0.23952352941176466
Melody's Echo Chamber,1,122.985,-5.767,0.91
Melt-Banana,30,114.938,-4.7523,0.9313
Melvins,22,122.7875909090909,-12.16059090909091,0.609
Members of Mayday,1,141.051,-9.968,0.893
Memory Cassette,1,112.993,-4.686,0.78
Memory Tapes,4,115.5185,-7.81375,0.7185
Memoryhouse,1,79.999,-12.05,0.528
Memphis May Fire,11,129.9340909090909,-3.9400909090909093,0.9585454545454546
Men Without Hats,1,101.669,-7.827,0.732
Men at Work,1,107.248,-4.704,0.799
Menahan Street Band,2,96.00399999999999,-7.9325,0.6779999999999999
Menomena,10,119.48230000000001,-10.1045,0.4957
Mercan Dede,2,128.469,-13.3795,0.4485
Mercedes Sosa,2,89.8115,-15.674,0.12009999999999998
Mercury Rev,19,123.609,-9.57078947368421,0.6456315789473684
Mercy Mercedes,1,129.93,-4.587,0.724
MercyMe,1,159.527,-5.359,0.612
Mercyful Fate,6,147.4175,-5.920166666666667,0.9378333333333333
Meredith Brooks,1,189.012,-8.698,0.775
Meredith Monk,1,109.39,-15.836,0.0797
Merle Haggard,7,103.90314285714285,-10.953857142857144,0.42257142857142854
Mesh,7,130.73585714285713,-7.753428571428572,0.7642857142857142
Meshuggah,38,114.984,-6.952394736842106,0.8777941842105262
Message To Bears,5,147.9392,-16.4434,0.35059999999999997
Messer Chups,1,75.508,-6.548,0.531
Mest,2,93.2635,-5.8735,0.8875
Metal Church,4,124.1785,-7.6194999999999995,0.9615
Metallica,85,123.37130588235294,-6.436423529411765,0.876070588235294
Method Man,2,138.8445,-11.4165,0.603
Method Man & Redman,1,99.962,-9.982,0.725
Methods Of Mayhem,1,100.011,-4.706,0.918
Metric,29,128.2704827586207,-7.129413793103447,0.7244448275862069
Metrik,4,165.85,-4.359,0.9025
Metro Area,2,122.813,-8.6205,0.601
Metro Station,8,138.37025,-4.87125,0.865375
Metronomy,16,131.558125,-7.2994375,0.6686875
Metropolitan Jazz Affair,1,99.829,-10.798,0.544
Metsatöll,1,99.962,-4.261,0.922
Mew,20,123.06099999999999,-6.87185,0.7419
Mia Vermillion,1,114.067,-9.994,0.318
Miami Horror,3,122.32633333333335,-5.834666666666667,0.855
Micachu,1,90.024,-6.376,0.902
Micatone,4,124.0515,-11.20925,0.5465
Mice Parade,3,106.359,-13.878666666666668,0.5650000000000001
Michael Andrews,1,66.611,-24.498,0.0443
Michael Bolton,2,112.46900000000001,-8.8255,0.4085
Michael Bublé,30,124.56566666666666,-9.3028,0.3996
Michael Cassette,1,129.064,-11.191,0.742
Michael Franks,1,175.921,-10.014,0.627
Michael Franti & Spearhead,4,98.2185,-5.13825,0.8285
Michael Gira,1,96.277,-8.296,0.544
Michael Hedges,5,110.2112,-21.8518,0.12344
Michael Jackson,48,110.63672916666667,-6.523499999999999,0.7107645833333334
Michael Kiwanuka,3,96.53466666666667,-10.322666666666667,0.43300000000000005
Michael Learns to Rock,1,163.453,-10.21,0.437
Michael McCann,1,49.856,-26.183,0.107
Michael Nyman,12,102.878,-19.896333333333335,0.19165000000000001
Michael Penn,1,142.549,-6.74,0.543
Michael Sembello,1,158.86,-11.516,0.533
Michael W. Smith,1,140.287,-6.834,0.598
Michel Polnareff,1,124.732,-7.909,0.605
Michel Sardou,1,136.897,-6.651,0.543
Michelle Branch,7,135.781,-5.225714285714285,0.8208571428571428
Michelle Williams,1,110.978,-5.304,0.635
Michita,1,95.488,-8.252,0.872
Michna,1,124.994,-8.059,0.623
Mick Gordon,1,107.994,-8.683,0.882
Mick Jagger,2,96.398,-4.084,0.862
Mick Jenkins,1,125.227,-9.665,0.61
Mickey 3D,2,148.817,-15.560500000000001,0.47600000000000003
Microesfera,1,125.985,-10.772,0.922
Middle Of The Road,1,129.672,-6.589,0.628
Midge Ure,1,127.058,-9.826,0.751
Midival Punditz,1,179.936,-3.364,0.957
Midlake,16,137.0871875,-10.643437500000001,0.4830625
Midnight Star,1,117.334,-9.42,0.552
Midtown,7,134.40628571428573,-3.9297142857142857,0.8868571428571429
Mighty Dub Katz,1,124.709,-6.208,0.898
Mighty Oaks,1,101.934,-6.53,0.566
Migos,1,133.991,-21.336,0.144
Miguel,1,67.82,-4.819,0.641
Miguel Bosé,2,128.9715,-8.2075,0.602
Miike Snow,14,120.84485714285714,-6.047142857142857,0.7348571428571429
Mika,7,105.50942857142857,-8.972428571428571,0.47100000000000003
Mike & The Mechanics,5,130.5084,-8.160599999999999,0.6918
Mike Doughty,1,110.175,-7.942,0.609
Mike Ness,1,114.864,-5.732,0.932
Mike Oldfield,51,114.82811764705883,-14.604549019607843,0.36130980392156864
Mike Patton,1,93.232,-13.947,0.472
Mike Pinto,3,106.00066666666667,-10.267333333333333,0.27666666666666667
Mike Posner,2,124.995,-4.1205,0.857
Mikey Dread,1,77.577,-10.146,0.536
Miki Dallon,1,103.576,-7.212,0.814
Mikromusic,5,131.7844,-9.9386,0.46240000000000003
Miksha,1,97.122,-3.353,0.93
Milanese,5,127.2556,-15.130199999999999,0.36052
Milburn,3,154.28133333333335,-4.379333333333333,0.953
Miles Davis,33,112.40890909090909,-13.597909090909091,0.29184242424242424
Miles Kane,5,139.9474,-5.4888,0.7574
Miley Cyrus,16,128.4475625,-4.9850625,0.776625
Milez Benjiman,1,90.008,-7.947,0.446
Milk Inc.,1,139.947,-8.63,0.843
Milky Chance,2,117.0805,-7.86,0.6295
Millencolin,21,132.81442857142858,-4.221095238095238,0.9319047619047619
Milli Vanilli,2,86.88300000000001,-8.0495,0.609
Millie,1,132.032,-5.734,0.67
Million Dead,1,159.849,-5.191,0.98
MillionYoung,1,169.958,-5.718,0.872
Milo Greene,1,125.995,-10.226,0.578
Milosh,1,89.997,-12.099,0.428
Milow,1,128.058,-5.95,0.706
Milton Nascimento,3,116.36833333333334,-16.310666666666666,0.2856666666666667
Mindless Self Indulgence,24,137.74029166666665,-5.667833333333333,0.8335416666666666
Mindy Smith,1,115.68,-13.682,0.0934
Miniature Tigers,1,113.984,-6.161,0.732
Ministry,18,132.4412777777778,-10.347555555555555,0.8325555555555556
Minitel Rose,2,126.015,-4.635,0.8454999999999999
Mink DeVille,2,131.3655,-9.3745,0.63
Minks,1,123.991,-7.244,0.732
Minnie Riperton,3,122.67099999999999,-11.452333333333334,0.3283333333333333
Minor Threat,9,156.27633333333335,-6.990111111111111,0.9323333333333333
Minsk,7,121.50457142857144,-8.795857142857143,0.7084285714285714
Mint Condition,1,137.213,-9.965,0.52
Mint Royale,2,132.4985,-7.349,0.7324999999999999
Minus 8,5,152.6284,-6.946,0.795
Minus the Bear,14,126.05592857142857,-7.262714285714286,0.7043571428571429
Minutemen,4,135.959,-11.06175,0.714
Miracle Fortress,1,130.004,-8.116,0.468
Mirah,5,109.367,-9.708,0.3698
Miranda Cosgrove,1,177.895,-4.482,0.939
Miranda Lambert,9,133.77222222222224,-4.9206666666666665,0.6874444444444445
Miranda Sex Garden,4,115.143,-13.56775,0.62775
Miriam Makeba,2,124.95750000000001,-11.1445,0.4555
Mirwais,1,119.933,-6.221,0.661
Misery Index,16,107.13825,-4.1151875,0.98225
Misery Signals,8,115.24312499999999,-5.6548750000000005,0.861375
Misfits,47,136.35244680851062,-8.804893617021277,0.9138297872340426
Miss Kittin,7,127.10057142857143,-8.897857142857143,0.6357142857142858
Miss Kittin & The Hacker,6,129.50933333333333,-6.729333333333333,0.6565
Miss Li,4,148.835,-4.44575,0.77725
Miss May I,6,123.18299999999999,-3.3874999999999997,0.9753333333333334
Missing Persons,1,149.079,-4.211,0.985
Mission of Burma,13,145.36076923076922,-7.1189230769230765,0.8300769230769232
Mississippi John Hurt,1,108.754,-16.063,0.129
Missy Elliott,4,117.58149999999999,-7.0794999999999995,0.7030000000000001
Missy Higgins,7,129.597,-8.322999999999999,0.5168571428571428
Mistabishi,9,153.44,-6.984888888888889,0.7857777777777778
MisterWives,1,110.313,-5.516,0.64
Mithotyn,7,123.2462857142857,-5.627571428571429,0.9158571428571428
Mitski,2,179.77550000000002,-3.9480000000000004,0.653
Mius,1,115.004,-8.297,0.589
Mnemic,7,119.47785714285715,-5.214285714285714,0.954
Mo' Horizons,3,105.426,-8.760666666666667,0.7873333333333333
Moa Pillar,1,81.447,-4.311,0.977
Mobb Deep,5,107.0608,-4.2488,0.7392
Moby,62,114.06385483870967,-10.201774193548387,0.5695935483870967
Moby Grape,1,105.675,-16.398,0.318
Moderat,16,133.5375625,-10.64425,0.6689375
Modern Jazz Quartet,1,110.345,-12.438,0.262
Modern Life Is War,1,91.297,-3.396,0.961
Modern Talking,5,116.37460000000002,-7.6628,0.8186
Modeselektor,19,123.82336842105262,-11.337736842105263,0.6264736842105263
Modest Mouse,52,130.66125,-6.514403846153846,0.6888307692307692
Modest Petrovich Mussorgsky,1,85.986,-9.793,0.105
Modestep,5,132.73579999999998,-6.912000000000001,0.7016
Modjo,6,115.57,-7.746166666666667,0.7483333333333334
Modulate,5,132.5788,-7.2326,0.9262
Modwheelmood,3,166.83766666666668,-11.463333333333333,0.6083333333333333
Mogwai,75,110.60450666666667,-13.2994,0.39167466666666667
Mohammed Rafi,1,94.677,-8.214,0.896
Mohombi,1,95.145,-6.462,0.573
Mojave 3,5,130.9852,-14.3446,0.2408
Mokoma,3,99.00333333333333,-4.896999999999999,0.894
Molly Hatchet,2,125.32849999999999,-9.644,0.7115
Moloko,18,120.79299999999999,-8.903944444444443,0.6993333333333334
Molotov,3,102.214,-4.354333333333334,0.8530000000000001
Molotov Solution,7,126.79671428571429,-4.269428571428572,0.9887142857142858
Mombojó,1,60.478,-10.057,0.307
Monaco,1,149.525,-9.643,0.919
Moneybrother,3,141.71266666666668,-4.7283333333333335,0.836
Monica,6,117.22883333333334,-6.088166666666666,0.5691666666666667
Mono,4,82.25025,-12.647,0.40545
Mono Input,1,195.568,-17.288,0.303
Monolake,10,135.544,-15.625899999999998,0.6045999999999999
Monsieur Periné,1,106.039,-11.921,0.615
Monster Magnet,6,114.77050000000001,-7.505333333333333,0.7736666666666667
Monsters of Folk,5,108.31739999999999,-8.109399999999999,0.5744
Montgomery Gentry,5,140.3888,-6.261,0.7722
Moodswing,1,84.968,-11.046,0.736
Moonbabies,1,124.033,-5.194,0.778
Moonbeam,1,127.008,-9.685,0.871
Moonbootica,2,127.2245,-7.182,0.573
Mooncake,5,120.7202,-17.5398,0.35472000000000004
Moondog,2,94.5345,-15.5285,0.4885
Moonsorrow,15,129.70153333333334,-7.0469333333333335,0.8553999999999999
Moonspell,43,125.74344186046511,-7.250813953488372,0.8000232558139536
Moony,1,123.035,-7.579,0.85
Morbid Angel,26,123.29576923076924,-9.826153846153845,0.8355769230769231
Morcheeba,39,116.48966666666666,-9.497615384615385,0.5680512820512821
Morgan Heritage,3,104.04466666666667,-5.167666666666666,0.7613333333333333
Moriarty,6,123.83083333333333,-9.676,0.4063333333333334
Moritz von Oswald,1,118.0,-18.026,0.211
Morning Runner,1,174.906,-3.579,0.922
Morningwood,1,147.18,-3.867,0.732
Morphine,11,119.08881818181818,-13.302545454545454,0.4882727272727273
Morrissey,33,122.36221212121212,-8.740545454545455,0.7037636363636364
Mors Principium Est,8,124.9575,-5.5935,0.9225
Mortal Love,10,126.80850000000001,-8.8947,0.6013
Mortiis,15,122.7898,-8.0756,0.7267333333333333
Morton Feldman,5,87.59259999999999,-41.2632,0.002364
Mory Kanté,1,125.734,-5.786,0.917
Mos Def,10,97.5609,-6.824599999999999,0.6950000000000001
Moses Campbell,1,136.011,-6.776,0.905
Mother Earth,1,89.353,-11.294,0.675
Mother Love Bone,12,124.44825000000002,-9.808833333333334,0.6982499999999999
Mother Mother,7,122.982,-4.592142857142856,0.6977142857142857
Motion City Soundtrack,20,137.03175000000002,-4.7759,0.8509499999999999
Motionless in White,7,122.68942857142858,-4.844571428571428,0.8274285714285714
Motograter,1,118.026,-4.838,0.987
Motorama,3,142.87166666666667,-5.982333333333333,0.7346666666666666
Mott the Hoople,1,79.006,-4.214,0.857
Motörhead,35,136.09242857142857,-6.096314285714286,0.9510857142857142
Mount Eerie,2,117.5275,-16.639,0.214
Mount Kimbie,11,123.64681818181818,-9.870181818181818,0.5550827272727272
Mount Sims,2,133.4855,-5.1865000000000006,0.6945
Mountain,4,139.463,-9.13975,0.66225
Mountain Man,1,131.377,-14.069,0.201
Mouse on Mars,7,127.89085714285714,-9.970857142857142,0.6821428571428572
Moussa Diallo,1,104.093,-12.192,0.796
Mouth of the Architect,9,111.96533333333333,-7.583555555555555,0.6597777777777778
Moving Fusion,1,171.023,-2.19,0.996
Moving Mountains,10,134.54860000000002,-12.667,0.48244
Moving Units,1,146.284,-2.527,0.977
Moviola,1,184.016,-9.006,0.729
Moya Brennan,2,98.637,-12.4055,0.4645
Mr FijiWiji,1,165.016,-8.717,0.742
Mr Hudson,2,104.221,-5.332000000000001,0.8105
Mr. Big,2,113.59100000000001,-7.9445,0.541
Mr. Bungle,6,131.95033333333333,-13.862,0.5648333333333334
Mr. Flash,2,128.91750000000002,-6.224,0.813
Mr. Georgia Black,1,154.433,-5.969,0.915
Mr. Mister,2,94.33000000000001,-9.6445,0.613
Mr. Oizo,19,120.89842105263159,-10.494842105263157,0.660578947368421
Mr. Scruff,22,118.82995454545454,-8.476590909090909,0.6683636363636364
Mr. Vegas,1,153.814,-3.574,0.913
Ms. Dynamite,1,158.905,-8.84,0.562
Ms. John Soda,2,85.4565,-10.308,0.403
Ms. Lauryn Hill,1,99.922,-8.908,0.56
Mtume,1,193.178,-5.783,0.693
Muchachito Bombo Infierno,1,128.989,-7.524,0.831
Muchy,3,154.96466666666666,-7.399,0.7946666666666666
Mud Flow,1,152.133,-8.467,0.559
Muddy Waters,18,119.98255555555556,-8.968,0.4497777777777778
Mudhoney,11,130.30136363636365,-8.633727272727272,0.858909090909091
Mudvayne,34,124.1925,-5.999029411764706,0.8808235294117647
Muffler,3,175.045,-5.988333333333333,0.8606666666666666
Mulatu Astatke,2,116.303,-10.026,0.5215000000000001
Mumford & Sons,9,107.10433333333334,-9.213333333333333,0.487
Mumm-Ra,1,131.606,-4.25,0.739
Muna,2,115.4965,-4.3870000000000005,0.885
Munga,1,178.456,-5.987,0.655
Mungo Jerry,1,166.142,-14.385,0.465
Municipal Waste,30,117.6768,-3.9182,0.9822000000000001
Municipale Balcanica,1,90.73,-4.933,0.837
Murcof,16,114.6278125,-20.11975,0.33166249999999997
Murderdolls,1,183.622,-3.005,0.998
Murray Head,1,108.677,-12.982,0.339
Muse,66,121.45019696969696,-7.699909090909091,0.6902924242424242
Museum,2,176.0005,-5.3265,0.7955
Mushroomhead,22,123.21977272727273,-5.734636363636364,0.8867272727272727
Musical Youth,1,150.39,-11.574,0.529
Musiq,2,137.406,-6.4285,0.5545
Mustard Pimp,1,129.98,-5.307,0.733
Mustard Plug,9,136.31455555555556,-5.201555555555555,0.9313333333333333
Mustasch,4,125.47999999999999,-4.7444999999999995,0.90875
Mutemath,4,155.37075,-4.46375,0.947
Mutya Buena,1,85.434,-7.105,0.839
Mux Mool,2,95.5065,-6.090999999999999,0.756
MxPx,9,144.24344444444444,-3.852111111111111,0.9128888888888889
My Bitter End,8,112.939125,-6.430875,0.946125
My Bloody Valentine,1,170.335,-8.075,0.764
My Brightest Diamond,1,159.946,-9.251,0.544
My Chemical Romance,21,134.05090476190475,-5.285428571428572,0.8464285714285713
My Darkest Days,1,182.048,-3.637,0.949
My Dying Bride,62,114.5265,-8.785451612903225,0.7127903225806451
My Morning Jacket,19,127.36136842105263,-7.470631578947369,0.6348947368421053
My Ticket Home,1,75.104,-2.668,0.986
MyChildren MyBride,4,118.4885,-3.70675,0.94175
MyGrain,1,108.109,-3.456,0.987
Myleene Klass,2,124.7775,-16.107,0.22849999999999998
Mylo,10,110.276,-10.5868,0.6458
Mylène Farmer,3,138.27366666666668,-7.205333333333333,0.8996666666666666
Myslovitz,16,132.321375,-9.0165625,0.619875
Mystery Jets,5,129.5982,-5.8174,0.7043999999999999
MØ,3,104.002,-6.393666666666667,0.6383333333333333
Máire Brennan,15,107.57673333333334,-16.64806666666667,0.3497533333333333
Mägo de Oz,18,114.42577777777777,-6.635166666666667,0.7307777777777777
Månegarm,22,132.51954545454544,-5.3805,0.805590909090909
Måns Zelmerlöw,1,128.006,-3.412,0.931
Mélanie Laurent,1,106.361,-26.416,0.0331
Móveis Coloniais de Acaju,11,147.50963636363636,-5.322181818181818,0.8530909090909091
Mötley Crüe,18,116.72233333333332,-5.451222222222222,0.9190555555555555
Møme,1,100.075,-5.988,0.726
Mýa,1,98.001,-4.737,0.671
N'to,1,127.019,-9.185,0.544
N*E*R*D,9,104.33411111111111,-5.001444444444444,0.8032222222222223
N.W.A,6,103.281,-6.238333333333333,0.7183333333333334
NB Ridaz,3,129.24633333333333,-4.337666666666666,0.6366666666666667
NEEDTOBREATHE,2,99.51599999999999,-4.8645,0.7295
NEIKED,1,107.97,-7.643,0.578
NIHAO?,4,125.68275,-4.2225,0.8282499999999999
NOFX,41,121.3109024390244,-7.281000000000001,0.8434878048780488
NORA&LEO,4,128.51274999999998,-5.9857499999999995,0.71025
Nacha Pop,1,113.514,-7.916,0.623
Nacho Sotomayor,2,132.495,-9.7375,0.726
Nachtgeschrei,1,148.071,-2.516,0.937
Nachtmahr,11,138.8241818181818,-5.370727272727273,0.9494545454545453
Nada Surf,11,126.03927272727273,-6.225454545454546,0.7702727272727273
Nagel,1,127.975,-6.032,0.737
Naglfar,4,110.2465,-5.11275,0.9645
Nailbomb,1,111.316,-10.113,0.917
Nails,1,95.346,-6.195,0.96
Naked Eyes,1,149.281,-5.218,0.807
Nalin & Kane,1,134.003,-11.553,0.754
Nancy Ajram,1,141.958,-9.805,0.878
Nancy Sinatra,4,106.361,-11.80475,0.427
Nancy Wilson,1,60.113,-15.471,0.0629
Naoki Kenji,1,180.031,-14.373,0.49
Napalm Death,69,110.35443478260869,-7.386115942028986,0.9485652173913043
Nara Leão,1,81.157,-13.419,0.226
Nari & Milani,1,128.016,-5.98,0.979
Narsilion,4,138.95075,-6.71925,0.45875
Narziss,1,118.689,-2.478,0.949
Nas,14,101.02678571428571,-7.045357142857143,0.7317857142857143
"Nas & Damian ""Jr. Gong"" Marley",4,134.088,-4.2895,0.77675
Nashville Pussy,1,102.942,-0.972,0.997
Nasty Habits,1,84.548,-8.965,0.862
Nasum,40,115.09224999999999,-6.0922,0.96745
Nat King Cole,16,104.4789375,-13.649687499999999,0.2239
Natacha Atlas,1,102.978,-6.554,0.785
Natalia Kills,3,123.66233333333332,-3.752333333333333,0.8466666666666667
Natalie Cole,1,131.134,-4.505,0.605
Natalie Imbruglia,8,100.658,-5.8475,0.77875
Natalie Merchant,2,122.0445,-10.07,0.4575
Natalie Walker,2,155.0395,-12.036999999999999,0.348
Natasha Bedingfield,8,118.484875,-6.325125,0.659625
Natasha St-Pier,1,144.066,-10.163,0.444
Nate Dogg,1,90.046,-6.842,0.401
Nate Krooks,1,97.992,-3.933,0.829
Nathan Fake,15,134.07586666666666,-9.260266666666666,0.6778
Nathan Sykes,1,129.676,-9.564,0.251
Nathaniel Rateliff & the Night Sweats,1,109.943,-5.755,0.608
Natiruts,5,135.8692,-8.523599999999998,0.48200000000000004
Natty,1,123.142,-5.674,0.772
Natural Dread Killaz,1,137.997,-7.919,0.637
Naughty Boy,1,125.042,-4.441,0.752
Naughty By Nature,2,98.471,-5.8485,0.9215
Nazareth,2,111.72149999999999,-10.4245,0.7104999999999999
Ne-Yo,7,137.96785714285713,-5.749285714285714,0.6654285714285715
Neaera,19,136.85236842105263,-3.6663684210526317,0.9853157894736843
Necessary Response,1,124.012,-7.784,0.595
Necro,1,90.066,-9.119,0.511
Necrophagist,12,116.86883333333333,-5.588,0.9805833333333333
Ned's Atomic Dustbin,1,142.283,-7.607,0.889
Negură Bunget,11,109.75081818181819,-7.617909090909091,0.7544545454545454
Neil Diamond,14,111.40957142857143,-11.3295,0.5289285714285714
Neil Sedaka,3,118.92699999999998,-9.027,0.5596666666666666
Neil Young,33,121.42275757575757,-13.817636363636362,0.37352121212121214
Neko Case,22,118.3525,-7.117409090909091,0.6197272727272728
Nekromantix,1,159.503,-11.467,0.96
Nellie McKay,1,74.068,-8.771,0.38
Nelly,7,140.21414285714286,-6.6814285714285715,0.6734285714285715
Nelly Furtado,17,132.74694117647059,-6.59129411764706,0.6827647058823529
Nemesea,2,146.91449999999998,-5.4625,0.7415
Nena,4,145.609,-10.42975,0.521
Neneh Cherry,1,107.172,-12.443,0.617
Neon Indian,1,107.868,-15.492,0.502
Neon Jungle,1,128.017,-3.595,0.73
Neon Trees,2,150.54000000000002,-4.7475,0.9055
Neotropic,1,87.582,-5.812,0.839
Nero,13,138.07123076923077,-4.604307692307692,0.8498461538461538
Nest,4,110.28225,-20.604,0.14279999999999998
Netsky,16,153.126625,-5.110875,0.862375
Neu!,4,152.0485,-15.921499999999998,0.6855
Neun Welten,1,138.015,-9.61,0.611
Neuraxis,1,98.825,-6.958,0.875
Neurosis,17,112.95035294117646,-11.757176470588234,0.5696058823529412
Neuroticfish,2,138.997,-7.1685,0.853
Neutral Milk Hotel,19,119.63694736842105,-10.265315789473684,0.4890315789473685
Neva Dinova,1,76.672,-11.451,0.249
Nevermore,28,117.93157142857142,-5.317607142857143,0.8967857142857143
New Edition,3,113.65533333333333,-7.912333333333333,0.6916666666666668
New Found Glory,36,127.89913888888888,-4.344083333333334,0.9249444444444445
New Kids on the Block,3,123.835,-8.960666666666667,0.6146666666666666
New Model Army,2,155.887,-10.323,0.717
New Order,49,126.01534693877552,-7.691959183673469,0.8655714285714285
New Politics,2,132.019,-3.3305,0.967
New Radicals,2,110.0995,-5.319,0.9235
New York Dolls,3,135.702,-10.989333333333335,0.6846666666666666
New Young Pony Club,9,125.32677777777778,-5.556444444444445,0.7314444444444445
Newsboys,1,85.984,-5.519,0.84
Newton Faulkner,7,117.81814285714286,-9.398142857142858,0.46585714285714286
Next,1,99.566,-7.021,0.698
Niall Horan,2,132.7175,-7.4945,0.4675
Nic Chagall,2,138.9955,-7.132,0.915
Nicholas Gunn,7,122.80085714285714,-14.510142857142856,0.4817142857142857
Nick Cave & The Bad Seeds,49,125.44414285714285,-10.725183673469388,0.4891510204081633
Nick Cave & Warren Ellis,8,99.52775,-15.046875,0.1982125
Nick Drake,38,118.81771052631579,-18.241815789473684,0.2015657894736842
Nick Lowe,2,119.338,-11.9435,0.5945
Nickel Creek,8,135.565625,-12.653,0.38325
Nickelback,26,139.0433076923077,-4.804192307692308,0.8605384615384615
Nicki Minaj,10,135.8201,-5.626099999999999,0.7678
Nickodemus,1,95.982,-6.146,0.837
Nico,9,104.941,-16.223,0.14007777777777777
Nico & Vinz,1,119.935,-13.529,0.45
Nico Santos,1,82.018,-6.328,0.689
Nicola Conte,2,138.61599999999999,-11.556,0.481
Nicola Roberts,1,135.92,-6.587,0.612
Nicolas Jaar,4,115.84325,-13.11775,0.3365
Nicole Scherzinger,3,98.03000000000002,-6.117999999999999,0.65
Nicolette,1,124.743,-19.186,0.367
Night Ranger,1,87.929,-10.457,0.478
Nightbreed,1,173.998,-6.533,0.973
Nightmares on Wax,34,114.81382352941176,-11.203764705882353,0.5137352941176471
Nightnoise,4,114.348,-20.35,0.134125
Nightrage,2,132.458,-4.6985,0.9735
Nightwish,58,128.79512068965516,-6.081879310344828,0.7862586206896552
Nik Kershaw,2,102.37049999999999,-7.3205,0.8109999999999999
Niki & the Dove,2,120.97049999999999,-7.8985,0.7224999999999999
Nikka Costa,1,103.919,-10.827,0.57
Nikolai Rimsky-Korsakov,1,96.643,-19.955,0.157
Nil Lara,1,134.802,-7.146,0.681
Nile,32,117.65396875,-7.6825625,0.87071875
Nils Frahm,8,132.785875,-19.89125,0.259425
Nils Petter Molvær,1,104.999,-9.732,0.818
Nina Simone,26,119.151,-13.43853846153846,0.30614615384615385
Nina Sky,1,121.007,-6.657,0.701
Nine Black Alps,6,140.51816666666667,-4.555,0.8928333333333334
Nine Days,3,90.43566666666668,-6.585999999999999,0.7723333333333334
Nine Inch Nails,83,125.4297469879518,-8.745361445783132,0.7171875903614457
Nino,1,173.285,-5.916,0.863
Nino Ferrer,1,140.452,-7.519,0.741
Nino Rota,1,115.057,-13.014,0.166
Nirvana,36,137.10419444444446,-7.515916666666666,0.8147777777777778
Nite Jewel,1,138.86,-15.544,0.364
Nitin Sawhney,5,122.2018,-12.0846,0.4231999999999999
Nitrous Oxide,1,138.022,-7.147,0.93
Nitzer Ebb,12,128.39858333333333,-11.5345,0.7010833333333334
Niyaz,10,121.6146,-7.4060999999999995,0.7051999999999999
Nneka,9,130.4191111111111,-5.6433333333333335,0.6266666666666666
No Age,11,134.9160909090909,-8.514727272727272,0.7808181818181819
No Doubt,39,134.56012820512822,-6.438589743589743,0.7723589743589744
No Fun at All,1,174.602,-5.011,0.858
No More,1,147.336,-14.959,0.295
No Use for a Name,8,134.98825,-4.693875,0.939
No-Man,2,126.71950000000001,-11.324000000000002,0.272
NoName,1,92.132,-6.525,0.541
Noah and the Whale,5,135.9574,-8.918600000000001,0.5372
Nocturnal Rites,1,100.027,-5.488,0.88
Nocturnal Sunshine,1,132.0,-9.052,0.785
Noir Désir,10,127.282,-7.3118,0.7716999999999999
Noise Unit,1,101.999,-7.046,0.901
Noisestorm,1,140.059,-5.577,0.882
Noisettes,9,135.82077777777778,-4.766111111111111,0.8042222222222223
Noisia,5,147.801,-4.3469999999999995,0.9378
Noisuf-X,7,151.12457142857144,-3.4935714285714283,0.9872857142857142
Noma,1,170.764,-5.39,0.979
Nonpoint,1,99.935,-4.193,0.812
Nora Dean,1,87.65,-8.189,0.258
Norah Jones,41,120.09439024390244,-12.559853658536584,0.26544146341463415
Nordman,1,121.922,-7.144,0.95
Norma Jean,15,145.0522,-3.3762,0.9842
Norman Brown,1,79.12,-12.226,0.636
Norther,11,141.11290909090908,-5.442,0.8976363636363637
Northern Kings,3,132.879,-5.700333333333333,0.7023333333333334
Northlane,2,122.27099999999999,-3.0309999999999997,0.9430000000000001
Nosaj Thing,6,95.27183333333333,-12.126,0.45566666666666666
Nostalgia 77,4,97.74725000000001,-8.935,0.52075
Nothing More,1,105.955,-7.967,0.914
Nothingface,5,140.98579999999998,-3.2348,0.9507999999999999
Noumena,3,143.3216666666667,-5.164000000000001,0.8896666666666667
Nouvelle Vague,9,128.52177777777777,-7.1338888888888885,0.6506666666666666
Nova Nova,1,140.881,-14.231,0.367
Novaspace,1,135.994,-6.087,0.968
Novembre,10,114.9197,-6.0662,0.8215
Novika,6,116.82833333333333,-9.764333333333333,0.4925
Novos Baianos,1,175.087,-7.557,0.559
"Now, Now",1,135.103,-8.698,0.781
Nox Arcana,4,114.61525,-16.98475,0.333
Nu:Tone,2,174.0025,-5.0735,0.994
Nuclear Assault,3,93.73466666666667,-6.1933333333333325,0.9963333333333333
Nujabes,1,106.003,-5.521,0.986
Numbernin6,1,143.94,-8.868,0.833
Nuspirit Helsinki,1,139.913,-8.626,0.631
Nuyorican Soul,1,86.999,-9.53,0.752
Nxworries,1,117.123,-5.647,0.697
Nôze,4,124.26325,-10.79425,0.55175
O Rappa,8,121.32187499999999,-6.2197499999999994,0.85175
O-Town,1,126.872,-4.98,0.453
O-Zone,1,130.089,-5.003,0.961
O.A.R.,2,129.19050000000001,-6.6885,0.78
O.S.T.R.,5,107.35,-7.5598,0.7412
O.T. Genasis,1,119.944,-5.909,0.618
OFENBACH,1,123.024,-7.361,0.666
OFWGKTA,1,87.99,-5.941,0.583
OK Go,16,126.8028125,-4.58925,0.732125
ONE OK ROCK,5,148.0608,-5.9438,0.8882
OOIOO,3,125.18433333333333,-6.633666666666667,0.8823333333333334
ORANGE RANGE,1,183.942,-5.759,0.747
OSI,3,119.89300000000001,-7.816666666666666,0.7566666666666667
OZMA,4,140.79874999999998,-4.931,0.748
Oasis,54,121.01505555555556,-4.091592592592592,0.8282222222222222
Oathbreaker,1,174.091,-5.453,0.975
Obadiah Parker,1,155.942,-6.962,0.489
Obie Trice,3,98.21366666666665,-4.667666666666666,0.871
Obituary,1,143.919,-7.345,0.953
Objekt,1,143.971,-14.578,0.721
Obrint Pas,1,88.138,-7.099,0.727
Ocean Colour Scene,8,107.9805,-5.5605,0.795125
Ocean Jet,1,98.007,-3.557,0.961
Oceanlab,4,134.97875,-10.0825,0.67325
Oceano,1,160.14,-4.128,0.995
Oceansize,8,120.96875,-5.93125,0.698875
Ochre,11,136.56490909090908,-12.473454545454546,0.4954545454545455
October Tide,10,122.75280000000001,-9.1754,0.72798
Odd Nosdam,1,145.499,-9.272,0.823
Odious Mortem,1,123.743,-1.452,0.998
Odyssey,1,110.053,-13.097,0.656
Of Mice & Men,8,129.854375,-3.7596249999999998,0.948125
Of Monsters and Men,4,106.51474999999999,-8.29925,0.5702499999999999
Ofrin,1,158.926,-16.976,0.171
Oh Land,3,108.66366666666666,-7.0793333333333335,0.6503333333333333
Oh Laura,1,106.129,-7.259,0.468
Oh No Oh My,1,159.874,-8.396,0.833
"Oh, Sleeper",6,147.32233333333332,-3.2025,0.9739999999999999
Ohgr,3,124.75266666666668,-6.861,0.7133333333333334
Ohio Express,1,139.486,-14.416,0.46
Ohio Players,2,112.828,-9.354,0.7745
Ohmna,2,129.5,-8.471,0.869
Ohrbooten,1,150.025,-5.446,0.665
Oi Va Voi,9,136.10722222222222,-10.16311111111111,0.5063333333333334
Oingo Boingo,3,156.17966666666666,-10.620666666666667,0.831
Ojos de Brujo,6,105.05149999999999,-7.015833333333333,0.630275
Okkervil River,19,124.58294736842106,-7.93742105263158,0.533
Ol' Dirty Bastard,2,97.65299999999999,-5.8195,0.6405000000000001
Olan Mill,1,81.034,-25.055,0.0871
Old 97's,1,146.664,-7.028,0.731
Old Crow Medicine Show,8,130.15475,-9.27525,0.49725
Old Man's Child,7,115.10642857142857,-6.416428571428571,0.8147142857142857
Oleander,1,100.004,-7.154,0.673
Oleta Adams,1,108.418,-13.172,0.28
Olive,1,134.256,-10.617,0.673
Oliver Huntemann,2,124.005,-8.5015,0.7055
Oliver Mtukudzi,1,118.678,-11.694,0.681
Oliver Nelson,1,115.243,-13.096,0.187
Oliver Smith,1,136.073,-9.928,0.935
Olivia Newton-John,2,116.0025,-10.1805,0.4205
Olivia Ruiz,7,111.0127142857143,-6.764285714285714,0.6427142857142857
Olivier Messiaen,1,77.558,-24.653,0.0109
Olli Schulz & der Hund Marie,5,136.8908,-9.014,0.6748000000000001
Olly Murs,2,153.102,-5.1495,0.7725
Om,5,108.4582,-6.5418,0.7444
Omar Akram,1,124.496,-14.344,0.16
Omar Faruk Tekbilek,1,87.139,-10.323,0.41
Omara Portuondo,6,114.87400000000001,-12.901333333333334,0.3125
Omarion,5,109.3122,-5.569599999999999,0.6754
Omega Massif,1,90.123,-10.137,0.287
Omnium Gatherum,4,122.7875,-8.216999999999999,0.8947499999999999
On Broken Wings,3,137.75933333333333,-6.084333333333333,0.9226666666666667
On-The-Go,1,140.085,-8.943,0.723
One Day as a Lion,3,112.27199999999999,-5.020666666666666,0.9383333333333334
One Direction,20,121.4182,-4.8843000000000005,0.7448
One Minute Silence,1,115.668,-5.147,0.989
One Morning Left,3,120.06266666666666,-6.553666666666667,0.8733333333333334
One Night Only,2,143.5435,-6.3415,0.8620000000000001
One Way,1,102.519,-6.283,0.502
One-T,1,204.192,-1.252,0.728
OneRepublic,17,128.10923529411764,-7.399764705882354,0.677
Oneohtrix Point Never,3,88.91966666666667,-12.366,0.3983333333333334
Onra,2,137.279,-3.16,0.7795
Onur Özer,1,127.009,-13.947,0.63
Ooah,2,187.98450000000003,-7.9205000000000005,0.8875
Oomph!,6,125.67433333333334,-4.0615,0.916
Operation Ivy,23,118.33047826086957,-4.565652173913044,0.9277391304347826
Operator Please,1,136.303,-5.256,0.807
Opeth,51,116.46023529411764,-9.355039215686274,0.6457235294117647
Opus,1,92.786,-1.949,0.922
Opus III,1,125.007,-9.857,0.955
Orange Goblin,3,147.355,-9.022666666666666,0.7813333333333334
Orange Juice,3,121.63499999999999,-8.412333333333333,0.7060000000000001
Orbital,25,125.41044,-10.1408,0.76992
Orchestra Baobab,4,105.5025,-9.40025,0.661
Orchestral Manoeuvres in the Dark,7,126.765,-8.716857142857142,0.7995714285714286
Ordo Rosarius Equilibrio,3,114.505,-9.86,0.5436666666666666
Oren Lavie,1,83.071,-14.737,0.197
Organek,1,169.883,-4.723,0.9
Orgy,11,133.14309090909092,-5.305,0.9123636363636364
Origin,4,112.57625,-5.64375,0.96275
Orishas,9,100.01188888888889,-7.983666666666666,0.6961111111111111
Orleans,2,122.2635,-11.7165,0.485
Ornette Coleman,6,102.10366666666668,-12.3735,0.3665
Orphan Songs,1,169.981,-11.301,0.418
Orphaned Land,24,125.38795833333332,-6.662791666666667,0.8202916666666668
Orquesta Del Plata,1,120.007,-9.146,0.599
Orson,3,123.43333333333334,-4.847,0.7493333333333334
Orsten,1,82.993,-10.802,0.274
Os Mutantes,10,124.01259999999999,-6.7248,0.7579
Os Paralamas Do Sucesso,6,111.93016666666666,-11.168833333333334,0.7145
Osborne,1,122.861,-9.674,0.824
Oscar Peterson,2,99.58000000000001,-17.610999999999997,0.2085
Oscar Peterson Trio,1,54.904,-24.924,0.0837
Osker,1,186.944,-4.912,0.928
Otep,17,115.41682352941177,-9.225529411764706,0.7984117647058824
Other Lives,1,124.06,-10.384,0.539
Otis Redding,12,132.33,-11.901000000000002,0.36308333333333337
Otis Rush,3,115.41633333333334,-8.637,0.6546666666666666
Otis Taylor,1,132.344,-7.94,0.435
Ott,7,127.423,-8.680428571428571,0.7164285714285714
Ottmar Liebert,2,117.95750000000001,-9.182500000000001,0.7150000000000001
Ou Est Le Swimming Pool,2,119.01650000000001,-4.497,0.8514999999999999
Ought,1,111.547,-6.122,0.76
Oumou Sangare,2,113.1165,-12.078,0.372
Our Lady Peace,17,148.12888235294116,-5.908764705882353,0.8312941176470589
Our Last Night,9,152.15833333333333,-3.8794444444444443,0.9483333333333334
Out Hud,1,120.515,-5.534,0.725
OutKast,35,115.1198,-7.598400000000001,0.6766285714285714
Outlandish,1,86.993,-9.404,0.524
Oval,1,77.524,-17.781,0.336
Overkill,7,145.21414285714286,-7.509285714285714,0.9307142857142857
Overseer,6,136.65583333333333,-9.895833333333334,0.7396666666666666
Owen,1,130.012,-11.873,0.534
Owen Pallett,10,121.4019,-10.3567,0.41559999999999997
Owl City,31,125.95170967741936,-7.757354838709678,0.6555483870967742
Owls,1,113.269,-8.483,0.608
Ozric Tentacles,1,161.019,-9.958,0.826
Ozzy Osbourne,26,126.63830769230769,-5.777576923076923,0.7793076923076924
P!nk,17,128.68682352941175,-4.979235294117647,0.7385294117647059
P.O.D.,13,110.70376923076923,-5.588692307692307,0.8597692307692307
PANTyRAiD,8,140.209125,-8.9925,0.530625
PARTYNEXTDOOR,1,158.373,-5.35,0.7
PJ Harvey,57,125.96277192982456,-14.074736842105263,0.44147368421052635
POLYSICS,1,198.851,-2.656,0.948
PPK,1,139.983,-4.772,0.902
PUFFY,1,171.88,-3.904,0.955
PUSH,1,138.009,-9.513,0.828
Pacific!,1,119.987,-7.864,0.734
Paco de Lucía,1,102.826,-14.292,0.649
Pagoda,2,151.8885,-8.0465,0.41000000000000003
Pain,11,129.3379090909091,-4.832272727272727,0.9276363636363637
Pain of Salvation,27,120.47070370370369,-8.745074074074074,0.7010074074074074
Painkiller,2,126.376,-9.079,0.7865
Pakito,2,131.9785,-6.602,0.9165
Pale Saints,12,147.51358333333334,-15.622916666666667,0.5709166666666666
Pallbearer,3,113.88900000000001,-10.321,0.613
Paloma Faith,4,99.72675000000001,-4.65275,0.7535000000000001
Palomar,1,100.37,-5.062,0.98
Pam Tillis,1,73.715,-3.875,0.764
Pan Sonic,2,118.0395,-31.147,0.099235
Pan-Pot,1,126.017,-9.795,0.645
Panda Bear,7,112.25957142857143,-9.157571428571428,0.7415714285714285
Pangaea,1,138.015,-10.156,0.563
Panic Lift,1,119.982,-7.08,0.995
Panic! at the Disco,11,136.09963636363636,-6.547909090909091,0.7759090909090909
Panjabi MC,1,104.973,-7.563,0.893
Pantera,13,125.10653846153846,-7.1273846153846145,0.8823076923076923
Panteón Rococó,3,177.79233333333332,-5.62,0.8903333333333333
Pantha du Prince,11,120.48154545454545,-13.6,0.5913636363636363
Panzer AG,14,118.68885714285715,-4.736714285714285,0.8835
Paolo Conte,3,145.52366666666666,-10.795666666666667,0.6136666666666667
Paolo Nutini,13,119.78838461538462,-8.525307692307694,0.5142923076923076
Papa Roach,32,114.13653125,-5.3755625,0.89015625
Papa Wemba,1,119.034,-8.216,0.845
Papas Da Língua,1,108.174,-8.397,0.57
Papas Fritas,1,116.947,-4.723,0.776
Paper Lace,1,107.192,-12.865,0.53
Paper Route,1,129.211,-8.172,0.538
Paperclip People,1,127.027,-15.573,0.298
Paprika Korps,1,92.392,-6.552,0.689
Para One,8,137.24875,-7.86425,0.76625
Parachute,5,127.1662,-5.8036,0.6305999999999999
Paradis,1,113.01,-7.308,0.76
Paradise Lost,56,126.66916071428571,-6.965249999999999,0.8511607142857143
Parallels,1,111.981,-5.371,0.821
Paramore,29,141.6473448275862,-4.870586206896553,0.8443448275862069
Parenthetical Girls,2,127.119,-7.045999999999999,0.397
Pariah,1,160.073,-7.81,0.654
Paris Combo,7,139.18557142857142,-10.032428571428571,0.5491428571428572
Paris Hilton,2,130.2605,-4.305,0.837
Parkway Drive,33,124.79200000000002,-4.906393939393939,0.9093333333333333
Parliament,9,96.62088888888889,-10.108666666666666,0.6561111111111111
Parov Stelar,10,124.67999999999999,-9.4867,0.5278
Parpadeo,1,89.963,-7.798,0.708
Parts & Labor,1,172.269,-4.566,0.958
Passenger,1,75.369,-9.534,0.491
Passengers,2,111.64150000000001,-12.5905,0.6015
Passion Pit,15,120.34513333333332,-5.235666666666666,0.7916666666666666
Pat Benatar,1,135.219,-6.716,0.543
Pat Boone,1,87.683,-8.473,0.48
Pat Metheny Group,1,80.052,-14.657,0.489
Pat Travers,1,94.296,-7.942,0.803
Pati Yang,15,128.0498,-6.629666666666666,0.7078666666666666
Pato Fu,2,101.875,-8.9,0.6035
Patrice,5,112.3622,-8.4704,0.6382
Patrice Rushen,1,113.674,-9.773,0.395
Patricia Kaas,2,129.823,-7.6,0.608
Patrick Doyle,3,86.55466666666666,-22.395333333333337,0.10583333333333333
Patrick Moraz,1,108.638,-8.189,0.379
Patrick Park,1,82.638,-7.394,0.442
Patrick Street,1,110.548,-12.226,0.542
Patrick Swayze,1,125.008,-8.995,0.465
Patrick Watson,11,131.243,-14.253090909090908,0.37284545454545454
Patrick Wolf,19,115.55610526315789,-9.304421052631579,0.6239947368421053
Patrycja Markowska,1,135.051,-4.064,0.958
Patsy Cline,5,119.8356,-12.1398,0.25179999999999997
Patti LaBelle,1,138.015,-8.351,0.683
Patti Page,1,73.181,-15.797,0.139
Patti Smith,12,123.95808333333333,-8.6705,0.6529166666666667
Patty Griffin,3,124.32433333333334,-17.246333333333332,0.2543666666666667
Paul Anka,4,113.02725000000001,-10.459,0.40975
Paul Banks,1,93.987,-6.275,0.859
Paul Bothen,1,128.804,-17.505,0.445
Paul Cardall,2,120.63749999999999,-18.890500000000003,0.11145
Paul Davis,1,140.798,-8.66,0.457
Paul Desmond,1,149.4,-19.962,0.19
Paul Dukas,1,111.472,-14.534,0.441
Paul Hardcastle,1,117.936,-8.525,0.886
Paul Kalkbrenner,19,122.85736842105263,-11.938263157894736,0.5322631578947368
Paul Kelly,1,133.842,-5.987,0.844
Paul Mauriat,1,104.361,-10.549,0.499
Paul McCartney,11,117.25072727272727,-6.135909090909092,0.7156363636363636
Paul Oakenfold,2,127.98649999999999,-2.2645,0.9425
Paul Potts,1,118.247,-9.587,0.299
Paul Schwartz,2,129.98,-11.5535,0.5035
Paul Simon,16,114.816125,-11.830874999999999,0.5454375
Paul Stanley,1,127.096,-3.879,0.91
Paul Weller,2,124.274,-9.593,0.4345
Paul Westerberg,1,136.453,-9.969,0.759
Paul Young,3,114.69200000000001,-6.510000000000001,0.7203333333333334
Paul van Dyk,6,136.25300000000001,-7.4191666666666665,0.9063333333333333
Paula Abdul,3,100.955,-8.854666666666667,0.7433333333333333
Paulina Rubio,1,82.966,-8.851,0.79
Pauline Croze,1,132.053,-10.465,0.439
Pauline London,1,119.992,-12.131,0.546
Pavement,26,128.25438461538462,-9.030538461538463,0.6158846153846154
Pawel,1,130.475,-4.233,0.963
Peabo Bryson,1,107.988,-11.178,0.296
Peace Orchestra,4,103.97325000000001,-12.5095,0.40775
Peaches,26,138.5403846153846,-5.6735,0.6948846153846154
Peaches & Herb,1,132.712,-6.51,0.743
Peaking Lights,1,180.01,-13.535,0.482
Pearl Jam,69,127.50069565217392,-8.036449275362319,0.6820072463768116
Peccatum,1,61.173,-16.084,0.127
Pedro the Lion,8,108.31212500000001,-10.400875,0.509
Peeping Tom,3,116.73266666666666,-10.408,0.665
Peggy Lee,6,118.24416666666667,-13.380333333333333,0.22285
Pelican,6,122.93066666666665,-5.608,0.8723333333333333
Pendulum,22,168.06668181818182,-5.119954545454545,0.9360454545454545
Penguin Cafe Orchestra,13,114.07915384615384,-20.540692307692307,0.2303246153846154
Penguin Prison,1,127.014,-6.36,0.903
Pennywise,9,111.75488888888889,-4.769,0.9618888888888889
Pentagram,13,118.71723076923078,-6.786692307692308,0.8506923076923076
Penumbra,9,126.65122222222223,-6.673,0.7367777777777778
Pepper,9,115.61144444444443,-7.057777777777778,0.5547777777777778
Percy Sledge,1,190.843,-10.659,0.311
Pere Ubu,6,122.87883333333333,-7.651,0.7041666666666666
Perfect Pussy,1,115.781,-2.02,0.989
Perfume,15,136.09213333333335,-3.0128,0.9294666666666667
Perfume Genius,5,126.1318,-10.8868,0.3428
Periphery,4,123.90225000000001,-5.688,0.954
Perpetuate,1,96.314,-3.504,0.954
Perry Como,4,112.68925,-9.6565,0.47375
Persephone,1,123.956,-8.119,0.436
Perturbator,3,126.14733333333334,-2.127333333333333,0.8803333333333333
Pescado Rabioso,1,122.963,-14.514,0.288
Pestilence,1,105.81,-6.544,0.994
Pet Shop Boys,19,123.01152631578948,-9.352315789473684,0.8265789473684211
Pete Francis,1,81.774,-13.304,0.229
Pete Murray,4,103.45475,-7.7695,0.5065
Pete Rock,2,180.8275,-8.097,0.659
Pete Rock & C.L. Smooth,1,99.044,-11.421,0.537
Pete Townshend,1,164.907,-5.088,0.829
Pete Yorn,7,132.40685714285715,-7.541857142857142,0.7435714285714285
Pete and the Pirates,1,150.032,-4.47,0.915
Peter & Gordon,1,129.823,-8.674,0.712
Peter Bjorn and John,26,117.11661538461539,-5.6605,0.7681153846153846
Peter Bradley Adams,1,151.908,-10.842,0.531
Peter Broderick,8,104.79312499999999,-15.343125,0.229076625
Peter Cetera,1,144.977,-7.935,0.61
Peter Doherty,5,98.3164,-10.328399999999998,0.32720000000000005
Peter Fox,2,117.9405,-4.6114999999999995,0.747
Peter Frampton,3,112.92966666666666,-9.169333333333334,0.631
Peter Gabriel,26,107.35696153846153,-14.655346153846153,0.39721923076923077
Peter Green,3,105.10199999999999,-21.14333333333333,0.2108
Peter Murphy,8,121.2355,-12.65875,0.5816250000000001
Peter Schilling,1,163.065,-10.782,0.469
Peter Tosh,12,117.61375,-9.337083333333334,0.5909166666666666
"Peter, Paul & Mary",1,108.048,-7.76,0.626
PeterLicht,2,137.305,-9.957,0.5635
Petey Pablo,1,110.514,-2.278,0.772
Petit biscuit,1,90.838,-9.474,0.467
Petter,2,108.518,-11.219999999999999,0.4485
Petula Clark,1,117.032,-13.259,0.526
Phaeleh,3,138.91966666666667,-9.818,0.5396666666666666
Phantogram,6,121.93016666666666,-4.981166666666667,0.6938333333333334
Phantom Planet,6,131.45633333333333,-6.3518333333333326,0.8205
Pharmakon,1,79.95,-5.235,0.33
Pharoah Sanders,1,79.972,-15.241,0.47
Pharoahe Monch,2,104.3315,-4.703,0.9235
Pharrell Williams,4,130.31575,-6.80725,0.67575
Phil Collins,27,129.35851851851854,-11.219296296296296,0.5145888888888889
Phil Ochs,1,131.104,-6.517,0.492
Phil Phillips,1,85.303,-14.261,0.298
Phil Vassar,3,132.50699999999998,-5.050333333333334,0.7343333333333334
Philip George,1,123.003,-4.406,0.877
Philip Glass,9,113.70566666666667,-21.233888888888888,0.17706666666666665
Philipp Poisel,10,120.69739999999999,-9.706,0.49850000000000005
Phillip Phillips,1,118.037,-5.977,0.646
Phish,5,103.8176,-8.228399999999999,0.738
Phoebe Bridgers,1,107.019,-9.021,0.545
Phoenix,27,129.61307407407406,-6.580666666666667,0.6985925925925925
Phosphorescent,1,71.053,-8.983,0.49
Photek,14,143.0202857142857,-8.221357142857142,0.6822142857142858
Phutureprimitive,1,143.976,-11.5,0.702
Phyllis Dillon,1,198.578,-5.736,0.515
Phyllis Nelson,1,80.756,-9.924,0.513
Piano Magic,2,118.67000000000002,-8.849499999999999,0.4595
Pianos Become the Teeth,1,125.139,-6.002,0.894
Pictureplane,1,120.009,-3.353,0.922
Pidżama Porno,1,177.923,-4.915,0.907
Piebald,1,138.731,-6.756,0.788
Piemont,1,127.004,-10.397,0.734
Pierce The Veil,4,138.03275,-3.63475,0.92425
Pietro Mascagni,1,73.436,-17.801,0.318
Pig & Dan,1,129.999,-10.64,0.714
Pig Destroyer,62,118.41704838709677,-3.521451612903226,0.9689354838709677
Pillar,3,123.47000000000001,-5.171333333333333,0.8103333333333333
Pin Me Down,1,144.904,-4.259,0.877
Pinback,5,122.69480000000001,-11.22,0.6165999999999999
Pinch,2,112.00200000000001,-13.899000000000001,0.35950000000000004
Pink Floyd,64,119.25696875,-16.52603125,0.370990625
Pink Martini,22,115.80031818181818,-11.500454545454545,0.34957272727272726
Pink Turns Blue,5,115.32339999999999,-8.003,0.755
Pinkshinyultrablast,2,155.5515,-7.7415,0.862
Pissed Jeans,2,115.725,-4.4705,0.9624999999999999
Pitbull,8,126.024375,-6.230625,0.7777499999999999
Pitchshifter,3,148.53933333333336,-5.477333333333333,0.9506666666666667
Pity Sex,4,95.42224999999999,-7.38575,0.6035
Pixie Lott,6,112.9615,-5.0615,0.7178333333333334
Pixies,59,127.24464406779661,-10.660406779661018,0.7083220338983051
Placebo,47,129.82108510638298,-6.954574468085107,0.7640425531914893
Plaid,19,125.53352631578949,-13.325157894736842,0.5781578947368421
Plaided,1,87.679,-8.977,0.739
Plain White T's,18,132.55094444444444,-4.805444444444444,0.7776111111111111
Plan B,6,121.78833333333334,-4.472333333333333,0.7776666666666667
Planet Funk,3,105.669,-9.366999999999999,0.6506666666666666
Planningtorock,1,78.584,-6.319,0.634
Plants and Animals,1,89.221,-6.857,0.775
Plastikman,5,150.9068,-22.797,0.3446
Playaz Circle,1,143.922,-10.516,0.65
Playboi Carti,2,151.497,-6.695,0.6535
Player,1,155.222,-9.424,0.64
Plazma,1,100.047,-8.23,0.793
Pleasurekraft,1,125.019,-7.989,0.358
Plej,2,122.759,-6.7059999999999995,0.8245
Plushgun,1,174.98,-6.938,0.779
Pnau,6,133.1985,-6.395500000000001,0.8344999999999999
Poe,2,104.9185,-6.898,0.8674999999999999
Poema,1,127.999,-7.907,0.513
Poets of the Fall,6,123.78616666666666,-5.8725,0.8636666666666667
Pogo,1,135.02,-7.841,0.609
Pohlmann.,1,97.8,-7.869,0.74
Poison,2,149.17450000000002,-9.788499999999999,0.7285
Poison the Well,6,135.52483333333333,-5.967666666666666,0.9105
Poisonblack,14,126.71921428571429,-6.267857142857143,0.8310000000000001
Polarkreis 18,2,154.01,-5.7225,0.8505
Poldoore,1,93.005,-4.177,0.787
Pole,9,129.87955555555556,-19.25711111111111,0.4628888888888889
Poliça,2,90.03550000000001,-8.366,0.79
Polygon Window,5,126.13580000000002,-19.031799999999997,0.54006
Pompeya,1,125.005,-6.341,0.957
Poni Hoax,1,124.982,-7.337,0.684
Pop Will Eat Itself,2,123.3065,-8.09,0.6990000000000001
Popof,3,129.33566666666667,-10.722333333333333,0.663
Popol Vuh,1,95.255,-16.758,0.194
Porcelain Raft,1,109.471,-6.136,0.408
Porcupine Tree,28,118.82592857142858,-9.921999999999999,0.5933214285714286
Porno for Pyros,2,125.298,-9.656500000000001,0.531
Pornopop,1,120.054,-13.06,0.268
Port O'Brien,2,124.324,-7.7235,0.738
Porter Ricks,1,129.776,-15.81,0.721
Porter Robinson,1,127.987,-6.001,0.614
Portico Quartet,1,109.639,-9.57,0.561
Portishead,29,112.66837931034482,-8.465758620689655,0.5440379310344828
Portugal. The Man,24,127.35241666666667,-6.786958333333334,0.6945833333333334
Possessed,3,100.19066666666667,-7.155,0.8809999999999999
Post Malone,2,148.9995,-4.99,0.6105
Powderfinger,1,167.456,-4.117,0.855
Power Trip,1,104.503,-3.579,0.994
Powerman 5000,9,135.43177777777777,-6.123555555555556,0.8395555555555556
Powerwolf,15,121.9658,-4.4552000000000005,0.8569333333333333
Prefab Sprout,4,131.3275,-12.6425,0.532
Prefuse 73,19,109.39884210526316,-8.918263157894737,0.5967894736842105
Prelude,1,89.697,-16.216,0.0629
Prem Joshua,1,80.055,-11.741,0.657
Premiata Forneria Marconi,2,122.7895,-14.269000000000002,0.381
Pretty Girls Make Graves,5,145.4702,-5.098000000000001,0.8524
Pretty Lights,4,113.6275,-5.9695,0.76775
Pride and Fall,4,123.21574999999999,-8.197,0.8507499999999999
Priestess,1,121.949,-2.519,0.887
Primal Fear,5,164.1674,-4.7442,0.8897999999999999
Primal Scream,24,121.73674999999999,-7.706208333333333,0.7737083333333333
Primordial,25,113.1954,-9.00944,0.83256
Primus,58,120.782,-8.870155172413794,0.8066724137931034
Prince,35,116.46537142857143,-11.282,0.5516
Prince Buster,2,116.751,-9.187999999999999,0.6575
Princess Pang,1,159.222,-11.842,0.882
Prinzhorn Dance School,1,103.76,-8.737,0.421
Priscilla Ahn,3,115.80866666666667,-14.436666666666667,0.17250000000000001
Progression,1,131.981,-9.494,0.739
Project Pitchfork,10,123.16389999999998,-7.6536,0.8242
Prometheus,1,136.996,-5.169,0.929
Promoe,2,108.261,-7.008,0.756
Prong,2,138.5815,-6.567,0.858
Proof,1,160.995,-3.329,0.823
Propagandhi,5,121.54780000000001,-4.9432,0.9574
Propellerheads,8,124.459,-6.323375,0.881625
Protest the Hero,9,138.64833333333334,-5.022333333333333,0.942888888888889
Proxy,1,128.141,-7.79,0.75
Pryda,3,126.67200000000001,-9.860333333333333,0.7146666666666667
Psapp,9,110.89144444444445,-11.895222222222223,0.45722222222222225
PsyOpus,9,116.17344444444444,-2.912111111111111,0.9683333333333333
Psyche,2,119.893,-6.1685,0.881
Psychic Ills,1,89.98,-10.014,0.456
Psychic TV,2,100.2185,-16.4265,0.514
Psyclon Nine,4,142.75650000000002,-8.442,0.8395
Psycroptic,3,121.012,-5.065333333333333,0.969
Public Enemy,2,103.294,-15.085,0.5435
Public Image Ltd.,9,138.68644444444445,-13.581111111111111,0.5534666666666667
Puddle of Mudd,12,146.30475,-4.3021666666666665,0.9059166666666667
Pulp,24,119.0465,-7.649875000000001,0.7083750000000001
Pulsedriver,1,139.972,-5.706,0.983
Punch Brothers,1,112.069,-12.257,0.453
Pur,3,127.04933333333334,-4.805,0.919
Pure Reason Revolution,3,113.15500000000002,-7.471333333333334,0.7063333333333333
Puretone,1,165.002,-6.425,0.848
Purity Ring,1,92.126,-7.764,0.565
Puscifer,7,122.19842857142858,-6.499142857142857,0.7455714285714287
Pusha T,1,92.001,-3.026,0.485
Pussycat,1,124.428,-7.986,0.678
Pyotr Ilyich Tchaikovsky,4,99.77600000000001,-18.02825,0.159175
Pérez Prado,2,113.02700000000002,-10.544,0.595
Q Project,3,175.36966666666663,-5.669333333333333,0.9136666666666667
Q-Tip,6,96.2195,-6.243333333333333,0.5298333333333333
Qntal,12,132.08366666666666,-8.49425,0.6826500000000001
Quantic,18,119.50805555555556,-9.514388888888888,0.7904444444444444
Quarion,2,120.012,-11.636,0.7905
Quarteto Em Cy,1,101.847,-9.962,0.554
Quasimoto,4,134.42525,-8.498750000000001,0.61175
Quatermass,1,102.616,-14.502,0.298
Queen,57,116.61550877192983,-9.54961403508772,0.5985947368421053
Queen Adreena,1,138.458,-3.026,0.874
Queen Ifrica,1,82.731,-5.631,0.66
Queens of the Stone Age,36,129.52319444444444,-5.333638888888888,0.8296388888888889
Queensrÿche,10,116.8019,-12.037600000000001,0.7007
Quicksand,4,164.48425,-8.5505,0.79
Quicksilver Messenger Service,1,94.63,-13.099,0.526
Quiet Riot,3,131.48499999999999,-6.134666666666667,0.9046666666666666
Quincy Jones,2,139.34199999999998,-8.661999999999999,0.772
Quo Vadis,1,110.054,-6.02,0.913
R. Dean Taylor,1,159.503,-8.844,0.668
R. Kelly,5,90.2422,-8.1732,0.5134000000000001
R.E.M.,27,129.78877777777777,-10.129814814814814,0.6631111111111111
R.I.O.,2,128.936,-5.7895,0.9135
RENTRER EN SOI,8,110.3175,-5.7605,0.88025
REO Speedwagon,1,156.344,-11.017,0.48
RIP SLYME,4,148.25125,-4.60075,0.8575
RJD2,14,111.51471428571429,-7.194642857142857,0.7495714285714286
RX Bandits,10,111.37839999999998,-5.4057,0.8879999999999999
Ra,1,80.9,-5.473,0.786
Ra Ra Riot,9,152.26433333333333,-7.011333333333334,0.7282222222222222
Rabia Sorda,1,145.02,-4.263,0.921
Rachael Yamagata,9,115.79977777777779,-11.504111111111111,0.36654444444444445
Rachel Browne,1,128.754,-9.108,0.531
Rachel Platten,1,187.977,-4.966,0.881
Rachel Portman,1,106.603,-14.7,0.407
Rachid Taha,1,100.996,-8.445,0.848
Radical Face,5,133.1424,-11.0454,0.5065999999999999
Radio 4,1,130.321,-6.267,0.667
Radio Moscow,14,115.34878571428571,-8.781071428571428,0.7525000000000001
Radiohead,111,118.86916216216217,-10.287234234234235,0.572690990990991
Rae & Christian,2,99.998,-7.9475,0.874
Rae Sremmurd,1,140.023,-9.364,0.32
Raekwon,2,138.65800000000002,-7.2540000000000004,0.595
Rafael Anton Irisarri,1,125.591,-20.02,0.29
Raffertie,1,96.972,-10.252,0.311
Rage,3,103.956,-7.469666666666666,0.9093333333333332
Rage Against the Machine,27,118.73511111111111,-6.790111111111111,0.8234814814814816
Railroad Earth,1,95.663,-4.586,0.803
Raimundos,4,116.6525,-6.25375,0.86875
Rainbow,14,121.72957142857142,-10.005357142857141,0.7149285714285715
Raised Fist,4,120.19125,-5.63425,0.9195
Rakim,3,91.35066666666667,-8.274,0.7153333333333333
Ralph McTell,1,155.516,-15.041,0.287
Ralph Vaughan Williams,1,74.681,-21.548,0.127
Ralphie B,1,137.023,-8.335,0.948
Ram Jam,1,119.544,-7.891,0.868
Ram Trilogy,2,174.0025,-6.6645,0.883
Rameses B,2,128.7545,-8.281500000000001,0.6885
Ramin Djawadi,4,105.375,-24.94175,0.0874
Rammstein,56,125.90653571428571,-6.2905178571428575,0.7728446428571428
Ramona Falls,3,113.48566666666666,-10.910000000000002,0.47733333333333333
Ramones,30,154.41173333333333,-7.4201999999999995,0.8529
Rancid,27,142.1977777777778,-4.660074074074074,0.9363703703703704
Random Forest,1,79.988,-14.209,0.421
Randy Crawford,3,108.42266666666667,-11.060333333333332,0.4186666666666667
Randy Houser,2,137.0685,-4.6505,0.812
Randy Newman,2,88.126,-8.569500000000001,0.4685
Randy Travis,2,119.331,-10.374,0.425
Rank 1,11,140.0410909090909,-10.748909090909091,0.7508181818181818
Rantanplan,1,125.877,-6.385,0.581
Raphael Saadiq,3,105.86833333333334,-6.684,0.6516666666666667
Rare Earth,1,172.379,-12.768,0.638
Rascal Flatts,14,122.7192857142857,-4.981214285714286,0.772
Rasmus Seebach,1,125.066,-6.963,0.704
Rasputina,12,121.24666666666667,-11.573083333333335,0.44816666666666666
Rata Blanca,1,115.358,-10.206,0.649
Ratatat,35,113.32314285714286,-7.601200000000001,0.6197714285714285
Ratos De Porão,1,124.464,-5.136,0.999
Ratt,3,123.86966666666666,-7.386333333333333,0.911
Raudive,1,126.0,-7.738,0.512
Raul Seixas,2,123.24100000000001,-6.1505,0.6985
Raunchy,1,159.964,-5.286,0.971
Ravi Shankar,3,140.047,-10.954,0.5143333333333333
Rawthang,1,170.114,-8.377,0.749
Ray Charles,17,127.21617647058825,-11.393352941176472,0.39152941176470585
Ray J,3,106.70299999999999,-6.214333333333333,0.6696666666666666
Ray LaMontagne,14,131.9445,-15.097,0.27016428571428575
Ray Lynch,2,121.5035,-17.6905,0.2405
Ray Parker Jr.,1,115.51,-12.558,0.666
Ray Peterson,1,102.028,-8.917,0.457
"Raz, Dwa, Trzy",2,152.322,-17.714,0.34099999999999997
Razed in Black,3,136.00866666666667,-8.265666666666666,0.9003333333333333
Razorlight,14,124.26721428571429,-5.504785714285715,0.7085714285714285
Ready For The World,1,128.762,-8.582,0.645
Reagan Youth,1,153.588,-15.215,0.545
Real Estate,14,126.57971428571429,-7.638214285714286,0.7006428571428571
Reamonn,3,101.026,-6.2909999999999995,0.7213333333333334
Reba McEntire,1,168.603,-11.487,0.272
Rebecca Black,1,112.004,-4.555,0.889
Rebecca Ferguson,1,175.91,-4.393,0.695
Rebelution,6,109.01083333333334,-7.257000000000001,0.711
Recoil,5,126.01079999999999,-10.9218,0.6338
Red,9,132.17133333333334,-5.117666666666667,0.8482222222222222
Red Garland,1,80.363,-20.207,0.0581
Red Hot Chili Peppers,46,115.21084782608696,-6.223891304347825,0.8027391304347826
Red House Painters,4,148.839,-10.71,0.4065
Red Line Chemistry,1,123.007,-3.721,0.863
Red Lorry Yellow Lorry,1,156.319,-9.466,0.838
Red Rider,1,97.533,-9.196,0.587
Red Snapper,12,114.72333333333334,-8.729083333333334,0.762
Red Sparowes,8,125.75562500000001,-6.994,0.607
Red Velvet,4,123.262,-3.71775,0.849
Redman,2,131.035,-8.779,0.696
Reef,1,109.369,-4.52,0.978
Reel 2 Real,1,122.938,-6.249,0.827
Reel Big Fish,44,134.7185681818182,-6.311000000000001,0.8093181818181818
Refused,22,125.24677272727273,-8.036181818181818,0.7850454545454546
Reggie and the Full Effect,1,152.051,-2.62,0.966
Regina Spektor,23,112.3,-9.468173913043477,0.30676086956521736
Regurgitate,3,105.13900000000001,-5.815,0.9546666666666667
Reik,2,148.03199999999998,-6.1225000000000005,0.5335
Reinhard Mey,1,135.879,-17.734,0.186
Relaxing Piano Music Consort,1,64.18,-27.996,0.0101
Relient K,17,140.7616470588235,-4.437176470588235,0.8254705882352941
Remy Shand,1,108.015,-9.9,0.209
Renaissance,1,79.329,-11.811,0.507
Renan Luce,4,121.0405,-9.86575,0.485
Renaud,1,74.772,-17.879,0.239
Reptar,1,110.051,-6.737,0.869
Republica,1,135.808,-10.02,0.758
Republika,14,133.64678571428573,-7.4245,0.6895
Repulsion,3,128.23966666666666,-1.7996666666666667,0.9886666666666667
Reputante,1,151.992,-9.131,0.797
Reso,2,139.993,-5.4415,0.968
Retching Red,1,162.285,-4.133,0.914
Return to Forever,1,141.041,-15.076,0.393
Rev Theory,2,146.94549999999998,-3.1375,0.978
Reverend Bizarre,5,131.1802,-6.4794,0.8524
Reverend and the Makers,2,141.516,-4.989,0.8069999999999999
Revis,1,159.893,-5.062,0.891
Revolting Cocks,2,139.02550000000002,-9.756,0.8625
Revolver,1,96.093,-3.718,0.847
Revolverheld,8,146.339875,-4.420375,0.838875
Rex the Dog,2,126.3985,-10.644,0.675
Rezz,1,99.99,-9.556,0.682
Rhapsody,5,103.4624,-4.9002,0.7992
Rhapsody of Fire,9,136.98388888888888,-5.906777777777778,0.8142222222222222
Rhett Akins,1,128.961,-9.012,0.788
Rhian Sheehan,1,79.694,-8.925,0.416
Rhye,2,110.03399999999999,-9.5075,0.6205
Rhys,1,102.019,-6.99,0.67
Ricardo Villalobos,2,131.37,-12.145,0.614
Rich Boy,2,160.893,-5.1335,0.7935
Richard Armitage,1,87.474,-30.935,0.0144
Richard Ashcroft,8,135.430125,-7.946625,0.6171249999999999
Richard Cheese,7,125.11957142857143,-8.739285714285714,0.49685714285714283
Richard Clayderman,1,139.272,-11.813,0.386
Richard Devine,1,121.002,-14.318,0.393
Richard Hawley,2,155.476,-9.4235,0.554
Richard Marx,3,99.63566666666667,-9.932666666666668,0.297
Richard O'Brien,1,94.395,-13.36,0.55
Richard Strauss,1,173.584,-30.428,0.151
Richard Thompson,1,82.709,-8.61,0.399
Richard Wagner,3,90.0,-15.813,0.278
Richgirl,1,107.88,-4.808,0.902
Richie Havens,1,135.231,-17.465,0.446
Richie Spice,1,79.087,-5.933,0.715
Rick Astley,1,115.105,-7.523,0.934
Rick James,3,122.39933333333333,-9.503333333333332,0.6886666666666666
Rick Nelson & The Stone Canyon Band,1,100.934,-19.412,0.224
Rick Ross,5,134.4502,-6.3362,0.7562
Rick Springfield,1,131.674,-6.99,0.79
Rick Wakeman,2,112.1095,-12.923,0.439
Ricky Martin,1,178.132,-3.77,0.959
Ricky Nelson,4,113.075,-9.76625,0.43075
Ridan,1,134.02,-7.364,0.417
Ride,11,130.799,-5.489545454545454,0.8886363636363637
Right Said Fred,1,128.016,-9.182,0.59
Rihanna,47,123.67189361702127,-6.111765957446808,0.6596808510638298
Rilo Kiley,16,108.1008125,-6.9049375,0.6155625
Ringo Deathstarr,6,155.5275,-5.438166666666667,0.915
Ringo Starr,5,119.13320000000002,-6.0096,0.8029999999999999
Rings of Saturn,2,112.4385,-4.8,0.923
Rino Gaetano,1,118.784,-5.485,0.812
Rinôçérôse,1,100.029,-8.586,0.728
Rio Reiser,2,123.5765,-7.368,0.7424999999999999
Riot,1,153.176,-5.205,0.995
Ripperton,1,121.971,-12.862,0.441
Rise Against,60,134.36561666666665,-3.6063166666666664,0.95505
Rishloo,1,107.292,-5.737,0.865
Rita Coolidge,1,105.63,-11.571,0.459
Rita Marley,1,89.519,-11.284,0.422
Rita Ora,3,133.64566666666667,-4.608666666666667,0.7673333333333333
Ritchie Valens,3,85.59966666666666,-6.854333333333333,0.6176666666666667
Rites of Spring,4,111.54650000000001,-6.141,0.9355
Ritualz,1,77.001,-7.127,0.839
Rival Consoles,2,143.50900000000001,-11.696000000000002,0.8155
Rival Schools,6,150.30666666666667,-4.969166666666666,0.767
Rival Sons,2,140.7205,-5.9085,0.6415
Riverside,37,120.63054054054054,-7.418567567567568,0.693918918918919
Rixton,1,174.037,-4.651,0.791
Roadrunner United,3,170.569,-3.206,0.984
Rob Dougan,4,114.79925,-13.152000000000001,0.36324999999999996
Rob Lutes,1,88.551,-11.222,0.346
Rob Sparx,1,139.999,-6.617,0.783
Rob Thomas,2,138.9495,-4.276,0.861
Rob Zombie,30,120.8683,-5.639366666666667,0.8551666666666667
Robbie Dupree,1,119.849,-15.147,0.425
Robbie Williams,34,128.91979411764706,-7.073441176470588,0.6419411764705882
Robby Roadsteamer,1,107.592,-6.329,0.629
Robert Babicz,2,121.001,-10.613,0.5445
Robert Cray,1,125.896,-5.44,0.892
Robert Hood,2,130.84699999999998,-13.6915,0.7635
Robert Johnson,19,109.11305263157895,-12.437315789473685,0.19717368421052633
Robert Miles,7,138.043,-10.279285714285715,0.7112857142857143
Robert Palmer,2,118.73849999999999,-6.5305,0.744
Robert Plant,4,129.69275,-10.119250000000001,0.53825
Robert Randolph & The Family Band,1,82.192,-3.06,0.921
Robert Rich,2,125.05950000000001,-13.5195,0.4805
Robert Schumann,1,82.971,-29.862,0.083
Robert Wyatt,2,97.342,-10.463000000000001,0.34600000000000003
Roberta Flack,2,121.3005,-15.940999999999999,0.2037
Roberto Cacciapaglia,6,111.39166666666667,-14.717833333333333,0.244
Robin Rogers,1,124.03,-5.437,0.602
Robin S,1,120.244,-13.637,0.553
Robin Thicke,8,105.79075,-9.660874999999999,0.48525
Robin Trower,1,133.114,-7.974,0.935
Robot Koch,1,84.951,-8.16,0.606
Robots in Disguise,1,146.022,-4.326,0.849
Robyn,12,129.40341666666666,-6.135666666666666,0.7084166666666666
Rocco,2,140.986,-6.1865000000000006,0.983
Rock City,1,93.867,-8.958,0.572
Rock Mafia,1,96.01,-3.077,0.816
Rocketship,2,152.85500000000002,-5.9405,0.625
Rockwell,1,123.921,-5.231,0.648
Rocky Votolato,2,133.3385,-8.186,0.522
Rod Stewart,11,116.11872727272727,-9.13790909090909,0.6584545454545455
Rodger Collins,1,121.676,-6.885,0.557
Rodney Atkins,2,112.0205,-3.6029999999999998,0.8435
Rodney Hunter,1,102.984,-7.511,0.916
Rodrigo,1,141.186,-11.997,0.283
Rodrigo Amarante,1,133.926,-16.832,0.0662
Rodrigo Leão,2,115.86449999999999,-10.7395,0.33299999999999996
Rodrigo y Gabriela,14,126.56157142857144,-9.948857142857142,0.7869285714285714
Roger Bart,1,89.79,-17.112,0.119
Roger Eno,1,72.581,-30.164,0.0164
Roger Miller,2,107.78,-8.38,0.4955
Roger Sanchez,1,127.993,-10.029,0.82
Roger Waters,10,108.883,-16.6205,0.3722
Rogue Traders,1,132.459,-7.454,0.932
Rogue Wave,7,134.95714285714286,-8.466714285714286,0.6151428571428571
Roken Is Dodelijk,1,90.34,-12.363,0.276
Rokia Traoré,3,107.13800000000002,-13.359666666666667,0.36033333333333334
Roksonix,1,140.01,-2.705,0.939
Roland Alphonso,1,128.407,-9.704,0.665
Roland Appel,1,123.993,-9.96,0.497
Roland Kaiser,1,112.249,-7.311,0.898
Rolo Tomassi,2,175.43,-6.1370000000000005,0.7295
Rome,2,107.5235,-10.9895,0.685
Ron Pope,1,69.81,-7.443,0.452
Ronald Jenkees,3,137.36233333333334,-10.204,0.6003333333333333
Ronan Hardiman,6,133.56616666666667,-14.6885,0.4106666666666667
Ronan Keating,3,90.90266666666666,-5.322666666666667,0.6859999999999999
Roni Size,13,151.03576923076923,-5.725461538461539,0.8947692307692308
Ronnie Foster,1,114.069,-10.277,0.468
Room Eleven,1,186.454,-10.268,0.385
Rooney,6,133.9915,-3.8691666666666666,0.8610000000000001
Roosevelt,2,116.016,-6.1155,0.871
Roots Manuva,2,92.9275,-5.938,0.849
Roots Radics,2,143.80450000000002,-8.8445,0.40449999999999997
Rory Gallagher,3,108.82633333333332,-5.720666666666666,0.8226666666666667
Rosalia De Souza,1,174.559,-8.965,0.789
Rosana,1,119.127,-4.566,0.869
Rosanne Cash,1,121.011,-6.69,0.597
Rose Funeral,9,113.69855555555556,-9.501555555555555,0.8146666666666667
Rose Royce,2,128.441,-16.0965,0.256
Rosemary Clooney,2,162.672,-10.012,0.505
Rosenstolz,4,126.41375,-7.11225,0.636
Rosetta,11,113.72045454545454,-9.98690909090909,0.7064545454545454
Rosetta Stone,4,140.375,-8.61125,0.865
Rosie Thomas,1,79.363,-13.246,0.189
Rotersand,7,127.861,-5.975285714285714,0.9295714285714285
Rotten Sound,12,122.34724999999999,-5.827333333333333,0.88915
Rotting Christ,12,133.55975,-5.279083333333333,0.8655833333333334
Roudoudou,1,97.962,-7.867,0.593
Rouge Rouge,1,94.632,-5.027,0.941
Route 94,1,120.007,-9.903,0.51
Rowland S. Howard,1,117.897,-7.29,0.694
Roxette,5,105.6046,-7.5078000000000005,0.6762
Roxy Music,23,131.82060869565217,-9.352,0.6316086956521739
Roy Ayers,1,169.75,-13.754,0.545
Roy Ayers Ubiquity,1,161.06,-10.326,0.571
Roy Buchanan,1,94.985,-10.721,0.267
Roy Orbison,14,122.6695,-10.298642857142855,0.5397142857142857
Royal Blood,4,99.72375,-4.8335,0.8035
Royal Republic,1,144.934,-3.143,0.971
Rozalla,2,130.069,-7.566,0.9265
RuPaul,1,127.978,-4.369,0.779
Rubén González,5,112.845,-11.2646,0.4928
Rudy Mills,1,81.36,-9.982,0.664
Rue du Soleil,2,138.044,-10.173,0.497
Rufio,7,116.36871428571429,-4.664714285714285,0.8901428571428571
Rufus,2,147.163,-6.321999999999999,0.8255
Rufus Wainwright,39,111.47469230769231,-9.155102564102563,0.39564102564102566
Rui Da Silva,1,129.007,-8.188,0.92
Ruins,1,143.492,-2.293,0.94
Run the Jewels,2,149.7705,-7.5969999999999995,0.762
Running Wild,6,144.3405,-7.0248333333333335,0.9165
Ruoska,4,140.26875,-4.561,0.8995
Rupee,1,105.991,-6.89,0.847
Rupert Holmes,1,139.919,-5.827,0.807
Rush,58,132.9441896551724,-8.340689655172413,0.8058965517241379
Rusko,6,128.99316666666667,-5.787499999999999,0.8326666666666668
Russian Circles,15,114.66926666666667,-11.009933333333333,0.5602733333333333
Russian Red,1,113.414,-7.792,0.408
Russkaja,1,169.88,-4.423,0.945
Rusted Root,1,120.633,-11.566,0.682
Rustie,2,132.3875,-5.8085,0.8605
Ryan Adams,31,122.31229032258065,-10.329451612903226,0.4329258064516129
Ryan Adams & The Cardinals,4,115.766,-7.4815,0.546
Ryan Bingham,1,111.032,-10.207,0.499
Ryan Farish,1,120.004,-11.277,0.524
Ryan Leslie,1,179.849,-5.43,0.508
RÜFÜS DU SOL,1,122.014,-5.426,0.793
Róisín Murphy,11,121.5430909090909,-7.159090909090909,0.7067272727272728
Róże Europy,1,110.474,-7.683,0.529
Röyksopp,37,117.89275675675677,-9.55472972972973,0.7081837837837838
Röyksopp & Robyn,1,152.983,-5.698,0.766
S Club 7,3,116.02366666666667,-5.447666666666667,0.7066666666666667
S-Tone Inc.,1,120.023,-8.473,0.787
S.I.B.,1,116.647,-5.527,0.922
SBTRKT,3,144.5616666666667,-10.059,0.5946666666666667
SCSI-9,2,122.738,-10.961500000000001,0.4615
SHINee,1,123.999,-2.999,0.963
SKI MASK THE SLUMP GOD,1,117.003,-8.808,0.591
SKOLD vs. KMFDM,4,146.4925,-7.0215,0.67125
SKisM,3,151.99800000000002,-5.836333333333333,0.9043333333333333
SOHN,3,139.93866666666665,-9.563666666666668,0.5419999999999999
SOJA,1,94.121,-5.446,0.712
SPK,1,103.539,-10.04,0.943
SR-71,3,148.368,-4.543333333333333,0.8736666666666667
SZA,2,91.081,-8.241999999999999,0.4585
Sabaton,21,126.26780952380952,-5.501857142857143,0.8417142857142856
Sabina Ddumba,1,83.106,-5.181,0.631
Sabrepulse,2,126.36500000000001,-4.3165,0.855
Sabrina Carpenter,1,135.002,-3.54,0.706
Sacred Reich,3,134.47,-5.101,0.9783333333333334
Sade,47,118.12493617021278,-12.674617021276596,0.37187446808510644
Saetia,2,119.4315,-3.886,0.9424999999999999
Safri Duo,3,132.008,-6.973,0.976
Saga,1,130.846,-9.855,0.647
Sage Francis,3,96.66699999999999,-7.359999999999999,0.6406666666666667
Sage the Gemini,1,107.059,-5.874,0.57
Sahara Hotnights,1,162.129,-3.329,0.932
Saint Etienne,5,122.54960000000001,-7.6422,0.7354
Saint Vitus,1,112.856,-14.754,0.406
Salem,4,111.724,-5.6855,0.77825
Salif Keita,6,101.25999999999999,-8.698166666666667,0.6055
Saliva,22,139.0870909090909,-4.286272727272728,0.8795454545454546
Sally Dige,1,153.935,-9.538,0.668
Sally Shapiro,4,128.5325,-9.58375,0.66575
Salt The Wound,12,138.72308333333334,-7.628666666666667,0.9190833333333334
Salt-N-Pepa,3,125.67233333333333,-8.215666666666666,0.652
Saltatio Mortis,4,133.7505,-4.78625,0.92925
Saltillo,1,111.022,-9.616,0.55
Salvatore Adamo,1,107.33,-10.335,0.42
Sam & Dave,6,123.28500000000001,-7.5545,0.5663333333333334
Sam Cooke,13,111.84030769230769,-8.510461538461538,0.5191538461538461
Sam Gellaitry,1,136.955,-4.833,0.805
Sam Hunt,1,103.966,-5.251,0.861
Sam Roberts,3,109.97433333333333,-5.896666666666667,0.7536666666666667
Sam Smith,7,110.42399999999999,-7.579714285714286,0.5284285714285714
Sam Sparro,8,118.9595,-5.8945,0.798875
Sam The Sham & The Pharaohs,1,140.144,-9.059,0.677
Samael,29,125.91406896551723,-4.717448275862069,0.9558275862068966
Samantha Fox,2,113.678,-5.3055,0.877
Samantha James,2,126.97300000000001,-9.600999999999999,0.55
Samantha Mumba,1,109.981,-7.204,0.678
Sambassadeur,3,121.35733333333333,-4.22,0.8543333333333334
"Sammy Davis, Jr.",5,119.46600000000001,-7.546799999999999,0.4902
Sammy Hagar,2,141.37099999999998,-4.071,0.851
Sammy Kershaw,1,144.266,-9.621,0.702
Sampha,1,119.962,-12.713,0.55
Samsas Traum,1,110.006,-4.994,0.772
Samuel Barber,2,84.56,-18.599,0.0947
Samuel E. Wright,1,99.953,-6.178,0.726
Samy Deluxe,5,103.51759999999999,-8.8308,0.663
Sanctuary,3,128.25833333333333,-9.631666666666666,0.8656666666666667
Sander Van Doorn,1,134.997,-9.984,0.643
Sandi Thom,2,141.939,-4.5445,0.733
Sandie Shaw,1,85.496,-8.483,0.391
Sandra,3,135.15466666666666,-9.125666666666666,0.8146666666666667
Santa Sabina,1,121.0,-13.823,0.288
Santana,26,122.05173076923076,-9.171538461538463,0.7289230769230769
Santigold,9,146.1698888888889,-5.6146666666666665,0.7832222222222222
Santo & Johnny,1,184.467,-10.311,0.347
Saosin,16,144.459875,-4.044875,0.9133125
Sara Bareilles,15,138.24513333333334,-4.553666666666667,0.7282666666666666
Sara Evans,5,129.07139999999998,-6.006,0.6314
Sarah Blasko,2,128.4615,-8.258,0.5635
Sarah Brightman,19,103.07310526315788,-10.018526315789474,0.43984210526315787
Sarah Connor,2,114.3745,-7.0205,0.5085
Sarah McLachlan,16,115.204375,-9.5610625,0.479875
Sarah Vaughan,6,106.28933333333333,-12.1295,0.19755
Sarcófago,2,120.8645,-9.3705,0.879
Sascha Funke,11,126.45963636363636,-10.431636363636365,0.5414818181818182
Sash!,5,134.7006,-6.0732,0.9536
Sasha,6,126.05250000000001,-9.686666666666667,0.7496666666666667
Saturnus,3,121.78966666666666,-15.363333333333335,0.40700000000000003
Satyrian,1,127.983,-4.975,0.863
Satyricon,11,130.03054545454546,-7.0360000000000005,0.9634545454545453
Saul Williams,9,123.92355555555554,-7.782111111111111,0.6503111111111112
Savage Garden,7,124.17485714285715,-8.952428571428571,0.6145714285714285
Savages,4,167.46375,-5.53125,0.80725
Savatage,5,128.21599999999998,-7.331999999999999,0.8183999999999999
Save Ferris,6,117.63516666666665,-5.747833333333333,0.8683333333333333
Saves the Day,10,124.5463,-5.0326,0.826
Saving Abel,1,150.003,-4.29,0.879
Savoy Brown,1,192.983,-10.957,0.752
Sawa,1,120.019,-11.357,0.52
Saxon,2,100.7735,-5.3405000000000005,0.9245
Saxon Shore,2,154.762,-7.154,0.47250000000000003
Say Anything,25,114.89363999999999,-5.56412,0.770868
Say Lou Lou,1,125.947,-9.731,0.516
Saïan Supa Crew,1,91.183,-9.54,0.623
ScHoolboy Q,1,144.114,-7.182,0.754
Scann-Tec,1,90.022,-12.327,0.668
Scar Symmetry,26,132.0841923076923,-3.6577307692307692,0.9769230769230769
Scarface,2,105.457,-3.1835,0.872
Scarling.,1,131.05,-4.928,0.906
Scars on Broadway,10,147.0874,-2.8284,0.8817999999999999
Scary Kids Scaring Kids,12,127.82316666666667,-5.017333333333333,0.8210000000000001
Scatman John,2,141.47449999999998,-9.855,0.8594999999999999
Schandmaul,7,101.98971428571429,-5.836857142857143,0.7515714285714286
School of Seven Bells,7,114.64757142857142,-7.128571428571428,0.691
Scientist,1,136.983,-7.55,0.767
Scissor Sisters,21,123.30442857142857,-5.182857142857143,0.8020952380952382
Scooter,28,141.77560714285715,-6.624607142857143,0.9112857142857143
Scorn,1,89.98,-8.514,0.801
Scorpions,30,124.61913333333334,-8.782566666666666,0.6747
Scott Grooves,1,126.102,-5.388,0.817
Scott Joplin,2,171.19549999999998,-16.93,0.2935
Scott Walker,11,107.20709090909091,-14.737,0.3251363636363636
Scott Weiland,1,138.129,-4.934,0.758
Scotty McCreery,1,132.078,-7.266,0.496
Scouting for Girls,6,160.94583333333333,-3.9713333333333334,0.8373333333333334
Scratch Acid,2,140.9865,-12.0615,0.742
Scream Daisy,1,76.475,-4.314,0.96
Screamin' Jay Hawkins,1,143.122,-4.548,0.918
Screaming Trees,18,128.56655555555554,-6.662777777777778,0.8403333333333333
Scritti Politti,1,104.605,-12.576,0.869
Scuba,11,131.22763636363635,-10.969090909090909,0.6728181818181818
Sea Of Treachery,1,95.076,-3.689,0.992
Sea Wolf,5,113.3522,-11.090399999999999,0.48600000000000004
Seabound,10,135.8856,-9.4629,0.7117
Seal,4,121.72,-6.875,0.5915
Seals & Crofts,1,88.156,-4.946,0.68
Sean Kingston,8,103.20375,-4.502625,0.8096249999999999
Sean Lennon,1,77.002,-9.646,0.535
Sean Paul,14,116.27142857142859,-4.8490714285714285,0.8109999999999999
Seasick Steve,3,141.90066666666667,-7.244,0.509
Seba,1,174.945,-9.585,0.941
Sebadoh,4,128.66475,-8.13025,0.839
Sebastian,2,137.944,-5.907500000000001,0.8674999999999999
Sebastian Bach,1,110.002,-4.948,0.95
Sebastian Ingrosso,1,125.005,-8.089,0.857
Secondhand Serenade,5,123.76019999999998,-8.4922,0.5278
Secos & Molhados,4,105.51325,-11.5685,0.4448
Secret Chiefs 3,8,135.270125,-8.65975,0.6910000000000001
Secret Garden,12,107.43875000000001,-15.383249999999999,0.23994166666666664
Secret Machines,3,112.97233333333334,-7.769666666666667,0.797
Secret Service,1,125.435,-3.742,0.909
Secret Shine,1,148.438,-6.592,0.827
Section 25,1,121.926,-8.464,0.903
See You Next Tuesday,17,109.71788235294117,-4.601999999999999,0.9274117647058824
Seeed,14,125.30414285714286,-5.922571428571429,0.6680714285714285
Seefeel,3,122.81266666666666,-12.528333333333334,0.6526666666666666
Seelenkrank,1,128.007,-5.5,0.934
Seelenzorn,1,82.536,-7.46,0.757
Seether,15,132.29493333333332,-5.512466666666667,0.7677333333333334
Seinabo Sey,2,152.849,-6.743,0.662
Selah Sue,2,134.8465,-7.0115,0.4585
Selena Gomez,11,107.68918181818184,-5.8305454545454545,0.6683636363636364
Selena Gomez & the Scene,8,141.704,-3.857125,0.87975
Semi Precious Weapons,1,133.136,-2.2,0.964
Semisonic,5,109.80440000000002,-8.4572,0.5462
Sen Dog,1,97.067,-6.212,0.778
Senses Fail,18,128.0317777777778,-4.3661666666666665,0.9176666666666667
Sentenced,23,126.87686956521739,-5.779173913043478,0.8635652173913043
Sepalcure,2,136.9945,-9.452,0.8075
Sephiroth,7,91.59271428571428,-15.008142857142857,0.5325714285714286
September,5,129.0016,-3.8238,0.8295999999999999
Septicflesh,2,109.965,-4.555,0.7615000000000001
Sepultura,35,125.8805142857143,-6.1098,0.9342285714285714
Serena Ryder,1,82.858,-6.248,0.752
Serge Gainsbourg,27,109.43025925925927,-11.707555555555555,0.5222962962962963
Sergei Rachmaninoff,6,88.154,-25.940166666666666,0.07218000000000001
Sergent Garcia,6,138.21333333333334,-7.843166666666668,0.7621666666666668
Serj Tankian,2,137.47750000000002,-3.5025,0.9325
Sesto Sento,1,146.001,-8.569,0.874
Set Fire to Flames,1,76.771,-15.804,0.174
Set Your Goals,16,152.0721875,-3.9411875,0.9486875
Settle The Sky,1,160.007,-5.656,0.933
Seu Jorge,6,122.7085,-13.625833333333333,0.2155
Sevdaliza,4,99.26925,-9.5555,0.4015
Seven Mary Three,3,107.69966666666669,-8.992666666666667,0.5723333333333334
Sevendust,16,113.6313125,-4.9283125000000005,0.868125
Sex Pistols,7,148.87642857142856,-6.088714285714285,0.8797142857142858
Sexion d'Assaut,1,106.08,-4.906,0.54
Sexy Sushi,3,131.69633333333334,-5.19,0.5916666666666667
Sezen Aksu,1,141.44,-7.88,0.558
Sha Na Na,2,118.7815,-12.2715,0.544
Shaban & Käptn Peng,1,93.018,-8.835,0.653
Shabba Ranks,1,172.639,-8.511,0.722
Shackleton,2,129.977,-9.967500000000001,0.641
Shade Empire,1,92.502,-2.674,0.97
Shadows Fall,20,124.19000000000001,-4.7806,0.8957499999999999
Shaggy,6,126.45266666666667,-6.867,0.7046666666666667
Shai,1,128.019,-12.239,0.304
Shai Hulud,1,111.824,-3.193,0.99
Shajan,2,127.1745,-20.259999999999998,0.128
Shakespear's Sister,1,115.093,-10.956,0.51
Shakin' Stevens,3,138.61266666666668,-8.963000000000001,0.8183333333333334
Shakira,30,123.61326666666668,-6.298666666666667,0.6880000000000001
Shakti,1,115.94,-9.509,0.821
Shalamar,2,110.909,-8.475,0.7435
Sham 69,2,161.582,-8.969999999999999,0.876
Shaman,6,137.93516666666667,-6.2915,0.7716666666666666
Shania Twain,11,114.70727272727272,-6.082727272727272,0.7210909090909091
Shanice,1,188.007,-3.814,0.908
Shantel,8,113.74625,-7.01975,0.77725
Shapeshifters,1,123.941,-5.129,0.822
Sharaab,1,179.985,-7.426,0.478
Sharelle,1,92.181,-16.935,0.16
Sharon Jones and the Dap-Kings,6,119.0535,-6.290666666666667,0.6865
Sharon Van Etten,6,129.74483333333333,-9.360333333333333,0.40021666666666667
Shawn Colvin,2,114.334,-10.5195,0.301
Shawn Lee's Ping Pong Orchestra,1,85.282,-7.094,0.675
Shawn Mendes,8,136.787625,-6.228375,0.591625
Shawty Lo,1,116.25,-5.893,0.718
Shayne Ward,2,142.9795,-6.475,0.483
Shazalakazoo,1,114.959,-7.211,0.732
She,1,191.884,-11.373,0.377
She & Him,28,116.79953571428572,-8.395107142857142,0.4888071428571429
She Makes War,1,115.671,-9.621,0.349
She Past Away,1,144.016,-7.425,0.923
She Wants Revenge,24,129.58404166666665,-6.577000000000001,0.733
Shearwater,2,117.26650000000001,-15.083000000000002,0.14350000000000002
Sheb Wooley,1,157.725,-4.312,0.64
Shed Seven,2,112.39849999999998,-7.3655,0.7835000000000001
Sheena Easton,1,82.168,-10.58,0.407
Sheila Chandra,2,83.6965,-14.127500000000001,0.14575
Shellac,9,125.1681111111111,-12.969666666666667,0.6568888888888889
Shelley Morningsong,1,116.825,-13.57,0.283
Shenandoah,2,155.246,-8.1605,0.6825
Sheppard,1,142.028,-6.545,0.791
Sherwood,2,141.968,-3.9655,0.9085000000000001
Sheryl Crow,17,120.2840588235294,-7.011529411764705,0.6519411764705882
Shigeto,1,119.814,-9.815,0.796
Shimon,1,175.013,-3.395,0.993
Shimon & Andy C,1,173.088,-5.453,0.961
Shinedown,6,132.21866666666668,-3.9595000000000002,0.8743333333333333
Shinichi Osawa,1,130.895,-3.469,0.951
Shining,1,79.753,-3.373,0.97
Shiny Toy Guns,2,135.48899999999998,-5.91,0.6799999999999999
Shirley Bassey,3,98.796,-10.558666666666667,0.432
Shirley Horn,2,159.411,-17.459,0.21900000000000003
Shit Robot,1,103.977,-5.481,0.599
Shitdisco,6,135.51416666666668,-5.367999999999999,0.8461666666666666
Shitmat,2,143.3145,-5.1815,0.96
Shiva in Exile,1,64.89,-14.419,0.352
Shivaree,1,112.891,-6.7,0.712
Shlohmo,2,98.0715,-7.750500000000001,0.6519999999999999
ShockOne,1,174.991,-4.22,0.922
Shocking Blue,1,153.801,-8.098,0.81
Shocking Pinks,1,136.195,-4.768,0.915
Shogun,1,132.021,-4.887,0.963
Shola Ama,1,82.55,-5.681,0.653
Shontelle,1,101.079,-5.767,0.77
Shop Boyz,1,143.003,-4.784,0.79
Shout Out Louds,17,131.93888235294116,-5.610235294117647,0.7587058823529411
Shovels & Rope,1,82.526,-7.12,0.612
Showbread,2,134.888,-6.445,0.8765000000000001
Showtek,1,145.962,-8.72,0.873
Shpongle,35,127.22328571428571,-9.885828571428572,0.6885428571428571
Shriekback,1,109.628,-23.973,0.19
Shrinebuilder,1,84.902,-8.27,0.76
Shuggie Otis,4,110.67224999999999,-7.9905,0.6859999999999999
Shugo Tokumaru,1,120.095,-4.765,0.708
Shura,1,109.97,-5.525,0.833
Shwayze,4,104.24925,-5.3732500000000005,0.7125
Shy Child,1,112.085,-5.144,0.641
Shy FX,1,175.033,-4.967,0.944
Shy'm,1,122.038,-5.785,0.831
Sia,28,137.35028571428572,-8.1735,0.53525
Sibylle Baier,3,116.96966666666667,-15.210333333333333,0.14933333333333335
Sick Puppies,4,148.33825,-5.7145,0.82175
Sick of It All,4,147.63925,-3.76475,0.98975
Sidestepper,1,87.74,-11.893,0.392
Sido,8,120.52725,-7.8195,0.748
Siege,1,144.129,-8.486,0.863
Sigala,1,120.033,-1.829,0.922
Sigma,1,171.133,-2.263,0.867
Signum,1,139.993,-9.352,0.998
Sigue Sigue Sputnik,1,193.498,-5.64,0.939
Sigur Rós,41,100.39490243902439,-13.971512195121951,0.35399463414634147
Sikth,7,121.73314285714287,-3.576,0.9017142857142856
Silbermond,10,117.76379999999999,-6.6625,0.6915
Silentium,2,112.096,-4.004,0.9015
Silk,1,133.861,-4.56,0.836
Silly Wizard,1,96.295,-14.088,0.438
Silver Apples,11,125.38463636363636,-9.100272727272726,0.7000909090909091
Silver Columns,1,140.019,-3.568,0.747
Silverchair,25,127.20360000000001,-6.68668,0.7482800000000001
Silverstein,18,143.44266666666667,-5.395222222222222,0.8616111111111111
Silversun Pickups,14,138.47471428571427,-6.636,0.7559285714285714
Silvio Rodríguez,2,90.19800000000001,-16.8765,0.23099999999999998
Simian,1,122.983,-2.365,0.932
Simian Mobile Disco,10,119.9716,-6.6656,0.7689999999999999
Simon & Garfunkel,37,112.53186486486487,-14.632189189189187,0.3635054054054054
Simon Patterson,1,139.99,-7.185,0.935
Simple Minds,7,108.93542857142857,-8.067142857142857,0.7894285714285714
Simple Plan,13,131.11869230769233,-4.289076923076923,0.8893846153846153
Simply Red,9,111.69988888888889,-8.062,0.4942222222222223
Sin Bandera,1,129.975,-8.17,0.489
Sing It Loud,4,132.575,-5.843500000000001,0.744
Sinéad O'Connor,8,113.31524999999999,-10.77125,0.4182375
Siobhán Donaghy,1,142.6,-5.144,0.802
Sioum,2,132.1045,-9.889,0.5545
Siouxsie,7,107.91842857142856,-8.100428571428571,0.6962857142857143
Siouxsie and the Banshees,40,131.926325,-10.875475,0.6613749999999999
Sirenia,9,130.48077777777777,-4.345111111111112,0.9026666666666667
Siriusmo,3,123.31966666666666,-7.103000000000001,0.7593333333333333
Sisqó,1,121.522,-9.175,0.785
Sistars,5,95.652,-8.581999999999999,0.5102
Sister Hazel,2,108.4725,-6.7865,0.651
Sister Machine Gun,1,116.852,-8.595,0.706
Sister Nancy,1,165.731,-13.0,0.409
Sister Sledge,3,115.84933333333333,-11.348666666666666,0.7606666666666667
Six Feet Under,5,126.51780000000001,-6.194599999999999,0.9526
Six Organs of Admittance,3,116.077,-11.892333333333333,0.363
Sixpence None the Richer,1,100.088,-4.274,0.883
Sixtoo,5,162.503,-8.6154,0.7232000000000001
Sixty Stories,1,96.068,-7.474,0.905
Sixx:A.M.,1,90.029,-5.06,0.876
Sizzla,5,125.9546,-6.4075999999999995,0.6554
Ska-P,35,136.21814285714285,-4.9990571428571435,0.8982571428571429
Skalariak,1,197.828,-7.987,0.981
Skalpel,13,115.61261538461538,-10.369076923076923,0.6110769230769231
Skank,5,109.46400000000001,-7.261,0.6980000000000001
Skankin' Pickle,2,148.32049999999998,-9.856,0.8815
Skanna,1,157.918,-8.207,0.962
Skaos,1,98.749,-4.963,0.925
Skeletonwitch,1,100.17,-5.385,0.974
Skepta,1,133.249,-5.241,0.679
Skid Row,9,121.78733333333334,-6.677666666666667,0.8826666666666667
Skillet,10,146.6203,-4.1485,0.8853
Skin Yard,1,97.756,-15.15,0.557
Skindred,11,142.08290909090908,-3.7515454545454543,0.9373636363636364
Skinless,8,123.21962500000001,-6.701375,0.903125
Skinny Patrini,2,120.6225,-8.573,0.4845
Skinny Puppy,25,114.67156000000001,-9.20168,0.80096
Skip James,1,83.667,-13.471,0.233
Skream,10,140.37820000000002,-10.5883,0.6227
Skrillex,4,144.48125,-3.9802500000000003,0.876
Skunk Anansie,6,126.194,-6.760666666666666,0.6665
Sky Ferreira,1,115.014,-4.122,0.739
Skyclad,3,111.23933333333332,-9.924999999999999,0.6636666666666667
Skye Sweetnam,1,188.205,-2.642,0.719
Slade,4,129.81275,-5.28725,0.855
Slagsmålsklubben,11,146.74518181818183,-5.922818181818181,0.798
Slapbak,1,97.418,-8.564,0.736
Slash,1,100.487,-5.447,0.936
Slash's Snakepit,4,114.479,-4.912,0.9285
Slave,1,111.996,-10.716,0.507
Slavic Soul Party!,1,131.868,-5.971,0.548
Slayer,67,113.04047761194029,-4.754388059701492,0.9722089552238806
Sleater-Kinney,9,134.26566666666668,-3.9884444444444447,0.8528888888888889
Sleep,12,108.21775000000001,-11.649166666666666,0.621
Sleep Dealer,1,150.001,-10.239,0.397
Sleeper,2,138.122,-6.477,0.861
Sleeping with Sirens,10,153.39839999999998,-5.1248,0.8422000000000001
Sleepthief,1,104.999,-5.364,0.744
Sleepy Sun,1,117.384,-11.234,0.471
Sleepytime Gorilla Museum,4,125.1405,-7.8267500000000005,0.821
Sleigh Bells,4,140.94875,-4.80475,0.805
Slick Rick,1,102.623,-7.975,0.548
Slightly Stoopid,20,104.6156,-6.92695,0.6799
Slim Harpo,1,113.028,-12.574,0.335
Slim Smith,1,75.554,-9.386,0.312
Slim Thug,1,86.012,-5.108,0.5
Slint,3,98.895,-14.328000000000001,0.48
Slipknot,26,128.52907692307693,-4.229076923076923,0.9369615384615385
Slonovski Bal,1,124.971,-4.956,0.836
Slow Club,1,158.015,-10.339,0.65
Slowdive,27,125.09814814814816,-12.525703703703705,0.427172962962963
Slugabed,1,80.448,-7.951,0.69
Slum Dogz,1,136.292,-3.56,0.957
Slum Village,2,137.775,-8.9355,0.478
Slut,1,141.992,-5.192,0.959
Sly & The Family Stone,19,117.0302105263158,-12.408000000000001,0.6033684210526316
Small Black,2,118.35849999999999,-5.093,0.6835
Small Faces,4,118.90075,-9.291,0.5775
Smash Mouth,15,113.78453333333333,-5.4906,0.8886000000000001
Smif-n-Wessun,2,89.5035,-13.907,0.5035000000000001
Smile Empty Soul,5,124.41000000000001,-4.8812,0.767
Smith Westerns,2,112.58700000000002,-8.334,0.5785
Smoke City,2,100.2705,-8.125,0.663
Smokey Robinson,2,138.772,-7.1419999999999995,0.5575
Smokey Robinson and The Miracles,6,112.77850000000001,-7.658333333333334,0.605
Smokie,5,132.072,-11.131,0.5147999999999999
Smolik,9,106.94688888888889,-9.898666666666665,0.5245555555555556
Snail Mail,2,121.60900000000001,-5.1005,0.725
Snakeskin,1,140.001,-4.854,0.787
Snap!,2,105.9015,-14.852,0.613
Snatam Kaur,1,129.973,-9.896,0.439
Sneaker Pimps,15,118.28833333333334,-7.9152000000000005,0.6702
Sniff 'n' the Tears,1,133.051,-8.007,0.794
Snoop Dogg,8,105.31125,-7.30825,0.642625
Snoop Lion,2,156.4885,-5.3645,0.7044999999999999
Snot,5,122.3964,-4.3972,0.9394
Snow,1,98.173,-3.123,0.957
Snow Patrol,31,125.28238709677419,-7.435419354838709,0.6736451612903226
Snowden,1,134.896,-5.378,0.874
Snowing,1,173.018,-7.521,0.902
Soap&Skin,5,83.5242,-11.7648,0.26020000000000004
Socalled,1,87.293,-4.202,0.671
Social Distortion,7,136.77514285714284,-4.966142857142857,0.9464285714285714
Soda Stereo,10,118.39970000000001,-8.2937,0.7231
Sodom,16,136.452875,-7.735125,0.9395
Soen,1,94.996,-7.562,0.757
Sofa Surfers,6,128.19,-11.620833333333335,0.6408333333333333
Soft Cell,4,159.8365,-10.41925,0.65975
Soft Machine,4,119.017,-11.96725,0.50125
Sohodolls,1,128.014,-4.983,0.79
Soil,11,115.91636363636363,-3.1820000000000004,0.9528181818181818
Soilwork,50,114.17533999999999,-4.92148,0.95978
Sol Invictus,2,80.30449999999999,-8.3775,0.577
Sola Rosa,1,101.998,-6.675,0.79
Solange,7,117.68285714285715,-7.7178571428571425,0.6614285714285714
Solar Fields,9,123.21266666666666,-12.458666666666666,0.5846666666666667
Soldiers of Jah Army,6,111.63433333333334,-8.390500000000001,0.5088333333333334
Soledad Brothers,2,133.149,-5.66,0.9595
Soley,1,120.049,-12.901,0.367
Solomon Burke,2,162.7135,-11.818999999999999,0.34199999999999997
Solomun,2,121.01400000000001,-10.079,0.432
Solomun & Stimming,2,124.03899999999999,-12.867,0.4625
Some Girls,3,109.27366666666667,-4.386,0.977
Someone Still Loves You Boris Yeltsin,4,140.651,-8.47725,0.5609999999999999
Something Corporate,23,122.63839130434782,-6.025173913043479,0.7431304347826087
Something to Do,1,87.52,-2.412,0.933
Son By Four,1,149.886,-8.076,0.648
Son House,2,139.289,-11.507,0.354
Son Volt,1,133.618,-7.619,0.629
Sonata Arctica,30,130.44310000000002,-4.694100000000001,0.8639333333333333
Sondre Lerche,4,122.536,-5.4795,0.72875
Songs: Ohia,2,74.07650000000001,-12.947,0.15860000000000002
Sonic Boom Six,1,93.094,-3.463,0.961
Sonic Syndicate,20,121.52505000000001,-3.8765500000000004,0.9616
Sonic Youth,81,132.72074074074072,-9.159703703703704,0.7817160493827161
Sonique,1,134.998,-9.434,0.61
Sonny & Cher,1,110.583,-6.02,0.795
Sonny Rollins,7,109.93528571428571,-12.161428571428571,0.3694
Sons and Daughters,2,134.32999999999998,-2.847,0.88
Sophia George,1,83.018,-7.083,0.738
Sophie,1,108.024,-6.945,0.376
Sophie B. Hawkins,2,89.40350000000001,-9.1725,0.7244999999999999
Sophie Ellis-Bextor,11,125.79172727272727,-5.393636363636364,0.8457272727272728
Sophie Zelmani,3,134.74733333333333,-13.175666666666666,0.3543333333333334
Sopor Aeternus & The Ensemble of Shadows,3,128.282,-9.459000000000001,0.31266666666666665
Souad Massi,2,100.06049999999999,-10.7725,0.279
Soul Asylum,4,142.781,-6.9275,0.75
Soul Clap,1,122.001,-11.738,0.337
Soul Coughing,7,122.198,-9.166571428571428,0.6805714285714286
Soul II Soul,4,99.26525000000001,-9.1595,0.58475
Soul for Real,1,188.231,-8.647,0.616
Soulfly,30,124.10543333333334,-5.352766666666667,0.9108666666666667
Soulja Boy,5,122.5652,-3.7927999999999997,0.706
Soulsavers,2,121.501,-7.721500000000001,0.668
Soulwax,6,134.5825,-6.282333333333334,0.7626666666666666
Soundgarden,59,127.22581355932203,-9.317949152542374,0.7748474576271187
South Park,2,124.6265,-11.375,0.319
Southside Spinners,1,138.037,-8.661,0.957
Space Raiders,1,151.894,-14.65,0.319
Spacehog,1,168.479,-6.382,0.895
Spandau Ballet,2,117.181,-7.8185,0.6685000000000001
Spank Rock,1,115.004,-9.644,0.723
Sparklehorse,9,106.92133333333334,-13.838444444444443,0.35973333333333335
Sparks,2,139.26850000000002,-8.943999999999999,0.8205
Sparta,23,141.6274347826087,-5.838869565217392,0.769695652173913
Special D.,1,143.019,-5.647,0.966
Spetsnaz,1,150.068,-5.569,0.876
Spice Girls,11,116.6630909090909,-7.060454545454546,0.75
Spiller,1,123.032,-10.87,0.73
Spin Doctors,3,111.91433333333333,-5.666999999999999,0.9643333333333333
Spineshank,11,131.11472727272727,-4.151545454545455,0.9474545454545455
Spinnerette,2,156.3555,-4.415,0.96
Spinning Chain,1,126.021,-2.337,0.892
Spinvis,1,75.036,-10.611,0.447
Spiritualized,27,110.16622222222222,-9.37562962962963,0.5283703703703704
Spitalfield,1,177.823,-4.116,0.952
Spliff,1,135.882,-14.106,0.52
Split Tongue Crow,1,122.019,-6.554,0.637
Spock's Beard,1,153.433,-7.779,0.752
Sponge,2,103.51400000000001,-5.811999999999999,0.8734999999999999
Spongebob Squarepants,1,106.015,-6.137,0.867
Spoon,17,129.8470588235294,-7.246470588235294,0.6648823529411765
Spor,10,172.4077,-5.4323999999999995,0.9336
Sportfreunde Stiller,11,126.42163636363635,-5.2731818181818175,0.8060909090909092
Spyder Turner,1,143.337,-6.045,0.63
Squarepusher,66,120.01206060606061,-13.754666666666667,0.6239363636363636
Squeeze,7,123.06414285714287,-7.862,0.6905714285714285
Squirrel Nut Zippers,2,160.18,-10.771,0.5705
St. Germain,3,118.73133333333332,-12.551333333333332,0.6006666666666667
St. Lucia,3,107.00733333333334,-5.299,0.9376666666666665
St. Vincent,27,121.21455555555556,-9.354814814814814,0.5857037037037037
Stabbing Westward,10,130.29919999999998,-7.5161,0.79
Stacey Kent,4,125.6355,-13.78725,0.35425
Stafrænn Hákon,2,97.51150000000001,-12.246,0.465
Staind,18,113.83094444444444,-4.202111111111112,0.8208333333333333
Stam1na,3,155.043,-5.029333333333334,0.9603333333333334
Stan Getz,10,122.22460000000001,-17.5471,0.31172999999999995
Stan Getz & João Gilberto,1,127.925,-18.363,0.11
Stanley Myers,1,81.697,-30.482,0.0129
Star Fucking Hipsters,3,121.40766666666667,-5.6290000000000004,0.862
Star One,2,104.72800000000001,-7.188,0.8755
Star Slinger,1,182.13,-5.482,0.764
Starfucker,4,135.236,-6.8155,0.80875
Starkey,1,140.024,-7.651,0.826
Starland Vocal Band,1,147.032,-11.775,0.44
Stars,24,113.27912500000001,-8.544625,0.5566666666666666
Starsailor,6,117.46100000000001,-9.269666666666668,0.4203333333333333
Starship,2,120.37199999999999,-7.0325,0.794
Stasis,2,107.414,-6.54,0.8765000000000001
State Of Bengal,1,157.958,-7.354,0.916
State Radio,3,133.823,-5.876666666666666,0.7196666666666666
Static-X,17,128.5448235294118,-3.776764705882353,0.98
Status Quo,4,107.53,-8.66025,0.726
Staubkind,4,154.28325,-8.100999999999999,0.69325
Steam,1,115.512,-10.782,0.71
Steamhammer,2,136.864,-8.0355,0.7015
Steel Panther,9,110.08222222222223,-3.578333333333333,0.8827777777777778
Steel Pulse,11,120.89627272727272,-13.243454545454545,0.44090909090909086
Steely Dan,35,113.17042857142857,-11.761857142857144,0.5426285714285715
Steen Thottrup,1,79.997,-10.831,0.424
Stefanie Heinzmann,2,121.9915,-5.5365,0.665
Stellamara,3,122.911,-12.092333333333334,0.30233333333333334
Stephan Bodzin,4,126.251,-9.324,0.529
Stephanie,1,117.993,-7.125,0.82
Stephanie Mills,1,128.594,-12.858,0.555
Stephen Malkmus,3,121.59633333333333,-6.0873333333333335,0.7186666666666666
Stephen Malkmus and the Jicks,1,146.477,-6.644,0.829
Stephen Marley,2,113.22200000000001,-7.468500000000001,0.546
Stephen Stills,1,80.049,-9.59,0.776
Steppenwolf,14,100.47314285714286,-10.810214285714284,0.6287142857142857
Steps,2,135.015,-6.514,0.9545
Stereo MC's,5,110.00340000000001,-10.4172,0.8676
Stereo Total,4,123.70499999999998,-8.38875,0.554
Stereolab,12,124.63833333333334,-9.48325,0.66825
Stereophonics,17,124.56829411764706,-5.8309999999999995,0.6884705882352942
Steriogram,1,141.118,-2.112,0.935
Steve Angello,1,131.994,-8.64,0.975
Steve Aoki,1,114.991,-3.515,0.932
Steve Bug,1,125.999,-9.656,0.377
Steve Earle,6,155.4865,-7.4605,0.6918333333333333
Steve Forte Rio,1,130.834,-13.256,0.502
Steve Hackett,3,127.80666666666667,-16.76,0.3709
Steve Harley & Cockney Rebel,1,147.929,-5.887,0.927
Steve Miller,1,95.161,-20.251,0.135
Steve Miller Band,7,120.12785714285714,-14.538142857142857,0.4961428571428571
Steve Perry,1,101.752,-3.733,0.712
Steve Reich,5,108.6454,-17.9184,0.3748
Steve Roach,4,125.887,-23.2485,0.330775
Steve Rushton,1,160.971,-6.031,0.603
Steve Vai,12,120.79025,-9.028,0.7671666666666667
Steve Winwood,1,124.674,-11.692,0.51
Steven Wilson,4,121.29400000000001,-14.039,0.36075
Stevie Nicks,2,113.47149999999999,-13.212,0.6965
Stevie Ray Vaughan,16,129.9420625,-11.72625,0.585125
Stevie Wonder,45,118.41346666666666,-11.143555555555555,0.5496822222222223
Stick to Your Guns,3,128.51333333333335,-3.4243333333333332,0.9526666666666666
Sticky Fingaz,1,95.584,-6.568,0.7
Stiff Little Fingers,2,148.3375,-8.533999999999999,0.971
Stigmato Inc.,1,109.949,-9.863,0.649
Still Corners,3,113.34433333333334,-7.4813333333333345,0.7406666666666667
Still Going,1,123.011,-11.081,0.442
Still Parade,1,90.969,-12.415,0.498
Still Remains,4,134.42275,-4.26825,0.9525
Stille Volk,5,111.3108,-11.527199999999999,0.4772
Stimming,2,124.02000000000001,-10.6515,0.4315
Stina Nordenstam,6,119.33833333333332,-10.0635,0.40850000000000003
Sting,35,112.49668571428572,-11.540771428571428,0.4994314285714286
Stolen Babies,1,115.107,-3.597,0.986
Stone Sour,14,121.68628571428572,-5.2454285714285716,0.8092142857142858
Stone Temple Pilots,15,128.12313333333333,-9.077066666666667,0.7758666666666667
Stoned Jesus,1,85.532,-8.232,0.554
Stooshe,1,109.898,-4.269,0.884
Storm,1,141.955,-6.123,0.93
Story of the Year,25,138.45208,-4.5188,0.9156
Strachy Na Lachy,1,153.951,-5.376,0.752
Straight No Chaser,1,77.483,-7.774,0.313
Strange Talk,2,122.465,-3.4189999999999996,0.9239999999999999
Strapping Young Lad,25,119.60416000000001,-5.52672,0.91608
Stratovarius,23,126.81099999999999,-6.1808695652173915,0.8481304347826087
Stratus,1,170.04,-6.668,0.98
Strawberry Alarm Clock,1,133.225,-8.174,0.767
Strawberry Switchblade,1,124.977,-10.081,0.509
Stray Cats,2,188.7315,-9.1935,0.8365
Stream of Passion,5,132.9234,-6.6624,0.655
Streetlight Manifesto,6,138.3585,-4.401833333333333,0.9056666666666667
Strike Anywhere,4,116.74275,-3.7337499999999997,0.9635
Stroke 9,1,95.932,-5.063,0.868
Stromae,5,125.77919999999999,-8.3714,0.5955999999999999
Stromkern,1,100.997,-7.504,0.875
Strung Out,2,118.4065,-3.8915,0.9425
Studio,1,174.974,-7.509,0.917
Stumbleine,1,86.717,-8.739,0.692
Sturgill Simpson,1,91.403,-9.189,0.33
Sturm und Drang,3,124.415,-4.268666666666667,0.7796666666666666
Styles of Beyond,1,215.851,-5.2,0.865
Styrofoam,2,134.985,-6.8285,0.813
Styx,6,118.37433333333333,-9.407,0.4703333333333333
Stéphane Pompougnac,3,102.41033333333333,-6.331333333333333,0.7516666666666666
Sub Focus,18,163.22005555555555,-6.316,0.8746666666666667
Sub Sub,1,115.029,-15.368,0.374
SubVibe,1,139.988,-2.851,0.985
Subheim,1,63.676,-25.21,0.296
Sublime,20,107.76169999999999,-8.42975,0.62005
Sublime with Rome,1,84.936,-6.799,0.759
Submersed,1,200.027,-2.235,0.956
Submotion Orchestra,4,131.3155,-8.83,0.521
Suburban Kids with Biblical Names,9,118.97011111111111,-6.569444444444445,0.7287777777777777
Suburban Legends,1,129.992,-6.638,0.84
Subway to Sally,25,126.81156000000001,-6.05952,0.79264
Suede,11,140.79981818181818,-7.9025454545454545,0.6600181818181818
Suffocation,10,111.62930000000001,-7.7358,0.9121
Suffokate,2,154.0435,-2.6185,0.9724999999999999
Sufjan Stevens,34,116.45297058823529,-14.667147058823529,0.3236588235294118
Sug,1,124.894,-2.494,0.975
Sugababes,7,120.55857142857144,-6.306571428571429,0.7897142857142858
Sugar,1,153.985,-6.514,0.977
Sugar Minott,1,77.772,-8.093,0.628
Sugar Ray,2,104.9085,-4.1485,0.7575000000000001
Sugarcult,13,142.61884615384616,-5.318846153846153,0.8303846153846154
Sugarland,5,109.9596,-3.7205999999999997,0.742
Sugarplum Fairy,1,104.949,-3.715,0.909
Suicidal Tendencies,24,114.12404166666666,-7.323166666666666,0.9127083333333333
Suicide,8,135.471875,-11.266,0.599
Suicide Commando,16,127.58475,-6.2946875,0.860375
Suicide Silence,18,116.17283333333333,-4.028833333333334,0.9764444444444444
SuidAkrA,2,130.10500000000002,-8.289,0.6615
Sum 41,25,138.41168,-4.53012,0.88324
Summer Camp,1,90.002,-6.268,0.817
Summer Heart,1,103.005,-7.86,0.603
Summer of Haze,1,114.519,-0.525,0.939
Summerset Avenue,1,138.744,-5.141,0.749
Summoning,1,128.018,-5.143,0.972
Sun Araw,1,121.557,-6.595,0.938
Sun Kil Moon,14,107.6875,-14.199071428571429,0.34237142857142855
Sun Ra,5,102.95419999999999,-16.3844,0.27864
Sunlounger,2,130.97,-10.702,0.4235
Sunn O))),1,132.696,-21.169,0.0259
Sunn O))) & Boris,1,81.507,-7.967,0.411
Sunny Day Real Estate,9,132.69766666666666,-8.588000000000001,0.7177777777777777
Sunrise Avenue,2,137.97,-6.233,0.688
Sunset Rubdown,13,127.07853846153846,-7.559153846153847,0.6000769230769231
Sunset Strippers,1,125.034,-4.669,0.929
Super Flu,1,130.352,-14.022,0.385
Super Furry Animals,5,133.1356,-6.313000000000001,0.7368
Super Numeri,1,83.144,-24.051,0.142
Super8 & Tab,2,136.68,-10.0505,0.7569999999999999
SuperHeavy,1,81.499,-3.758,0.726
Superette,1,147.437,-5.295,0.695
Supergrass,13,130.04815384615384,-6.5755384615384616,0.7858461538461537
Superjoint Ritual,1,90.164,-5.365,0.972
Supermode,1,128.972,-3.964,0.941
Superpitcher,3,112.34233333333333,-13.588999999999999,0.5353333333333333
Supershine,6,108.34183333333334,-9.449166666666667,0.582
Supertramp,13,122.21000000000001,-10.560384615384615,0.5296153846153846
Supervielle,1,83.992,-10.618,0.494
Supreme Beings of Leisure,10,116.54080000000002,-8.146899999999999,0.6778000000000001
Suprême NTM,1,87.769,-8.85,0.743
Surfer Blood,7,131.4432857142857,-6.5445714285714285,0.6972857142857143
Surkin,3,123.80033333333334,-6.673666666666667,0.7743333333333333
Survivor,3,100.96833333333332,-6.678333333333334,0.6253333333333333
Susan Boyle,2,92.101,-9.147,0.3145
Susan Cadogan,1,145.484,-9.302,0.502
Susan Egan,1,121.018,-9.673,0.463
Susana Baca,2,113.9485,-11.9905,0.3
Susannah McCorkle,1,130.703,-22.689,0.137
Susheela Raman,2,105.93199999999999,-13.06,0.4315
Susumu Yokota,6,113.754,-12.854999999999999,0.4306666666666667
Suuns,4,90.94475,-6.94525,0.68825
Suzanne Ciani,4,109.34700000000001,-17.0995,0.20950000000000002
Suzanne Vega,5,122.53040000000001,-10.6754,0.558
Suzi Quatro,1,135.884,-5.769,0.944
Svartsot,1,130.036,-3.775,0.996
Swallow the Sun,24,125.91833333333334,-5.855791666666666,0.7282916666666667
Swan Island,1,145.86,-6.438,0.866
Swan Lake,1,143.123,-5.396,0.75
Swans,29,120.44424137931034,-11.240241379310344,0.5638137931034483
Swarms,2,137.498,-9.841999999999999,0.6505000000000001
Swayzak,3,124.25999999999999,-10.499,0.5823333333333334
Swedish House Mafia,1,127.011,-5.909,0.698
Sweet,3,134.053,-8.89,0.7553333333333333
Sweet Talk Radio,1,108.024,-12.431,0.168
Sweet Trip,2,132.55,-10.519,0.62
Sweetbox,1,84.985,-8.018,0.614
Swell,1,204.151,-12.836,0.442
Swell Maps,1,148.906,-13.785,0.81
Swervedriver,6,137.80683333333334,-7.999333333333333,0.9318333333333334
Swimming The Nile,1,131.112,-10.329,0.784
Swimming with Dolphins,1,140.041,-9.935,0.712
Swingfly,2,151.032,-3.2675,0.9245
Swingin' Utters,1,152.922,-4.369,0.981
Swirlies,3,112.645,-14.066666666666668,0.586
Switch,1,125.958,-5.696,0.763
Switchblade Symphony,11,123.7030909090909,-11.29709090909091,0.6365454545454545
Switches,2,118.37049999999999,-4.1739999999999995,0.9045
Switchfoot,6,150.782,-5.805499999999999,0.7198333333333333
Swollen Members,1,97.034,-11.562,0.427
Sybreed,4,126.04475,-5.67775,0.95175
Syd Barrett,17,128.7381176470588,-15.214470588235296,0.33778823529411767
Syd Matters,1,126.953,-8.45,0.403
Sykotik Sinfoney,1,167.822,-10.82,0.728
Sylvain Chauveau,9,110.21533333333335,-22.087555555555557,0.08591
Sylvan Esso,2,109.9705,-6.998,0.6025
Sylver,4,124.2265,-7.17875,0.7245
Sylvie Vartan,1,110.161,-11.469,0.251
Symarip,2,130.2165,-7.493,0.5305
Symphony X,33,130.0111818181818,-8.899,0.8299393939393939
Syncopix,3,175.35366666666667,-6.043666666666667,0.9466666666666667
Synkro,1,113.368,-12.067,0.391
Syreeta,1,82.955,-10.395,0.564
System 7,1,141.026,-8.228,0.941
System F,1,137.995,-7.955,0.901
System of a Down,57,127.56075438596491,-3.8054736842105266,0.8732105263157895
Sébastien Tellier,13,105.82684615384616,-9.878769230769231,0.48430769230769233
Sérgio Mendes,1,133.999,-7.127,0.873
Sérgio Mendes & Brasil '66,2,93.4305,-13.1385,0.481
T'Pau,1,140.084,-7.709,0.309
T-Bone Walker,4,107.93549999999999,-10.647499999999999,0.190925
T-Pain,4,114.1935,-9.0595,0.448
T. Rex,12,141.28074999999998,-8.852416666666667,0.7165
T.I.,7,145.38042857142858,-5.772571428571429,0.7214285714285714
T.Love,16,123.520375,-5.5606875,0.8213125
T.M.Revolution,1,106.038,-5.666,0.804
T.O.K.,1,97.959,-4.977,0.625
T.S.O.L.,1,124.086,-5.13,0.952
TC,2,172.9305,-3.3475,0.9365
TLC,2,115.5985,-5.654999999999999,0.7475
TM Juke,5,95.7212,-11.7738,0.453
TOKiMONSTA,1,175.695,-9.356,0.791
TR/ST,1,123.996,-5.141,0.896
TRUSTcompany,2,101.4765,-3.5545,0.9119999999999999
TSA,1,125.312,-6.33,0.621
TTC,1,89.952,-6.123,0.875
TV on the Radio,21,131.0547619047619,-7.480666666666666,0.6936190476190477
TWICE,1,119.972,-3.415,0.91
Taco Hemingway,1,104.996,-5.569,0.813
Tactical Sekt,5,142.004,-4.7562,0.8737999999999999
Tad,1,132.43,-6.875,0.851
Taemin,1,85.039,-5.139,0.702
Tahiti 80,4,128.37625,-6.95625,0.68075
Taio Cruz,7,129.58142857142857,-5.755142857142857,0.7171428571428571
Taj Mahal,5,111.0026,-10.428799999999999,0.5798
Take That,6,132.59966666666665,-7.7345,0.7016666666666667
Taken by Trees,6,115.83316666666667,-14.4005,0.3091833333333333
Taking Back Sunday,7,125.89542857142858,-4.926714285714286,0.8635714285714285
Tal Bachman,1,124.268,-7.183,0.769
Talamasca,6,143.15516666666667,-6.723166666666667,0.9453333333333332
Talco,1,144.948,-1.297,0.989
Talib Kweli,2,93.291,-5.8895,0.8380000000000001
Talk Talk,9,103.03933333333333,-13.83688888888889,0.4991222222222222
Talkdemonic,1,116.209,-14.533,0.388
Talking Heads,24,122.56608333333334,-10.858041666666667,0.665625
Tally Hall,1,113.158,-8.602,0.59
Talvin Singh,10,134.24259999999998,-10.6944,0.6458
Tamaryn,5,124.95779999999999,-5.0404,0.8042
Tame Impala,8,129.73225,-6.114125,0.74975
Tamia,1,103.027,-5.807,0.744
Tamir Hendelman,1,170.438,-11.408,0.527
Tammy Wynette,2,110.2105,-13.056000000000001,0.368
Tangerine Dream,4,151.44175,-15.90075,0.54825
Tanita Tikaram,1,114.544,-8.084,0.649
Tankard,2,147.9245,-3.417,0.9924999999999999
Tanlines,2,125.99949999999998,-6.458500000000001,0.8505
Tantrum Desire,1,175.074,-4.736,0.896
Tanya Tucker,1,76.213,-9.87,0.734
Tanzwut,11,136.23036363636365,-5.953454545454545,0.9084545454545455
Tap Tap,1,133.1,-5.688,0.949
Tape,1,170.509,-17.658,0.13
Tape Five,1,136.809,-5.931,0.749
Tapes 'n Tapes,2,135.506,-9.0555,0.6234999999999999
Taproot,6,107.27499999999999,-4.353833333333333,0.8584999999999999
Tarja,7,97.77785714285713,-8.642142857142858,0.4572857142857143
Tarot,7,94.79657142857143,-5.267714285714286,0.9014285714285714
Tarrus Riley,1,77.841,-5.902,0.501
Tash Sultana,1,132.576,-6.5,0.756
Tasmin Archer,1,96.069,-10.574,0.8
Tastexperience,1,134.1,-10.812,0.774
Tayla,1,164.797,-9.211,0.792
Taylor Dayne,2,132.2305,-10.157499999999999,0.6735
Taylor Swift,39,123.3588717948718,-5.920410256410257,0.6379487179487179
Teach-In,1,143.657,-13.665,0.483
Team Sleep,3,102.33933333333334,-7.209,0.862
Tears for Fears,17,112.51676470588235,-7.694764705882354,0.7910588235294118
Tech N9ne,1,178.06,-7.024,0.776
Technoir,2,122.507,-5.202500000000001,0.9590000000000001
Ted Gärdestad,2,115.214,-10.309999999999999,0.4155
Ted Leo and the Pharmacists,2,138.8,-4.234999999999999,0.9245000000000001
Ted Nugent,5,142.71359999999999,-8.703199999999999,0.8251999999999999
Teddy Geiger,3,117.17533333333334,-5.434,0.7483333333333334
Teddybears,1,137.129,-6.451,0.859
Teebs,1,129.925,-6.737,0.669
Teena Marie,6,113.31350000000002,-5.787,0.874
Teenage Bad Girl,5,127.0346,-5.5964,0.8268000000000001
Teenage Bottlerocket,1,102.516,-3.238,0.98
Teenage Fanclub,12,127.09683333333334,-11.11175,0.7464166666666666
Teengirl Fantasy,1,125.068,-7.116,0.835
Tegan and Sara,24,130.12554166666666,-6.291125,0.7163750000000001
Teki Latex,1,115.989,-12.901,0.64
Telefon Tel Aviv,9,124.32955555555557,-7.855555555555556,0.741111111111111
Telemetrik,1,172.007,-3.045,0.985
Telepathe,1,100.011,-9.737,0.605
Television,2,99.90899999999999,-13.6425,0.6625000000000001
Temple of the Dog,6,137.48233333333334,-9.841833333333334,0.6589999999999999
Temples,4,120.6545,-6.247,0.77675
Ten After Two,1,180.032,-4.627,0.921
Ten Years After,3,155.40533333333335,-9.903666666666666,0.7736666666666666
Tenacious D,28,116.68135714285714,-8.113714285714286,0.6482964285714286
Tennessee Ernie Ford,1,144.582,-9.921,0.437
Tennis,4,136.704,-6.6135,0.70775
Tennishero,1,122.0,-7.047,0.724
Tenor Saw,1,85.293,-5.225,0.645
Tensnake,1,118.986,-7.0,0.86
Tepr,1,121.954,-4.362,0.914
Tequila,1,151.714,-2.325,0.966
Terence Trent D'Arby,3,107.85333333333334,-7.156666666666666,0.7376666666666667
Teriyaki Boyz,1,127.029,-5.367,0.896
Terminal Choice,1,109.427,-9.241,0.808
Terranova,2,113.411,-10.664,0.558
Terri Clark,3,127.84566666666667,-5.314666666666667,0.8513333333333334
Terror,3,111.694,-3.9299999999999997,0.9846666666666666
Terror Squad,1,126.885,-3.466,0.929
Terrorizer,13,117.46861538461539,-12.443153846153846,0.9683076923076922
Terry Callier,1,124.577,-8.118,0.62
Terry Jacks,1,100.05,-9.046,0.526
Terry Oldfield,1,71.233,-19.95,0.0333
Terry Riley,4,107.83275,-12.54775,0.33399999999999996
Teräsbetoni,7,117.85414285714286,-4.338571428571429,0.8587142857142858
Tesla,2,111.764,-6.123,0.8765000000000001
Tesla Boy,7,132.71614285714287,-6.550428571428571,0.8144285714285715
Test Icicles,4,150.2455,-3.6872499999999997,0.923
Testament,31,118.03816129032258,-7.615612903225807,0.9091612903225806
Tex Beneke,1,205.048,-9.47,0.262
Texas,7,103.80428571428571,-7.151428571428572,0.7302857142857143
Texas in July,4,153.123,-2.99525,0.97525
Textures,4,139.80775,-3.79325,0.96175
Thalía,2,107.56899999999999,-9.1975,0.5409999999999999
That Poppy,2,102.4795,-3.532,0.8085
The (International) Noise Conspiracy,3,135.75666666666666,-5.617333333333334,0.8476666666666667
The 1975,4,136.4515,-9.58125,0.72375
The 2 Bears,2,125.0235,-9.643,0.6245
The 5.6.7.8's,3,125.55433333333333,-7.458666666666667,0.8906666666666666
The 5th Dimension,1,117.975,-7.517,0.559
The 69 Eyes,13,135.58630769230768,-6.04,0.7979230769230768
The Abyssinians,2,149.3265,-6.394,0.6859999999999999
The Acacia Strain,25,129.2104,-5.67708,0.9441200000000001
The Academy Is...,16,141.423375,-5.1857500000000005,0.8646874999999999
The Acorn,3,102.09499999999998,-12.235999999999999,0.519
The Adicts,1,109.092,-7.557,0.582
The Afters,1,132.039,-5.251,0.783
The Aggrolites,3,115.008,-5.699000000000001,0.7839999999999999
The Agonist,4,125.457,-10.370000000000001,0.7925
The Agony Scene,2,147.517,-1.8820000000000001,0.9955
The Agrestix,1,147.882,-13.644,0.874
The Airborne Toxic Event,4,131.6925,-3.5949999999999998,0.8545
The Alan Parsons Project,27,118.44274074074075,-11.367444444444445,0.5615925925925926
The Album Leaf,24,119.25566666666667,-11.981708333333335,0.42574833333333334
The All-American Rejects,27,132.33692592592593,-5.230481481481482,0.7845925925925926
The Allman Brothers Band,20,127.4849,-10.79225,0.59785
The Almost,7,145.78114285714284,-4.296571428571428,0.8728571428571428
The American Analog Set,4,124.8985,-13.548,0.40325
The Amity Affliction,4,152.04425,-3.86025,0.97775
The Andrews Sisters,1,121.007,-11.969,0.197
The Animals,15,128.90053333333333,-8.331133333333334,0.5886666666666667
The Antlers,10,105.29190000000001,-12.116299999999999,0.4182
The Apples in Stereo,7,133.05442857142856,-5.053857142857143,0.8532857142857143
The Appleseed Cast,8,134.40449999999998,-8.1915,0.8336250000000001
The Aquabats,14,129.00564285714285,-6.722499999999999,0.8177857142857142
The Arcadian Kicks,1,158.06,-3.04,0.963
The Argonauts,1,90.835,-6.905,0.656
The Ark,6,131.47799999999998,-5.081,0.6905
The Association,2,155.869,-15.699000000000002,0.3715
The Asteroids Galaxy Tour,6,128.335,-4.169833333333334,0.902
The Ataris,19,142.35836842105263,-4.7003157894736844,0.9317894736842106
The Audition,1,92.483,-2.003,0.881
The Automatic,1,148.023,-3.403,0.94
The Avalanches,3,107.37333333333333,-7.125333333333333,0.8853333333333334
The Avett Brothers,20,134.42745,-7.2501500000000005,0.55915
The B Foundation,2,120.93950000000001,-4.5145,0.7330000000000001
The B-52's,6,146.28333333333333,-6.465166666666666,0.8849999999999999
The Babies,1,160.645,-6.13,0.898
The Bad Plus,1,89.227,-9.451,0.549
The Ballistic Brothers,1,189.995,-13.927,0.493
The Band,17,126.4184705882353,-11.291941176470587,0.6124705882352941
The Band Perry,1,171.012,-5.044,0.661
The Bangles,6,115.82533333333333,-8.6215,0.6478333333333334
The Bar-Kays,1,115.845,-15.0,0.462
The Barden Bellas,1,97.2,-8.575,0.36
The Barnkickers,1,200.164,-8.41,0.352
The Barr Brothers,1,81.006,-8.711,0.621
The Be Good Tanyas,2,118.975,-13.7905,0.4395
The Beach Boys,26,126.34580769230769,-10.645653846153845,0.5247346153846154
The Beat,3,150.41600000000003,-7.213,0.8540000000000001
The Beatles,67,122.03016417910447,-11.413925373134328,0.49540447761194034
The Beau Brummels,2,128.0815,-10.4665,0.6275
The Beautiful Girls,4,126.64425,-9.06275,0.50475
The Beautiful South,7,121.479,-8.333857142857143,0.6127142857142857
The Beauty of Gemina,1,130.001,-4.742,0.899
The Bees,3,141.71266666666668,-7.1306666666666665,0.7076666666666668
The Belfast Cowboys,1,136.813,-8.982,0.399
The Bellamy Brothers,1,109.96,-6.319,0.838
The Beloved,2,110.7475,-9.1675,0.765
The Berzerker,21,127.2052857142857,-5.220952380952381,0.9463333333333334
The Besnard Lakes,8,102.52075,-5.85475,0.579375
The Beta Band,9,116.0881111111111,-10.573333333333332,0.4972222222222222
The Big Bopper,1,175.007,-7.606,0.717
The Big Pink,6,124.75133333333333,-5.308166666666667,0.8166666666666668
The Bird and the Bee,11,131.81345454545456,-9.226,0.6491818181818182
The Birthday Massacre,9,114.99955555555556,-6.082666666666666,0.887
The Birthday Party,5,117.2242,-10.8236,0.6894
The Black Angels,9,116.04111111111109,-7.462222222222222,0.6874444444444445
The Black Crowes,16,125.53281249999999,-4.86725,0.854
The Black Dahlia Murder,32,112.28140625,-5.4344375,0.98471875
The Black Ghosts,6,130.67049999999998,-8.125166666666667,0.654
The Black Keys,68,119.31595588235294,-6.309808823529412,0.7046620602941177
The Black Seeds,1,91.017,-6.495,0.659
The Blackbyrds,1,110.658,-9.85,0.785
The Blackwood Brothers,1,86.987,-14.89,0.28
The Blasters,1,134.829,-7.663,0.824
The Bled,1,184.921,-4.624,0.915
The Blood Brothers,13,135.41661538461537,-4.436461538461538,0.8725384615384615
The Bloody Beetroots,11,128.7662727272727,-5.612636363636364,0.7958181818181818
The Blow Monkeys,1,102.554,-7.102,0.875
The Blue Nile,1,117.86,-9.724,0.701
The Blues Brothers,4,117.658,-9.2695,0.726
The Blues Magoos,1,148.912,-6.52,0.893
The Bluetones,3,129.79999999999998,-7.515000000000001,0.7463333333333333
The Bodysnatchers,1,126.844,-12.901,0.819
The Boo Radleys,3,134.684,-7.972333333333334,0.751
The Books,4,111.68299999999999,-10.551,0.5452
The Boomtown Rats,2,118.642,-9.565,0.47550000000000003
The BossHoss,1,96.018,-4.935,0.667
The Bouncing Souls,9,133.10822222222222,-3.7604444444444445,0.9646666666666667
The Box Tops,1,139.446,-10.299,0.464
The Boxer Rebellion,2,160.2985,-5.1765,0.81
The Boy Least Likely To,2,116.0885,-6.327,0.7435
The Boy Will Drown,1,119.916,-1.891,0.987
The Brand New Heavies,4,109.799,-9.744250000000001,0.804
The Bravery,14,140.09785714285712,-4.378428571428572,0.9190714285714285
The Breakpoint Method,1,184.077,-5.1,0.958
The Breeders,20,117.49295,-13.7822,0.45635000000000003
The Brian Jonestown Massacre,26,124.51373076923076,-9.329769230769232,0.6530884615384616
The Brian Setzer Orchestra,1,201.344,-6.835,0.82
The Bucketheads,1,126.351,-12.58,0.624
The Buckinghams,1,139.039,-3.143,0.852
The Budos Band,5,100.7294,-6.7754,0.8422000000000001
The Bug,4,130.24575,-6.4815,0.8025
The Buggles,1,131.017,-13.346,0.761
The Business,1,84.3,-6.149,0.944
The Byrds,20,118.21079999999999,-9.73335,0.5549
The Bystanders,1,145.08,-7.984,0.528
The Cab,2,127.9725,-4.6785,0.8485
The Calling,8,132.74125,-6.541875,0.75725
The Capitols,1,83.122,-7.936,0.738
The Car Is On Fire,1,148.88,-9.021,0.621
The Cardigans,44,124.79811363636364,-8.655999999999999,0.5133545454545455
The Cars,14,124.72114285714285,-8.401857142857143,0.678
The Carter Family,1,109.353,-13.173,0.259
The Carters,1,139.983,-7.737,0.488
The Cascades,1,115.433,-9.427,0.604
The Cast of Frozen,1,95.654,-8.725,0.49
The Castaways,1,146.481,-3.303,0.755
The Casualties,1,165.02,-3.251,0.995
The Cat Empire,13,124.96115384615383,-6.830461538461539,0.6941538461538462
The Chainsmokers,3,146.632,-6.946333333333333,0.7456666666666667
The Chambers Brothers,1,122.87,-8.007,0.626
The Chameleons,10,121.9903,-9.828100000000001,0.7247
The Champs,2,90.793,-8.5475,0.847
The Chariot,10,119.36859999999999,-5.3224,0.9025000000000001
The Charlatans,4,111.8475,-5.138,0.8865000000000001
The Chemical Brothers,49,127.44457142857142,-6.959877551020408,0.7775448979591837
The Chi-Lites,2,106.6625,-9.286,0.5355
The Chieftains,3,113.75966666666666,-11.849666666666666,0.435
The Chiffons,1,88.788,-5.345,0.807
The Chills,2,126.07,-10.857,0.5825
The Chordettes,1,108.56,-8.982,0.407
The Chords,1,137.145,-10.526,0.41
The Church,1,135.964,-8.683,0.784
The Cinematic Orchestra,27,112.79455555555556,-14.77925925925926,0.3323222222222222
The Cinematics,3,140.71233333333333,-3.048,0.9306666666666666
The Civil Wars,5,117.2444,-13.515600000000001,0.2566
The Clash,50,138.02482,-7.95794,0.7791800000000001
The Classic Crime,2,148.61599999999999,-3.737,0.9355
The Click Five,1,149.003,-4.651,0.897
The Clientele,2,102.445,-9.3235,0.4565
The Clifford Gilberto Rhythm Combination,2,167.3615,-8.654,0.866
The Clovers,1,129.086,-10.508,0.498
The Coasters,3,137.198,-10.146666666666667,0.5616666666666666
The Concretes,14,118.76735714285714,-6.508928571428571,0.5577857142857143
The Congos,10,128.0837,-11.534600000000001,0.5768
The Contortionist,2,135.985,-5.9345,0.835
The Contours,2,156.398,-8.368,0.745
The Cool Kids,9,125.62277777777778,-6.1290000000000004,0.6688888888888889
The Cooper Temple Clause,7,133.39128571428571,-5.536714285714285,0.7975714285714286
The Coral,9,141.14966666666666,-6.775222222222222,0.7496666666666667
The Correspondents,1,83.83,-6.492,0.792
The Corrs,6,103.1665,-6.3015,0.6946666666666667
The Count Five,1,164.579,-10.589,0.642
The Courteeners,8,137.090125,-4.973,0.800625
The Cramps,2,124.434,-7.557,0.909
The Cranberries,30,129.69653333333335,-8.999933333333333,0.5770633333333334
The Creation,1,140.726,-4.588,0.927
The Creatures,2,120.16400000000002,-7.194,0.6745
The Crests,2,113.836,-10.921,0.33799999999999997
The Cribs,12,137.88275,-3.4835833333333333,0.9206666666666666
The Crimson Armada,1,121.809,-5.424,0.953
The Crystal Method,22,127.07218181818183,-6.457136363636363,0.8810909090909091
The Crystals,4,136.673,-7.755,0.81725
The Crüxshadows,7,111.497,-7.752714285714285,0.6545714285714286
The Cult,3,134.059,-7.763000000000001,0.782
The Cure,94,131.61104255319148,-8.984308510638298,0.7216372340425532
The Damned,4,135.81475,-10.378,0.9215
The Dance Inc.,1,120.992,-9.934,0.605
The Dandy Warhols,18,114.40488888888889,-8.380666666666666,0.6858888888888889
The Dangerous Summer,2,131.45,-6.8905,0.781
The Darkness,6,130.22933333333333,-3.4185,0.844
The Dave Brubeck Quartet,1,176.677,-12.386,0.309
The Dead 60s,2,110.84299999999999,-5.3085,0.859
The Dead Milkmen,1,129.492,-11.625,0.699
The Dead Texan,1,137.681,-22.766,0.0386
The Dead Weather,7,100.88585714285715,-2.9567142857142854,0.8912857142857142
The Dear Hunter,8,129.555,-10.491875,0.509
The Dears,3,124.25,-7.251,0.513
The Decemberists,44,121.13190909090909,-8.40875,0.5456363636363636
The Del-Vikings,1,130.975,-10.564,0.526
The Delfonics,2,155.346,-6.3309999999999995,0.5589999999999999
The Dells,1,126.791,-15.793,0.4
The Depreciation Guild,2,140.637,-7.993,0.8494999999999999
The Derek Trucks Band,4,107.7855,-8.876999999999999,0.66625
The Detroit Cobras,1,132.246,-5.446,0.814
The Devil Makes Three,1,86.346,-8.138,0.664
The Devil Wears Prada,25,129.66891999999999,-4.66464,0.89196
The Devin Townsend Band,2,138.47050000000002,-7.464500000000001,0.781
The Diamonds,1,151.85,-14.016,0.536
The Dickies,1,105.64,-4.013,0.923
The Dillinger Escape Plan,41,133.5578536585366,-4.8247073170731705,0.9241454634146341
The Dining Rooms,1,135.995,-6.731,0.988
The Dirty Heads,3,134.72266666666667,-4.476666666666667,0.762
The Disco Boys,1,129.978,-6.463,0.858
The Dismemberment Plan,5,116.84880000000001,-8.9696,0.7236
The Distillers,19,147.31684210526316,-3.347947368421053,0.962
The Divine Comedy,4,105.2645,-9.54775,0.596
The Dixie Cups,1,125.023,-11.054,0.367
The Dodos,10,112.41749999999999,-7.5059,0.7866
The Doobie Brothers,5,123.489,-9.1836,0.7054
The Doors,42,120.43392857142858,-11.94245238095238,0.47141666666666665
The Dramatics,2,122.8835,-12.2605,0.5065
The Dresden Dolls,16,131.9760625,-8.12125,0.5266375
The Drifters,3,129.34799999999998,-10.270000000000001,0.412
The Drill,1,130.813,-6.348,0.924
The Drums,7,153.006,-5.458714285714286,0.8352857142857142
The Duke Spirit,3,167.308,-3.779666666666667,0.7423333333333333
The Durutti Column,4,111.22399999999999,-10.77575,0.4965
The Dust Brothers,2,118.974,-12.6445,0.5605
The Dø,2,141.832,-12.459499999999998,0.44899999999999995
The Eames Era,1,123.244,-4.508,0.821
The Early November,1,101.833,-6.236,0.371
The Edgar Winter Group,1,96.152,-14.636,0.669
The Edwin Hawkins Singers,1,121.023,-12.885,0.368
The Electric Prunes,3,132.69533333333334,-9.324,0.6843333333333333
The Elgins,1,131.856,-9.154,0.895
The Enemy,3,155.9846666666667,-4.374,0.884
The English Beat,1,131.68,-5.297,0.883
The Ernies,1,92.901,-6.12,0.959
The Ethiopians,7,101.37857142857142,-9.415714285714285,0.44728571428571434
The Everly Brothers,6,100.47616666666666,-11.644666666666666,0.416
The Evpatoria Report,8,120.52275,-10.775625,0.35325
The Exciters,1,173.271,-7.0,0.864
The Exies,6,136.61333333333334,-3.6366666666666667,0.9143333333333333
The Expendables,3,130.69633333333334,-5.538666666666667,0.775
The Exploited,2,115.44200000000001,-9.1915,0.7795000000000001
The Fabulous Thunderbirds,1,116.103,-10.567,0.697
The Faceless,2,96.469,-6.915000000000001,0.65
The Faint,12,128.79791666666668,-8.216,0.7167500000000001
The Falcon,2,173.41449999999998,-6.7745,0.911
The Fall,3,116.95966666666668,-11.86,0.6699999999999999
The Fall of Every Season,1,199.833,-16.468,0.0704
The Fall of Troy,2,90.7925,-6.414999999999999,0.7455
The Farm,1,111.675,-13.011,0.648
The Feelies,9,109.13755555555556,-8.750444444444446,0.738111111111111
The Feeling,7,146.281,-3.9955714285714286,0.7889999999999999
The Felice Brothers,3,93.29966666666667,-10.605333333333334,0.4546666666666666
The Field,4,120.998,-10.863,0.757
The Field Mice,3,117.87766666666666,-12.336,0.8013333333333333
The Fiery Furnaces,7,127.61742857142858,-7.598285714285715,0.6697142857142857
The Five Satins,1,73.489,-9.937,0.327
The Five Stairsteps,1,88.482,-7.601,0.707
The Fixx,1,137.133,-9.144,0.817
The Flaming Lips,16,142.5909375,-8.0353125,0.67775
The Flamingos,1,88.656,-8.598,0.467
The Flashbulb,4,124.86975000000001,-15.7455,0.29825
The Flatliners,8,105.601125,-3.1898750000000002,0.973875
The Fleetwoods,2,110.9605,-18.4795,0.09405
The Flirtations,1,112.021,-5.316,0.937
The Flying Burrito Brothers,5,103.90239999999999,-11.4656,0.4366
The Flys,1,148.161,-5.144,0.774
The Forces of Evil,3,156.60466666666665,-4.4816666666666665,0.8926666666666666
The Foreign Exchange,1,93.033,-8.827,0.498
The Format,10,125.95779999999999,-7.022499999999999,0.6623
The Fortunes,1,135.542,-10.947,0.514
The Four Tops,3,119.20666666666666,-8.182,0.6666666666666666
The Fratellis,14,132.2577142857143,-3.8469285714285713,0.8959285714285714
The Fray,15,127.66826666666667,-6.033266666666666,0.6206666666666667
The Fugs,1,112.825,-10.887,0.578
The Funky Lowlives,2,105.013,-13.504000000000001,0.4395
The Future Sound of London,31,121.45319354838709,-15.529064516129033,0.6018064516129031
The Futureheads,16,157.7776875,-4.6970625,0.8815625
The Game,2,79.76650000000001,-5.018,0.841
The Gap Band,4,109.86274999999999,-9.89775,0.7075
The Gaslight Anthem,16,153.611125,-4.3839375,0.8670625
The Gathering,30,121.95383333333332,-8.3223,0.6296333333333333
The Georgia Satellites,1,114.883,-7.064,0.848
The Germs,3,123.92866666666664,-11.027333333333333,0.767
The Get Up Kids,23,131.80321739130434,-6.639739130434783,0.7843478260869565
The Ghost Inside,6,139.31733333333332,-2.2866666666666666,0.9846666666666666
The Gladiators,2,78.1245,-9.506,0.5015000000000001
The Glove,3,136.50966666666667,-9.157000000000002,0.7463333333333333
The Go! Team,4,109.01974999999999,-3.09675,0.97275
The Go-Betweens,1,131.891,-5.959,0.885
The Go-Go's,3,137.23866666666666,-6.547999999999999,0.9126666666666666
The Golden Filter,4,132.999,-4.156000000000001,0.8422499999999999
The Golden Gate Quartet,1,70.986,-16.336,0.12
The Good Life,1,127.161,-9.222,0.54
"The Good, the Bad & the Queen",10,134.7071,-8.0783,0.6409
The Gories,1,172.21,-8.939,0.72
The Gourds,1,120.357,-6.818,0.724
The Grass Roots,2,126.203,-13.788,0.4505
The Greenhornes,2,98.1305,-4.1585,0.754
The Growlers,1,146.024,-3.724,0.91
The Guess Who,4,102.44375,-8.379999999999999,0.5915
The Gun Club,6,163.91483333333335,-8.649666666666667,0.8605
The Gutter Twins,3,109.69733333333333,-8.433666666666666,0.5253333333333333
The Handsome Family,3,124.605,-9.751666666666667,0.4876666666666667
The Happy Goodmans,1,199.908,-6.636,0.572
The Haunted,31,111.20006451612905,-4.994483870967742,0.9254193548387096
The Haxan Cloak,3,102.44666666666667,-17.287666666666667,0.3336666666666666
The Head and the Heart,4,120.94425,-9.2335,0.51775
The Heavy,9,126.62188888888889,-6.326444444444444,0.7328888888888889
The Helio Sequence,1,98.072,-7.033,0.88
The Hellacopters,9,146.85111111111112,-4.186555555555556,0.951
The Heptones,2,137.3905,-10.5435,0.5085
The Herbaliser,15,119.71353333333333,-7.1084000000000005,0.7503333333333333
The Higher,1,82.991,-4.166,0.702
The Highwaymen,3,94.64866666666667,-13.304,0.48300000000000004
The Hippos,1,137.918,-3.138,0.911
The Hitmen,1,139.993,-8.331,0.871
The Hives,45,141.0367777777778,-4.678911111111111,0.8885777777777777
The Hold Steady,12,119.73066666666666,-5.065666666666666,0.8171666666666667
The Hollies,4,115.08625,-8.82375,0.57725
The Holloways,2,158.7865,-3.0345,0.9175
The Honeycombs,1,139.51,-6.848,0.73
The Honorary Title,1,107.735,-6.175,0.791
The Hoosiers,5,152.2848,-3.7072000000000003,0.7834
The Horrors,22,132.79563636363636,-5.738636363636363,0.8576363636363635
The House of Love,2,139.3585,-6.103,0.871
The Housemartins,3,99.48333333333333,-9.903666666666666,0.54
The Human Abstract,6,149.25966666666667,-7.912,0.7188333333333333
The Human League,5,127.2944,-7.662000000000001,0.7866
The Hundred in the Hands,1,129.979,-8.309,0.659
The Hush Sound,3,138.88866666666667,-6.554333333333333,0.7453333333333334
The Ides Of March,1,102.456,-8.313,0.866
The Impressions,1,108.785,-13.555,0.379
The Infinity Project,1,82.344,-20.54,0.182
The Ink Spots,1,77.748,-10.098,0.214
The Intentions,1,120.318,-3.783,0.952
The Internet,1,92.01,-7.951,0.598
The Isley Brothers,8,127.95587499999999,-8.211,0.744625
The J. Geils Band,4,126.963,-8.4875,0.69425
The J.B.'s,1,98.136,-10.024,0.411
The Jackson 5,12,125.05791666666666,-7.933583333333334,0.6844166666666668
The Jacksons,6,133.267,-7.676833333333334,0.7195
The Jam,17,146.44758823529412,-9.564941176470589,0.7095882352941176
The Jamaicans,1,78.459,-5.927,0.624
The Japanese House,1,180.048,-10.37,0.566
The Jayhawks,4,136.9225,-7.48475,0.6719999999999999
The Jesus Lizard,9,138.7431111111111,-9.874555555555554,0.7592222222222222
The Jesus and Mary Chain,35,125.10097142857141,-6.589942857142857,0.8101142857142857
The Jezabels,1,135.005,-7.046,0.693
The John Butler Trio,4,125.557,-7.08725,0.689
The Jon Spencer Blues Explosion,1,133.268,-2.89,0.985
The Joy Formidable,4,139.74124999999998,-5.243250000000001,0.81525
The Juan Maclean,3,115.98433333333332,-5.778,0.8913333333333333
The Juliana Theory,3,164.37066666666666,-4.764333333333333,0.8586666666666667
The Karminsky Experience Inc.,1,105.102,-7.309,0.755
The Kilimanjaro Darkjazz Ensemble,16,112.434625,-18.222375,0.3093125
The Killers,42,130.8445714285714,-5.0448571428571425,0.8365714285714286
The Kills,20,127.37545,-7.1593,0.7058500000000001
The Kingsmen,1,122.905,-6.111,0.878
The Kingston Trio,1,126.068,-14.626,0.141
The Kinks,33,120.39539393939393,-7.298,0.7532424242424243
The Knack,1,147.571,-5.492,0.823
The Knife,25,130.98167999999998,-8.72596,0.647232
The Kooks,23,137.06156521739132,-5.918478260869565,0.764
The Korgis,1,75.034,-12.037,0.296
The Kovenant,2,110.5625,-4.632,0.944
The La's,6,130.96,-9.070833333333335,0.7155
The Last Goodnight,1,104.167,-3.785,0.801
The Last Shadow Puppets,12,138.3805,-7.9985,0.7186666666666667
The Lawrence Arms,2,114.41,-4.423,0.971
The Left Banke,1,118.314,-11.715,0.436
The Lemon Pipers,1,110.573,-9.106,0.564
The Lemonheads,2,125.684,-8.5045,0.8645
The Libertines,21,134.12404761904762,-4.296809523809524,0.8622380952380952
The Lighthouse Keepers,1,128.039,-9.759,0.654
The Lightning Seeds,3,140.54566666666668,-6.732333333333333,0.8230000000000001
The Like,2,137.5245,-5.2925,0.7889999999999999
The Limp Twins,1,109.211,-7.687,0.54
The Litter,1,133.961,-7.505,0.674
The Little Willies,4,102.19225,-10.064,0.411
The Lively Ones,1,141.555,-11.823,0.578
The Living End,1,104.654,-4.966,0.937
The Locos,3,132.69133333333335,-4.595,0.948
The Locust,27,124.41937037037036,-6.248407407407407,0.8508888888888889
The Lonely Island,10,107.5983,-3.5466,0.8423
The Long Blondes,5,132.9756,-4.4582,0.808
The Long Ryders,1,161.32,-10.892,0.854
The Lost Trailers,1,178.113,-2.34,0.915
The Lounge Lizards,2,119.7295,-13.8155,0.625
The Love Language,1,95.767,-0.659,0.908
The Lovin' Spoonful,4,121.32974999999999,-10.959,0.5085
The Lumineers,7,121.03757142857141,-11.151857142857143,0.44452857142857144
The MFA,1,126.002,-12.612,0.488
The Maccabees,14,152.81128571428573,-6.231285714285714,0.8081428571428572
The Mae Shi,2,137.021,-5.918,0.7805
The Magic Numbers,11,158.90736363636364,-7.2339090909090915,0.6008181818181818
The Magnetic Fields,15,135.97126666666665,-8.350466666666668,0.5621333333333334
The Maine,9,125.65722222222222,-4.473222222222223,0.7856666666666666
The Mamas & the Papas,15,113.87533333333334,-11.246533333333334,0.5537333333333334
The Manhattans,1,120.595,-16.615,0.515
The March Violets,1,155.001,-9.838,0.921
The Marketts,1,133.225,-12.689,0.767
The Mars Volta,41,134.11746341463413,-6.077853658536585,0.7911707317073171
The Marshall Tucker Band,2,138.8525,-10.251000000000001,0.6
The Marvelettes,5,116.75019999999999,-5.4894,0.7248
The Matches,2,125.5395,-5.7585,0.8045
The Matthew Herbert Big Band,1,109.974,-19.069,0.191
The Mavericks,2,122.6155,-10.284500000000001,0.5660000000000001
The McCoys,1,116.707,-8.347,0.571
The Meeting Places,1,137.6,-5.129,0.887
The Melodians,2,74.765,-11.246500000000001,0.325
The Merry Thoughts,1,75.299,-6.741,0.942
The Meters,5,150.8752,-11.9712,0.67
The Metros,1,117.944,-3.333,0.906
The Microphones,6,113.002,-16.634,0.3798333333333333
The Mighty Diamonds,1,138.808,-7.682,0.419
The Mighty Mighty Bosstones,18,125.71472222222224,-6.278722222222222,0.8796111111111111
The Milk Carton Kids,1,121.836,-14.609,0.235
The Mills Brothers,1,138.806,-14.053,0.14
The Miracles,2,125.0605,-10.006499999999999,0.47550000000000003
The Mission,2,137.39499999999998,-7.9544999999999995,0.8945000000000001
The Mock Turtles,1,107.361,-6.272,0.888
The Modern Lovers,6,135.7085,-9.942166666666667,0.6596666666666667
The Moldy Peaches,8,101.8615,-8.3115,0.44
The Monkees,6,117.46716666666667,-7.5635,0.6325
The Moody Blues,12,129.51633333333334,-10.480083333333333,0.5929166666666666
The Moon and the Nightspirit,1,130.027,-4.055,0.854
The Moonglows,1,78.875,-7.053,0.34
The Morning Benders,1,96.156,-5.717,0.806
The Most Serene Republic,8,128.69412499999999,-7.636625,0.777
The Mount Fuji Doomjazz Corporation,9,85.483,-16.159333333333333,0.43766666666666665
The Mountain Goats,9,138.6097777777778,-11.757666666666667,0.4231111111111111
The Move,2,113.9015,-7.432499999999999,0.778
The Muffs,1,165.04,-6.692,0.827
The Music,1,97.046,-3.339,0.978
The Naked and Famous,3,120.99366666666667,-8.150666666666666,0.673
The Nat King Cole Trio,1,130.291,-14.565,0.13
The National,19,121.82147368421053,-8.249105263157896,0.6412631578947368
The Neighbourhood,5,124.72,-6.2042,0.7018
The New Pornographers,54,136.98190740740742,-6.047962962962963,0.7559814814814815
The Nolans,1,210.521,-5.799,0.839
The Normal,2,156.375,-11.413,0.615
The Notorious B.I.G.,4,110.989,-5.65575,0.7829999999999999
The Notwist,17,130.26870588235292,-10.667470588235295,0.5682941176470588
The Number Twelve Looks Like You,19,110.36931578947367,-5.320263157894736,0.8704736842105264
The O'Jays,3,116.431,-10.133000000000001,0.7440000000000001
The Oak Ridge Boys,1,126.375,-8.132,0.565
The Ocean,13,131.51046153846153,-8.32253846153846,0.6293846153846154
The Octopus Project,12,113.86441666666667,-9.834083333333334,0.7149166666666668
The Offspring,58,136.39881034482758,-4.792327586206897,0.8668983275862069
The Old Dead Tree,1,168.149,-3.61,0.865
The Olivia Tremor Control,2,123.76249999999999,-8.2355,0.606
The Orb,7,113.56485714285714,-14.741714285714286,0.6878571428571428
The Ordinary Boys,5,157.92419999999998,-4.255599999999999,0.8981999999999999
The Organ,4,146.003,-4.56975,0.7195
The Other People Place,3,128.477,-10.622333333333334,0.428
The Outfield,1,129.597,-6.05,0.831
The Outsiders,1,150.685,-4.02,0.872
The Pains of Being Pure at Heart,7,127.29185714285714,-5.676428571428572,0.7034285714285715
The Paper Kites,1,73.331,-13.052,0.308
The Paris Sisters,1,170.216,-10.119,0.655
The Partisans,1,145.387,-8.555,0.951
The Partridge Family,1,202.248,-12.377,0.462
The Paul Butterfield Blues Band,1,134.006,-14.305,0.511
The Penguins,1,76.361,-13.08,0.33
The Pentangle,1,89.452,-11.077,0.494
The Perishers,2,104.6095,-9.0015,0.362
The Perms,1,140.002,-6.817,0.841
The Peter Malick Group,3,101.24633333333334,-6.765333333333333,0.6263333333333333
The Peter Nice Trio,1,159.84,-5.426,0.978
The Pfeifers,1,71.995,-7.892,0.375
The Pharcyde,8,99.902625,-7.833125,0.75425
The Pietasters,1,91.583,-5.499,0.833
The Pigeon Detectives,13,128.91438461538462,-2.5153846153846158,0.9009999999999999
The Pine Box Boys,1,101.895,-9.799,0.472
The Pineapple Thief,3,101.673,-7.4526666666666666,0.8210000000000001
The Pink Spiders,1,118.131,-6.085,0.758
The Pioneers,4,114.491,-11.751999999999999,0.49274999999999997
The Pipettes,9,139.2506666666667,-2.538555555555556,0.8894444444444444
The Planet Smashers,4,158.98375,-4.89325,0.86925
The Platters,2,112.5445,-13.6195,0.2765
The Plot in You,1,169.938,-3.354,0.994
The Pogues,6,125.269,-9.759166666666667,0.6976666666666667
The Pointer Sisters,3,112.77166666666666,-6.253333333333333,0.8610000000000001
The Police,45,135.69506666666666,-11.146177777777778,0.6544888888888889
The Polyphonic Spree,2,129.2405,-6.1335,0.635
The Pop Group,7,132.83057142857143,-13.137,0.5200142857142857
The Posies,1,126.94,-7.601,0.661
The Postal Service,9,138.38588888888887,-8.322111111111111,0.6457777777777778
The Power Station,1,125.521,-6.19,0.933
The Preatures,1,184.888,-7.415,0.761
The Presets,17,129.0950588235294,-5.680176470588235,0.7635882352941177
The Presidents of the United States of America,13,123.18815384615384,-5.480230769230769,0.8485384615384616
The Pretenders,8,142.187625,-9.6875,0.6585
The Pretty Reckless,5,134.1076,-4.8342,0.808
The Priddle Concern,1,115.879,-11.185,0.416
The Prize Fighter Inferno,1,137.523,-16.099,0.141
The Proclaimers,3,128.96166666666667,-6.774000000000001,0.662
The Prodigy,38,143.27876315789473,-6.067526315789474,0.9124210526315789
The Promise Ring,1,91.193,-5.886,0.891
The Protagonist,1,107.03,-12.585,0.66
The Prototypes,1,173.959,-1.92,0.949
The Psychedelic Furs,9,120.59622222222222,-8.165444444444445,0.7644444444444445
The Pussycat Dolls,16,129.69925,-5.2905,0.733
The Qemists,6,151.5015,-3.419166666666667,0.9505
The Quantic Soul Orchestra,2,154.25,-4.861,0.8045
The Raconteurs,15,115.71520000000001,-5.825,0.7445333333333333
The Radio Dept.,33,131.88451515151516,-6.860060606060606,0.6785242424242425
The Rakes,14,153.04621428571429,-7.001071428571429,0.8100714285714286
The Rapture,16,127.94775,-6.0595,0.764375
The Rascals,2,158.35150000000002,-7.407,0.7135
The Rasmus,2,100.50800000000001,-6.5965,0.5885
The Raspberries,1,134.554,-4.645,0.838
The Rattles,1,126.915,-7.083,0.687
The Raveonettes,26,123.20680769230769,-5.418884615384615,0.7886923076923077
The Real McKenzies,1,188.922,-3.85,0.958
The Real Thing,1,102.739,-12.829,0.784
The Real Tuesday Weld,1,106.038,-6.659,0.539
The Receiving End of Sirens,10,153.0034,-6.3033,0.8565999999999999
The Red Army Choir,2,91.8785,-9.5655,0.6025
The Red Chord,28,112.41428571428571,-5.1115,0.9355
The Red Jumpsuit Apparatus,9,137.97622222222222,-3.535555555555556,0.8327777777777778
The Reflecting Skin,1,118.948,-4.573,0.83
The Reindeer Section,2,127.035,-8.09,0.671
The Replacements,9,141.2132222222222,-7.672000000000001,0.8024444444444444
The Residents,21,122.70971428571428,-12.092571428571429,0.3801428571428571
The Rifles,4,107.20275000000001,-3.8985,0.8009999999999999
The Righteous Brothers,2,97.04499999999999,-8.128,0.405
The Rocket Summer,14,132.94592857142857,-4.668357142857142,0.8016428571428572
The Rolling Stones,132,119.62773484848485,-8.49709090909091,0.6890454545454545
The Romantics,1,159.879,-4.974,0.962
The Ronettes,2,106.56700000000001,-7.256,0.746
The Rooftop Singers,1,129.951,-13.803,0.575
The Roots,23,111.57300000000001,-6.546130434782609,0.7089565217391305
The Rubettes,1,131.042,-8.732,0.662
The Ruby Suns,2,117.54650000000001,-8.7275,0.7755
The Ruins of Beverast,1,80.569,-22.009,0.151
The Rumble Strips,2,127.57650000000001,-3.1125,0.9155
The Runaways,2,139.6735,-5.235,0.7595000000000001
The Ruppes,1,102.502,-8.709,0.331
The Rural Alberta Advantage,8,150.548,-8.090375,0.660875
The Samples,1,120.08,-17.403,0.447
The Samuel Jackson Five,1,83.874,-22.449,0.0127
The Saturdays,4,116.50025,-4.12125,0.8425
The Scientists,1,129.122,-8.73,0.891
The Script,13,118.82461538461538,-5.295230769230769,0.7542307692307693
The Sea and Cake,2,121.5165,-8.863,0.7315
The Seahorses,1,128.51,-6.922,0.855
The Searchers,3,131.31566666666666,-7.027,0.7816666666666666
The Secret Handshake,1,59.966,-3.42,0.503
The Seeds,3,134.27633333333333,-12.649000000000001,0.8220000000000001
The Seekers,2,140.0455,-7.556,0.5840000000000001
The Selecter,5,131.543,-8.4476,0.7826000000000001
The Servant,1,149.017,-6.154,0.779
The Shadows,3,135.33766666666668,-9.589333333333334,0.5923333333333333
The Shamen,2,125.702,-8.411,0.9035
The Shangri-Las,4,96.43525,-7.2395,0.626
The Shins,15,128.49033333333333,-6.576866666666667,0.6718666666666666
The Shirelles,4,116.18325,-10.86625,0.373
The Shoes,2,115.99000000000001,-9.1425,0.642
The Sight Below,2,127.12950000000001,-21.08,0.3075
The Silhouettes,1,162.251,-10.262,0.418
The Similou,1,125.013,-6.984,0.81
The Sins of Thy Beloved,1,124.047,-10.801,0.716
The Sisters of Mercy,15,129.607,-11.611799999999999,0.6918666666666666
The Skatalites,11,127.45527272727273,-9.175363636363636,0.5691818181818182
The Skids,1,145.053,-7.624,0.829
The Slackers,3,148.263,-6.887333333333333,0.7383333333333333
The Sleeping,1,166.288,-5.082,0.901
The Slickers,1,163.739,-8.718,0.566
The Slits,5,128.75439999999998,-10.7218,0.5962
The Smashing Pumpkins,65,116.98736923076923,-10.145323076923077,0.6106184615384614
The Smiths,51,129.22935294117647,-9.885666666666665,0.6885882352941177
The Soft Boys,1,127.446,-4.445,0.961
The Soft Moon,5,143.1524,-6.0082,0.8406
The Soggy Bottom Boys,1,170.351,-7.68,0.62
The Sonics,6,130.08816666666667,-8.950333333333333,0.8165
The Souljazz Orchestra,1,119.986,-6.439,0.901
The Soultwisters,1,98.715,-7.087,0.959
The Sound,3,156.79666666666665,-9.580666666666668,0.677
The Sound of Animals Fighting,5,122.30199999999999,-8.4608,0.7582
The Sounds,9,135.73877777777776,-4.703444444444445,0.7737777777777778
The Soundtrack of Our Lives,2,142.6705,-6.134,0.8055
The Source,1,107.109,-9.118,0.789
The Specials,16,136.698875,-8.5675625,0.775125
The Spencer Davis Group,2,143.3775,-7.3,0.645
The Spinners,4,149.585,-10.32225,0.706
The Stanley Brothers,1,121.585,-12.767,0.116
The Staple Singers,2,107.2235,-7.810499999999999,0.6165
The Starting Line,23,132.28591304347827,-4.35,0.8406086956521739
The Stills,5,126.626,-4.5786,0.7868
The Stone Roses,20,114.65174999999999,-10.78515,0.716805
The Stooges,19,116.89105263157894,-9.27778947368421,0.7618947368421052
The Story So Far,2,134.103,-4.6125,0.6605
The Stranglers,8,136.495,-12.661249999999999,0.627
The Streets,13,115.94907692307692,-7.271461538461538,0.6320769230769231
The Strokes,35,123.02260000000001,-5.7144571428571425,0.7507714285714286
The Strumbellas,1,80.516,-3.698,0.724
The Style Council,5,124.901,-8.5702,0.738
The Stylistics,3,75.64800000000001,-8.896666666666667,0.5706666666666667
The Subs,1,126.945,-5.644,0.706
The Subways,9,136.76355555555557,-4.340111111111111,0.8374444444444444
The Sugarcubes,1,119.949,-14.478,0.546
The Sugarhill Gang,1,114.174,-3.729,0.987
The Suicide Machines,12,119.29091666666666,-3.1645833333333333,0.976
The Summer Set,2,122.2835,-3.4905,0.891
The Sundays,4,111.63275,-9.13775,0.5465
The Sunshine Underground,1,134.995,-5.24,0.872
The Supervillains,2,157.0675,-13.3665,0.5355
The Supremes,6,122.97566666666667,-8.152,0.6068333333333333
The Surfaris,1,168.845,-13.432,0.489
The Swell Season,1,147.663,-8.232,0.512
The Swinging Blue Jeans,1,149.595,-10.327,0.805
The Sword,20,126.61105,-5.0872,0.8580500000000001
The Tallest Man on Earth,18,120.49222222222222,-7.951166666666667,0.4323888888888889
The Tea Party,3,160.28566666666666,-5.953333333333333,0.882
The Tear Garden,2,119.593,-10.39,0.7135
The Teardrop Explodes,2,150.7025,-5.8735,0.7745
The Teenagers,9,134.11955555555556,-7.214444444444445,0.7661111111111112
The Telescopes,4,125.95825,-16.034,0.45325000000000004
The Temper Trap,7,126.514,-7.762714285714286,0.6615714285714286
The Temptations,8,113.75375,-9.668375,0.565625
The Tennors,1,82.57,-10.752,0.542
The The,1,141.728,-14.296,0.64
The Thermals,7,116.80914285714286,-4.317714285714286,0.8522857142857143
The Three Degrees,1,120.753,-9.245,0.593
The Thrills,6,130.1341666666667,-4.667166666666667,0.8671666666666668
The Thrillseekers,1,138.005,-9.316,0.952
The Tiger Lillies,1,81.611,-10.578,0.729
The Ting Tings,7,147.17971428571425,-4.497285714285715,0.8007142857142856
The Toasters,4,178.1705,-5.7915,0.9335
The Tokens,1,122.518,-9.462,0.479
The Tony Danza Tapdance Extravaganza,4,101.514,-9.68,0.83325
The Tornados,1,145.142,-9.193,0.713
The Tough Alliance,5,125.1972,-6.8546,0.8416
The Toxic Avenger,1,129.995,-9.267,0.888
The Tragically Hip,3,128.94833333333335,-7.854666666666667,0.643
The Trashmen,1,99.412,-5.716,0.987
The Tremeloes,2,100.365,-14.5745,0.4415
The Troggs,2,107.834,-10.929,0.637
The Tubes,1,96.906,-8.696,0.957
The Turtles,4,125.0575,-8.8615,0.6835
The Twilight Sad,6,134.11350000000002,-7.159166666666667,0.7565
The Uchpochmack,1,112.024,-10.659,0.334
The Undertones,4,159.407,-7.76825,0.7947500000000001
The Underwolves,1,119.938,-7.782,0.533
The Undisputed Truth,1,105.326,-8.574,0.608
The Unicorns,10,114.891,-8.6524,0.5224
The Union Underground,2,131.6295,-5.4670000000000005,0.9005000000000001
The Uniques,1,85.157,-7.143,0.525
The Upsetters,1,149.142,-8.959,0.69
The Urge,1,103.34,-6.367,0.932
The Used,13,131.64592307692308,-4.811076923076923,0.8916923076923078
The Vaccines,7,135.5317142857143,-4.760285714285715,0.8361428571428571
The Vamps,1,119.014,-4.786,0.91
The Vandals,2,128.8545,-4.708,0.8855
The Vapors,1,179.007,-9.701,0.803
The Vaselines,5,131.4188,-7.734399999999999,0.7898
The Vaughan Brothers,3,135.567,-10.004666666666667,0.7556666666666666
The Veils,1,121.001,-9.164,0.454
The Velvelettes,2,106.08200000000001,-8.8195,0.6515
The Velvet Underground,38,118.90531578947369,-13.007868421052631,0.5241789473684211
The Ventures,3,160.02566666666667,-9.859,0.7949999999999999
The Verbrilli Sound,1,144.985,-18.779,0.443
The Veronicas,12,141.40133333333333,-4.099333333333333,0.778
The Verve,22,125.09463636363635,-9.519545454545455,0.6405909090909091
The Verve Pipe,1,99.395,-11.278,0.43
The Very Best,1,106.014,-5.986,0.726
The Vibrators,1,164.717,-6.075,0.886
The View,2,152.4225,-4.381,0.7685
The Vines,9,128.16033333333334,-4.937333333333333,0.7925555555555556
The Virgins,2,118.7755,-4.5285,0.8200000000000001
The Vogues,1,129.892,-10.775,0.633
The Von Bondies,2,144.54250000000002,-3.893,0.9715
The Vontastics,1,126.672,-14.001,0.201
The Wailin' Jennys,1,144.562,-19.239,0.00932
The Waitresses,2,109.9735,-10.3735,0.736
The Walker Brothers,3,111.45866666666666,-10.728,0.4443333333333333
The Walkmen,11,124.35745454545454,-5.920454545454546,0.684
The Wallflowers,5,125.9348,-6.998399999999999,0.753
The Wannadies,1,144.914,-8.252,0.365
The Wanted,1,128.036,-6.374,0.716
The War on Drugs,5,117.1462,-8.8558,0.6426000000000001
The Warlocks,4,154.0045,-7.239,0.80025
The Waterboys,3,115.11066666666666,-9.307666666666668,0.6243333333333333
The Weakerthans,12,110.63058333333333,-8.323083333333333,0.6629166666666667
The Weather Girls,1,136.917,-7.793,0.851
The Weeknd,15,129.01493333333332,-7.641066666666666,0.5923333333333333
The Weepies,5,111.90419999999999,-9.498000000000001,0.433
The West Coast Pop Art Experimental Band,2,155.59300000000002,-18.049500000000002,0.34109999999999996
The Whip,3,122.644,-6.292333333333333,0.8316666666666667
The Whispers,1,123.006,-12.868,0.655
The White Stripes,40,116.60447500000001,-6.18365,0.715425
The White Tie Affair,2,139.5045,-5.1565,0.896
The Whitest Boy Alive,16,125.2429375,-8.6096875,0.6107
The Who,52,125.78136538461538,-8.694442307692308,0.707326923076923
The Wombats,3,117.053,-5.7010000000000005,0.8663333333333334
The Wonder Stuff,1,149.081,-6.902,0.891
The Wonder Years,5,148.9728,-4.524800000000001,0.8968
The Word Alive,8,123.875125,-3.988625,0.887
The World/Inferno Friendship Society,1,120.615,-2.468,0.914
The Wreckers,3,178.317,-8.365666666666668,0.5078666666666667
The Wrens,2,120.0595,-4.7875,0.969
The Wretch,1,159.996,-6.761,0.92
The Yardbirds,16,118.1291875,-10.5446875,0.5995625
The Yellow Monkey,1,78.087,-4.124,0.778
The Young Rascals,1,106.551,-7.619,0.448
The Youngbloods,1,102.956,-7.587,0.631
The Zombies,14,131.59292857142856,-7.938142857142857,0.571
The Zutons,12,133.90083333333334,-5.174333333333333,0.7983333333333333
The eyes of a traitor,1,107.893,-3.269,0.976
The wonders,1,134.52,-4.222,0.874
The xx,29,119.79948275862068,-12.888275862068966,0.387548275862069
The-Dream,4,120.5155,-5.31225,0.5895
Theatre of Tragedy,26,120.5943076923077,-7.294884615384616,0.745576923076923
Theatres Des Vampires,5,128.4426,-4.5212,0.8502000000000001
Thee Oh Sees,6,133.42816666666667,-5.430666666666666,0.8723333333333333
Thelma Houston,1,124.7,-6.006,0.815
Thelonious Monk,17,103.04764705882353,-13.950470588235293,0.278
Them,1,99.486,-6.096,0.682
Them Crooked Vultures,8,127.839625,-4.4575,0.8895
Theo Parrish,1,123.006,-9.128,0.46
Theodor Bastard,3,134.12533333333332,-7.067333333333333,0.751
Theory of a Deadman,9,147.32322222222223,-5.007666666666667,0.825
Therapy?,1,95.379,-6.996,0.952
There for Tomorrow,2,166.9435,-4.433,0.8865
Therion,36,119.79636111111111,-6.682416666666667,0.7595
These Are Powers,1,123.783,-5.731,0.909
These Arms Are Snakes,4,160.59550000000002,-4.24425,0.9065
These New Puritans,13,130.19784615384614,-10.785615384615385,0.5545076923076923
They Might Be Giants,8,114.095625,-8.9565,0.64475
Thievery Corporation,51,112.68772549019607,-9.497176470588235,0.6271764705882353
Thieves Like Us,4,106.074,-7.89975,0.755
Thin Lizzy,8,127.94200000000001,-10.08575,0.7561249999999999
Third Eye Blind,6,102.00450000000001,-7.484999999999999,0.7318333333333333
Third World,2,91.85,-12.5595,0.6134999999999999
Thirteen Senses,8,120.703625,-7.584875,0.530125
This Mortal Coil,15,103.0712,-20.4464,0.1731
This Providence,6,137.524,-6.641166666666667,0.8384999999999999
This Romantic Tragedy,4,129.496,-4.50275,0.96275
This Will Destroy You,7,118.29142857142857,-12.576714285714287,0.45814285714285713
Thom Yorke,13,129.52353846153846,-9.752153846153847,0.7018230769230769
Thomas Bronzwaer,2,139.0025,-7.755,0.977
Thomas Dolby,4,113.5545,-12.844000000000001,0.64725
Thomas Dutronc,2,98.9665,-7.849500000000001,0.679
Thomas Dybdahl,2,99.6405,-12.096499999999999,0.33399999999999996
Thomas Fehlmann,1,100.993,-9.583,0.557
Thomas Godoj,1,127.519,-5.752,0.927
Thomas Jack,1,122.005,-5.787,0.809
Thomas Newman,5,87.7172,-28.936,0.058494000000000004
Thompson Twins,7,110.06714285714285,-8.827285714285713,0.7137142857142857
Those Dancing Days,6,165.3245,-4.467333333333333,0.8889999999999999
Thou,1,75.003,-7.099,0.849
Thousand Foot Krutch,19,127.5047894736842,-4.304157894736842,0.8465789473684211
Threat Signal,5,158.573,-5.164,0.9498
Three 6 Mafia,2,140.7565,-5.3775,0.8234999999999999
Three Days Grace,23,137.24195652173913,-4.771260869565218,0.815695652173913
Three Dog Night,4,110.57925,-9.29525,0.75325
Three Drives,2,133.7745,-13.812000000000001,0.7025
Thrice,61,130.05708196721312,-6.631901639344262,0.8254918032786884
Throbbing Gristle,1,124.094,-9.245,0.915
Through the Eyes of the Dead,11,121.44536363636362,-4.467545454545455,0.9696363636363636
Thunderball,6,161.7745,-8.161166666666666,0.7715000000000001
Thundercat,4,102.07525,-11.642,0.557
Thunderclap Newman,1,89.971,-5.475,0.802
Thursday,30,139.24676666666667,-6.073433333333333,0.7795966666666667
Thurston Moore,13,130.12469230769233,-9.060692307692308,0.7288461538461538
Thy Art Is Murder,4,136.61525,-4.0302500000000006,0.96
Thyrfing,27,122.21714814814814,-8.138666666666667,0.8271851851851851
Tiamat,30,118.96776666666666,-8.972833333333334,0.6252333333333334
Tides From Nebula,4,107.648,-14.97175,0.42281250000000004
Tides of Man,1,183.873,-6.389,0.88
Tiesto feat Julie Thompson,1,128.88,-9.868,0.657
Tiffany,1,130.55,-9.934,0.663
Tiga,12,123.39166666666667,-5.384333333333333,0.7464166666666667
Tiger Army,3,125.395,-5.051333333333333,0.9329999999999999
Tiger Lou,7,151.74428571428572,-6.854,0.6161428571428571
Till Ten Tonight,1,146.995,-11.821,0.355
Tilly and the Wall,5,122.8842,-7.602200000000001,0.796
Tim Armstrong,5,112.7594,-5.2858,0.885
Tim Bendzko,1,116.022,-7.342,0.705
Tim Berg,1,127.996,-8.681,0.679
Tim Buckley,9,110.52000000000001,-12.46188888888889,0.46677777777777774
Tim Hardin,1,126.489,-12.296,0.254
Tim Hecker,13,102.68046153846154,-17.108538461538462,0.43514615384615385
Tim Maia,2,113.39000000000001,-10.9585,0.7805
Tim McGraw,7,121.91385714285715,-7.0167142857142855,0.6591428571428571
Timbaland,6,102.952,-5.725333333333334,0.7014999999999999
Timbuk 3,1,119.439,-14.18,0.488
Timbuktu,2,117.9995,-7.117,0.749
Times New Viking,3,133.65033333333335,1.2446666666666666,0.964
Times of Grace,2,114.9675,-5.62,0.6915
Timo Maas,8,115.893,-10.554499999999999,0.5895
Timo Räisänen,1,167.1,-4.21,0.814
Tina Cousins,1,130.017,-7.781,0.865
Tina Turner,10,110.6502,-7.1979,0.6723
Tinariwen,18,120.3125,-9.053666666666667,0.5727777777777778
Tinashe,2,101.50450000000001,-5.401999999999999,0.6035
Tinchy Stryder,1,78.011,-5.413,0.837
Tindersticks,2,99.8885,-13.2995,0.5894999999999999
Tinie Tempah,3,115.68033333333334,-5.171666666666667,0.8256666666666667
Tipper,3,118.66466666666668,-10.589666666666666,0.49899999999999994
Titiyo,1,84.11,-4.376,0.8
Title Fight,2,108.114,-6.101,0.8685
Tito Puente,3,114.07866666666666,-9.459333333333333,0.581
Titus Andronicus,4,144.0405,-4.661,0.893
Titãs,3,86.58233333333334,-8.403333333333334,0.5790000000000001
Tiê,1,159.908,-15.704,0.213
Tiësto,25,132.36896000000002,-8.48128,0.7574
Tiësto feat. C.C. Sheffield,1,132.903,-5.956,0.767
To/Die/For,4,111.67575,-4.983750000000001,0.8425
Toad The Wet Sprocket,2,97.873,-9.823,0.536
Toadies,2,100.021,-7.997,0.836
Toasty,1,142.064,-6.513,0.924
Toby Keith,13,135.9633846153846,-5.5346153846153845,0.7747692307692307
Tocotronic,6,156.40366666666668,-6.6113333333333335,0.769
Today Is The Day,5,137.9008,-8.7116,0.7804
Todd Rundgren,4,160.42374999999998,-10.07225,0.5882499999999999
Todos Tus Muertos,2,106.723,-14.2055,0.4875
Tokio Hotel,12,120.97300000000001,-5.26725,0.7851666666666666
Tokyo Police Club,16,138.0821875,-3.903875,0.9165
Tom Cochrane,1,103.03,-4.824,0.904
Tom Jones,10,111.30819999999999,-7.9823,0.6751
Tom McRae,3,118.85233333333333,-16.156000000000002,0.17573333333333332
Tom Odell,4,107.27525,-13.014,0.210225
Tom Petty,11,113.54890909090909,-12.024909090909091,0.5938181818181818
Tom Petty and The Heartbreakers,12,133.25466666666668,-6.241499999999999,0.8073333333333333
Tom Robinson Band,1,124.782,-5.551,0.706
Tom Tom Club,2,112.15950000000001,-10.312999999999999,0.6505000000000001
Tom Vek,3,157.36533333333333,-3.635333333333333,0.8023333333333333
Tom Waits,100,111.26989999999999,-14.471910000000001,0.361897
Tom Zé,3,142.04833333333332,-15.875666666666666,0.2813333333333333
Tomahawk,6,102.39783333333332,-9.7435,0.6815000000000001
Tomas Andersson,1,128.012,-8.791,0.794
Tomas Ledin,1,119.335,-6.782,0.893
Tomaso Giovanni Albinoni,1,66.748,-17.13,0.139
Tomba,1,145.031,-4.136,0.986
Tombs,1,88.915,-4.403,0.923
Tomcraft,1,132.001,-7.378,0.91
Tommy Dorsey,1,172.617,-14.699,0.175
Tommy James & The Shondells,2,108.1925,-9.402999999999999,0.6115
Tommy Körberg,1,88.746,-8.417,0.237
Tommy Tutone,1,137.639,-7.201,0.785
Tomorrows Bad Seeds,2,163.0445,-7.0615000000000006,0.6745
Tomte,8,128.35825,-6.466,0.614625
Tomáš Dvořák,1,80.013,-15.889,0.316
Tone-Lōc,1,117.476,-9.622,0.781
Tones And I,1,98.027,-6.4,0.588
Tones on Tail,3,121.54533333333332,-8.377,0.707
Toni Basil,1,148.891,-5.898,0.913
Toni Braxton,9,119.60655555555556,-6.835666666666667,0.5865555555555555
Tonic,3,120.62299999999999,-6.544333333333333,0.8343333333333334
Tonino Carotone,2,116.142,-4.3905,0.8755
Tonstartssbandht,1,97.649,-5.536,0.949
Tony Allen,2,120.838,-8.0175,0.7885
Tony Bennett,11,100.57045454545454,-10.645636363636363,0.36263636363636365
Tony Matterhorn,1,119.403,-4.847,0.918
Tony Orlando & Dawn,1,123.129,-10.086,0.592
Tony Toni Toné,1,117.179,-6.29,0.931
Tony Yayo,1,96.343,-5.6,0.814
Tool,21,124.75380952380952,-9.759428571428572,0.6826285714285715
Toots Thielemans,1,198.789,-20.148,0.285
Toots and The Maytals,17,121.31211764705883,-9.387235294117646,0.5249411764705882
Topaz Rags,1,158.624,-13.824,0.349
Toploader,1,119.471,-3.732,0.846
Topmodelz,1,139.003,-4.79,0.957
Tor,1,97.702,-6.825,0.521
Torfrock,1,163.254,-9.937,0.712
Tori Amos,41,122.59180487804878,-11.225219512195121,0.4439365853658537
Toro y Moi,15,124.7182,-7.337066666666667,0.7086666666666667
Tortoise,10,119.16780000000001,-14.587800000000001,0.39287
Torture Killer,5,126.9876,-5.7796,0.8615999999999999
Tosca,8,111.61925,-11.12475,0.6455
Total Science,3,174.38700000000003,-6.127666666666666,0.957
Totally Enormous Extinct Dinosaurs,1,127.014,-9.116,0.53
Totalselfhatred,2,120.517,-5.575,0.6055
Toto,11,105.99645454545454,-9.775,0.6467272727272727
Touch and Go,2,140.463,-10.617,0.762
Touché Amoré,9,122.738,-4.550222222222222,0.9139999999999999
Toumani Diabaté,3,121.81833333333333,-16.207666666666665,0.20133333333333334
Toumani Diabaté's Symmetric Orchestra,1,98.216,-8.638,0.645
Tourist,1,177.889,-6.608,0.817
Tove Lo,7,134.57342857142856,-4.858,0.8099999999999999
Tove Styrke,1,100.018,-10.079,0.429
Tower of Power,2,120.99799999999999,-6.6005,0.8240000000000001
Townes Van Zandt,12,114.20049999999999,-16.75916666666667,0.23366666666666666
Toxic Holocaust,8,152.1595,-4.733,0.956125
Toy,3,115.31333333333333,-5.968666666666667,0.8266666666666667
Trace Adkins,6,116.60516666666666,-4.208666666666667,0.8288333333333333
Tracey Thorn,2,111.7165,-11.8905,0.3325
Tracy Byrd,3,113.948,-8.825333333333333,0.6426666666666666
Tracy Chapman,9,110.30055555555555,-12.69111111111111,0.3386555555555556
Tracy Lawrence,2,121.18299999999999,-7.067,0.5505
Traffic,10,106.7406,-10.8298,0.5793
Trail of Tears,1,159.946,-7.032,0.847
Train,10,113.30140000000002,-4.8446,0.7283000000000001
Trampled by Turtles,1,189.451,-5.885,0.928
Transatlantic,2,148.695,-6.4135,0.6155
Transvision Vamp,1,118.208,-9.027,0.789
Trapt,12,138.40483333333333,-5.001083333333333,0.854
Trash Talk,1,92.067,-2.42,0.955
Travi$ Scott,2,145.497,-5.2775,0.6935
Travie McCoy,2,156.63549999999998,-5.841,0.7735000000000001
Travis,27,120.86222222222223,-8.225185185185186,0.5597314814814814
Travis Tritt,4,110.6995,-5.41475,0.73675
Travoltas,1,77.517,-6.171,0.748
Treasure Fingers,1,125.041,-7.234,0.665
Trent Reznor and Atticus Ross,5,108.8702,-17.109199999999998,0.36474
Trentemøller,15,123.39173333333333,-14.593533333333333,0.48233333333333334
Trespassers William,1,98.837,-14.468,0.158
Trevor Rabin,1,74.807,-11.079,0.535
Trey Songz,4,103.71825,-7.12675,0.5900000000000001
Tribal Seeds,3,144.0343333333333,-11.498333333333333,0.45599999999999996
Tribulation,1,159.951,-5.114,0.971
Tricky,38,121.26481578947369,-8.890947368421052,0.6802631578947369
Trifonic,3,131.715,-8.076,0.5910000000000001
Trini Lopez,1,84.207,-9.058,0.821
Trio,1,132.151,-7.598,0.929
Tripswitch,2,135.019,-10.067,0.7869999999999999
Triptykon,2,147.524,-14.752,0.19505
Trisha Yearwood,2,102.842,-8.012,0.5005
Tristan Prettyman,7,110.31728571428572,-8.268,0.5325714285714286
Tristania,5,131.4998,-8.9626,0.6277999999999999
Triumph,1,90.161,-3.0,0.978
Triumvirat,3,133.395,-11.274666666666667,0.7053333333333334
Trivium,31,118.86509677419356,-5.673,0.8893870967741935
Triángulo de amor bizarro,2,146.8195,-4.7545,0.9924999999999999
Trombone Shorty,1,99.949,-4.123,0.826
Tropic of Cancer,1,129.987,-3.351,0.937
Trouble,1,89.55,-6.188,0.91
Troy Pierce,1,122.985,-15.218,0.513
Troye Sivan,3,110.33866666666667,-8.813,0.4976666666666667
Tryo,8,115.5475,-6.9075,0.65825
Trüby Trio,3,139.82466666666667,-6.7683333333333335,0.831
Tsjuder,3,109.26933333333334,-5.9736666666666665,0.9506666666666667
Tsunami Bomb,1,125.928,-2.344,0.979
Tubelord,1,90.913,-5.471,0.895
Tubeway Army,1,113.844,-9.693,0.494
Tujiko Noriko,3,96.29166666666667,-10.207666666666666,0.5196666666666666
Tune Up!,1,145.716,-6.275,0.999
Tune Up! vs. Italobrothers,1,140.034,-6.438,0.945
Tunng,3,105.10966666666667,-11.778666666666666,0.45
Turbonegro,3,131.792,-4.291666666666667,0.9446666666666667
Turbostaat,2,96.713,-4.573,0.9430000000000001
Turin Brakes,2,152.2095,-11.2645,0.525
Turisas,18,129.68744444444442,-6.101277777777778,0.8390555555555556
Turnover,2,104.242,-8.349,0.6234999999999999
Tweaker,4,125.3775,-9.347,0.74975
Tweet,1,103.012,-6.611,0.517
Twenty One Pilots,16,115.5571875,-6.9474375,0.648625
Twin Shadow,6,115.80383333333333,-6.2781666666666665,0.8093333333333333
Twista,1,145.063,-5.757,0.744
Twisted Sister,3,111.31733333333334,-5.819,0.879
Twisted Wheel,1,155.974,-3.136,0.937
Two Door Cinema Club,12,133.46891666666667,-5.13925,0.7726666666666667
Two Fingers,1,107.295,-10.781,0.774
Two Gallants,7,117.31914285714285,-7.401000000000001,0.6935714285714286
Two Lone Swordsmen,1,135.043,-13.386,0.664
Two Steps from Hell,3,133.68066666666667,-9.433333333333334,0.5573333333333333
Ty Segall,6,132.99916666666667,-1.883,0.8346666666666667
Tycho,15,122.75240000000001,-9.845266666666667,0.6649333333333334
Tyler Hilton,1,133.655,-14.944,0.131
"Tyler, the Creator",16,107.016875,-8.4023125,0.6759375
Type O Negative,14,112.29371428571429,-9.00542857142857,0.7863571428571429
Tyrese,2,125.13300000000001,-6.9185,0.439
Tyrone Davis,2,110.3135,-7.9030000000000005,0.6725
Tyrone Wells,1,144.557,-6.614,0.317
Téléphone,1,142.092,-13.569,0.504
Télépopmusik,15,127.37666666666668,-9.8432,0.5641333333333333
Týr,6,140.33033333333333,-5.621833333333334,0.8018333333333333
U-KISS,1,138.96,-6.061,0.918
U.S. Girls,1,103.99,-6.399,0.872
U.S.D.A.,1,102.013,-5.39,0.558
U2,55,120.1231818181818,-10.476127272727274,0.6677690909090909
U96,2,141.65550000000002,-9.224,0.7969999999999999
UB40,17,111.66088235294117,-10.676823529411765,0.5274117647058824
UFO,1,140.501,-9.061,0.691
UNKLE,28,120.82935714285713,-10.7825,0.6050892857142857
Udo Jürgens,2,136.4795,-4.811,0.837
Uffie,6,127.324,-5.6215,0.8268333333333334
Ufomammut,6,130.09516666666667,-9.914166666666667,0.6403333333333333
Ugly Casanova,2,134.545,-9.2475,0.6575
Ugly Kid Joe,2,131.69799999999998,-8.4115,0.8180000000000001
Ulrich Schnauss,13,121.04676923076923,-9.881615384615385,0.6227692307692307
Ultra Vivid Scene,1,155.388,-6.33,0.91
Ultrabeat,1,139.988,-5.534,0.889
Ultraje A Rigor,3,159.37699999999998,-7.677,0.8556666666666667
Ultravox,5,132.88299999999998,-8.6644,0.8144
Ulver,34,108.17479411764705,-12.989999999999998,0.46494117647058825
Umbra Et Imago,6,129.93283333333332,-12.472166666666666,0.5665
Umphrey's McGee,1,112.128,-7.331,0.703
Uncle Acid & the Deadbeats,1,124.93,-7.815,0.719
Uncle Tupelo,10,124.16990000000001,-11.9237,0.5284
Underneath the Gun,5,110.58099999999999,-5.2664,0.9076000000000001
Underoath,27,141.93366666666665,-4.727407407407408,0.9135185185185185
Underworld,16,124.08125,-13.077562499999999,0.6026875
Unearth,31,118.39477419354839,-5.833548387096775,0.9029354838709678
Unheilig,14,116.53428571428572,-6.200857142857143,0.8693571428571428
United Future Organization,5,128.2268,-12.2962,0.608
United Nations,7,133.11971428571428,-4.1698571428571425,0.9498571428571428
Univers Zero,1,130.268,-17.83,0.348
Unk,1,80.032,-6.809,0.683
Unknown Mortal Orchestra,1,98.547,-6.347,0.841
Unsane,1,124.021,-6.988,0.933
Unsun,1,129.916,-3.164,0.837
Unter Null,7,133.69085714285714,-8.803142857142857,0.8692857142857143
Unwound,15,121.3022,-9.104999999999999,0.7044666666666667
Unwritten Law,3,104.05566666666665,-4.72,0.8183333333333334
"Up, Bustle and Out",1,105.873,-12.183,0.664
Upon a Burning Body,7,124.69057142857143,-5.858,0.8772857142857143
Urban Species,1,147.093,-12.872,0.435
Urbs,1,67.43,-10.886,0.505
Uriah Heep,4,156.65625,-7.44425,0.8005
Ursula 1000,2,123.3565,-10.477,0.771
Us3,3,113.42900000000002,-13.215333333333334,0.6523333333333333
Usher,19,120.35978947368422,-5.9750000000000005,0.6612631578947369
Utada,10,109.3054,-5.455699999999999,0.7973
Utah Jazz,2,174.00799999999998,-4.266,0.8775
VACATIONER,1,95.042,-4.66,0.783
VHS or Beta,1,127.857,-4.587,0.873
VKTMS,1,199.83,-13.961,0.776
VNV Nation,23,131.68908695652175,-8.694260869565216,0.7200869565217392
Vacuum,1,169.891,-7.195,0.678
Vader,41,124.86887804878049,-3.9498780487804876,0.9116899999999999
Valencia,8,132.036375,-4.4186250000000005,0.883125
Vampire Weekend,12,130.21675000000002,-8.871666666666666,0.6244999999999999
Van Canto,1,142.034,-5.004,0.979
Van Halen,16,128.0765625,-7.7949375,0.7625
Van Morrison,18,106.49983333333334,-10.859111111111112,0.5319444444444444
Van She,9,128.45344444444444,-6.150555555555556,0.761
Van der Graaf Generator,3,114.75333333333333,-14.438666666666668,0.439
Vance Joy,3,109.94466666666666,-7.531333333333333,0.599
Vanessa Carlton,6,125.782,-5.6505,0.6923333333333334
Vanessa Paradis,13,133.6200769230769,-8.833846153846155,0.5592307692307692
Vanessa Williams,1,95.985,-9.683,0.376
Vanessa da Mata,4,122.07525,-11.288499999999999,0.427725
Vanessa-Mae,4,122.06825,-11.95125,0.54975
Vangelis,27,100.581,-18.71011111111111,0.21104074074074075
Vanilla Fudge,1,172.338,-9.682,0.7
Vanilla Ice,2,115.732,-11.5225,0.6619999999999999
Vapnet,1,119.968,-6.715,0.677
Vargo,1,155.955,-9.687,0.608
Variety Lab,1,90.004,-9.969,0.903
Varius Manx,1,156.028,-7.852,0.759
Vas,2,157.959,-14.1095,0.4845
Vasco Rossi,1,144.955,-15.769,0.343
Vashti Bunyan,4,108.20349999999999,-17.255,0.16115000000000002
Vast,2,120.2905,-7.1,0.641
Vaults,1,75.046,-6.821,0.664
Vavamuffin,3,114.334,-6.189666666666667,0.6696666666666666
Vaya Con Dios,2,125.7165,-6.910499999999999,0.754
Vector Lovers,4,125.2535,-10.944,0.62125
Veil of Maya,6,112.76233333333333,-4.776833333333333,0.9768333333333333
Velvet Acid Christ,7,113.855,-8.395857142857142,0.8625714285714287
Velvet Revolver,16,153.451875,-4.3823125,0.936125
Venetian Snares,32,125.1129375,-6.59240625,0.734259375
Vengaboys,1,135.981,-6.031,0.923
Venom,19,127.04257894736843,-8.924315789473685,0.9071052631578947
Vera Lynn,1,91.077,-10.855,0.232
Veracocha,1,139.997,-6.962,0.952
Verjnuarmu,6,117.85183333333333,-5.085166666666667,0.8945
Veronica Falls,4,152.9845,-4.281,0.90125
Veronica Maggio,10,109.3086,-7.5786,0.5669000000000001
Versailles,4,124.01575,-7.389,0.7745
Vertical Horizon,4,115.627,-10.71175,0.5157499999999999
Veruca Salt,5,121.91579999999999,-3.3804000000000003,0.9044000000000001
Vespers Descent,1,155.118,-6.375,0.826
Vestal Goodman,1,132.623,-19.468,0.187
Vetiver,2,119.187,-10.738,0.4335
Vibesquad,5,92.8016,-10.0838,0.5874
Vibrasphere,8,132.37175,-9.93975,0.82625
Vicarious Bliss,1,165.001,-10.321,0.944
Vicente Fernández,1,105.2,-11.252,0.283
Vicentico,2,120.9835,-6.9265,0.8705
Vildhjarta,1,86.517,-6.089,0.797
Ville Valo & Natalia Avelon,1,142.043,-7.85,0.743
Vince Guaraldi Trio,9,90.87066666666666,-16.179777777777776,0.2637777777777778
Vince Staples,2,115.483,-6.686,0.64
Vincent Gallo,1,132.836,-16.093,0.215
Vintersorg,3,104.82099999999998,-6.801333333333333,0.9086666666666666
Violator,1,112.669,-2.46,0.997
Violent Femmes,11,106.51336363636364,-7.306727272727272,0.7315454545454546
Viraemia,1,120.067,-1.51,0.978
Virginia Jetzt!,1,132.066,-5.124,0.732
Virtual Boy,1,70.074,-6.083,0.628
Visage,2,123.95250000000001,-12.667,0.5975
Visions of Atlantis,2,130.0,-7.189,0.5935
Vital Remains,5,137.5864,-4.1638,0.9746
Vitalic,22,127.90290909090909,-6.824136363636364,0.78
Vitamin String Quartet,1,123.571,-11.757,0.272
Vive La Fête,4,136.2745,-8.48,0.6575
Vivian Girls,1,140.953,-11.931,0.569
Vivian Green,1,122.807,-6.523,0.559
Vladislav Delay,8,110.312375,-16.062375,0.4578875
Voicst,1,142.561,-3.752,0.943
Volbeat,7,119.99514285714285,-4.406142857142857,0.9155714285714286
Volcano Choir,9,106.91544444444445,-15.694777777777777,0.2521
Voltaire,2,119.11099999999999,-4.169499999999999,0.8540000000000001
Volumes,1,134.792,-3.227,0.983
Vomitory,1,167.734,-4.802,0.973
Von Hertzen Brothers,1,99.906,-4.1,0.917
Voo Voo,1,109.982,-8.634,0.506
Voodoo Glow Skulls,4,132.77224999999999,-3.60475,0.96575
Voxtrot,2,132.3185,-6.4615,0.7829999999999999
Vreid,1,164.008,-5.466,0.949
Vàli,1,97.07,-28.487,0.0283
W.A.S.P.,2,149.984,-7.3315,0.9125
WESTLAND,1,155.02,-5.458,0.842
WZRD,1,134.98,-7.277,0.602
Waglewski Fisz Emade,2,97.944,-5.263,0.8979999999999999
Wagon Christ,8,133.78425,-7.112875,0.70775
Wailing Souls,1,137.454,-7.015,0.596
Wake Owl,1,86.051,-8.728,0.566
Waldeck,13,126.51276923076924,-9.790538461538462,0.5475384615384615
Waldino,1,99.992,-10.457,0.796
Wale,4,135.62625,-4.273,0.8845000000000001
Walking with Strangers,1,120.012,-3.618,0.986
Walls of Jericho,5,137.9862,-4.727600000000001,0.9048
Walter Meego,1,129.995,-4.67,0.855
Walter Wanderley,2,137.561,-13.0115,0.6615
Wamdue Project,1,125.033,-8.103,0.571
Wanda Jackson,2,138.267,-6.859,0.7235
Wang Chung,1,102.725,-10.316,0.716
War,3,122.734,-9.428666666666667,0.7006666666666667
War Of Ages,3,127.99899999999998,-4.437666666666667,0.951
War from a Harlots Mouth,7,108.64242857142858,-4.4962857142857136,0.9161428571428571
Warbringer,1,104.343,-4.49,0.978
Warlock,2,140.9565,-13.1815,0.6875
Warmen,1,147.978,-3.174,0.955
Warpaint,7,111.01557142857143,-8.190428571428571,0.6131428571428571
Warrant,2,152.163,-6.9645,0.821
Warren G,4,92.42699999999999,-9.812249999999999,0.53525
Warren Zevon,1,124.117,-13.356,0.346
Washed Out,11,110.49963636363637,-8.21109090909091,0.7051818181818181
Watain,14,122.15928571428572,-7.233428571428571,0.8207785714285715
Watch TV,1,112.052,-7.621,0.969
Watermät,1,121.983,-4.249,0.757
Wave Machines,2,110.521,-6.072,0.595
Wavves,11,127.30990909090907,0.3733636363636363,0.898
Wax,1,171.898,-6.81,0.704
Wax Tailor,9,100.22522222222223,-7.827222222222223,0.6073333333333334
Way Out West,5,133.8014,-7.476999999999999,0.7828
Waylon Jennings,7,126.81442857142858,-10.180714285714286,0.6642857142857144
Wayne Newton,1,145.38,-11.101,0.31
Wayne Shorter,4,105.59825000000001,-14.6595,0.32120000000000004
Wayne Smith,1,81.564,-8.713,0.508
Wayne Wonder,1,100.213,-5.656,0.819
Wazmo Nariz,1,92.178,-9.491,0.616
We Are Scientists,14,141.41364285714286,-5.149214285714286,0.8431428571428572
We Are the Fallen,8,147.33975,-3.499625,0.83875
We Are the In Crowd,1,175.011,-3.467,0.871
We Are the Ocean,2,175.519,-4.109999999999999,0.971
We Butter the Bread With Butter,5,101.5472,-6.187399999999999,0.7230000000000001
We Came As Romans,9,147.58855555555556,-3.289111111111111,0.9692222222222221
We Have Band,5,133.9574,-6.4266000000000005,0.737
We Smoke Fags,1,159.891,-4.232,0.95
We Were Promised Jetpacks,3,137.109,-6.223,0.7816666666666666
We the Kings,10,145.07139999999998,-3.8292,0.8974
Weather Report,7,127.62571428571428,-13.09,0.5385714285714286
Wedding Crashers,1,133.446,-6.564,0.687
Weedeater,5,102.1716,-9.377799999999999,0.64582
Weekend,1,159.612,-4.0,0.975
Weekend Nachos,1,80.553,-4.458,0.968
Ween,8,115.249875,-12.675625,0.5095
Weezer,52,127.40476923076923,-5.454192307692308,0.7737115384615384
Welshly Arms,1,141.873,-5.863,0.656
Werle & Stankowski,1,105.014,-7.063,0.6
Wes Montgomery,9,108.50600000000001,-17.00633333333333,0.23243333333333333
Westlife,1,72.468,-6.859,0.522
Westside Connection,4,93.24025,-6.34675,0.68575
Wet Wet Wet,3,127.26033333333334,-7.313666666666667,0.618
Weval,1,99.988,-13.228,0.714
Weyes Blood,1,131.234,-7.939,0.461
Whale,1,170.121,-4.32,0.951
Wham!,3,112.948,-6.374666666666667,0.7320000000000001
Wheatus,1,94.64,-6.547,0.793
While She Sleeps,3,142.77533333333335,-4.851666666666667,0.9263333333333333
Whirr,5,116.87339999999999,-6.844200000000001,0.7666000000000001
Whiskeytown,8,116.53925,-9.706125,0.463375
White Apple Tree,1,119.911,-7.827,0.743
White Denim,1,89.156,-7.805,0.912
White Lies,6,132.16483333333335,-5.699000000000001,0.8530000000000001
White Noise,3,108.50033333333333,-14.100999999999999,0.38766666666666666
White Rabbits,6,139.185,-4.728333333333333,0.8929999999999999
White Rose Movement,1,159.781,-6.724,0.564
White Town,1,102.643,-9.118,0.605
White Zombie,18,133.20633333333333,-7.724666666666668,0.8961666666666667
Whitechapel,31,127.49261290322582,-4.793451612903226,0.9601290322580645
Whitesnake,12,117.16183333333333,-9.6175,0.77425
Whitley,1,85.071,-10.895,0.444
Whitney Houston,14,112.77035714285714,-8.419285714285715,0.5722857142857143
Whodini,1,100.754,-4.266,0.839
Wibutee,2,114.5095,-10.274000000000001,0.655
Widowspeak,3,114.39,-8.847333333333333,0.6183333333333333
Wilco,45,111.57128888888889,-9.9244,0.5525333333333333
Wild Beasts,3,132.67333333333332,-15.112666666666668,0.41100000000000003
Wild Belle,2,163.51749999999998,-7.4485,0.714
Wild Child,1,74.818,-8.958,0.366
Wild Nothing,13,133.68353846153846,-8.140846153846153,0.7810769230769231
Wiley,1,131.99,-6.835,0.725
Wilki,3,152.55066666666667,-5.959333333333333,0.7546666666666666
Wilkinson,3,174.02866666666668,-2.633,0.8863333333333333
Will Smith,3,103.141,-4.928999999999999,0.7536666666666667
Will Young,2,79.85249999999999,-10.038499999999999,0.326
William Ackerman,3,102.33600000000001,-19.89,0.18799999999999997
William Basinski,14,84.46807142857143,-30.705857142857145,0.10040357142857144
William Bell,1,136.27,-15.087,0.228
William Fitzsimmons,6,114.75066666666667,-13.142666666666665,0.2976666666666667
William Onyeabor,1,116.876,-8.742,0.391
William Orbit,2,91.9105,-11.764,0.529
Willie Nelson,7,117.18299999999999,-13.481285714285715,0.38321428571428573
Willy Mason,1,97.678,-12.309,0.453
Wilson Pickett,4,107.40675,-11.08975,0.47525
Wim Mertens,5,104.5462,-18.9668,0.28759999999999997
Windhand,1,134.445,-6.228,0.83
Windir,24,127.907875,-6.181958333333333,0.8652083333333334
Winds of Plague,11,122.24554545454545,-4.84690909090909,0.8914545454545455
Windsor For The Derby,1,120.502,-11.026,0.689
Wings,2,91.505,-10.458,0.437
Wintersleep,1,84.933,-5.526,0.716
Wintersun,7,122.61085714285716,-7.027428571428572,0.8147142857142857
Wipers,2,173.9885,-10.276,0.6539999999999999
Wippenberg,1,128.01,-8.882,0.723
Wir sind Helden,17,124.88311764705882,-5.763823529411765,0.6473529411764707
Wire,5,137.4462,-7.1654,0.8497999999999999
Wishbone Ash,7,126.23742857142857,-13.629714285714286,0.5567142857142857
Wisin & Yandel,1,116.018,-3.633,0.897
Witch,2,126.9325,-5.1825,0.815
Witchcraft,6,128.1735,-5.248333333333334,0.7656666666666667
Witchfinder General,5,154.4352,-10.232800000000001,0.7001999999999999
With Blood Comes Cleansing,2,118.44550000000001,-3.26,0.995
Within Temptation,24,125.11804166666667,-5.709416666666667,0.7749583333333333
Wiz Khalifa,7,138.491,-6.383,0.7665714285714286
Wizo,3,131.08233333333334,-7.293666666666667,0.9456666666666665
Wizzard,1,140.283,-5.284,0.923
"Woe, Is Me",1,129.952,-2.482,0.903
Wolf Eyes,1,78.75,-5.574,0.409
Wolf Parade,10,119.6911,-6.1126,0.7849999999999999
Wolfchant,13,131.41015384615383,-4.146846153846154,0.9456153846153845
Wolfgang Amadeus Mozart,14,93.76828571428571,-19.21892857142857,0.14640714285714287
Wolfgang Gartner,2,127.991,-5.404,0.3835
Wolfmother,18,137.93444444444444,-4.2172777777777775,0.8338888888888889
Wolfsheim,14,124.31885714285714,-10.671642857142857,0.687
Wolves in the Throne Room,3,157.5633333333333,-7.161666666666666,0.868
Womack & Womack,1,133.577,-5.44,0.825
Women,1,69.304,-11.941,0.299
Woodkid,7,105.10671428571429,-8.530714285714286,0.49799999999999994
Woods,2,124.7005,-7.284,0.75
Woods of Ypres,2,117.5115,-6.138,0.6970000000000001
Woody Guthrie,3,124.62366666666668,-17.127333333333333,0.19783333333333333
Worakls,1,124.002,-9.003,0.604
Working For A Nuclear Free City,2,108.37299999999999,-10.7575,0.8175
World Party,1,111.087,-5.961,0.959
Worm Is Green,3,106.64133333333332,-11.232,0.5676666666666667
Wormrot,1,108.884,-1.843,0.995
Wreckless Eric,1,108.693,-12.223,0.379
Wu-Tang Clan,7,127.61842857142857,-7.7297142857142855,0.709
Wyclef Jean,5,85.1106,-7.733,0.6698000000000001
Wye Oak,2,119.485,-7.4864999999999995,0.6265000000000001
Wynter Gordon,1,130.018,-5.137,0.808
Wynton Marsalis,1,78.076,-16.53,0.0567
X Ambassadors,2,103.52,-6.4165,0.8165
X Japan,3,144.77066666666667,-4.990333333333333,0.7683333333333334
X-Fusion,4,139.52375,-3.8135000000000003,0.9532499999999999
X-Press 2,1,130.007,-10.748,0.577
X-Ray Spex,1,154.723,-4.488,0.941
XIV Dark Centuries,5,128.9078,-6.2863999999999995,0.7888
XTC,3,149.41633333333334,-8.230666666666666,0.8460000000000001
XV,3,101.84033333333332,-6.607333333333334,0.8023333333333333
XXYYXX,3,137.13633333333334,-10.838,0.30833333333333335
Xandria,14,113.65157142857143,-6.481714285714285,0.6881428571428572
Xasthur,3,115.26266666666668,-10.373666666666667,0.6786666666666666
Xavier Naidoo,2,111.399,-8.191,0.725
Xavier Rudd,11,124.75390909090908,-9.880636363636363,0.5306363636363636
Ximena Sariñana,1,79.641,-8.23,0.443
Xiu Xiu,25,128.00412,-8.66776,0.568504
Xmal Deutschland,1,156.192,-12.72,0.519
Xploding Plastix,22,133.65977272727272,-9.961045454545454,0.6946727272727272
Xscape,2,110.5715,-10.1795,0.477
Xzibit,4,99.05625,-6.8614999999999995,0.7202500000000001
YNW Melly,1,115.025,-6.787,0.777
YOB,4,126.3205,-7.97225,0.6877500000000001
YUI,6,114.22966666666666,-4.848,0.7068333333333333
Yacht,2,157.5565,-7.2635000000000005,0.5555
Yaeji,1,117.993,-12.418,0.387
Yael Naim,7,119.49057142857143,-11.526285714285715,0.29185714285714287
Yamasuki,1,96.858,-8.274,0.709
Yann Tiersen,32,107.66590625,-13.21290625,0.35765625
Yanni,20,126.38429999999998,-14.76085,0.38505
Yazoo,7,132.99871428571427,-12.629142857142856,0.538
Yeah Yeah Yeahs,33,127.6909393939394,-5.709909090909091,0.8366060606060606
Years & Years,9,114.24544444444444,-6.2940000000000005,0.6471111111111111
Yeasayer,21,118.07476190476191,-7.059809523809524,0.7146190476190476
Yelawolf,1,120.152,-9.056,0.673
Yelle,16,124.5338125,-6.0396875,0.7195625
Yello,1,120.338,-11.912,0.778
Yellow Swans,2,132.3895,-13.109,0.40800000000000003
Yellowcard,34,136.17014705882352,-4.497941176470588,0.8692647058823529
Yellowman,3,107.466,-6.885333333333333,0.6603333333333333
Yes,12,124.89041666666667,-9.436,0.652
Yesterday's New Quintet,5,104.0214,-9.0878,0.664
Ying Yang Twins,3,101.65866666666666,-9.366,0.6016666666666667
Yiruma,1,112.59,-22.436,0.122
Yma Sumac,2,90.67949999999999,-12.307,0.456
Yndi Halda,3,111.45100000000001,-6.68,0.6126666666666667
Yngwie Malmsteen,6,114.34366666666666,-10.5465,0.746
Yo Gotti,3,96.49733333333334,-5.891666666666667,0.6549999999999999
Yo La Tengo,37,117.84437837837838,-11.246540540540542,0.5284
Yonderboi,6,126.383,-7.7185,0.6016666666666667
York,1,137.965,-4.237,0.977
Yotangor,1,97.987,-6.576,0.757
You Love Her Coz She's Dead,2,146.9195,-5.9205000000000005,0.872
You Me at Six,17,140.89794117647057,-4.6018823529411765,0.8192352941176471
Youandewan,1,124.015,-16.962,0.338
Young Buck,3,120.831,-12.083333333333334,0.598
Young Galaxy,2,129.573,-8.2845,0.7264999999999999
Young Jeezy,10,122.4913,-6.1342,0.7906
Young Knives,1,135.079,-2.637,0.933
Young Love,1,152.008,-4.345,0.95
Young Marble Giants,3,106.84833333333334,-12.727666666666666,0.39166666666666666
Young Money,5,159.5316,-7.925199999999999,0.641
Young Thug,1,131.932,-4.228,0.632
Young the Giant,6,139.92783333333333,-6.861333333333334,0.7843333333333334
Younger Brother,5,126.58980000000001,-9.2068,0.7342
Your Heart Breaks,1,122.377,-14.945,0.268
Youssou N'Dour,4,116.21775,-10.466,0.62575
Youth Group,1,129.232,-6.411,0.866
Youth Lagoon,3,101.17166666666667,-7.570666666666667,0.639
Youth of Today,1,103.523,-8.677,0.967
Yppah,9,121.76511111111111,-7.260777777777777,0.7428888888888889
Yuck,1,132.982,-2.265,0.698
Yuksek,1,131.04,-18.211,0.309
Yumi Zouma,1,137.946,-7.628,0.615
Yuna,2,124.953,-16.53,0.38
Yves Larock,1,127.987,-6.413,0.505
Yves Montand,3,101.37433333333333,-12.515333333333333,0.2683333333333333
Yvonne Catterfeld,1,175.879,-5.933,0.722
ZSK,1,159.807,-5.441,0.948
ZZ Top,29,130.92344827586209,-9.234827586206897,0.7680344827586206
ZZ Ward,1,104.974,-4.825,0.706
Zac Brown Band,5,105.3742,-5.078,0.6686
Zach Gill,3,149.54633333333334,-11.057666666666668,0.48866666666666664
Zager & Evans,1,124.34,-3.313,0.639
Zakk Wylde,1,138.3,-4.821,0.686
Zara Larsson,3,130.65566666666666,-6.573666666666667,0.6246666666666667
Zarah Leander,1,175.076,-10.991,0.209
Zayn,4,119.22524999999999,-7.41875,0.55425
Zaz,4,122.22025000000001,-4.41675,0.65925
Zazie,5,108.6548,-8.4102,0.6678
Zbigniew Preisner,5,81.2038,-25.4356,0.10063
Zebda,2,123.56099999999999,-5.6745,0.802
Zebrahead,19,145.57694736842106,-3.599473684210526,0.9791052631578948
Zeca Baleiro,1,94.514,-7.981,0.501
Zedd,5,122.39860000000002,-5.0004,0.7376
Zee Avi,1,78.939,-9.981,0.384
Zeigeist,5,118.9896,-5.263199999999999,0.8556000000000001
Zella Day,2,81.0095,-7.01,0.5345
Zenzile,1,141.929,-9.693,0.456
Zeraphine,3,126.94600000000001,-4.483333333333333,0.8433333333333333
Zero 7,32,112.22475,-10.06525,0.48621875
Zeromancer,5,123.10340000000001,-5.537000000000001,0.8573999999999999
Ziggy Marley,8,107.9215,-7.963625,0.557625
Ziggy Marley & The Melody Makers,4,108.47025,-12.63675,0.5257499999999999
Ziggy x,1,142.011,-4.634,0.999
Zola Jesus,6,141.46166666666667,-6.8293333333333335,0.6831666666666667
Zombie Girl,13,133.618,-6.632000000000001,0.8346923076923076
Zombie Nation,2,133.9825,-6.734999999999999,0.662
Zombie Zombie,1,139.066,-7.511,0.933
Zomboy,2,134.0,-3.7390000000000003,0.9205
Zomby,22,129.77145454545456,-7.626181818181819,0.7536818181818181
Zoo Brazil feat. Rasmus Kellerman,1,128.012,-8.71,0.677
Zoot Woman,3,126.31099999999999,-6.408333333333334,0.7743333333333333
Zoé,3,120.86266666666666,-6.579666666666667,0.8250000000000001
Zu,1,180.149,-3.626,0.987
Zuco 103,1,94.022,-10.345,0.637
Zyklon,2,126.4235,-5.584,0.9515
a-ha,10,129.7125,-7.7518,0.7156
alt-J,10,136.6056,-16.8264,0.26326
blessthefall,12,140.93566666666666,-3.811166666666667,0.9474166666666667
blink-182,67,128.55602985074628,-5.700552238805971,0.9013880597014925
bôa,1,93.211,-9.411,0.888
cLOUDDEAD,3,120.38533333333334,-10.857666666666667,0.6256666666666667
clipping.,1,91.067,-8.919,0.758
coldrain,2,159.0275,-3.127,0.961
d'Eon,1,98.992,-8.215,0.751
dEUS,5,120.1934,-6.8756,0.7538
dead prez,2,127.102,-10.3285,0.56
deadmau5,12,127.81133333333332,-9.522499999999999,0.61975
dredg,14,123.53607142857143,-7.444428571428571,0.6885
edIT,3,126.64033333333333,-8.610333333333335,0.6003333333333334
f(x),1,123.019,-1.484,0.966
fun.,5,107.76500000000001,-5.8112,0.6612
happysad,1,199.492,-6.781,0.639
iTAL tEK,1,105.112,-9.445,0.756
iamamiwhoami,3,94.43766666666666,-7.349333333333334,0.731
iio,2,113.9985,-9.6975,0.5705
ill.Gates,1,103.047,-7.891,0.741
jj,9,119.3111111111111,-11.765444444444446,0.46588888888888885
k.d. lang,1,128.307,-7.829,0.684
kyary pamyu pamyu,1,130.007,-2.076,0.964
maudlin of the Well,2,141.895,-11.1115,0.4605
mclusky,10,152.2613,-6.945,0.8586
mewithoutYou,13,103.73969230769231,-6.576,0.7646153846153846
miaou,1,100.007,-7.309,0.547
mind.in.a.box,8,131.01637499999998,-9.7485,0.85025
moumoon,1,103.035,-6.028,0.586
múm,16,105.3220625,-15.327375,0.4053125
nickasaur!,1,95.192,-10.808,0.35
oOoOO,2,134.849,-7.314,0.5549999999999999
of Montreal,16,133.2356875,-6.665,0.7000875
pg.lost,3,123.19733333333333,-8.868333333333334,0.5093333333333333
port-royal,2,114.816,-13.7085,0.509
sToa,6,94.67433333333334,-13.835999999999999,0.35569999999999996
school food punishment,5,143.5806,-5.9486,0.6744
stellastarr*,1,120.857,-7.601,0.875
t.A.T.u.,3,110.83,-7.7876666666666665,0.618
tUnE-yArDs,2,111.0175,-6.933,0.776
toe,5,113.85059999999999,-9.833,0.6542
will.i.am,8,119.6825,-7.932625,0.607375
xxxtentacion,3,98.62533333333333,-12.810333333333332,0.26430000000000003
xxxy,1,129.99,-5.707,0.875
"¡Forward, Russia!",1,165.209,-3.452,0.956
µ-Ziq,14,142.38578571428573,-7.635,0.8252142857142858
Âme,1,125.025,-6.163,0.819
Änglagård,1,115.758,-12.763,0.315
Édith Piaf,10,105.003,-9.5327,0.34550000000000003
Émilie Simon,13,122.99846153846154,-10.43646153846154,0.5698461538461538
Étienne Daho,1,127.614,-11.942,0.739
Étienne de Crécy,1,127.869,-6.5,0.912
Ólafur Arnalds,29,107.2031724137931,-16.051310344827588,0.20058620689655174
Órla Fallon,3,117.94733333333333,-15.15933333333333,0.14966666666666664
Ünloco,1,114.904,-6.142,0.922
Łąki Łan,6,133.47166666666666,-4.455,0.8863333333333333
Валентин Стрыкало,1,131.951,-3.523,0.704
Ленинград,2,142.471,-4.9695,0.8215
Ночные Снайперы,1,105.015,-7.56,0.753
Արամ Խաչատրյան,1,84.433,-12.259,0.749
عمر دياب,1,100.043,-7.954,0.792
いきものがかり,2,159.575,-2.74,0.9624999999999999
アンティック-珈琲店-,7,156.71857142857144,-3.0869999999999997,0.9472857142857143
ギルガメッシュ,11,131.87099999999998,-4.241,0.9667272727272728
ストレイテナー,5,145.4376,-3.0392,0.9422
ムック,2,118.2535,-3.716,0.9205000000000001
メトロノーム,1,122.105,-14.419,0.285
中島美嘉,1,119.963,-7.727,0.865
久石譲,2,158.35250000000002,-12.751000000000001,0.28700000000000003
倖田來未,2,118.94,-4.786,0.765
坂本九,1,73.492,-7.749,0.428
坂本龍一,5,80.7976,-21.820999999999998,0.10439799999999999
大塚愛,1,182.889,-4.453,0.858
嶺川貴子,1,131.255,-10.282,0.684
平沢進,2,119.9925,-7.943,0.8475
摩天楼オペラ,3,121.69500000000001,-4.897333333333333,0.8043333333333335
木村弓,1,117.993,-18.786,0.357
東京事変,1,131.987,-4.486,0.748
梅林茂,7,91.13157142857142,-15.044571428571428,0.27225714285714286
水樹奈々,1,173.866,-3.326,0.925
浜崎あゆみ,6,126.05250000000001,-5.668833333333333,0.7038333333333333
砂原良徳,1,169.586,-15.323,0.388
米津玄師,1,100.003,-3.853,0.935
譚盾,1,98.298,-22.456,0.188
雅-MIYAVI-,1,121.574,-1.628,0.984
鬼束ちひろ,2,120.8235,-8.9115,0.317
소녀시대,3,123.012,-2.6199999999999997,0.8963333333333333
