song_id,total_song_plays,unique_song_users,popular
TRAAAED128E0783FAB,315,161,False
TRAAAHD128F42635A5,2,2,False
TRAAAQO12903CD8E1C,1,1,False
TRAABJS128F9325C99,1831,945,True
TRAABXA128F9326351,37,18,False
TRAACCD128F422CDA8,1,1,False
TRAACER128F4290F96,88,49,False
TRAACIR128F42963AC,10,3,False
TRAACKM12903CE5BE9,124,67,False
TRAACPH12903CF5F14,1673,1295,True
TRAACZN128F93236B1,47,31,False
TRAACZR12903CDD291,6,6,False
TRAADBN128F932D00A,8,6,False
TRAADCQ128F932EC14,1712,667,True
TRAADLX128F1469250,18,5,False
TRAADNN128F42B1D94,70,21,False
TRAADQW128F427CE68,591,79,False
TRAADQX128F422B4CF,522,125,False
TRAADVO128E07999E9,940,469,True
TRAAERZ128F1496921,6,2,False
TRAAFGQ128F427D884,2848,1217,True
TRAAFOC128F4259332,6,2,False
TRAAFOY128F146CC17,3782,975,True
TRAAGCZ128F93210FD,20511,5302,True
TRAAGPJ128F428CD1B,446,160,False
TRAAGRA128F9309CC9,2,2,False
TRAAGSG128F92CFC6E,17,11,False
TRAAHBS128F429F76A,578,217,False
TRAAHDK128F423BB26,943,379,True
TRAAHSY128F147BB5C,626,292,False
TRAAIHF128F426FFA8,15,7,False
TRAAIQS128F9301078,113,78,False
TRAAIUW128F4290B94,606,174,False
TRAAJAC12903CEB847,24,6,False
TRAAJJW128F4298683,1778,642,True
TRAAJXX128F4239802,111,42,False
TRAAKDG128F42A0ECB,41301,16128,True
TRAAKFF128F42B69BD,1,1,False
TRAAKLQ12903CB0D25,88,59,False
TRAAKMS12903CDCF78,8,7,False
TRAAKRN128F92FF8D0,84,25,False
TRAAKSR128F93593F0,37,19,False
TRAALAH128E078234A,76893,26689,True
TRAAMAI128F426A0AD,183,94,False
TRAAMHN128F42956E6,31,18,False
TRAAMUZ128F9327055,16,7,False
TRAANRJ128F931D72D,2133,667,True
TRAANSZ128F425DD63,6901,2479,True
TRAAOGR128F425E7BF,111,53,False
TRAAOIH128F92F0679,37,10,False
TRAAOIN128F9303790,18,17,False
TRAAOTT128F14AE002,48,22,False
TRAAPCL128F930CB6C,17,9,False
TRAAPKN128F429CE4D,1002,302,True
TRAAQOU128F92D5955,22,10,False
TRAAQXO128F933E779,9,5,False
TRAAQYH128F92D5C30,103,47,False
TRAAREW12903CAEF29,70,26,False
TRAARQN128E07894DF,33,18,False
TRAARXB128F92FA0BF,2965,605,True
TRAARZE128F93264E9,126,83,False
TRAASCL12903CBF14F,3,1,False
TRAASED12903CEE1C5,109,36,False
TRAASQC128F93480F0,1148,622,True
TRAATIU128F4291A84,72,24,False
TRAATMF128F147921E,46,29,False
TRAATPA128F146753C,119,72,False
TRAAUEO128E0780CB9,2328,994,True
TRAAUFV128EF35F02C,16,9,False
TRAAUKD128F14613E4,640,197,False
TRAAVRU128F423EAE2,650,361,False
TRAAWJK128F145C9D9,36,10,False
TRAAWOJ128F9329EE3,44,19,False
TRAAWPB128F932A8DE,534,210,False
TRAAXAV128E0788BB9,704,335,False
TRAAXNW128F930B0C5,31,20,False
TRAAXOW128F931C2DC,926,619,True
TRAAXPX128F42AA93D,220,111,False
TRAAXWC128F935915F,10,9,False
TRAAXYY128EF33FF2C,72,42,False
TRAAXZC128F9360095,88,27,False
TRAAYBP128E0792605,500,272,False
TRAAYMR128F4240EC9,6,5,False
TRAAYRA128F92E9CC7,1,1,False
TRAAYTI128F933663B,6,5,False
TRAAYVI128F4286706,105,69,False
TRAAZPA128F9358504,17,3,False
TRAAZVF128F145BFED,5195,2007,True
TRABBFC128F42424F0,28,15,False
TRABBHI128F426260D,892,286,True
TRABBUM128EF34C0FF,43,24,False
TRABBVT12903CB4872,8,6,False
TRABBXV12903CA7C77,59,19,False
TRABCJP128F4228913,603,157,False
TRABCQH128F931525A,49,20,False
TRABCUQ128E0783E2B,741,317,False
TRABDAA12903CF45CB,27,10,False
TRABDEP128F428B3E3,818,258,False
TRABDKM128EF35788A,10,6,False
TRABDNJ128F425ACF9,9,5,False
TRABDPR128F9326104,1924,732,True
TRABDRC128F4282D08,1,1,False
TRABEIU128F4266CC2,363,119,False
TRABFDT12903CADD73,59810,17987,True
TRABFEL128F931FD79,695,390,False
TRABFPS12903CE5C27,1,1,False
TRABHAY128F423EFAF,32,22,False
TRABHTY12903CCE195,679,185,False
TRABHYO128F9307B76,855,434,True
TRABIBQ128F425A9E6,32,10,False
TRABIPA128F1458F79,68,28,False
TRABJBQ12903CDF3AA,8,5,False
TRABJEL128F930CE78,3,2,False
TRABJHF128F423A7D7,3,3,False
TRABJSS12903CA735D,436,204,False
TRABJWA128F9309C09,738,224,False
TRABJZT128F425C8DC,588,465,False
TRABKEH12903CE5BE9,853,333,True
TRABKOG128F427C466,1210,650,True
TRABKPC128F933232B,7,3,False
TRABLLC128F427F42F,215,115,False
TRABLTP128F930DC6D,13,7,False
TRABLUU128F1463532,553,434,False
TRABLVH128F1478E2D,46,19,False
TRABMBG128F429E9F1,1038,669,True
TRABMHO12903CCC6F6,303,106,False
TRABMIY128F426EA8F,178,50,False
TRABMNK128F92FE955,63,29,False
TRABMTC128F930EBDB,9,7,False
TRABMTL128F92C3A05,510,265,False
TRABNIC12903CF101C,2,2,False
TRABNLJ128F930C5E0,32,18,False
TRABOEC128F4268D43,4,3,False
TRABOFJ128F146A81F,24,11,False
TRABOVH128F427D3B4,24138,8454,True
TRABOWL128F427B697,68,29,False
TRABOXI128F931D377,67,33,False
TRABPAN12903CDCAAD,27,3,False
TRABPAY128F428B181,39,24,False
TRABPCC128F4265EF7,97,42,False
TRABPUI12903CF22CE,376,113,False
TRABQJG128F4267518,2842,1032,True
TRABQJK12903D056E1,7,3,False
TRABQJT128F145F172,3646,1372,True
TRABQUM12903C9A618,132,63,False
TRABQXH128F42758F0,8,8,False
TRABRCZ128F92F86BF,280,57,False
TRABRHT12903CF274F,202,101,False
TRABRRK128F14554B0,73,30,False
TRABRVO128F9346FCE,54,25,False
TRABSTP128F4252E01,158,100,False
TRABSXW128F4233422,56,28,False
TRABTZM128F9328FEC,178,64,False
TRABUIN128F93022FF,256,55,False
TRABUMO12903CBE25F,1980,748,True
TRABUYT128F93069C8,190,109,False
TRABVCF128F9342596,345,175,False
TRABVTG128F934AB80,4,3,False
TRABWAZ12903D0539E,49,14,False
TRABWLJ128F42B1C21,8,7,False
TRABWVN128F92E4E22,97,42,False
TRABXAE12903CF5C0A,65,28,False
TRABXNM128F92F8F7F,726,165,False
TRABXPR128F92F27FE,562,133,False
TRABXTZ128F14A46A3,1,1,False
TRABZBJ128F1463819,26,22,False
TRABZOT128F933E183,14,6,False
TRACAOS128F429063A,156,74,False
TRACASH128F931C969,83,59,False
TRACBWP128C7196948,128,62,False
TRACBYL12903CFDBC6,10738,2788,True
TRACCCN128F14AEB01,8,4,False
TRACCTE12903CDF524,71,54,False
TRACCVZ128F4291A8A,33,18,False
TRACDHL12903D0C387,6227,1667,True
TRACDUX128F429B303,87,48,False
TRACEHO128F1488CEA,6454,2164,True
TRACEJW128F42BA8D5,1012,454,True
TRACEQI128F42782EA,39,16,False
TRACEUK128F931DD31,3,3,False
TRACEYZ128F424D66A,87,34,False
TRACFAP128E07862C1,702,254,False
TRACFFK12903CF38FE,52,45,False
TRACFOJ128F4253EFA,46,34,False
TRACFYQ128E0784150,1047,366,True
TRACFZI128E0795424,2487,933,True
TRACGAQ128F4280C47,72,36,False
TRACGEI128F9343D35,75,27,False
TRACGHI128F427EC93,140,53,False
TRACGNG12903D021AE,720,151,False
TRACHIN128F92EBACE,38,18,False
TRACHTD12903CF5E22,88,24,False
TRACHXF128F9355813,197,89,False
TRACIEF128F93279E6,21,14,False
TRACIKS12903D011B3,1659,685,True
TRACIQI128F92E5877,227,44,False
TRACJKL128F424C069,1114,511,True
TRACJRM12903C9595A,508,253,False
TRACKKG128F93034C1,147,57,False
TRACKRZ128F14934AA,188,53,False
TRACKVU12903CA436F,20,16,False
TRACLBE128F1485B63,225,175,False
TRACLTY128F4248487,8,4,False
TRACMMC128F92FA031,1596,596,True
TRACMMS128F930696B,78,28,False
TRACMPR12903CF36A7,24,8,False
TRACNGP12903D064A0,3,3,False
TRACOHF128F1498509,238,37,False
TRACOON128F428B1B8,13,6,False
TRACOPP12903CDF88C,14,7,False
TRACOQS128F92FFA9B,11,10,False
TRACOTR128F92E16B1,1558,1191,True
TRACPOT128F92E9E61,1812,354,True
TRACPZA128F933A56C,173,67,False
TRACQAU128F4284DC7,23,15,False
TRACQIL128F931B8AD,32,10,False
TRACRQW128F93379C1,8,4,False
TRACRRS128F1465A64,6368,1271,True
TRACSAG12903CD3666,5,4,False
TRACSBL128F42480E8,154,64,False
TRACSJC128EF3432F8,350,122,False
TRACSKQ12903CAEE61,3,3,False
TRACSSW128F92F2D81,6108,1376,True
TRACTDT12903CC84CF,1103,435,True
TRACTLX128F42A51F6,1766,840,True
TRACTTC128F42370D9,325,236,False
TRACTWC128F9305C8E,1198,520,True
TRACUCI128F930258D,413,212,False
TRACUJD128F427314E,15,10,False
TRACULD128F935A67B,37,16,False
TRACVBA128F146367A,394,144,False
TRACVBT128F92F8BE2,29,7,False
TRACVFS128F424CF67,5,3,False
TRACVLU128F422B2F9,36,20,False
TRACVNF128F93231EB,10,6,False
TRACVQP128F9321509,36,13,False
TRACVYB128F932A9DB,198,56,False
TRACWHF128F14557BB,808,519,False
TRACWIK128F931EB13,5,3,False
TRACXLE128F42AD932,41,20,False
TRACYHD128F934B488,2,2,False
TRACYXW128F4297569,4046,1989,True
TRACYYN12903CDEBF9,71,41,False
TRACZSS128F424E1D9,398,205,False
TRADAUB128F425AD69,15,6,False
TRADBFO128E0787EFB,3,3,False
TRADBUM128F427A580,85,25,False
TRADCBE128F9301D6C,84,43,False
TRADCIF128F9338278,5894,2611,True
TRADDCI128F42B2621,43,19,False
TRADEBC128F14721FA,412,280,False
TRADEOV128F9330E3B,355,172,False
TRADESF128F4214D8E,2770,1480,True
TRADFBP12903CDBF79,42,14,False
TRADFMV128F145832D,3,3,False
TRADFXD128F424694C,65,54,False
TRADGJI128F425A744,1125,632,True
TRADGKR12903CDDB34,33,12,False
TRADGRL128F425FFD3,4,4,False
TRADGUA128F423977E,84,65,False
TRADGXI128F92EF28F,392,117,False
TRADHLI128F428FEFD,153,82,False
TRADIJB128E078A9B7,1385,412,True
TRADJAG128F93051C2,115,16,False
TRADJEA128F9322AA5,3,3,False
TRADJPT128F421A06C,197,82,False
TRADKAX128E0786B92,3192,1465,True
TRADKEU12903CF1540,83,39,False
TRADKLA128F93101FC,121,58,False
TRADKSR128F92F4687,22,16,False
TRADLBW12903CBB9C8,64,3,False
TRADMNQ128F14632D8,25,8,False
TRADMQP128F428AFF0,230,179,False
TRADMRG128F932C34E,11,5,False
TRADMWC12903CE3F45,7,2,False
TRADNEH12903D02432,43,15,False
TRADNHW128F14767E8,157,56,False
TRADNNN12903CDCF3C,1,1,False
TRADNPB128F423AEE7,1030,359,True
TRADNVM12903CE790C,80,28,False
TRADNZP12903CE6AAE,2077,793,True
TRADOWZ128E0781EB1,1436,591,True
TRADPGI128F4244096,21,11,False
TRADPIA128E078EE1B,210,31,False
TRADPJD12903CEA96A,13,8,False
TRADPQN128F932D33E,432,239,False
TRADPSL128F932B9F6,5540,2124,True
TRADQSY128F425BB59,267,115,False
TRADRVX128F93322BF,50,30,False
TRADRWJ128F14A44C1,38,15,False
TRADSKD128E0792344,644,404,False
TRADSQZ128F42707D7,533,226,False
TRADTGP128F1497D8C,1137,456,True
TRADTRT128F425A506,38,25,False
TRADUMU128F427819F,168,66,False
TRADUSR128F92F9570,72,17,False
TRADVXC128F145936A,104,36,False
TRADVXQ128F42AD6B3,17,5,False
TRADVZX128F426BF79,4755,2460,True
TRADWCP128F930AB94,657,192,False
TRADWEG128F427A518,85,54,False
TRADWVW12903CF4303,48,34,False
TRADXXG128F424D807,35,19,False
TRADYHW128F423A2AA,11,3,False
TRADYXQ128F14655F1,827,390,False
TRADZQV128F14A5760,2286,702,True
TRADZXK128F429DB92,2570,1817,True
TRAEAJU128F145A202,3,3,False
TRAEASY128F148247C,762,397,False
TRAEBCS128E0782FC6,738,353,False
TRAEBDE128F934EF2A,7,5,False
TRAEBHW12903CE6A74,656,261,False
TRAEBPG128F14AA0DA,7,5,False
TRAEBSY128E07873C0,2133,965,True
TRAECFB128F421CD29,910,399,True
TRAECHJ12903CC36DA,16124,5991,True
TRAECPB128F42B7855,11,6,False
TRAEDPY128F4291180,3,2,False
TRAEDVS128F4265C81,150,68,False
TRAEEAH128F4254645,4,2,False
TRAEEJZ128F92E0A47,1056,528,True
TRAEENA128E0794CF3,7,5,False
TRAEESD12903CE28FC,148,80,False
TRAEETR12903CFF299,9,6,False
TRAEEUU128F930BB29,57,23,False
TRAEEVD12903CC4D29,173,57,False
TRAEFFE128EF346687,71,13,False
TRAEFPJ12903CFF2A0,15,9,False
TRAEFTT128F1496B42,181,115,False
TRAEGBE128F4284973,477,219,False
TRAEGLM12903CE5A60,78,41,False
TRAEGXU128F9304D31,4725,2015,True
TRAEHCZ12903CDF88F,13,8,False
TRAEHEI128E07844B9,191,110,False
TRAEHNA128F423786C,361,155,False
TRAEHNO128F933261F,242,95,False
TRAEHTH128F42AE2A1,9,8,False
TRAEHXB128F422EF3E,756,355,False
TRAEHXP128F4272AAF,3337,621,True
TRAEIGQ128F42ABADD,5,2,False
TRAEIQO128E0782822,497,255,False
TRAEIXA128F9320680,227,89,False
TRAEIYA128F4241910,40,12,False
TRAEJXI128F4291A83,544,175,False
TRAEJYW128E07908D5,3,3,False
TRAELQO128F42AC767,160,54,False
TRAELUY128F93147BA,758,399,False
TRAEMBJ12903CCC14A,36,13,False
TRAEMTK12903CA834A,620,294,False
TRAENGN128F426685B,59,9,False
TRAEOFB12903CB7900,1347,560,True
TRAEOHW128F42A52D9,2017,1451,True
TRAEOMS128F4262357,748,463,False
TRAEPQE128F9353909,7,3,False
TRAEPZJ12903CB00C4,24,17,False
TRAEQFU128F426241C,3,3,False
TRAEQSV128F4260CA9,361,84,False
TRAEQWN128F934AF32,258,71,False
TRAERGO128F932BEAB,662,252,False
TRAESNR128F428DAC9,10,7,False
TRAESNX12903CBFCB7,6,2,False
TRAESON128F93237D1,373,170,False
TRAESQE128F92D0349,25,18,False
TRAETAX128F14910FF,53,28,False
TRAETLW128F92C44F3,11,4,False
TRAETNE128F92F334E,1,1,False
TRAETTV12903CBBD09,1769,909,True
TRAETUG12903CB53D8,8,6,False
TRAETZJ128F422B208,77,34,False
TRAEUAE128F933AE38,13,7,False
TRAEUFF128F424EAAF,918,553,True
TRAEUIW12903D018F0,16365,6263,True
TRAEUJB128F427B76F,1,1,False
TRAEVFE128F92EC033,33,21,False
TRAEVJD128F42622A3,276,186,False
TRAEVJO128F14732C0,475,156,False
TRAEVLC128F9306C77,18,9,False
TRAEVPJ128F1477009,83,40,False
TRAEVRN128F92FAA81,14,14,False
TRAEVYD128F4242083,9,5,False
TRAEWKC128F9325FA4,32,12,False
TRAEWSO128F147A2B4,149,55,False
TRAEWVG128F428AC7F,2305,1458,True
TRAEXBU128F4234430,2,2,False
TRAEYSG128F92DF5E7,301,141,False
TRAEYWB128F148EBD0,2859,945,True
TRAEZFA128F931798A,10,8,False
TRAEZOD128F934AEFA,14,12,False
TRAFABO128F933DE53,171,47,False
TRAFAHQ128EF35F4DF,3,3,False
TRAFAJC128E078888B,2752,938,True
TRAFBEY128F429B11A,3,3,False
TRAFBIE12903CC915D,4,3,False
TRAFBLS12903CB870F,515,166,False
TRAFBVU128F426B3F6,205,57,False
TRAFCKF12903CF42FF,61,43,False
TRAFCML128F428CBFA,15,10,False
TRAFCOT128F93008E7,5,3,False
TRAFDSB12903CB53DB,15,8,False
TRAFDXG128F4255282,4,4,False
TRAFDYA128F9329391,3,1,False
TRAFENJ128F427738F,35,14,False
TRAFEPZ128F42902A8,1964,614,True
TRAFERA12903CB8AC8,1107,468,True
TRAFFJV128F92D6FB5,50,30,False
TRAFGLZ128F42864AF,15,12,False
TRAFGUI128F93298D9,82,38,False
TRAFHBM128F92EE7B0,5,4,False
TRAFHLQ128F429870B,1129,382,True
TRAFHRS128F14599C0,5963,1625,True
TRAFIHX12903CF10CE,7,4,False
TRAFIKW128F934B7E8,2,1,False
TRAFIXY12903CE9A70,163,34,False
TRAFIYO128F92EBFEB,47,28,False
TRAFJJE128F4243461,7,3,False
TRAFJRQ128F92FCE02,709,342,False
TRAFKQX128F1459C39,161,59,False
TRAFLFI128F1473499,391,234,False
TRAFLIY128F9337972,37,29,False
TRAFLMU128F4274A4D,5,5,False
TRAFLVL128F4281CFE,277,142,False
TRAFMBS128F423B54E,100,34,False
TRAFMGH128C719646F,952,543,True
TRAFMQW128F4240CDE,164,55,False
TRAFMVN128F147CBCE,14447,4815,True
TRAFNJG128F425A375,37,20,False
TRAFPAY128F146B23B,38,23,False
TRAFPRK128F42948CF,225,82,False
TRAFPTW128F934ADED,6,5,False
TRAFQBC12903CF5E44,35,17,False
TRAFQGN128F425FB8B,426,226,False
TRAFQQU128F427AF9B,962,554,True
TRAFQXD128E0793E82,564,259,False
TRAFRZC128F424D80A,342,114,False
TRAFSKQ128F4242F26,10,10,False
TRAFSPE128F4292885,3,3,False
TRAFUBQ128F92EB825,4703,2156,True
TRAFUNV128F92CFEB2,27460,15349,True
TRAFVFJ128F421F568,1,1,False
TRAFVYM128F425849F,1,1,False
TRAFVZM128F932181C,26,10,False
TRAFWBL128F146C6B2,988,603,True
TRAFWEV128F428D391,1316,725,True
TRAFYAV128F42ACA8C,46,23,False
TRAFYBQ128F426FCC9,167,52,False
TRAFYGA128F425A92C,277,113,False
TRAFYHG128F1489B05,69,40,False
TRAFYYU128F4229376,67,29,False
TRAFYZK128F92F3026,3,3,False
TRAFZSW128F92D4773,363,113,False
TRAGABG12903CEC68B,1028,388,True
TRAGAER128F9319F54,697,337,False
TRAGARS128F427216A,26,14,False
TRAGBPI128E0792998,1727,879,True
TRAGCCI128F930AB62,136,63,False
TRAGCSE128F425FE4B,1,1,False
TRAGCTX128F934C303,9,8,False
TRAGCUS12903CABF06,459,130,False
TRAGDGD128F42690FF,86,49,False
TRAGDLM128F4233397,1406,513,True
TRAGDPS128F145F8EE,18,7,False
TRAGDWM12903CE598F,3,3,False
TRAGDYD128EF33FC4B,9,5,False
TRAGELN128F428A6E6,355,240,False
TRAGEOD128F427F94B,2,2,False
TRAGERQ128F429A9BD,42,16,False
TRAGEVS128F145FEAD,525,153,False
TRAGFOI128F428E060,22,6,False
TRAGGHG128F4232C46,66,34,False
TRAGGPQ128F9329477,2,1,False
TRAGGPT128F146376A,24,12,False
TRAGGTA128F936162C,13,11,False
TRAGGYD128F4291010,8,6,False
TRAGHDF128F4291A48,9,5,False
TRAGHDU128F426880A,100,18,False
TRAGIHA12903CA6EBB,9,5,False
TRAGIIH128F92E4B1A,988,448,True
TRAGIJP128F1493444,323,179,False
TRAGIPK128E0798C3B,43,29,False
TRAGIRN128F428F429,655,482,False
TRAGJRX128F92E6356,3,2,False
TRAGKQO12903CD8E76,75,47,False
TRAGKUI128F92F4698,5,4,False
TRAGLEW128F4234AE0,1,1,False
TRAGLJW128F426465A,81,28,False
TRAGMDC128F429EFC7,4,3,False
TRAGMEN128F933478F,218,96,False
TRAGMVF128F147E68D,4811,1676,True
TRAGNMT128F427E642,27,6,False
TRAGNNA128F42743B8,406,105,False
TRAGOBU128F92E24DD,2937,1862,True
TRAGODU128F427ED3F,167,49,False
TRAGOGR128F424C8D7,25,11,False
TRAGOJN128F9319DF7,15,4,False
TRAGOUM128F4286CDE,2868,783,True
TRAGPAF128EF34542A,40,23,False
TRAGPJO128F933B0EF,992,471,True
TRAGPUX128F423EBD6,44,20,False
TRAGQGF128F149B0E4,429,164,False
TRAGQLG128F9351109,240,154,False
TRAGRAZ128F4219FB4,105,27,False
TRAGRFV128F92F3169,7,5,False
TRAGRSO128F4293E95,858,361,True
TRAGSGF128E0780CA7,10375,5391,True
TRAGUTJ12903CD32ED,52,26,False
TRAGUZV12903CD7DEE,2,1,False
TRAGVAO128F4289B5D,80,38,False
TRAGVVR12903CFF5D4,4,3,False
TRAGVXF128F42AE6DD,277,120,False
TRAGWMV128F426F6B9,28,10,False
TRAGWUX12903CEEF08,103,77,False
TRAGXLP128F421CE55,623,266,False
TRAGYJM128EF3466D2,53,35,False
TRAGZMX128F14AE259,22,5,False
TRAHASG12903CDA65B,6,3,False
TRAHBGZ128F42675F4,6,5,False
TRAHBLD128F93040A6,36,24,False
TRAHBWV128F422AD8B,49,30,False
TRAHCDM128F148D60C,23872,4237,True
TRAHCIK128F935F79B,10,1,False
TRAHCKW128F930104C,417,180,False
TRAHCST128F930C068,2,2,False
TRAHCUP128F9352ED1,65,28,False
TRAHCWE128F14ACD23,21,15,False
TRAHCWW128F92C7E9E,278,146,False
TRAHCYV128E078900B,134,54,False
TRAHDEK128F4280192,240,51,False
TRAHDLV128F932619B,49,32,False
TRAHDVU128F422D939,9,7,False
TRAHEEY128F9335ECD,320,133,False
TRAHEJG128E0786BEE,490,255,False
TRAHEKJ128F92DFBE4,177,72,False
TRAHERZ12903CF81A2,592,287,False
TRAHEWV128F92EEA21,1,1,False
TRAHFIP128F4259341,31,8,False
TRAHFOR128F4284B75,975,656,True
TRAHGQJ128F423A031,294,96,False
TRAHGVD128F92F6272,40,17,False
TRAHGWZ128F429BEE2,191,139,False
TRAHHMN128F426A5A2,20,13,False
TRAHHOY128F425AA9F,1,1,False
TRAHIJE128F4243356,181,53,False
TRAHKEU12903CDA469,33,19,False
TRAHLDG128F92EB4A9,370,167,False
TRAHMLV128F4282571,154,54,False
TRAHMOZ12903CF0D7F,31,14,False
TRAHOBV128F933CE68,16,2,False
TRAHOLR12903CC5A6D,6,4,False
TRAHQJP12903CF4709,1399,507,True
TRAHQQL128F9349801,36,27,False
TRAHTNH12903CAB43D,3,2,False
TRAHUGQ128F92FF08F,143,67,False
TRAHUHJ128F9345F2B,19,10,False
TRAHUOC128F933C095,190,69,False
TRAHUQK128F4257A31,78,38,False
TRAHVGV128F92FC0AE,12,5,False
TRAHVKF128F427E70E,329,75,False
TRAHVTE128E0792462,2056,837,True
TRAHVWB128F9308FB0,1,1,False
TRAHVXA128F427CA60,920,523,True
TRAHVXE128F9339BAD,5328,1650,True
TRAHVYB128F932D5D6,2408,954,True
TRAHWBP12903CAEBFC,7,5,False
TRAHXBP128F92E7528,38,19,False
TRAHXJG128C71969B6,752,389,False
TRAHXKG128F9308EB5,1654,782,True
TRAHYDH128F9325200,6,5,False
TRAHYXX128F9333660,86,25,False
TRAHZAT128EF33EF50,2,2,False
TRAHZRQ128F146FA4B,1,1,False
TRAHZWI12903CDD128,10,7,False
TRAIARU128F148F75B,866,202,True
TRAIAYV128F9313F48,869,233,True
TRAIAYX12903D0CD6A,9,5,False
TRAIBAG12903CC2342,38,25,False
TRAIBAI128F92E4FF8,514,110,False
TRAIBEQ12903CCB48D,5,2,False
TRAIBQG128F425D3A2,78,12,False
TRAICCY128F92D9396,63,24,False
TRAICJY128F92C3FF2,9141,2143,True
TRAICTE128F4247942,19,13,False
TRAIDEW12903CD3FF1,6,2,False
TRAIDOE128F4274833,7,5,False
TRAIDUU128F145B15D,135,59,False
TRAIDXG128F423ECB7,7,4,False
TRAIEDE128E07890F7,302,193,False
TRAIEII12903CCC2FF,6,6,False
TRAIERR128F425A7EC,67,37,False
TRAIESJ128F4255A5D,252,88,False
TRAIFKE128F92D5D36,163,76,False
TRAIGLE128F9309645,77,35,False
TRAIGSC128F933BBD7,79,35,False
TRAIGVK12903D051C3,2564,1002,True
TRAIGZT128E0781B05,213,187,False
TRAIHKU128F93128F5,444,91,False
TRAIHTX128F42A01A5,479,189,False
TRAIIEV128F934712A,169,90,False
TRAIILM128F42B907E,88,54,False
TRAIILT12903CE0528,31,14,False
TRAIISE128F42AE299,125,27,False
TRAIJCD128F14682AB,47,31,False
TRAIJMG12903D08168,55,42,False
TRAIJOA12903CFA1C6,78,49,False
TRAIKBB128F428AD73,9,5,False
TRAILOB128F92DE2D9,478,186,False
TRAILSD12903CB5890,1,1,False
TRAINQO128F92EB88D,2805,577,True
TRAINSA12903D0CEB9,54,11,False
TRAINSO128F428B740,32,15,False
TRAIOAL128F933ACF5,22,4,False
TRAIOSW12903CCE5FE,120,62,False
TRAIOZA128F426FE7A,59,23,False
TRAIPEL128F931C2D1,3387,1395,True
TRAIPHQ128F1476A28,470,223,False
TRAIRKM128F4262ED5,879,415,True
TRAIRMN12903CBE0B0,1408,631,True
TRAIRUB128F425F17D,53,18,False
TRAIRVL12903CFFE57,540,254,False
TRAISQE12903CC45D2,49,20,False
TRAITLJ12903CB5DC5,25,11,False
TRAITZY128E0781532,231,43,False
TRAIUCP12903CE7F87,34,19,False
TRAIUFX128F92FFE7C,2,2,False
TRAIUHY128F42220B0,216,52,False
TRAIUPS128F92F2825,695,243,False
TRAIUSY12903CF0C92,334,162,False
TRAIUYU128F935F0B7,12,9,False
TRAIUYZ128F425BD2F,146,76,False
TRAIVFK128F932C825,63,30,False
TRAIVMJ12903CE8273,870,327,True
TRAIVQZ128F9352267,11,4,False
TRAIWFV12903CE6C32,171,47,False
TRAIWPH128F92EE624,12,2,False
TRAIXXC128F1466EC9,1687,664,True
TRAIYCS128E078FB91,857,381,True
TRAIYIK128F14A6C86,7,7,False
TRAIZPB128F14A5A90,290,115,False
TRAIZQI128F42A51F9,832,451,False
TRAJBUK128F9346B7C,1295,485,True
TRAJCRH128F92D46BD,93,63,False
TRAJDAG128F145ACFB,491,201,False
TRAJDAV128F92C39AF,10,3,False
TRAJDWR128F14872FA,77,12,False
TRAJEDW12903CA8E70,97,56,False
TRAJEQC12903CEBFAF,95,30,False
TRAJFYK128F42579B0,147,75,False
TRAJGEP12903CAFC1F,1026,283,True
TRAJGQM128E0782823,563,271,False
TRAJGRW12903CF3F03,113,74,False
TRAJGXR128F9302DEC,124,47,False
TRAJHHJ128F4279625,169,62,False
TRAJHKB12903CEDF76,1,1,False
TRAJHSD128F4284B09,5,3,False
TRAJHTL12903CC25E8,32,21,False
TRAJIBZ128F1461F2F,8019,2877,True
TRAJIEO128F427F0C4,5,1,False
TRAJIKW12903CC44F0,43,23,False
TRAJINF12903CF45D0,11,8,False
TRAJJEN128F4247F1E,28,9,False
TRAJJWZ128E0789D5D,30,16,False
TRAJLXW128EF34DA86,22,10,False
TRAJMBU128F149332A,58,23,False
TRAJMGT12903CE439E,152,89,False
TRAJMQL12903D03875,443,178,False
TRAJNSR128F1499146,261,58,False
TRAJOTJ128F428CEF5,22,9,False
TRAJOUV128F14572AE,8,7,False
TRAJPUZ128F9322F47,59,34,False
TRAJQOC128F14716C8,1972,587,True
TRAJRLN128F423571A,186,105,False
TRAJRTN128C7196AE7,142,105,False
TRAJSLD128E0792188,754,326,False
TRAJSQT128EF34334B,509,188,False
TRAJSSZ128E078619C,80,42,False
TRAJSUU128F1492472,123,73,False
TRAJTHT12903CE6383,3,2,False
TRAJTTP128F1460495,1181,296,True
TRAJUCB128F92DF845,130,56,False
TRAJUTX12903CCC34E,106,29,False
TRAJWBD128F9331A0C,36,8,False
TRAJWPS128F9319E3A,571,272,False
TRAJWZX128EF3563B5,11,5,False
TRAJXKC128F933E29A,972,312,True
TRAJYFY128F92EC3E7,20,9,False
TRAJZGA128F4258D3D,5,4,False
TRAJZWM128F4262BBD,2,2,False
TRAKALC128F932BEB5,973,390,True
TRAKARY128F427253E,3,3,False
TRAKBDA128E0781683,2519,934,True
TRAKCER128F932BE98,3,2,False
TRAKCYN12903CBB8A3,7099,2555,True
TRAKDJE128F934C62B,106,41,False
TRAKDKK128E07864C4,200,105,False
TRAKDPN128F930B078,23,1,False
TRAKELV128F92E08BF,191,79,False
TRAKENJ128F1481004,53,28,False
TRAKEVX128F4246BF3,13,5,False
TRAKFSV128F4257C10,57,32,False
TRAKGOH128F1462841,1,1,False
TRAKGSR128F42BAEB9,1233,394,True
TRAKHXW128F933AD18,804,248,False
TRAKIQQ12903CA7434,4,4,False
TRAKISN128E07819A1,318,124,False
TRAKIVZ128F4288290,48,25,False
TRAKJBX12903CA6D1E,6,4,False
TRAKJSW128F934F599,6,4,False
TRAKKAL12903CB0F12,80,37,False
TRAKKCD128F935A563,9,6,False
TRAKKTI128F42B4F25,682,302,False
TRAKKVD128F14A895B,4491,2179,True
TRAKKZM128F427CFD5,115,53,False
TRAKLHO128F9359E2B,34,14,False
TRAKLUK128F1491227,10,9,False
TRAKMHT128E0788B0C,108,46,False
TRAKMYS128F92C405E,27,10,False
TRAKNHG128F145C7B5,242,89,False
TRAKOJO128F932C467,9,8,False
TRAKOUW12903CD9C62,45,13,False
TRAKPEO12903CF37D1,21,10,False
TRAKQIH128EF343180,1060,390,True
TRAKQPN128F428267D,15,9,False
TRAKQXJ128F147A028,2845,1112,True
TRAKQXX128F9337BDC,72,14,False
TRAKRNP12903CBE4F5,18,7,False
TRAKSNI128F9333B96,2,2,False
TRAKSTS128F427C9D9,249,117,False
TRAKSYI128EF349B16,3594,982,True
TRAKTYB128F422D852,132,45,False
TRAKUJS128F14668E5,143,104,False
TRAKVMF128F93349DE,60,23,False
TRAKVSD128E0789059,299,227,False
TRAKWIW12903CC02BB,7,4,False
TRAKWPV12903CCDFE5,2,2,False
TRAKWUV128F42699BD,781,275,False
TRAKXEJ128F92E1FD6,3024,992,True
TRAKXFY12903CA77F0,23,11,False
TRAKXLV128F9336EF6,46,27,False
TRAKXMS12903CB36F2,4227,1465,True
TRAKYOE128F930C174,410,103,False
TRAKZML128F423B169,819,386,False
TRAKZNF128F4276ED7,109,66,False
TRALASU128E07899DB,4268,1287,True
TRALAZG128F93170BF,157,94,False
TRALAZN128F1476BD8,161,40,False
TRALBKD128F92F456D,217,116,False
TRALBUL128F92C293F,14,6,False
TRALCCC128E07964FB,560,207,False
TRALCIS128E07818F5,13,11,False
TRALDDK128F9300AC5,2157,654,True
TRALDGD128F932DC4B,91,30,False
TRALERK12903CDCAFD,259,92,False
TRALFUX128F9359EAB,52,22,False
TRALGID128F149F0DD,53,28,False
TRALHJX128F92FEDE3,82,18,False
TRALHYB12903CCA131,123,33,False
TRALIOV128F92C50C4,1,1,False
TRALJXT128F933DEA4,150,77,False
TRALKYK128F93012EC,181,49,False
TRALLRU12903CEED47,10,7,False
TRALMCI12903CBFB46,55,29,False
TRALMPX128F931C411,5,4,False
TRALNJR128F145AC96,2013,1008,True
TRALNLN128E079181E,950,584,True
TRALQGZ128F146F500,1161,541,True
TRALQZK128F429802D,1011,561,True
TRALSVY128E0783FA1,1260,578,True
TRALTBO128F1461DC1,327,150,False
TRALTGS128F92E41BE,28,9,False
TRALVXD128F1495205,75,41,False
TRALWBG128F427D1F5,166,56,False
TRALWMR128F9339BA3,986,324,True
TRALXGM128F92C7D26,8,5,False
TRALXJR128F42397EB,84,56,False
TRALXLY128F148B35B,4470,1413,True
TRALYEW128F146A755,100,69,False
TRALYLK128F426E92A,39,19,False
TRALYPD128F42AAE84,31,17,False
TRALZGC128F1453545,103,52,False
TRALZGV128EF351924,204,117,False
TRALZZC128F4229F09,36,29,False
TRAMAKB128F934B2D5,261,82,False
TRAMAZP128F93162A6,5,1,False
TRAMBLO128F4287D24,36,29,False
TRAMCCL128F9306A27,372,127,False
TRAMCDV128F423386E,35,21,False
TRAMCGL128F92F3D87,6321,1765,True
TRAMCZN128F146C762,46,23,False
TRAMDAK128E0791DEC,8441,2519,True
TRAMDQE128F1458F98,146,70,False
TRAMDRZ128F423B2CF,721,246,False
TRAMEAM128EF3507B1,44,12,False
TRAMFCS12903CF3D13,38,7,False
TRAMFJR128F92C1DB1,3234,1013,True
TRAMGPM128F9311196,7485,2840,True
TRAMGZO12903CE3963,305,162,False
TRAMHLO12903CF8B06,8,2,False
TRAMICL128F92CFDDB,4,3,False
TRAMIHQ128F4262218,2019,742,True
TRAMIYX128F427717E,47,13,False
TRAMKQA128F1492C3A,200,81,False
TRAMLNC128F42519D4,5,4,False
TRAMLQM128E079234C,303,188,False
TRAMMAF128F93051B0,543,217,False
TRAMMEJ12903D0A516,29,11,False
TRAMMMO128F42B72E2,81,29,False
TRAMMXU128F92F303B,44,32,False
TRAMNCT128F932EE38,8,6,False
TRAMNQW12903CAF432,4,2,False
TRAMOLS128F92F99E3,2,2,False
TRAMOZC128F1499984,59,21,False
TRAMPCH128F931B12D,173,41,False
TRAMPCW128F92CC022,1333,368,True
TRAMPQY128F9304A18,3094,880,True
TRAMPSM128F42442EC,1544,623,True
TRAMPTT12903CBE0AB,1740,688,True
TRAMPUY12903CA4C8C,12,10,False
TRAMPWN128F934C221,291,135,False
TRAMQLJ12903CB11F3,68,19,False
TRAMQXC128F14A2378,5325,1488,True
TRAMRFE128F4267DF3,183,106,False
TRAMRKB128E0788DFD,2225,1006,True
TRAMSKF128F42377E3,150,64,False
TRAMSLE12903CD434D,4,4,False
TRAMTCW128F934612F,45,18,False
TRAMTMJ128E0782829,2639,1260,True
TRAMTSY12903CFF240,505,187,False
TRAMTYX128F42985D0,1922,567,True
TRAMUCQ128F4254CA3,3,3,False
TRAMUQE128F1482615,189,142,False
TRAMVLE128F423ECD5,274,67,False
TRAMXSO128F9306258,1992,575,True
TRANBSV128E079235A,1057,238,True
TRANBXO128F1495C7D,108,19,False
TRANCID128F934BFF9,7,7,False
TRANCNI128F92E736E,25,14,False
TRANCOS128F4267DFB,410,179,False
TRANCWY128F4228131,11,6,False
TRANDDD128F92FA06E,31,20,False
TRANDQY128F4271F79,11,4,False
TRANDRK128F427B7AE,10,8,False
TRANEHA128F422F03E,1364,507,True
TRANEMQ128F42A10A8,26,19,False
TRANEZZ128F92FFC06,3832,2552,True
TRANFDW12903CD9D19,18,14,False
TRANFNK12903CFEC23,58,10,False
TRANFWS128F92FE832,2557,1364,True
TRANHIE128F4228939,60,42,False
TRANHIR128F9323741,84,39,False
TRANHRS128F92CEEC6,163,60,False
TRANIMY128F9332B15,214,113,False
TRANIUS12903D00EC7,16,10,False
TRANJUO128F93254AE,622,149,False
TRANKMQ128F427DB3A,3,2,False
TRANKUK128F145583F,1021,467,True
TRANLAO128F149F078,27,4,False
TRANLXD128F146AA97,27,20,False
TRANMKF128E07995A8,735,407,False
TRANPGG128F92FE4C6,140,73,False
TRANPQR128F932C2DF,1078,497,True
TRANPWV128F9341281,72,36,False
TRANQIW128F4255EB5,98,28,False
TRANQLL128F92F5263,1110,441,True
TRANRAH128F426F40C,160,68,False
TRANRUZ128F934BBE7,944,329,True
TRANRWM128F42873F9,1092,346,True
TRANRXJ128F148B424,20,9,False
TRANSBO128F92C4068,51,33,False
TRANSIY128F92FA052,1411,560,True
TRANSMQ128F428EE48,33,17,False
TRANTFM12903CA834C,1205,426,True
TRANTGT128F931F015,11,7,False
TRANTMH128F42154AC,22,10,False
TRANWCQ128F4259F8E,83,39,False
TRANWNO128F425A572,15,7,False
TRANXBO128F428CB28,20,14,False
TRANXKA12903CE707B,180,105,False
TRANZHY128F4292209,23,11,False
TRANZJM12903CE7218,2,2,False
TRAOALO128F427CB1D,6735,1606,True
TRAOBUS12903CB5589,60,18,False
TRAOCJT128F426905C,76,33,False
TRAODAO12903CB24B8,2,2,False
TRAOEDA128F930C4DD,55,24,False
TRAOEYW128E0792A0C,17,11,False
TRAOGCM128E078FD87,3,2,False
TRAOGDO128F42B9A6F,1693,838,True
TRAOGNA128F42633C9,2,1,False
TRAOHCA128F92D31EC,1146,633,True
TRAOHDH128EF342434,1226,467,True
TRAOHNR128F428CD58,961,544,True
TRAOIAH128F92F707B,52472,9389,True
TRAOIEG128F92EFA51,533,380,False
TRAOINP128F92F0217,3,2,False
TRAOIWA128F9314657,764,291,False
TRAOKGH12903CAAC80,20,7,False
TRAOLDX128F930AF7D,12,6,False
TRAOMOE128F42696DA,33,15,False
TRAOMXJ128F42870A4,115,58,False
TRAONDT128F425F09F,66,33,False
TRAONEQ128F930C2E6,625,395,False
TRAONPF128F42480A7,856,109,True
TRAOPAF128F146C883,1712,510,True
TRAOPEI128F428DCC9,10,5,False
TRAOPEU128F426AD51,131,55,False
TRAOQAE128F149B87E,20,10,False
TRAOQHK128F14525CC,376,153,False
TRAORCM128F93068D0,3,3,False
TRAORSO128F92C428B,534,268,False
TRAORZU12903CBE915,287,112,False
TRAOSIC128F423E665,18,8,False
TRAOSOR128F93297A2,14,8,False
TRAOSWN128F4294EE1,12,1,False
TRAOTFX128EF35EB7D,16,5,False
TRAOUBO128F429E9B6,292,196,False
TRAOUYO128F92EB2D0,248,173,False
TRAOVCX128F932CDB8,17,3,False
TRAOVQP128F92CD137,868,222,True
TRAOVUJ128EF33EF0A,17,4,False
TRAOVXI128F1463CBE,328,101,False
TRAOWVX12903CA6EB9,63,9,False
TRAOXKT128F931D181,83,36,False
TRAOXWU128F4274EDD,405,148,False
TRAOZOW128F9341F45,279,81,False
TRAOZUJ128F933CF0E,147,77,False
TRAOZUT128F92F12EE,12,8,False
TRAPAAK12903CAE560,6,6,False
TRAPAEH128F42B9ECE,1,1,False
TRAPAZE128F4233355,486,175,False
TRAPBRP128E0785DF2,253,112,False
TRAPBVJ128F422F21A,8,3,False
TRAPCHT128F4239830,445,197,False
TRAPCNK128F427D7B5,1867,1165,True
TRAPDDF128F42B7D68,60,14,False
TRAPDOI128F9327982,9,9,False
TRAPEBY128F934AF2E,67,20,False
TRAPEFC128F427AB27,7171,2783,True
TRAPEPG128F932929D,58,28,False
TRAPEUG12903CBD47B,23,11,False
TRAPGKY128F42972A9,1144,474,True
TRAPHDI128F92F5EA1,363,118,False
TRAPHPQ12903CF2196,217,95,False
TRAPIRC12903CC50A6,65,38,False
TRAPISF128F42383AE,715,294,False
TRAPJEB12903CC8818,10,5,False
TRAPJOJ12903CCC3AF,12,9,False
TRAPLPF128F4289D9B,2,1,False
TRAPLSD128E0781A94,820,453,False
TRAPMBD128F92D237A,4,3,False
TRAPMLU128F92DCE25,383,181,False
TRAPNIN128F92D825E,31,23,False
TRAPNSZ128F422B9BB,1416,522,True
TRAPNYN128F4247799,2174,378,True
TRAPODF128F92F4FA8,605,378,False
TRAPONQ128F422C108,14,13,False
TRAPOZD128F93075F4,450,149,False
TRAPQTA128F426CCC9,280,104,False
TRAPQUD128F425407A,82,27,False
TRAPQZM128F9334CF8,14,12,False
TRAPQZW128F92EF963,76,30,False
TRAPREX128F145DAD0,23,12,False
TRAPSCM128F42B79A7,48,21,False
TRAPSJN128F422AF18,332,166,False
TRAPSSB128F93358F0,5,4,False
TRAPTKY128F4273499,5,1,False
TRAPTSZ128F4227DD5,1,1,False
TRAPVDC128F422C711,37,14,False
TRAPVFP128F930C5DA,66,33,False
TRAPVMC128F92C5412,16,9,False
TRAPVOZ128F92F70AF,19,11,False
TRAPVPH128F423EE44,107,54,False
TRAPVWC128EF34B6B4,44,24,False
TRAPXBE128F93008A3,97,38,False
TRAPYRX128F427F248,636,201,False
TRAPYUO128F4278121,26,8,False
TRAPYVH128F428CFD7,26,16,False
TRAPZOB12903CD4310,250,141,False
TRAPZYQ128F42926B3,495,338,False
TRAQBNL128F4254D13,29,17,False
TRAQBUB128F4256583,11,7,False
TRAQCIV12903CB89D3,213,94,False
TRAQCKA128F931EE9F,2,2,False
TRAQEKD128F425293D,385,112,False
TRAQELH128E07824FA,422,206,False
TRAQERB128F4291A8D,60,26,False
TRAQETU128F92FF0F1,126,89,False
TRAQEUQ128F425282E,8,3,False
TRAQFDV128F92C4560,2628,988,True
TRAQFGB128F92F9AD1,59,10,False
TRAQGBW128F14792EB,54,24,False
TRAQGFP128E078FAB6,182,83,False
TRAQGUE128F9333C41,12,8,False
TRAQGWM12903CE5E67,7,5,False
TRAQGWU128F93275F9,35,15,False
TRAQHIY128F92EF28B,1,1,False
TRAQHNX128E07822A7,2798,1104,True
TRAQHOI128F4233163,209,124,False
TRAQIIS128F429D580,1232,436,True
TRAQILD128F933C1FB,29,18,False
TRAQJBB128F4239815,233,125,False
TRAQJTV128F9336E79,252,90,False
TRAQJVG12903CE930E,12,12,False
TRAQKQP12903CE5C5E,18,9,False
TRAQKZO128F92E1FDF,2798,859,True
TRAQMOW128F14922DF,250,81,False
TRAQNUS128F14698ED,103,64,False
TRAQOLU128F92DE01E,503,294,False
TRAQOXO128F42636BD,2,1,False
TRAQPGJ128F931799B,193,97,False
TRAQPGL128F428E263,76,50,False
TRAQPII12903CBAEAD,6,6,False
TRAQPKX128F428146D,50,26,False
TRAQPVL128F9326F47,1,1,False
TRAQPZF128F9345A8F,445,242,False
TRAQQDK128F42865B6,2846,744,True
TRAQQNS12903CDBCEF,4,4,False
TRAQRXG128F426BDF0,21,8,False
TRAQRZL128F93283FB,969,425,True
TRAQTDW12903CF249C,201,123,False
TRAQTXL12903CF41BB,57,31,False
TRAQUZG128F92CEFED,5642,1700,True
TRAQUZT128F426A255,22,13,False
TRAQVTO128F14696A6,5193,2232,True
TRAQWBK12903CD7EDB,38,19,False
TRAQWCT12903CDCF17,58,15,False
TRAQXUJ128EF35163B,298,154,False
TRAQXVG12903CACB99,13,8,False
TRAQYPC12903CDEC02,174,77,False
TRAQZFG128E07813A4,180,87,False
TRAQZWO128F422AB4D,108,50,False
TRARANE12903CD8646,61,20,False
TRARBAA128F4252CE2,9,8,False
TRARCSJ12903CA71D8,223,101,False
TRARDGW128F92FE0E1,123,56,False
TRARDOK128F9300AB5,240,97,False
TRARDUF128F423EF31,336,157,False
TRAREKC12903CC9123,52,19,False
TRARFAZ128F93481AD,26,16,False
TRARFKP12903CF5DF1,23,14,False
TRARGCC128F423B449,9,3,False
TRARGEN128F42888A4,13,9,False
TRARHDT12903CFF243,369,141,False
TRARHVS128F93129F3,1343,635,True
TRARIKG128F429A6BE,267,113,False
TRARIRG128F147FC96,540,332,False
TRARJZN128F92E5043,131,34,False
TRARKEF128F42634F6,167,58,False
TRARKGW128F92EB8F9,421,189,False
TRARKLX128F934C646,62,15,False
TRARLMK12903CDF354,143,71,False
TRARLZW128F429E9AB,1679,638,True
TRARMHA128F92E7D32,5511,2439,True
TRARMZP128F428630B,2233,1749,True
TRARNGD128F145267E,119,79,False
TRARNSN12903CCC422,49,33,False
TRAROCA128F14638C9,130,49,False
TRAROCE128F9303308,112,44,False
TRARODV128F1460DBC,426,163,False
TRAROPL12903CD6D04,262,187,False
TRAROZT128F9346C74,91,15,False
TRARPWX128F92CD69C,125,42,False
TRARQIJ128F424DD68,10,6,False
TRARQPG128F427BBE5,846,373,True
TRARQQT128F92D592F,119,62,False
TRARRMN12903CC5066,221,159,False
TRARRTI128F93112F1,8981,1916,True
TRARRWQ12903CF4707,1020,451,True
TRARSAM128F4256E04,9,4,False
TRARSJD128F932BAF8,47,11,False
TRARTEH128F423DBC1,17822,7765,True
TRARTFE12903CB744E,13,6,False
TRARTPH128E0789C05,5546,1977,True
TRARTUD12903CDF2DB,5,3,False
TRARUFV128F4271ED5,909,403,True
TRARUGW128F92FEBE0,243,103,False
TRARUJQ128F9329C24,497,105,False
TRARUOP12903CF2384,444,293,False
TRARUWS128F4246A79,113,38,False
TRARVHF128F9341E7D,1,1,False
TRARVQC12903CD43B5,542,307,False
TRARVWA128E0782562,4128,1268,True
TRARWBK128F1486DF1,3419,2293,True
TRARWWI128F149F0BC,328,56,False
TRARXBU128F14AE77D,341,149,False
TRARYTX128F145F6AA,810,326,False
TRARYVA128F429695B,8,4,False
TRARYVR128F9314FC6,6772,2790,True
TRARZAU128F92F978E,3,3,False
TRARZSR128F4248432,2,1,False
TRASAHB128E0798844,663,257,False
TRASAIH128F931F567,661,291,False
TRASBJU128F9324EFA,1375,441,True
TRASBRY128E0793FB0,30,20,False
TRASBSO128F1465A78,920,577,True
TRASBZK128F42692CA,5,4,False
TRASDHB128F425087F,40,12,False
TRASDOE128F429C4FA,50,44,False
TRASDYX128F92E7435,3,3,False
TRASFQG128F92F88D7,23,13,False
TRASGBR128F931206B,751,242,False
TRASHSN12903CA9E34,2,1,False
TRASIGK128F1467DBF,3,3,False
TRASIPA12903D01A11,26,23,False
TRASIZM12903CD7ECA,1605,543,True
TRASJTL12903CCD30C,9202,4191,True
TRASKBZ128F92F44D6,68,24,False
TRASKOA128F4263764,110,90,False
TRASKTR12903CC0857,7,5,False
TRASLEI128F426BBE4,32,21,False
TRASLHI128EF343C84,297,164,False
TRASMRF128F42876E2,256,79,False
TRASMZT128F427F46A,575,213,False
TRASNOT128E0791785,230,80,False
TRASNUX128F425EAF2,3399,853,True
TRASOQC12903CFFED7,7,4,False
TRASQBA128F427B273,1197,430,True
TRASQLJ128F4288DD0,2,2,False
TRASQVY128F42B8627,806,324,False
TRASRET128E07993CE,132,61,False
TRASRUM128F92EB233,316,76,False
TRASSJE128F427927A,598,266,False
TRASSPU128F9358C09,63,26,False
TRASUJG128F92D6316,13794,5823,True
TRASULK12903D073D4,54,9,False
TRASVCC128F932CDCE,14,4,False
TRASVEM128E0796553,3866,1806,True
TRASVVY12903CB9FEA,491,249,False
TRASVZE12903D0BA5E,10,2,False
TRASVZZ128EF35EB69,20,9,False
TRASWFP128E0789E6C,128,37,False
TRASXCL128F92F8E35,8,4,False
TRASXGL12903D0DC02,11,4,False
TRASZCF128F4260947,2,1,False
TRASZQB12903CAAE1B,68,40,False
TRATATB128F427C7F2,1080,433,True
TRATAZS12903CB8D7F,99,60,False
TRATBJM128F428652C,242,75,False
TRATBUH128EF34066F,495,315,False
TRATBVA128F9312ACC,883,364,True
TRATCGU128F931D65C,707,175,False
TRATCHP128F427211D,8,4,False
TRATCRO128F9342D32,70,36,False
TRATFDV128F428B0F3,32,15,False
TRATFPK128F933E294,159,65,False
TRATGDS128F426A2E8,98,37,False
TRATGKC128F426CA44,499,246,False
TRATGLN128F14A23DB,977,451,True
TRATGQO128F421B850,214,69,False
TRATGRG128F145310B,2,2,False
TRATGZC12903CF4223,8,3,False
TRATGZX128F932ADA6,10,8,False
TRATHDK128F424816B,149,57,False
TRATHTH128F42BC347,12494,6091,True
TRATIKK128F429ADF5,257,113,False
TRATIVO128F148B651,539,190,False
TRATIZR128E0781904,405,114,False
TRATKBW128F93252F1,134,41,False
TRATKKD128F426B7BE,697,237,False
TRATKXD128F42A0C4A,156,114,False
TRATKYH128F9312495,352,256,False
TRATLUH128F425A4F4,14,9,False
TRATMIZ128F428E152,15,9,False
TRATNAN12903CB0EFC,96,54,False
TRATNBX128F92D73A2,80,38,False
TRATNLD128F4271387,7,3,False
TRATNRW128E0781605,83,34,False
TRATOXR128E0781E36,722,402,False
TRATOZJ12903CA79F2,18,12,False
TRATPUX128F4262110,81,33,False
TRATQJE12903D0143B,6,2,False
TRATRDR128F4265AB7,1,1,False
TRATRMF12903CE925A,12,11,False
TRATSMF128F92ED742,300,167,False
TRATSMR128E07984F1,9,4,False
TRATSPU128F93094B0,121,88,False
TRATTGW128F427A82D,4746,3092,True
TRATTMO12903CE0459,49,30,False
TRATUBL128F9350C00,1216,456,True
TRATUEL128F4269AA6,2,2,False
TRATULA128F934259A,557,212,False
TRATUPO128F9305A5C,322,102,False
TRATWYC12903CE60D6,195,88,False
TRATXCW128F92E0576,16,6,False
TRATXMR128F92E108B,106,45,False
TRATXSW128F4243364,13,12,False
TRATZLJ128E0781154,458,289,False
TRATZTJ12903CE7F25,22,19,False
TRAUAQD128F424500F,3834,1037,True
TRAUCBH128F4275052,39,10,False
TRAUCNU128F42671EB,2044,758,True
TRAUCTZ128F92CD990,814,337,False
TRAUDHX128F930826E,351,202,False
TRAUEYX12903CEAF48,492,321,False
TRAUFEH12903CF4243,31,10,False
TRAUFHP128F933E28F,302,144,False
TRAUFMS128F92CC985,548,274,False
TRAUGHI128F92E5041,2666,844,True
TRAUGTI128F9318717,336,176,False
TRAUHMB128F92DDCCA,3623,442,True
TRAUIRJ128F1463586,85,28,False
TRAUIRQ128F9310F23,26,5,False
TRAUJHY128F425B3C0,3212,1097,True
TRAUJPR128F92CA3AF,73,28,False
TRAUJTZ12903CF7BB4,906,470,True
TRAUJZG12903CD43B4,254,120,False
TRAUKAH128F1485EAC,52,26,False
TRAULEG128F92F035B,25,15,False
TRAULPI128F42624F2,23,19,False
TRAULXY128F1452F8E,566,222,False
TRAUMIT128F424DA18,1329,612,True
TRAUMWT128F427B844,16,8,False
TRAUNEL128F1467D5C,399,249,False
TRAUNND12903CD03BC,484,144,False
TRAUONA128F4255A38,4100,1757,True
TRAUPGG128F933087B,15,9,False
TRAUQUN128F146978F,1112,676,True
TRAURHK12903CA60F8,835,369,False
TRAURNN128F92EF1C8,112,64,False
TRAURZS12903CEB55A,307,142,False
TRAUSFQ128F932AC6C,88,35,False
TRAUSWP128F4260CA5,490,122,False
TRAUTBP128F14542E9,918,384,True
TRAUTUI128F4290E7F,308,137,False
TRAUTUL128F1476D92,11,9,False
TRAUTZT128F145BF38,2,2,False
TRAUUUQ128F92E330B,297,150,False
TRAUVJE128F14A94ED,394,249,False
TRAUVPY12903CEA6E9,106,45,False
TRAUVRN128E07838DF,1601,362,True
TRAUVSF128F14A0B6F,1166,502,True
TRAUVUF128F148D1AA,3097,1201,True
TRAUWQL128F424696E,104,35,False
TRAUWUX128F92FE41C,11267,3589,True
TRAUWXY128F146C6B3,974,553,True
TRAUXJB128F92C7E9B,155,89,False
TRAUXSO128F42B863C,73,36,False
TRAUYOD128F42647FE,89,24,False
TRAUZFY128F42BCE57,424,98,False
TRAVACD128F1462AF3,3,1,False
TRAVAHN128F4274A12,25,4,False
TRAVANC128F92EB21F,250,64,False
TRAVBMS128F1458D8C,45,19,False
TRAVCKC128F9350F37,313,104,False
TRAVDOK128F424EA5E,13908,4244,True
TRAVDSO128F1475D2E,21,16,False
TRAVDWY128F92FCF6A,244,90,False
TRAVELY128F42606F8,1,1,False
TRAVFEA128E07864CC,147,82,False
TRAVFGY128F424D10D,20,14,False
TRAVFJV128F92D2043,260,75,False
TRAVGAF128F4271A55,233,87,False
TRAVGFJ128F429DFED,1116,466,True
TRAVGLK12903CB707A,299,129,False
TRAVGNH128F428CBA9,65,27,False
TRAVHEP128F934B52A,78,50,False
TRAVHKQ128F92CD6B3,38,15,False
TRAVHPV128F933E986,90,21,False
TRAVIBR128E078A453,350,195,False
TRAVIQK12903CF00AA,315,200,False
TRAVISG128F932B3FB,53,14,False
TRAVJJI12903CC428A,469,119,False
TRAVJVW128F93319B7,163,24,False
TRAVJYW128F92FCFE6,57,26,False
TRAVLLN128F14744C0,1467,522,True
TRAVLOL128F428206C,1,1,False
TRAVLWL128F424EF6A,386,172,False
TRAVMPT128F4246BE4,14,9,False
TRAVMVL128F4271899,171,46,False
TRAVNPA128F428CE45,6,5,False
TRAVNSX12903CB507F,212,82,False
TRAVOQS12903CC5586,5,2,False
TRAVORG128F9302C75,2172,634,True
TRAVOYX128F4293E07,155,46,False
TRAVPIW128EF3456D1,161,89,False
TRAVPPS128F42454D4,51,25,False
TRAVPQQ128F92F998A,21,9,False
TRAVPZE128F146503D,121,68,False
TRAVQLL12903CF225C,6,6,False
TRAVQRX128F92E556A,103,83,False
TRAVRBT128F42464F7,54,16,False
TRAVRDW128F932657D,942,376,True
TRAVRKY128F429EA68,5520,3060,True
TRAVRMA128F9323782,1,1,False
TRAVRXF128F1481E69,938,347,True
TRAVSKD128F932165A,231,96,False
TRAVSNR12903CBBC81,12,4,False
TRAVVBW128F42819B2,1432,996,True
TRAVVQK128F425C378,35,10,False
TRAVVZW12903CCEEE7,2947,1224,True
TRAVWZA128F931F36E,2786,801,True
TRAVYPH128F149B902,506,205,False
TRAVYTY128F4238850,21,10,False
TRAVYVD128F4237876,287,127,False
TRAVZUM128F4267084,132,56,False
TRAVZXD12903C95C42,473,176,False
TRAWAHT128F92FF8A3,76,28,False
TRAWAVJ12903CED73A,2,2,False
TRAWBOB128E0782497,409,198,False
TRAWCCZ128F14A66AB,103,34,False
TRAWCNU12903CB1203,6,2,False
TRAWCQE128F14676AC,2325,922,True
TRAWCTJ128F9324F58,187,119,False
TRAWDFE128F9303292,486,161,False
TRAWEKD128F92C7D3B,276,144,False
TRAWFBM12903C9F412,38,15,False
TRAWFRU128F145954F,15,5,False
TRAWFVE128F42912CA,283,138,False
TRAWGTC128F9310114,149,37,False
TRAWGTV128F932AA23,31,13,False
TRAWHOF128E0788F95,51,8,False
TRAWIMF128F92F1399,91,32,False
TRAWJDS128F4262D92,1077,641,True
TRAWJFJ128F934B65E,212,40,False
TRAWKPT128E0795428,288,93,False
TRAWLKB128F93012EB,200,71,False
TRAWMAR128F147A654,366,124,False
TRAWMDU128F933D2A6,490,149,False
TRAWMXG128F4263481,343,217,False
TRAWNNL128F92F6D75,5,4,False
TRAWOQC128F424BB69,3591,1931,True
TRAWQCL128F42437B5,1393,794,True
TRAWQND12903CE676D,11,5,False
TRAWQNE128F92F3AE0,399,134,False
TRAWRKT128E0788857,23759,7275,True
TRAWSVP12903CC132D,28,6,False
TRAWSXV128F4273E35,168,58,False
TRAWTDG128F93320BD,16,13,False
TRAWTHB128F1491C02,52,46,False
TRAWTZW128F9318416,238,99,False
TRAWUBG128F9344AE7,30,19,False
TRAWUBR128F9307267,242,37,False
TRAWUWW12903CF8987,8,7,False
TRAWUYG128F92DFDC5,310,135,False
TRAWVRV128F1467FA6,109,32,False
TRAWVTP128F4259414,18,11,False
TRAWVYP128F9305DF2,21624,6624,True
TRAWWLZ128F4281900,1,1,False
TRAWXBP128F14A1431,722,235,False
TRAWZHV128F14ADC8B,20,5,False
TRAWZLG128F4239FE5,93,46,False
TRAWZMV128F4266823,100,61,False
TRAWZYK128F92F88DA,9,7,False
TRAXADB128F93094AD,117,77,False
TRAXAPH128F93407E6,69,45,False
TRAXAWI128F425139F,23,6,False
TRAXBBH128F92F9517,58,32,False
TRAXBGY128F931C277,53,35,False
TRAXBUC128F1469548,159,82,False
TRAXBXZ128F4270009,51,30,False
TRAXCEB128F42747AB,43,5,False
TRAXCSY128F42720AA,145,51,False
TRAXDFV128F93180C0,481,147,False
TRAXDVA128F4251862,2816,747,True
TRAXDZW128F92FEB6C,56,28,False
TRAXEWG12903CB2CC3,6890,2484,True
TRAXEYH12903CC8681,5,2,False
TRAXFEE128F93377D2,1,1,False
TRAXFJU128F149B880,22,11,False
TRAXFOD128F4270001,107,67,False
TRAXFUV128F4275634,5641,3817,True
TRAXFXT128F426A33A,1,1,False
TRAXGGU12903CEA9CC,2156,552,True
TRAXGXF128F4261562,8,6,False
TRAXHFV128F424DBE9,47,28,False
TRAXHGM128F14AD06D,41,17,False
TRAXHWC128EF350B9A,306,180,False
TRAXIKD128F92FC000,176,58,False
TRAXJTE128F42563E1,8,4,False
TRAXJTV128F428BA71,2183,1100,True
TRAXLCM12903CF44D2,278,134,False
TRAXMGO128F422F673,4,2,False
TRAXNIK12903CDB5DE,261,68,False
TRAXOQD12903CDD59D,15,9,False
TRAXOWS12903CF25DD,359,237,False
TRAXPDB128F14A8954,6244,3172,True
TRAXPGI12903D02CE1,308,110,False
TRAXQYP128F930458D,23263,7597,True
TRAXREG128F4281B39,728,408,False
TRAXREN128F934B759,2,2,False
TRAXRJC12903CD142E,75,19,False
TRAXRJR128F931FBCE,88,48,False
TRAXSEW128F4274D5F,9,5,False
TRAXSPD128F930717C,32,20,False
TRAXSZA128F92FFD47,9,6,False
TRAXTMV128F934B234,4,4,False
TRAXTSA128F421C497,6,4,False
TRAXUCF12903CC5853,30,17,False
TRAXUQL128F932D6C4,94,38,False
TRAXWDS12903CEE35E,769,320,False
TRAXXDR128F92FD8D8,87,53,False
TRAXXGA128F931C200,667,320,False
TRAXXIS128F92D8198,58,36,False
TRAXXOL128F92E7529,23,13,False
TRAYADX128EF34E8CC,52,23,False
TRAYAHQ128F425CA07,45,35,False
TRAYANC12903CA43E7,45,28,False
TRAYBOY128F4286250,353,130,False
TRAYCMZ128F14676BF,2802,701,True
TRAYDDV128F4279576,21,12,False
TRAYEDG128F429A6D0,1021,345,True
TRAYEDP128F92D2C34,1,1,False
TRAYELV12903CB3BEA,77,36,False
TRAYFDQ128F145FB6B,1279,504,True
TRAYGBT12903CF5DF0,15,9,False
TRAYGJX128F92CC832,3662,1141,True
TRAYGYO128E0780EB2,85,26,False
TRAYHIT128F9305E25,4,3,False
TRAYHQV128F4266D63,1,1,False
TRAYHZU12903CC80E9,2,2,False
TRAYIUG12903CC7E3C,268,117,False
TRAYJQL128F4214FE4,80,33,False
TRAYJWI128F92E7433,1173,461,True
TRAYKFO128F92F101C,47,21,False
TRAYLRS128F427FE81,161,87,False
TRAYNHM128F14840C2,704,400,False
TRAYNJJ128F934B124,10,6,False
TRAYOGP12903CB78B8,52,28,False
TRAYOQI128F92F0967,293,118,False
TRAYOTI12903CE4F64,10,7,False
TRAYPFH128E07937C3,957,554,True
TRAYQOH12903CD6F2E,186,105,False
TRAYRQA128F42396B8,175,72,False
TRAYRYP128EF356B95,876,426,True
TRAYUCR128F92E574F,68,55,False
TRAYVEL128F149F631,3773,1424,True
TRAYVGW128F1485065,34,18,False
TRAYVKY128F92D7F96,158,66,False
TRAYWSV128F933DF33,41,16,False
TRAYXJZ12903CB2496,16,10,False
TRAYXMP128F428ACCA,2,2,False
TRAYXRX128F147689B,8,8,False
TRAYXYL128F42601A0,508,330,False
TRAYYCA128F422B2A1,11,8,False
TRAYYCS128F1485ABB,29,18,False
TRAYZFO128F148367C,89,65,False
TRAYZMJ12903CE9309,15,4,False
TRAYZTR128F9326BA0,84,41,False
TRAYZWJ128F933672D,137,43,False
TRAYZXS12903CF1C4F,20,7,False
TRAYZZI12903CBBD8F,431,173,False
TRAYZZV128F4270EF9,21,14,False
TRAZAKG12903CF8157,34,12,False
TRAZBBP128E07845D4,24,19,False
TRAZCBQ128F427F940,1450,418,True
TRAZCHK128F92D0500,24,9,False
TRAZCMI128F14557B9,636,297,False
TRAZCRU128F931A3D6,9,6,False
TRAZCWL128F9300E21,119,39,False
TRAZDBE128F14A3578,1,1,False
TRAZDCM12903CDC972,4,3,False
TRAZDID128F92DFE93,26,11,False
TRAZDTL128F92D4A05,500,209,False
TRAZECG128F426471C,30,17,False
TRAZEOK128F429E934,11,10,False
TRAZERQ128F92FD2E1,9,3,False
TRAZFVZ128F148EB93,86,19,False
TRAZGHD128F14541C4,452,155,False
TRAZHUJ128F931750A,8,7,False
TRAZIHK12903CCC449,241,89,False
TRAZIQK12903CCFB3A,2777,1404,True
TRAZKCQ128F145D7BF,15334,4218,True
TRAZKMQ128F92EAE0E,378,164,False
TRAZKTZ128F9329824,1991,634,True
TRAZLKJ12903CDBA79,9,5,False
TRAZLOG12903CF1086,83,59,False
TRAZLZM12903CFB584,5,4,False
TRAZMKM128F9331D63,2398,1257,True
TRAZMVK128F4235AF8,4,4,False
TRAZNJG128F42326A4,239,89,False
TRAZOBD128F93231ED,378,209,False
TRAZOCM128F4270F94,457,115,False
TRAZOEN128F933339A,1817,522,True
TRAZOGQ128F14768A3,3,3,False
TRAZORC128F426C323,4610,3049,True
TRAZOWT128F1489C92,199,112,False
TRAZPVB128F932D167,27,17,False
TRAZQJI128F147B4BB,221,63,False
TRAZQLH12903D1403E,480,271,False
TRAZQQV128F428BAB5,10,2,False
TRAZRER128F92F53BC,479,175,False
TRAZRRR128F92EC8F8,104,33,False
TRAZRUW128F4269ECF,32,11,False
TRAZSGB128F42359DA,619,292,False
TRAZTIW12903CBB895,3646,1894,True
TRAZTUE128F428A3A1,87,37,False
TRAZUFL128F92F992B,47,21,False
TRAZWFP128F425C6D0,81,38,False
TRAZWQY128F92F7F1C,206,102,False
TRAZXIO128F4253C20,7,3,False
TRAZYRO12903CA5029,229,108,False
TRAZYSO128F9300356,16,15,False
TRAZZEE128F92E1A83,62,30,False
TRBAAXR128F14A0B77,538,292,False
TRBAAXS128F4265E00,113,53,False
TRBABBT128F9327213,218,36,False
TRBABGU128F93391B2,40,14,False
TRBABOZ128F4226F39,77,36,False
TRBABRK128E078FC14,65,17,False
TRBACKL128F426A971,42,33,False
TRBACLG12903D10337,16,11,False
TRBACZE128E078D3C9,909,390,True
TRBADGD128F427D654,49,30,False
TRBADQP12903CB8C53,195,52,False
TRBAFMK128F147CC51,1059,316,True
TRBAHBP128F42985D6,473,238,False
TRBAHDK128F42293DF,135,83,False
TRBAHEE128F92EBC71,62,46,False
TRBAHFN128E0794EEE,77,52,False
TRBAHID128E078460C,925,471,True
TRBAHOA128F92EF90B,1844,1158,True
TRBAHWR128F92C7D45,259,153,False
TRBAHXC128E078F1AF,5,5,False
TRBAIDT128F92CC7ED,94,71,False
TRBAINE128F42B8948,705,229,False
TRBAJZA128F425909B,52,19,False
TRBAKDS128F428F9FD,1493,588,True
TRBAKKG12903CE896B,9403,3964,True
TRBALHQ128F427AFC8,24,14,False
TRBALOJ128F93515B2,8,5,False
TRBALUI128F4257B81,60,20,False
TRBAMEV128F148C814,677,242,False
TRBANHU128EF35EB62,394,75,False
TRBANNU128F42767CE,144,105,False
TRBANSH128F4262B50,22,13,False
TRBANZN12903CA2CE7,90,35,False
TRBAOJU128F42621E6,475,214,False
TRBAONH128F14A95AF,9,3,False
TRBAOUJ128F425B6DD,47,18,False
TRBAOZS128F93091CA,876,464,True
TRBAQCZ128F4296339,1251,280,True
TRBARSX12903D03AE5,985,422,True
TRBARYY128F1482E37,1,1,False
TRBASCD128F149EF9C,184,97,False
TRBATUS128F9303CA0,339,113,False
TRBATZO128F9335B74,5,4,False
TRBAULA128F4286542,59,33,False
TRBAUVN128F932FEF8,4078,1588,True
TRBAVBX128F428CC66,19,8,False
TRBAWQH128F4256ADE,225,57,False
TRBBAKG12903CC01F4,34,12,False
TRBBANX128F429EA35,1469,1184,True
TRBBBVM128F930B1C8,284,103,False
TRBBCJH128F930C970,11,5,False
TRBBCMD128F425EB0D,1,1,False
TRBBDXY12903CE68AA,10,10,False
TRBBFRI12903C9852B,909,342,True
TRBBFTR128F14ADC8E,13,5,False
TRBBFZP12903C9F1F3,224,120,False
TRBBGMT12903CC54F5,72,31,False
TRBBGNL12903CE3EF9,48,25,False
TRBBGXP128EF34606D,38,18,False
TRBBGYX128E0784500,19,17,False
TRBBHDP128F92E506F,28,12,False
TRBBHHP128EF365DA0,219,78,False
TRBBHOE128F9305BF5,68,12,False
TRBBITI128F422EC63,6,4,False
TRBBJAJ128F425DA40,488,287,False
TRBBMLR128F1466822,11,6,False
TRBBMXI128F428CCD1,28,14,False
TRBBNOY128F92D2360,13,4,False
TRBBNZB12903CCD331,1461,428,True
TRBBOFI128F4291250,658,260,False
TRBBOQS128F4258273,28,16,False
TRBBQRV12903CC03A5,907,295,True
TRBBRIY128F4286995,18,9,False
TRBBRJN128F425C040,349,112,False
TRBBSJS128F933A527,15,8,False
TRBBSTJ128F935839F,433,279,False
TRBBTCQ128F93198ED,4,4,False
TRBBTFU12903CE923D,108,99,False
TRBBTIU128F14ACBF9,540,58,False
TRBBTUD128F42A10A3,25,14,False
TRBBUHB128F4282729,1938,736,True
TRBBUHH12903CF3E9B,38,22,False
TRBBUKT128F92E1429,132,27,False
TRBBVWT12903CE5717,27,16,False
TRBBWJB128F4291361,188,97,False
TRBBWXA128F92CE697,6058,1329,True
TRBBXML128F4256DFF,9,4,False
TRBBXRN128F9308522,230,97,False
TRBBYXV128F1464453,413,127,False
TRBCALP128F933905E,3557,1912,True
TRBCAPD12903D05CA1,236,109,False
TRBCBIO12903CC9109,119,37,False
TRBCCHN128F9356C73,170,63,False
TRBCCKG128F423EE6B,401,127,False
TRBCDLQ128F42720D2,17,9,False
TRBCDMC128F1452976,1176,387,True
TRBCDQG128E0782588,108,78,False
TRBCEOI128F92CFBC7,1797,632,True
TRBCEZO12903D02734,631,211,False
TRBCGGB12903D01C16,8,5,False
TRBCGRI128F93355E9,118,71,False
TRBCGVD128F93010C1,88,47,False
TRBCHIJ12903CB06B2,248,43,False
TRBCHTM128F428436E,1057,441,True
TRBCHZQ128F92FFADC,204,42,False
TRBCIJB128F428E529,28,13,False
TRBCIVY128E079235B,106,41,False
TRBCJAL128F429EA70,1676,1256,True
TRBCJSZ128E07969B5,2015,1223,True
TRBCJUI128F9309182,119,42,False
TRBCJXI12903D0CEBF,9,5,False
TRBCJYX128F92C540D,18,16,False
TRBCJZF128F429B4DB,1837,530,True
TRBCLDH128F4293B4F,3703,911,True
TRBCMKM128E078B7DD,7198,1648,True
TRBCMXJ128F428842F,342,122,False
TRBCNJZ128F92FA047,632,304,False
TRBCOLQ128F92F3F44,395,31,False
TRBCOXO128F93586BB,830,452,False
TRBCPLO12903CB5E3F,3,2,False
TRBCPNZ128F932B042,5,5,False
TRBCQHZ128F428B892,809,347,False
TRBCQSJ128F931B4A2,1463,478,True
TRBCRKT128F9303898,4005,2838,True
TRBCRXU128F92D06F4,25,14,False
TRBCSJN128F14541C2,303,121,False
TRBCSSE12903CBE261,695,344,False
TRBCTAC12903C9B2ED,205,93,False
TRBCTPS12903CA7CB0,455,143,False
TRBCTYB128F1464236,5,4,False
TRBCUQN128F93091BD,247,131,False
TRBCUQP128F932E325,20,9,False
TRBCURZ128F423EF54,8,6,False
TRBCVBK128E07813EC,4290,1815,True
TRBCVHP128F4263D6E,43,23,False
TRBCVJP128F931C2E6,218,116,False
TRBCXTU128F4262BFA,5,5,False
TRBCXWE12903CD2A4D,52,29,False
TRBCXYT128F425822D,58,44,False
TRBCXZI128F14AA987,13,7,False
TRBCYFM128F14594CC,11,6,False
TRBCYIZ128F148E385,129,59,False
TRBCYWT128EF34C263,1307,592,True
TRBCZDC128F428F631,1933,1025,True
TRBDAZH128F92F6EA5,145,33,False
TRBDBAO128F9306B96,2,2,False
TRBDBBO128F930ABAD,266,101,False
TRBDBTW128F9337B5D,19,12,False
TRBDCJB128F9350B87,93,45,False
TRBDCVK128F4234243,4539,1444,True
TRBDDDU128F92EAA47,1060,659,True
TRBDFLJ128F4272E3D,1,1,False
TRBDHFX128F428651B,888,268,True
TRBDHSK12903CE17C5,47,26,False
TRBDHTM128F4228AB1,241,137,False
TRBDIZG12903CD68A3,140,51,False
TRBDJIL128F92C46DC,222,74,False
TRBDKMV128F42A703F,178,48,False
TRBDLJN128F932921F,322,87,False
TRBDLNW128F92EE03E,311,141,False
TRBDMJB12903CD5CD0,16,11,False
TRBDNDI128F92EAF69,263,144,False
TRBDNRO128F428A095,21,18,False
TRBDOGI128F4252243,91,54,False
TRBDORW12903CE17B6,164,33,False
TRBDQHS128F9309775,26,15,False
TRBDQNL128F423ECD8,2351,645,True
TRBDRYE128F92DEA7B,25,14,False
TRBDTIH128C7196C2C,5613,2396,True
TRBDTMD128F145A5F5,826,204,False
TRBDTNG12903CD71F5,72,23,False
TRBDUPB12903CE6C36,705,291,False
TRBDVAK128F427F05A,4,2,False
TRBDWBI128F9337141,27,12,False
TRBDXRT128F931AF08,8,7,False
TRBDYAD128F424DB27,3,3,False
TRBDYHJ12903CF108F,148,62,False
TRBDZBO128F92F8DC9,60,13,False
TRBDZSK128F92F8E05,7,3,False
TRBDZUT128F92F32B6,14,12,False
TRBDZVP12903CC0089,138,63,False
TRBEAMO128F425B75F,37,18,False
TRBEAWD128F931B008,519,330,False
TRBEBAK128F934B2D8,172,43,False
TRBECFJ128F930CE75,14,3,False
TRBEDVH128F14599C7,11860,2874,True
TRBEEPA128F4291036,227,93,False
TRBEFFG128E0793C24,61,21,False
TRBEFXF128F4263CE9,3424,1060,True
TRBEGAN128F931C296,463,288,False
TRBEGKY12903CF262C,32,19,False
TRBEHHS128F4257092,85,28,False
TRBEHMH12903D051D1,3,3,False
TRBEIVK128F9350952,2,2,False
TRBEJGX128F4291BD7,20,16,False
TRBEKGR128F425DA44,553,342,False
TRBEKHL12903D004E3,17,10,False
TRBEKTE128F93475DF,240,91,False
TRBELIL128F931CF09,20,5,False
TRBEMOM128F933A303,787,386,False
TRBENMR12903CE9B16,20,4,False
TRBENPE128E0787059,13,7,False
TRBEOAG128E0796558,4739,1290,True
TRBEPGC128F428191D,2015,733,True
TRBEPRF128F42555FC,103,35,False
TRBEQOC128F931C221,182,127,False
TRBERQM128F4261E98,14,9,False
TRBETKP128F92E733A,258,164,False
TRBEVJI12903CCDABA,1699,850,True
TRBEVUV12903CDD13E,32,13,False
TRBEWCS128F428BA34,83,28,False
TRBEWTY12903CB4779,32,18,False
TRBEYFF128EF352E40,4,4,False
TRBEYMT128F145A992,775,237,False
TRBEZWT128F1499F3F,1508,434,True
TRBFAHF128F42A1F03,41,33,False
TRBFAWR128F42A4FDA,262,139,False
TRBFBAJ128F145879F,25,17,False
TRBFCBO128F9345A16,2,1,False
TRBFCSM128F42629F1,2714,2118,True
TRBFCZZ12903D060A0,514,229,False
TRBFDBZ128F427EDCD,4446,1340,True
TRBFDID128EF365C72,11,4,False
TRBFDOH128F933797E,179,103,False
TRBFDSO128F42475C5,70,28,False
TRBFEGG128F429E5B1,90,30,False
TRBFESF12903CD889B,15224,2230,True
TRBFFBD128F931FA7F,27,15,False
TRBFFEV128F421A066,137,62,False
TRBFGMQ12903CF8221,155,39,False
TRBFHEB128F1494DF9,763,381,False
TRBFHIT128E0792E3B,237,107,False
TRBFIAK128E07823AA,111,46,False
TRBFIEK128F92D7F90,813,296,False
TRBFIMR128F4277912,351,118,False
TRBFJBJ128F92F9589,465,187,False
TRBFJMI128F92E535C,25,9,False
TRBFJQM128F14A9877,3120,1000,True
TRBFKOV128F426DDF1,6832,4232,True
TRBFKSX12903D123A2,287,64,False
TRBFMAS128E078F352,275,170,False
TRBFOGK128F427B6A0,44,22,False
TRBFOIS12903CF81D1,201,104,False
TRBFOQG128E07836F9,37,10,False
TRBFOYD128F428FB88,14,9,False
TRBFPOV128F422BFD2,411,181,False
TRBFRVY128F147B93A,6,6,False
TRBFSRX128F1485AF0,48,28,False
TRBFTBY128F426663E,1115,405,True
TRBFTWW12903CC792F,799,308,False
TRBFUTI128F145EAD0,90,60,False
TRBFVEP128F42621E3,283,146,False
TRBFVJZ128F429EF63,103,27,False
TRBFVVP128F425A56F,138,44,False
TRBFWDH128F422C118,8,5,False
TRBFXEX128F4253569,73,28,False
TRBFXJJ128F1453E66,429,201,False
TRBFXMJ12903CB50F6,1459,585,True
TRBFXNC128EF3439E3,28,12,False
TRBFXQT128F148D15B,22,13,False
TRBFYSE128E0783EA5,517,364,False
TRBFZFS128F1459553,1,1,False
TRBFZTE128F428037F,111,30,False
TRBFZYM128F427BBEA,985,481,True
TRBGAEH12903CB788F,708,236,False
TRBGAPR128F930FC21,39,24,False
TRBGASH12903CFB3C1,45,23,False
TRBGAUX128F42B8801,388,270,False
TRBGCBV128F426CD4A,273,140,False
TRBGCQP128F92E36CB,11018,2950,True
TRBGCWK12903CB52E7,64,32,False
TRBGDAX128F93497AB,308,155,False
TRBGDRP128F932DBA1,352,172,False
TRBGFQT128F932BB05,1386,900,True
TRBGHDW128F426F8A1,1540,481,True
TRBGIJV128F9314358,3,2,False
TRBGITL12903CF2662,136,57,False
TRBGJJI128F42574E1,32,12,False
TRBGJNR128F147937B,109,52,False
TRBGJPM128F93048FA,1571,764,True
TRBGKGR128F92EE206,1322,505,True
TRBGLQE128F9320677,214,98,False
TRBGLRA128F92E5257,652,281,False
TRBGLRU128F42A1F00,48,26,False
TRBGLUJ128F424CE50,5,5,False
TRBGMGC128F4293B53,1733,595,True
TRBGNJF128F423C327,4471,1972,True
TRBGOYM12903CF821B,71,26,False
TRBGPCJ12903CA1FDB,148,74,False
TRBGPKH128F92EC25B,292,142,False
TRBGPMZ128F4255172,5,3,False
TRBGPXH12903CB2CCD,2385,1213,True
TRBGQYF12903CEF1DB,22,11,False
TRBGSFN128F9324F03,8936,4697,True
TRBGUEM12903C95573,318,133,False
TRBGUJF128F425803E,12,6,False
TRBGUKK128F427289D,322,64,False
TRBGVWJ128F14AE214,110,65,False
TRBGWGB12903CF5E67,31,15,False
TRBGYGQ128F428B0B0,1,1,False
TRBHAGN128F424C5AF,13,11,False
TRBHAQN12903CF2631,6,6,False
TRBHCVC128F930CF55,4,2,False
TRBHDPG128F92D2608,54,33,False
TRBHDSY128E07936F8,8,5,False
TRBHEKS12903CF255C,13,9,False
TRBHFVD128F4248837,779,393,False
TRBHGTT128E079878C,2,1,False
TRBHHJS128F92CBC2D,2749,365,True
TRBHHUB12903D09FEA,54,19,False
TRBHHZZ128F4298713,1019,410,True
TRBHILV12903CB6655,1613,509,True
TRBHJPQ128E078ED8F,1224,713,True
TRBHKCL128F425A036,7,4,False
TRBHLDQ128F423EF10,11082,4427,True
TRBHLFJ12903D059BF,55,29,False
TRBHLJA128F425B694,84,29,False
TRBHLYP12903D0D107,1407,508,True
TRBHNMX128F427C2A4,44,16,False
TRBHORD128F423DEF9,20,12,False
TRBHQHN128F148A1B3,224,118,False
TRBHQKX128F424D544,174,67,False
TRBHQME128F429B01C,898,462,True
TRBHQRU128F93129F9,1632,823,True
TRBHQUM128F9309DE1,371,181,False
TRBHQZM128F42A52D2,1915,1448,True
TRBHRCV128F423EE42,205,91,False
TRBHRPL128F9306B99,4,4,False
TRBHRVW12903CE4CCC,4,3,False
TRBHSCI128F92E3887,623,280,False
TRBHSUJ128F9321DE3,6,1,False
TRBHSWE128F146CB4C,1489,610,True
TRBHTHK128F1473EE3,8,5,False
TRBHTPX12903D02CF1,12,9,False
TRBHTYY128F92ED8BB,235,89,False
TRBHUSP128F4242DD0,4169,1481,True
TRBHUSQ128F930691F,7,4,False
TRBHUYM128E07989DB,7613,3328,True
TRBHVEV128F425C018,5410,2067,True
TRBHWIA128E07930BD,34,10,False
TRBHWMT128F933476D,95,24,False
TRBHXUF12903CDD20B,30,21,False
TRBHXVX128F42689B6,45,16,False
TRBHYJI12903CB537C,12,5,False
TRBHYLS128F42333EE,647,347,False
TRBHZUN12903CA60F7,745,372,False
TRBIBHM128F92C5689,24,7,False
TRBIBHS128F9330E40,14,7,False
TRBIBKA128F42947BF,156,52,False
TRBIBLJ12903CCF436,4145,1777,True
TRBIBQA128F930CF39,3,3,False
TRBIDSS128F92CD6C3,7,6,False
TRBIDWF128F930C88B,1,1,False
TRBIEMV128F1492C82,346,214,False
TRBIFFV128F930DE98,2365,690,True
TRBIGBJ128F92ECBD0,91,43,False
TRBIGFU128F427960A,1,1,False
TRBIGQW128F427F096,29,23,False
TRBIGRK12903CA77C3,27,12,False
TRBIGRY128F42597B3,503,227,False
TRBIGTE128F932FAC6,253,115,False
TRBIGTY128F4261347,218,75,False
TRBIHAU128F425C317,230,159,False
TRBIHXP128E07923D2,281,173,False
TRBIICN128F4280D70,8,4,False
TRBIIEU128F9307C88,604,254,False
TRBIIVV128F42A4C92,6708,2749,True
TRBIJES12903CF5B12,1,1,False
TRBIJIA128F1464AB4,10,5,False
TRBIJMU12903CF892B,63,42,False
TRBIKGI128F4252558,6,5,False
TRBIKWS12903CC16C6,230,132,False
TRBILJN128F934AE2C,160,98,False
TRBIONU128F149009B,1594,557,True
TRBIOWO128F9337AF2,90,50,False
TRBIPTW128F4284129,33,29,False
TRBIPUP128F4286705,22,11,False
TRBIPZI12903CD03B9,543,139,False
TRBIQMK128F92EB748,364,167,False
TRBIRKT12903CA6EAB,11,6,False
TRBIRTM128F934B83B,23,12,False
TRBISGQ128F92F695A,14,10,False
TRBITJB12903CDA648,8,8,False
TRBITRW128F42812B5,215,137,False
TRBIVUY128F148724E,15579,4359,True
TRBIVWU128F92CA9D2,4810,2350,True
TRBIWCA128F424A794,112,57,False
TRBIWGS128F931BCCB,113,53,False
TRBIWSB128F9324931,8,3,False
TRBIXSP128F9350E45,110,41,False
TRBIXXF128E0794FA3,1227,815,True
TRBIYQO128F424842F,15,5,False
TRBIYUC12903CC766E,3991,2532,True
TRBIZJO128F4259F57,879,490,True
TRBJAKZ12903CF8C6B,39,25,False
TRBJARK128F1465649,10421,3234,True
TRBJARV128F9311153,1120,572,True
TRBJBKO12903CC14CE,23,13,False
TRBJBOJ128E0792E41,182,93,False
TRBJBOX128F148DABD,1787,959,True
TRBJCSO128F426490B,42,21,False
TRBJDMB128F930D421,40,16,False
TRBJFDB128F428DF1E,20963,2510,True
TRBJFPY128F428C8C7,10,5,False
TRBJGGZ128F425A212,144,62,False
TRBJHKW128F1485B62,186,162,False
TRBJIED12903CC5950,1309,700,True
TRBJILU128F425A99C,1597,290,True
TRBJJLN128F9342ED2,147,80,False
TRBJKFF128F422E532,36,12,False
TRBJKLA128EF343637,218,130,False
TRBJMRM128F1487BCE,2102,655,True
TRBJNAA12903CB422E,3,3,False
TRBJOGT128F42396CC,10054,4868,True
TRBJOIE128F930D39F,734,169,False
TRBJOLY12903D058FF,675,300,False
TRBJONA128F148696C,1252,521,True
TRBJOUT128F428FEF7,224,117,False
TRBJPBB128F933D400,82,21,False
TRBJPIF12903CCA049,520,201,False
TRBJPXD128EF3518F4,621,256,False
TRBJQRP128F93188A9,585,177,False
TRBJRZH128F429EA62,2026,1523,True
TRBJSEW128F42969A1,3208,1205,True
TRBJTBU128F421EBF0,75,37,False
TRBJTCF128F146B243,59,32,False
TRBJVMT128F14557C3,286,156,False
TRBJWDI12903CAF5CF,1436,624,True
TRBJWFU128F931A63E,515,281,False
TRBJWMI128F92CD962,710,300,False
TRBJWNI128F4240D73,576,454,False
TRBJYJO128E0791E58,1437,709,True
TRBJYXE128F930D886,2409,762,True
TRBJZCZ12903CE4905,192,69,False
TRBJZGS128F42B51A4,347,123,False
TRBKCJS128F92E8371,1128,446,True
TRBKDGG128F42B797C,444,121,False
TRBKDSX128F92EA2BE,249,185,False
TRBKDXC128F931E6A6,15,4,False
TRBKEQI12903CF8CFB,173,46,False
TRBKEUJ128F4271125,73,30,False
TRBKFKL128E078ED76,32677,13082,True
TRBKGIX128F42924F1,11,6,False
TRBKHFF128F933F2E7,66,32,False
TRBKHZC128F4244B68,9,6,False
TRBKHZV128F14B13A1,2280,523,True
TRBKJJW128F148B852,11,6,False
TRBKKKA128F9302E01,18,15,False
TRBKKPD128F934C715,63,42,False
TRBKKWS12903CDFE5B,199,72,False
TRBKLBX128F1453E64,2163,644,True
TRBKLDM128F427D0DA,5321,1755,True
TRBKLRB128E0781D29,6,6,False
TRBKLXT128F92EF0EE,4,4,False
TRBKMZG12903CDCFED,41,26,False
TRBKOCY128F93335EF,114,40,False
TRBKOLY128F14862A7,94,49,False
TRBKPFZ12903CD435E,499,207,False
TRBKPHB12903CD1862,7,4,False
TRBKPNT128F9339269,116,55,False
TRBKPQA128F42972B0,1079,427,True
TRBKRRD128F42A8C46,12,8,False
TRBKRYI128F1452172,143,77,False
TRBKSEG128F428B76B,39,7,False
TRBKSWQ128F4259F3C,1711,877,True
TRBKTDX128F92E1700,13,10,False
TRBKVUT128F1458FA6,122,28,False
TRBKWFZ128F149B8FF,42,31,False
TRBKXOJ128F429008D,175,48,False
TRBKXQA128E0792343,324,197,False
TRBKYKJ128F934BD17,22,18,False
TRBKYYY128F1488211,151,55,False
TRBKZBE12903CF9C54,28,11,False
TRBKZPY128F428954A,331,162,False
TRBLAUS128F92F4428,83,54,False
TRBLAVQ128F9305BBE,361,128,False
TRBLBJJ128EF34C268,472,305,False
TRBLBJN128F148D1A7,625,334,False
TRBLBSD128F1490EF0,323,150,False
TRBLCBA128E0781139,381,260,False
TRBLDDO128F931D72B,2129,578,True
TRBLDQQ128F92E58B4,2628,1262,True
TRBLDUO128F934B41D,330,118,False
TRBLECQ128F427F746,14,5,False
TRBLETJ128F9326989,33,24,False
TRBLJBU128F934147B,677,174,False
TRBLJXZ128F9329BFB,23,18,False
TRBLKMA12903D01759,32,10,False
TRBLKXU128F42683D4,16,8,False
TRBLLEI128F932948C,19,14,False
TRBLLSC128E078F9DD,81,33,False
TRBLMJP128F14988B7,2877,661,True
TRBLNID128F4250D0B,37,6,False
TRBLOBX128F423EC8D,967,250,True
TRBLOOE128F4287F56,429,174,False
TRBLPPF128C71969AB,10,7,False
TRBLQWC128F1489B02,94,42,False
TRBLSQB128F930D37F,213,41,False
TRBLTCY128F148C452,122,69,False
TRBLUOB128E078D29B,441,190,False
TRBLUXB12903CF5AF7,41,5,False
TRBLVPD128E078EEFE,249,133,False
TRBLWIJ12903CD9489,400,187,False
TRBLWLG128F1484ECD,257,128,False
TRBLWTC128F4272640,896,437,True
TRBLXOU128F42926AF,591,387,False
TRBLXZB128F145E03C,16,6,False
TRBLYIF128EF344093,8,5,False
TRBLZCC128F93115C9,302,142,False
TRBLZIP128F92EB2D9,340,237,False
TRBLZUR128F422AB51,174,68,False
TRBLZXD12903D05188,15,5,False
TRBMADI128F42ACE83,2937,1316,True
TRBMAHY128F42ACF0B,48,15,False
TRBMAJL128F425768E,48,24,False
TRBMBKC128F147AA05,419,163,False
TRBMCEO128F934BC1E,1824,821,True
TRBMCFL128F42AD82B,448,196,False
TRBMCGS128F92D2C27,5450,2520,True
TRBMCNX128F428AC7E,3933,2139,True
TRBMDFZ128F932F1DA,240,124,False
TRBMDKS128E07937C5,615,425,False
TRBMDYX128F425282B,2,2,False
TRBMEBW128F92FA033,2030,774,True
TRBMELE128F1468029,952,442,True
TRBMFFW128F145BB62,349,115,False
TRBMGAQ12903CDF09F,168,85,False
TRBMGGF128F425DA47,495,313,False
TRBMHAJ128F934C64B,10,7,False
TRBMHYN128F1468BB5,83,29,False
TRBMIAP12903C9544A,439,194,False
TRBMJFN128F426B282,8735,1813,True
TRBMKGT128E0786282,666,476,False
TRBMKIY128F42811A9,1,1,False
TRBMKPH128F149158F,118,48,False
TRBMLAT128F4242097,36,22,False
TRBMLHI128F42818C1,212,115,False
TRBMMKH128F427E8DA,247,152,False
TRBMNLE12903CF81CA,318,170,False
TRBMNPW128F14A7707,450,148,False
TRBMOEE128F931EB11,320,134,False
TRBMPJF128F423EEA0,2327,1001,True
TRBMPVP128F428E6FB,4387,2602,True
TRBMSPU128F92C2ABC,150,85,False
TRBMTRH128F9336031,83,62,False
TRBMVFR128F42947C4,140,61,False
TRBMWVA128F92FEA9E,2105,1114,True
TRBMXDI128F14599C5,101,55,False
TRBMXGN128F1485B67,439,184,False
TRBMXZL128F422936F,182,85,False
TRBMYJT128F92FEB40,235,122,False
TRBMYQV12903CA5FEE,112,21,False
TRBMZAR128F4284E59,269,159,False
TRBMZDT12903CB289A,7,6,False
TRBMZGI128F1469A05,574,164,False
TRBNABI12903CF42FE,249,98,False
TRBNBLJ12903CFF63C,86,60,False
TRBNDBQ128F42512AC,50,17,False
TRBNDMF128E0787F2A,1065,472,True
TRBNDWW12903D05C98,8463,1533,True
TRBNEGI12903CF41C0,4,2,False
TRBNEHE12903CA4FB5,110,54,False
TRBNEXW128F92E4552,28,15,False
TRBNFDI12903CBAEB6,44,15,False
TRBNFTL128F934AF52,160,35,False
TRBNGTP128F429F7F4,3079,1690,True
TRBNHNR128F42507E3,26,11,False
TRBNIDH128F429810A,3853,1156,True
TRBNIHJ128E07824B8,36,21,False
TRBNIYZ128F9305C92,1856,587,True
TRBNIZC128F424D683,2491,771,True
TRBNJPH128E0781AB5,80,60,False
TRBNJPZ128F934D5A2,2481,648,True
TRBNJSN128F1471834,1928,866,True
TRBNJSP128F423EE8B,272,136,False
TRBNLGO128F428955F,1107,365,True
TRBNLRU128F9307FFF,6593,1113,True
TRBNMGF128F146339F,251,98,False
TRBNNIL128E079268E,1217,605,True
TRBNPFK12903CEE224,30,10,False
TRBNQUQ128F931C2E2,63,33,False
TRBNQWH128F421FBFE,24,14,False
TRBNRBS128E0785D73,1000,497,True
TRBNSQD128F92D21A7,41,11,False
TRBNTJZ128F93051C8,25,6,False
TRBNTOS128F428ADE5,77,45,False
TRBNTVW128F92F12D3,155,73,False
TRBNURH128F9326CE4,170,122,False
TRBNWBM128F428CB85,5,3,False
TRBNWKN128F425F18F,4031,2104,True
TRBNWTI128F42870E2,66,22,False
TRBNYBX128F422EC61,66852,22694,True
TRBNZLU128F92E16AB,2118,1424,True
TRBOAJY128F14979B5,2916,1769,True
TRBOBEP128F934397A,21,6,False
TRBOBSL12903CA6EA2,7,3,False
TRBOBVT128F92CE20E,486,194,False
TRBOCGV128EF357786,6,1,False
TRBOCQJ128F425DEF4,5930,2869,True
TRBOCVB12903D07F63,22,14,False
TRBOEMU128F92EAFF9,104,42,False
TRBOESK128F42B3AC7,447,213,False
TRBOFWO128F427158E,45,17,False
TRBOFYL12903CA54BF,21,5,False
TRBOHGQ128F42774A2,75,40,False
TRBOHMH128F931404A,2,2,False
TRBOHVZ128F9336973,22,15,False
TRBOIZY128F9302E14,9,8,False
TRBOJZH128F92F9FBE,29,16,False
TRBOLHE128F145FB79,333,154,False
TRBOLJI128F427B29A,111,38,False
TRBOLKB128F42769C7,224,164,False
TRBOMWF128F428B2A7,16,11,False
TRBONFU128F429D6D7,245,169,False
TRBOOGS128E07832EE,40,25,False
TRBOOIS128EF35F5B1,38,5,False
TRBOOSL128F9347190,77,47,False
TRBOQBQ128F42B8BF4,3243,1228,True
TRBOQOM128F9333630,6386,1573,True
TRBOQSZ128F4251497,647,378,False
TRBOQWA128F931B0AB,2223,731,True
TRBORAC12903D0548A,6,3,False
TRBOSHB128F148A603,194,81,False
TRBOTAU128F931B0A9,900,490,True
TRBOTVG128F14A2CC7,1698,676,True
TRBOTXD128F92F8FEC,5,4,False
TRBOUDS128F14976BA,169,49,False
TRBOVEH128F426C4E0,204,118,False
TRBOVJN128F424EF1B,1840,592,True
TRBOWHU128F42677F6,107,25,False
TRBOWSQ128F145E0F8,1418,427,True
TRBOWXJ128F4277F3B,46,27,False
TRBOXCQ128F92EAE64,148,58,False
TRBOXGY128F426029C,34,19,False
TRBOYEV128F426B394,655,164,False
TRBOYTH12903C9CC6C,96,23,False
TRBPACZ128F932936B,699,232,False
TRBPAJX128F1462789,7,3,False
TRBPBBX128F1462AE8,80,24,False
TRBPBNS128F42B8623,1944,724,True
TRBPBUF12903CA8859,323,155,False
TRBPBYN12903CC78B0,9224,2348,True
TRBPCBW128F92FE259,14,10,False
TRBPCIQ128F92F6BF0,17,14,False
TRBPEOE128F148299E,1860,818,True
TRBPEZO128F4299263,1769,662,True
TRBPGNO128F92D5078,118,68,False
TRBPGZN12903CEAF8E,373,164,False
TRBPHBT128F931C2C5,46,30,False
TRBPHNP12903CEC3ED,24,12,False
TRBPHQR128F4280AE1,1357,796,True
TRBPHTO128F92F6D6E,6,4,False
TRBPHXX128F149C4B8,3,3,False
TRBPIWF128F9340C5C,1,1,False
TRBPJTZ128F93022F7,172,39,False
TRBPJWL128F9302BFC,28,15,False
TRBPKZQ128F145850B,10131,2786,True
TRBPLGD128F429EB58,1801,1347,True
TRBPMFA128F14542EE,681,329,False
TRBPMFY128F14914F5,198,152,False
TRBPMXN128F42764CA,77,61,False
TRBPOFR12903D005E2,79,28,False
TRBPPZT12903CDB314,1459,613,True
TRBPQOV128F92F2F48,346,93,False
TRBPQSK128F9308FBC,1389,345,True
TRBPQUG128F428A645,1196,409,True
TRBPRBN128F425A0A4,1609,515,True
TRBPREE128F424C5D5,2,2,False
TRBPRMO128F92CC825,52,10,False
TRBPSUM128F92DF220,6,4,False
TRBPTYF128F423EEA3,5132,2024,True
TRBPUEX128F931C0F1,1204,715,True
TRBPVKA128F930F90B,219,80,False
TRBPVNV128F4286472,47,27,False
TRBPVSV128F42590F7,784,363,False
TRBPVUA128F92F6275,9,8,False
TRBPXSL128F933A506,20,14,False
TRBPYAK12903CC2F2E,466,143,False
TRBPYCG128F932C2AB,574,378,False
TRBPYGG128F92E365B,134,41,False
TRBPZTP128F92D82AE,226,75,False
TRBQAVJ128F427B69A,44,18,False
TRBQBCF128F424C0A6,30,6,False
TRBQBJS128F425B6F7,25,14,False
TRBQCHG128F92EEC59,6,2,False
TRBQCKI128F92E2DE5,405,205,False
TRBQDAZ128F92FA7F2,992,344,True
TRBQEPC128F92EDDA2,11,10,False
TRBQFCJ128F92E4CA6,101,64,False
TRBQFOX128F9333883,30,11,False
TRBQGCW128F4281CE2,1,1,False
TRBQGKI128F92FED7B,807,542,False
TRBQGOU128E07815E9,4574,1639,True
TRBQIET128F9310B55,464,305,False
TRBQIWJ128F42ABADA,1,1,False
TRBQJAI128F92D2BE6,882,274,True
TRBQJOZ128F92F4AC5,60,26,False
TRBQKTD12903CEE836,3,2,False
TRBQKXL128F1458D53,327,204,False
TRBQLCE128F4291034,130,72,False
TRBQLKM128F4259399,10,6,False
TRBQMBA128F930CDC4,175,84,False
TRBQMSK128F92CC928,263,151,False
TRBQMTY128F427FE47,316,138,False
TRBQNCM12903CD8BA0,4843,1332,True
TRBQNFR128F14686F9,13,9,False
TRBQNSL12903CF9D54,25,19,False
TRBQOGW128F930C0A5,71,46,False
TRBQQZB128E0792A33,714,297,False
TRBQRPI128F9331F5A,20,6,False
TRBQRSQ128F42202E4,2217,949,True
TRBQSJF128F146DD2C,2961,1709,True
TRBQUFR12903CDF4A0,96,63,False
TRBQUTX128EF35EEA1,538,264,False
TRBQVCT128F4233426,155,56,False
TRBQVEW128F9348529,8,5,False
TRBQWGE128F932F631,243,69,False
TRBQYPZ128F4293B71,107,66,False
TRBRAIR128F4290F85,3,1,False
TRBRAZP128E079602A,32,13,False
TRBRBFR12903CF8A31,51,11,False
TRBRBWH12903CB025A,5,2,False
TRBRCDJ128F427EEF8,599,334,False
TRBRCZG128F428256B,10,5,False
TRBRDNA128EF356B37,1408,576,True
TRBRDUK128E078906E,297,217,False
TRBREOG128F425D1AD,902,298,True
TRBREOL128E078A190,1737,532,True
TRBRFSQ128F427ADB5,273,156,False
TRBRFYN128F4265818,3,3,False
TRBRGWR128F423EAE8,3246,937,True
TRBRHDC12903CDECD6,83,50,False
TRBRHDO128F424809D,100,37,False
TRBRHMR128F9325D51,880,396,True
TRBRHSS128F93297C4,56,22,False
TRBRHTD12903CC6810,624,281,False
TRBRIFG128E0782C0F,170,104,False
TRBRIIO128F93250D1,516,190,False
TRBRIWA128F1475D36,96,25,False
TRBRIZD128F4274A3F,1,1,False
TRBRJGV128F429013D,590,215,False
TRBRJIQ128F92C7D3F,289,142,False
TRBRJQK12903CB7325,41,31,False
TRBRLCH128F92F3877,1290,572,True
TRBRLNJ128F92F622E,3757,2326,True
TRBRMNO12903CBE3DE,90,33,False
TRBROBA128F9321BC2,1750,577,True
TRBROBG128F424D670,222,68,False
TRBROKO12903CEC94D,260,67,False
TRBRPVM128F426074C,259,172,False
TRBRQYA128F42724B0,298,134,False
TRBRROO128F4262FF1,23,2,False
TRBRRRZ128F930AB47,430,281,False
TRBRSRV128F149EE32,176,54,False
TRBRSZF128F4213998,116,80,False
TRBRTDL12903CFB620,641,369,False
TRBRTYG128F1455549,7,3,False
TRBRUCX128EF35EF44,151,50,False
TRBRUNG128F421EC2C,46,22,False
TRBRUSP128F92D7F48,475,153,False
TRBRUZV128F930625C,934,310,True
TRBRVCB12903CE6C45,152,40,False
TRBRWFC128F93068CF,1,1,False
TRBRWQT128F9313ED6,218,55,False
TRBRWYY128F147A58F,635,175,False
TRBRZRE128E0783781,129,98,False
TRBSAVN12903CB9D01,423,168,False
TRBSBBC128F9328DBF,3357,1053,True
TRBSBBY12903CDB180,278,150,False
TRBSBCX128F92DEF11,7294,2157,True
TRBSCLZ12903CFED8B,739,125,False
TRBSDBI128E078F02A,2,1,False
TRBSDYE128E078BB58,2881,1146,True
TRBSFPD12903CD0149,145,106,False
TRBSFUV128F4298B0C,13,7,False
TRBSGEL128F426C8D0,507,197,False
TRBSGXV128E0783A3C,140,65,False
TRBSHBK128F423551D,255,147,False
TRBSHTI128E0782B61,483,205,False
TRBSJKE128F934C3D9,2,2,False
TRBSJUP128F1482B7D,1074,651,True
TRBSKCM128E07896EC,182,108,False
TRBSKIW128F4263277,2,2,False
TRBSKVE128F147FC97,898,479,True
TRBSKWZ12903D07622,689,278,False
TRBSMPH12903CE9313,15,12,False
TRBSOCU128F147CD97,7,5,False
TRBSOSV128F149BCE6,3941,2120,True
TRBSOTK12903CF8D52,23,15,False
TRBSPFX128F934AF3F,30,20,False
TRBSPQV128F9316F38,1574,1135,True
TRBSQMD128F42B3571,16,12,False
TRBSRGO128E0793B84,660,392,False
TRBSRXI128F9312A14,659,392,False
TRBSWLF128F1456CB9,701,353,False
TRBSWUS128F14778DC,50,25,False
TRBSXCV12903CF2421,76,30,False
TRBSXDJ128F4284782,246,100,False
TRBSXSV12903CA71F5,99,54,False
TRBSXUP128F425BD41,408,120,False
TRBSYKR12903CDEC16,40,29,False
TRBTAKL128F92F6E99,2,2,False
TRBTAMD128F42A7589,106,78,False
TRBTBAQ128F9339E9F,783,316,False
TRBTCNB128F423334C,291,119,False
TRBTCYJ128F92F9586,2814,1457,True
TRBTDVW128F427E6AB,524,193,False
TRBTEBK12903CDA208,114,46,False
TRBTGAN128F931C2D7,1007,558,True
TRBTHLQ128F4263A01,827,563,False
TRBTHSN12903CE76AF,611,247,False
TRBTIFY12903CAB63C,5249,2079,True
TRBTJUS128F4295382,1471,572,True
TRBTMDN128F427B2B9,201,74,False
TRBTMNN128F1495DFF,1617,755,True
TRBTNGH128F426E72E,1,1,False
TRBTNLT128F422D60C,2,2,False
TRBTOBD12903D00EB6,17,11,False
TRBTOMC128E0792F35,178,89,False
TRBTOND128F42866F2,92,28,False
TRBTORR128F92E464E,907,324,True
TRBTPVL128E078FC36,2529,1164,True
TRBTQEW128F1468591,57,19,False
TRBTQQD128F1464D58,2544,967,True
TRBTRIY128F1499842,109,42,False
TRBTSNM12903CF4B4A,2,2,False
TRBTTVP128F92D21A4,19,10,False
TRBTUOW128F145AFD8,229,84,False
TRBTVFP128F428CDDE,34,11,False
TRBTWEI128F92E7B63,282,85,False
TRBTXAV128F426E43B,158,74,False
TRBTXGB128EF353C2A,208,91,False
TRBTXNE12903CB6528,10570,4101,True
TRBTXVV128F930BDE9,266,97,False
TRBTYXT12903CF4574,3,1,False
TRBUADZ128F931D74C,1,1,False
TRBUAQO12903D063C1,12,5,False
TRBUATZ12903D06BE1,154,97,False
TRBUBKM12903CC4014,204,53,False
TRBUBQJ128F42409EB,178,71,False
TRBUDGI128F92EBEE0,411,168,False
TRBUDYF128EF34606A,29,12,False
TRBUFOG128F426C467,474,250,False
TRBUFZZ128F932A3FD,261,31,False
TRBUGTP128F934CFFB,176,91,False
TRBUHFP128F9349DB6,198,76,False
TRBUHVW128F42775DF,1625,678,True
TRBUIMK128F934F236,832,338,False
TRBUKFC128F933CE7C,621,214,False
TRBUKPK128F92CFE89,156,121,False
TRBULGO12903CB8D55,1,1,False
TRBUOEG128F4262ED3,2081,799,True
TRBURIA128F4260AC0,40,21,False
TRBURXY128F422AD40,36,15,False
TRBUSTD128F42A1F02,34,26,False
TRBUTXG128F145C1EC,589,326,False
TRBUUFZ128F930C7DC,139,70,False
TRBUUOU128F9347668,1017,286,True
TRBUVNB128F14979A4,617,498,False
TRBUVNZ128F92F0390,193,114,False
TRBUVTI128F9329C23,341,248,False
TRBUVVM128F422BF9A,569,250,False
TRBUWHV128F426232F,229,103,False
TRBUWMB128F4291BED,6,2,False
TRBUXEH128F1476A23,436,209,False
TRBUXYH12903CC5A9D,1134,271,True
TRBUYKI128F92DB14A,79,19,False
TRBUZGB128F9303877,25,5,False
TRBVBEP128F428211E,113,49,False
TRBVBII12903CBDE25,12,6,False
TRBVBRB12903CA4C96,16,11,False
TRBVBRF12903CBF16F,79,13,False
TRBVCJD128F92EFEDE,286,122,False
TRBVCPV128F42568A8,110,35,False
TRBVCUN128F933A49F,16,2,False
TRBVDGU128F14AAAF7,7,5,False
TRBVEXT12903CC56A3,30,19,False
TRBVHSS128EF3449B0,47,23,False
TRBVHZL128F4292383,254,109,False
TRBVISY128F934B397,296,142,False
TRBVJQX128F14A46DB,1563,702,True
TRBVJTN128F92FB80C,8955,1259,True
TRBVKLS128F4294D9B,1,1,False
TRBVLXQ128F148AE34,1,1,False
TRBVMLF128F429DBA7,79,20,False
TRBVMPR12903CF391D,14,9,False
TRBVMXN128F4257F13,5,4,False
TRBVNDS128F4298330,296,175,False
TRBVNFP128EF366044,33,15,False
TRBVNWT128F93173BA,42230,13408,True
TRBVOHY128F92E6A11,8624,2828,True
TRBVPFA128F42894D2,42,9,False
TRBVQNY128F4298042,824,448,False
TRBVSDD128F427CA41,598,206,False
TRBVSQT128F427A82F,6615,3746,True
TRBVTBG128F4279896,14,4,False
TRBVTGM128F425A741,1024,595,True
TRBVUBE128F4262898,802,302,False
TRBVUIT128E07938EC,67,31,False
TRBVUQV128F4272703,41,32,False
TRBVVMT128F92EEF10,1,1,False
TRBVWFZ128F9309C0B,698,198,False
TRBVXAM128EF3582C1,489,208,False
TRBWALM128F427A9D2,143,64,False
TRBWBEI12903C9F219,299,128,False
TRBWCBO128F92E2DE0,405,195,False
TRBWCQN128F4266DFF,260,91,False
TRBWDJH128F429E9FF,1369,744,True
TRBWEBP128F42396CE,2817,1448,True
TRBWFLR12903CD1443,430,175,False
TRBWGOF12903CDFA94,17,8,False
TRBWHBL128F42724BE,474,148,False
TRBWHCL128F9330A51,569,393,False
TRBWJNQ128E0792518,1039,455,True
TRBWKRM128EF35053F,11,5,False
TRBWLJL128F9345D0A,672,289,False
TRBWLYI128F92D9251,102,65,False
TRBWNPX12903CC03AA,230,163,False
TRBWNXN128F4253790,16,6,False
TRBWOJX128F92FD034,29,18,False
TRBWONY128F4230F01,781,519,False
TRBWOTB128F9309603,183,95,False
TRBWQER128F42762EB,26,14,False
TRBWQXB12903CA2F48,23,18,False
TRBWRPF128F4261CA7,12,10,False
TRBWRVX128F92E23F6,4,4,False
TRBWSDK128F42638AF,1062,491,True
TRBWSLJ12903CBB76A,767,214,False
TRBWSUF128F4253190,255,69,False
TRBWSUV128F426399D,608,198,False
TRBWVII128F92F6560,1818,371,True
TRBWWKE128E0784AD0,340,185,False
TRBWYAP12903CE5992,32,13,False
TRBWYBA12903CE2D52,1,1,False
TRBWYLV128F9326164,2180,800,True
TRBXAGX128F429CD6E,53,20,False
TRBXBKT128F147558B,152,65,False
TRBXBVP12903CEB17E,625,271,False
TRBXBZX128F930C4EA,374,108,False
TRBXCOJ128E07820C1,945,339,True
TRBXCVA12903CFF644,8,2,False
TRBXESA128F92DEF7A,152,64,False
TRBXEWO128F92F5F3C,7,4,False
TRBXFFJ128F427E8E6,182,114,False
TRBXGHE128F4221462,3,3,False
TRBXGHM128E0791287,22000,6646,True
TRBXGPR128E078E9B0,187,95,False
TRBXGZD128F930C025,36,12,False
TRBXHYI12903CDB60A,120,68,False
TRBXJVI128F92EB6EC,54,32,False
TRBXKCT128F933521D,417,95,False
TRBXLFU128F427A494,15147,5937,True
TRBXLMI128F4248182,1156,609,True
TRBXLSO128F14AC8B0,519,142,False
TRBXLTF128F4288564,37,9,False
TRBXMNO128F9330A55,32,12,False
TRBXNYB128F147A2DF,149,66,False
TRBXOMZ128F933B26A,40,22,False
TRBXPHJ128F92FFA98,107,43,False
TRBXPXC12903CE675A,44,19,False
TRBXRMM128F93069D0,64,42,False
TRBXRYB128F4288EAC,1,1,False
TRBXTAI128EF3533BA,6,5,False
TRBXTLW128F9308657,155,83,False
TRBXTSM128F425A354,2,2,False
TRBXUCR128F4299D7B,7,3,False
TRBXUIT128F92D71D2,892,366,True
TRBXWUW128E0798C3F,27,17,False
TRBXXNA12903CC56D1,34,15,False
TRBYAJT128F42421F8,4,4,False
TRBYBPV128F4237206,1144,327,True
TRBYCLG128F4260A8C,4,4,False
TRBYDKJ12903CA9D33,5822,2781,True
TRBYDXV128F424888B,1928,553,True
TRBYGLT128F146A2B4,331,157,False
TRBYGQK128F9332C1B,1206,359,True
TRBYHXS128F42720D9,925,574,True
TRBYINU128F4294089,37,15,False
TRBYIUM128F4213CC2,49,21,False
TRBYIUZ12903CEE9F7,83,16,False
TRBYIZA128F147A2D9,28,16,False
TRBYJDC128F92E2B0C,29,10,False
TRBYKTC128F42B9185,727,445,False
TRBYKZL128F42198FF,277,86,False
TRBYLRU128F4275C5F,685,228,False
TRBYMXP128F425A348,219,122,False
TRBYNRI128E0795031,258,152,False
TRBYOJK128F425B4E4,5,5,False
TRBYOKY128F428A597,374,234,False
TRBYPJL128F42800B5,465,345,False
TRBYPKY128F9364F68,14,8,False
TRBYRFR128F930D4DB,385,263,False
TRBYRLY128F427FD77,173,63,False
TRBYROG128F149BCDE,6688,2926,True
TRBYSLP128F147CC94,6377,2448,True
TRBYSQS12903CBA126,2289,619,True
TRBYTCJ12903CB4CAE,3,3,False
TRBYTQP128F92D2B07,95,41,False
TRBYTVE128F93098E7,178,59,False
TRBYVMS128F932C83D,11,2,False
TRBYVNH128F14734B6,13,5,False
TRBYVNN12903CF5E1A,53,16,False
TRBYWSV128F9337BD3,107,21,False
TRBYWTR128F428CEAD,10,10,False
TRBYWUO12903CAA9A9,1221,497,True
TRBYWVC128F930F4FA,358,40,False
TRBYWZQ128F148D042,71,46,False
TRBYXJE128F42912CC,15,7,False
TRBYYBD128F930C5D9,63,32,False
TRBYYRV128F933CB21,82,36,False
TRBYZBC128F427F1A0,9,7,False
TRBYZJD128F933D6DF,394,156,False
TRBYZSV128F42B023B,3760,1032,True
TRBZBTV128F931F5DB,240,131,False
TRBZCGB128F92E1546,221,77,False
TRBZDMX128F934B682,2100,796,True
TRBZDWT128F9315FC6,347,248,False
TRBZEJZ12903CB5315,328,112,False
TRBZFCH128F428871D,467,210,False
TRBZFHG12903CFF677,39,3,False
TRBZFYY12903CC1297,7,5,False
TRBZGBB128F92EF14B,79,38,False
TRBZGGC12903CA7C08,1,1,False
TRBZGXR128F427B26D,26,13,False
TRBZHPO128F147EFD3,975,322,True
TRBZHVK128F1460299,2204,993,True
TRBZIEA128F92DE2D0,305,174,False
TRBZJIA128F4240C83,693,98,False
TRBZJOP128F4259393,15,9,False
TRBZJUP128EF356B05,433,191,False
TRBZKDX128F4255A4A,7110,1098,True
TRBZLOG12903CB78FD,2620,1042,True
TRBZMCR128F145AA04,351,145,False
TRBZNMV128F422AD88,51,29,False
TRBZNVG128F930640B,14,7,False
TRBZNWP12903CF7BD9,34,19,False
TRBZOCI128F92D74C0,30,22,False
TRBZPAI128F932B9F4,4218,857,True
TRBZPMQ128F426A0EE,120,45,False
TRBZQBZ12903CA3164,1,1,False
TRBZQYZ128F934B7DC,3499,684,True
TRBZTNB128F92FEE86,14,12,False
TRBZUFA128F4246BD0,7,5,False
TRBZUPA128F1469D93,53,24,False
TRBZWGT128F931072B,52,28,False
TRBZWKK128F42483C3,7,3,False
TRBZWKR128F4277B36,2,1,False
TRBZWKW128F934C617,254,59,False
TRBZXWG128F1453CC8,532,136,False
TRBZYEE128F92EF884,103,36,False
TRBZYYG128F42591B7,748,345,False
TRBZZIN128F4262758,674,174,False
TRBZZOG128F9314B47,5978,2676,True
TRCABET128F933F01D,47,16,False
TRCABHD12903CB6337,423,245,False
TRCABRN12903CF5920,24,13,False
TRCABVN128F930856E,19,13,False
TRCACCO128E0789D1C,48,12,False
TRCACDI128F934B31F,106,12,False
TRCACEE128EF3685F9,222,204,False
TRCACNA128F9329389,386,113,False
TRCAEJK12903CA727C,296,92,False
TRCAEUQ128F4263F01,757,329,False
TRCAFJM128F933E6C1,1807,943,True
TRCAFNH128F1453C6D,1375,580,True
TRCAFPW128F424E15A,373,186,False
TRCAFWK128F42521A4,697,278,False
TRCAFZU12903CC9AAC,5,3,False
TRCAGOI128F429619E,32,21,False
TRCAJSM128F14650D7,23,6,False
TRCAJVY128F4290E88,1210,344,True
TRCALEF12903D021D3,442,155,False
TRCAMDK12903C95B2A,926,400,True
TRCAMOC128F932D5DB,783,382,False
TRCAOLY12903CC2544,23,10,False
TRCAOQU128F426D348,84,67,False
TRCAPRF128F4256F2A,76,20,False
TRCAQRA128F4286CE4,3107,1075,True
TRCARFJ12903CA4FC4,5,4,False
TRCARSP128F92D426E,3439,1503,True
TRCATOK128F92D6891,7,5,False
TRCAUIX128F4277AD0,1464,613,True
TRCAUYQ12903C9FA1C,41,19,False
TRCAYAV128F4251726,5,3,False
TRCAYJJ128F92D32F7,64,29,False
TRCAZNH128F422AE39,256,145,False
TRCAZTM12903D04290,41,27,False
TRCBBXT128F931B080,619,373,False
TRCBCAH128F92CFC12,330,164,False
TRCBESC12903CFADD9,319,135,False
TRCBICI128F933AB6C,54,18,False
TRCBJHA12903CD4359,222,128,False
TRCBJTG12903CF2212,131,32,False
TRCBMOQ128F4267DF1,239,91,False
TRCBMTE128EF3524F4,10,6,False
TRCBNNN12903CBE060,4,3,False
TRCBOGM128F42376E2,103,46,False
TRCBOTU128F14B0B77,557,288,False
TRCBOVY128F1499EFB,116,45,False
TRCBOWB12903D0A077,49,8,False
TRCBQSZ128F1463E26,333,119,False
TRCBSOO128F425A569,89,36,False
TRCBSQC128F1468934,1165,311,True
TRCBTFL128F423339E,1896,695,True
TRCBTPN128F92E0ADB,11,9,False
TRCBTRQ128F92DDC57,209,59,False
TRCBTWG128F4245744,6,3,False
TRCBUSM128F146A467,433,209,False
TRCBWFL128F93126A6,963,287,True
TRCBWKJ12903D07592,622,221,False
TRCBWLO128F92EB73C,221,72,False
TRCBXKP128F423D472,309,121,False
TRCBYAE12903CCDEA0,2631,931,True
TRCCAPN128F934AE55,2,2,False
TRCCASH12903CB5930,559,201,False
TRCCBQC128F423980A,97,35,False
TRCCBWI128E0784D3E,35,14,False
TRCCDNB128F149520C,80,41,False
TRCCEAF12903CF5C02,8,7,False
TRCCFFI12903CD5AF7,141,87,False
TRCCFKM128F422C702,7,4,False
TRCCHEP128F932DE5F,1,1,False
TRCCHZE128F9326A07,39,24,False
TRCCIHO128F1466B53,184,26,False
TRCCILA128F42BA535,36,25,False
TRCCIPN128F4263D70,39,24,False
TRCCJIV128F932CCA8,421,199,False
TRCCJJG128F42980B7,48,27,False
TRCCJKN128F426E04D,34,17,False
TRCCLBX128F9301777,74,30,False
TRCCOHD128F148C233,776,360,False
TRCCPMW128F429DBA9,22,16,False
TRCCPOT128F9303A2F,91,33,False
TRCCPPF128F1458E7E,2,1,False
TRCCPUL128F4285F96,3490,1147,True
TRCCQON12903CE5BF0,142,77,False
TRCCQPB128F933A39D,214,45,False
TRCCRFR128F92FE2EC,1022,527,True
TRCCRLS128F92E0591,529,305,False
TRCCRQF128E0786B9E,4152,1721,True
TRCCSBT128F428F671,29,17,False
TRCCTUC128F1472A5C,2218,1369,True
TRCCUBA128F424FD05,1730,530,True
TRCCVSE12903CB8D19,506,236,False
TRCCVSJ128F934B8DD,1473,660,True
TRCCWAA12903CE1790,62,29,False
TRCCWIA128F934EF7E,8,4,False
TRCCWPK128F42B36DE,351,166,False
TRCCZWQ128F930900B,383,188,False
TRCDBSQ128F92F02A0,327,217,False
TRCDBYA128F426DA03,22,11,False
TRCDCRD128F42A167A,430,110,False
TRCDCYO128F4276DF3,1786,894,True
TRCDCYU128F148A809,28,11,False
TRCDCZW128E078D504,1144,601,True
TRCDEKI128F14837A1,1284,204,True
TRCDFEQ128F1464CA7,23,10,False
TRCDFSH128F149121C,249,182,False
TRCDGSB128F429EA6C,1688,1339,True
TRCDHBL128F146571C,109,13,False
TRCDIBP12903CB633B,394,222,False
TRCDJKL128F42910A5,8,7,False
TRCDMRL12903CB105C,424,162,False
TRCDMTH128F4257C0C,116,73,False
TRCDMTZ128F148B199,918,416,True
TRCDNWU128F428E4AE,44,15,False
TRCDOFR128F423DF99,429,160,False
TRCDOYG128F429E9A5,303,146,False
TRCDPJL128F92DFE94,7,5,False
TRCDQGA128F93171E9,594,297,False
TRCDQPR128F92F095C,231,119,False
TRCDRFM128F1458E6C,59,18,False
TRCDRLX12903CBECC7,2,2,False
TRCDSAA128E07899F9,258,114,False
TRCDSOV128F42695CE,17,13,False
TRCDUCW128F933A535,21,9,False
TRCDUGY128F4262640,20,12,False
TRCDVRR128F42571CB,13,5,False
TRCDWTE128F9345FE9,431,238,False
TRCDWVW128F14792F0,62,19,False
TRCDYGC128F146F4FA,515,223,False
TRCDZCL12903CB283E,213,86,False
TRCEASC12903CFD0C3,26,15,False
TRCECVD128F9313C63,864,314,True
TRCEECM128EF34DA09,540,259,False
TRCEEDM128F42BA68C,28,15,False
TRCEEON128F92EF2FD,367,115,False
TRCEEWJ12903CCF555,4,3,False
TRCEFPB128F147C1DE,1626,782,True
TRCEFPI12903C98F17,9,4,False
TRCEFVZ128F4283203,2,2,False
TRCEGOJ128F425B050,312,140,False
TRCEGRF128F93064FB,14,10,False
TRCEHPH128F92EB0B4,356,181,False
TRCEHQY128F92F4561,75,55,False
TRCEHSN12903CD6A50,128,29,False
TRCEKZA128F4241811,3001,1131,True
TRCELZK12903CC79BB,11,8,False
TRCEMCR128F422CA42,4,4,False
TRCEMHY12903CBD56C,2657,1226,True
TRCENLH12903CE82B1,1,1,False
TRCENSP128F92EC9B8,1,1,False
TRCEOHL128F427BD64,41,31,False
TRCEPUB128F1453E95,139,100,False
TRCEQEQ128F934B7E4,81,38,False
TRCEQQA128F92F48B5,4095,1251,True
TRCEQSN128F930151F,45,12,False
TRCEQVX128F426B80E,466,201,False
TRCERLN12903CF81C7,796,324,False
TRCESGY128E0780E09,3351,1579,True
TRCESTH128F930B485,264,91,False
TRCETPX128F92E2238,323,175,False
TRCEUPM128F932B421,35,10,False
TRCEVIT128F932BA0E,18302,5475,True
TRCEVKN12903CDC9D5,48,24,False
TRCEWDS128F9326296,88,35,False
TRCEXPO128F42912BD,388,123,False
TRCEXWT128F146509C,55,31,False
TRCEYRI128F9308527,332,103,False
TRCEZXR128F92C4288,2090,860,True
TRCFBCG128F42ACE09,359,231,False
TRCFBHN12903CEDC9C,3,3,False
TRCFCHH128F425979D,231,131,False
TRCFDMM128F14ADCA2,213,103,False
TRCFDPQ128F4231DA1,568,341,False
TRCFEQG128F92E01E7,75,40,False
TRCFFXO128EF35C8AA,43,29,False
TRCFGFE128F92CB357,71,21,False
TRCFGVQ128F1452029,243,150,False
TRCFICX128F92C6592,65,33,False
TRCFJJU12903CDAB5C,8,2,False
TRCFKBD128F934B47F,951,371,True
TRCFLAJ128F42590F6,13,8,False
TRCFLBK128F93155AD,99,46,False
TRCFLPF128E078115B,299,118,False
TRCFMEH128F93324C1,368,69,False
TRCFMEZ128F93005C3,96,64,False
TRCFMPV128F428CFD6,172,32,False
TRCFMSR128F4277E9C,55,19,False
TRCFNMH12903CF8CB0,54,30,False
TRCFOGK128F1497DFE,252,169,False
TRCFOSH128E07938D5,3906,1107,True
TRCFOVX128F92FCF20,33,15,False
TRCFPAB128E0788F7C,170,72,False
TRCFQJO128F92E95FC,2,2,False
TRCFRFJ128F93264C8,4884,2859,True
TRCFRFK128F9310264,960,357,True
TRCFRTP128F930276F,2061,817,True
TRCFTEX128F9302E09,13,9,False
TRCFUSM128F4289C91,63,41,False
TRCFVBI128F4235BD3,841,357,True
TRCFWPV128EF340D4C,391,169,False
TRCFYAF128F42935E5,237,91,False
TRCFYZN128F146ED1E,347,188,False
TRCGAFV128F4232398,767,284,False
TRCGAMO128F92F6ADA,308,107,False
TRCGAVX12903CFBC61,3219,1234,True
TRCGCLY128F4213CAD,596,161,False
TRCGCXM128F931A0F4,642,275,False
TRCGDAT128F42A10AB,214,43,False
TRCGEYB128F92FED6C,356,268,False
TRCGFBK128F92EC89D,57,18,False
TRCGGFQ128F4292407,3,3,False
TRCGGGM128C71964BA,139,48,False
TRCGGQA128F4292BC4,1252,371,True
TRCGGTO12903CDA5DE,3503,1114,True
TRCGGXV128F428D866,80,36,False
TRCGHSK128F42AE74E,600,286,False
TRCGIND128F423B168,751,397,False
TRCGIUA128F429674B,53,14,False
TRCGJKV128F14B084F,354,198,False
TRCGLZX128F1469FFC,160,96,False
TRCGNAX128F9304092,13,6,False
TRCGOMB128E0783885,5,4,False
TRCGOUH128F427A3F5,961,444,True
TRCGQDA128F42B9697,98,55,False
TRCGRMU128F92E1519,43,17,False
TRCGROH128E0785022,215,104,False
TRCGSFP128F4232473,249,90,False
TRCGUKJ128F1495C81,31,15,False
TRCGVGK128F422AD45,45,26,False
TRCGXSS128E07819CC,1334,475,True
TRCGXTQ128F931AD86,247,65,False
TRCGXVB128E07845ED,43,25,False
TRCGXXW128F145E1A0,1316,515,True
TRCHACX128F92DE2D5,353,164,False
TRCHBZS128F92C44C6,720,207,False
TRCHDKY128F42356BE,3,3,False
TRCHFIQ128F9336C9D,1462,520,True
TRCHFYN128F425A2D9,1,1,False
TRCHFZF128F426BAB2,167,70,False
TRCHGCP12903CB0D07,425,190,False
TRCHGTU128F429BB05,2380,1001,True
TRCHIDJ128F42B36E4,274,116,False
TRCHIGV12903CE3131,185,59,False
TRCHJBJ128F92FF514,19,14,False
TRCHJGP128F930AB35,385,169,False
TRCHLON12903CC82F3,23,5,False
TRCHMDU128F4260A88,5,4,False
TRCHMQK128F42742A0,4392,1446,True
TRCHMZW128F935A644,293,201,False
TRCHNDB12903CBAA0D,30,10,False
TRCHOAT128F4298AB6,482,348,False
TRCHPYX12903CB5DBC,22,11,False
TRCHQFA12903CA82FF,145,76,False
TRCHQNC12903CDD136,7,7,False
TRCHQWQ128F92FA037,752,354,False
TRCHRZP128F4270C77,93,58,False
TRCHSFC128F14682FC,175,115,False
TRCHTIG128F42733AE,2021,911,True
TRCHTQM12903CBDAD2,31,17,False
TRCHUKY12903CAC739,26,16,False
TRCHUVP128E0788C68,121,82,False
TRCHVTQ128F42397E7,32,12,False
TRCHXPX12903CBFA2B,1480,527,True
TRCHXWM128F932A9ED,26,9,False
TRCHYZB128F425ECE1,281,123,False
TRCHYZC128F4262648,2,2,False
TRCHZAE128F934B327,19,17,False
TRCIAFD128F426CA41,736,311,False
TRCIBMG128EF34DA0C,400,214,False
TRCICDD128E0793854,621,461,False
TRCICQY128F92E4EE1,1762,828,True
TRCIDBY128EF34C106,7,7,False
TRCIDYR128F932A715,78,25,False
TRCIEUG128E0788C63,120,87,False
TRCIFDQ128F428E45F,925,537,True
TRCIGJR128F425A904,5,3,False
TRCIGRF12903CD124A,18,11,False
TRCIGYX128F92FFA12,44,33,False
TRCIHFM128F148C3B9,80,50,False
TRCIHJP12903CE27ED,104,45,False
TRCIIAD128E07993BF,1608,884,True
TRCIIUA128F93652FB,5691,1670,True
TRCIJPG128F9315FFD,1063,416,True
TRCIJYW128F424AAAD,3713,1301,True
TRCIKPH12903CCBDB3,325,124,False
TRCINFH128F92D3CCF,960,562,True
TRCINLT128F9329372,88,30,False
TRCINWH128F42736B4,1959,741,True
TRCIOHY128E07823AB,73,28,False
TRCIOSY12903CEDDB4,65,3,False
TRCIOVJ128F429EB51,1742,1399,True
TRCIOZN128F427DFCA,1,1,False
TRCIPOY128F9313B7D,24,5,False
TRCIPQW128F92F8F3F,275,101,False
TRCIQEH128F1471812,50,23,False
TRCIQYP128F42AC5A3,365,144,False
TRCISEX128F423EF2E,172,102,False
TRCISPC12903C9F1F8,385,175,False
TRCITGL128F92F6F00,41,12,False
TRCITNG128F92F5404,1002,522,True
TRCITQN128E078471C,1153,663,True
TRCIUGE128F42911F5,74,32,False
TRCIVEU128F9305648,221,88,False
TRCIVRX128F147742F,221,75,False
TRCIVWB128F92FDBB3,20014,7832,True
TRCIWNZ128F9331D67,2398,1344,True
TRCIWSN128E07813EF,1556,831,True
TRCIXZO128F1485B69,204,172,False
TRCIYXP128EF34390C,1923,758,True
TRCIZJH128F92F302E,2,2,False
TRCIZLI128F92EA308,141,75,False
TRCIZYP128F933A742,1599,740,True
TRCJAHJ128E07815B6,15165,3568,True
TRCJBJZ128F423DEEF,22,13,False
TRCJCFH12903D03323,8,8,False
TRCJDEU128F42579BA,109,43,False
TRCJHPA128F429EC0F,197,109,False
TRCJIBG12903CE0B9C,1,1,False
TRCJIDI12903C95505,260,158,False
TRCJIDJ128F9335222,26,16,False
TRCJKGN128F4262050,1101,284,True
TRCJKJI128F92EA2B2,96,44,False
TRCJKNR128F9302F84,652,304,False
TRCJLOX128F4221761,3,2,False
TRCJMKL128F428C8BE,53,27,False
TRCJNLY128F930DA62,7,3,False
TRCJNNV128F42B9177,589,297,False
TRCJOET128F14AE34E,138,45,False
TRCJOWQ128F92FA184,23,11,False
TRCJPDM12903CF253E,164,62,False
TRCJPGW128F92DDDA2,6208,4000,True
TRCJPQR128F92E38D0,1644,502,True
TRCJPXF128F4279624,2,2,False
TRCJQJG128E0782499,214,118,False
TRCJRCM128F934C500,15,9,False
TRCJRVR128F422AC97,111,53,False
TRCJTDH128F4243373,22,15,False
TRCJTFX12903CD9698,114,28,False
TRCJVDP128EF34C101,28,20,False
TRCJXCF128F92DD222,51,20,False
TRCJXXW128F4240E10,9,7,False
TRCJXYX12903CDEC10,66,33,False
TRCKARC128F92EA2C8,679,371,False
TRCKARW128F42659CF,894,284,True
TRCKAVC12903CDAF1B,64,35,False
TRCKBDE128F92FE21B,23,11,False
TRCKBJQ128F92F8914,47,32,False
TRCKCEZ128F4294865,6,4,False
TRCKCMI128F148A1BB,158,103,False
TRCKCNA128F1458C4E,154,78,False
TRCKCWC128F425DCF1,359,212,False
TRCKCYK128F145FD4C,120,43,False
TRCKDUB128F4293129,651,520,False
TRCKEBK128F427AFB6,14,12,False
TRCKESZ128E07912CF,344,129,False
TRCKEUG128F92F2C69,460,167,False
TRCKFFQ128F92E75D6,379,208,False
TRCKFPJ128F933C889,562,251,False
TRCKFQZ128F4230F19,854,527,True
TRCKGHM128F42BA4B6,270,112,False
TRCKHAO128F931C225,28,17,False
TRCKHZL128F4296AD2,20,13,False
TRCKINQ128F1458737,583,142,False
TRCKJOQ128F9332477,157,79,False
TRCKKEO128F42269F9,864,516,True
TRCKLDK12903CEA5A9,1405,630,True
TRCKMYJ128F4249BFF,21,12,False
TRCKNYJ128F93261C7,495,334,False
TRCKOIR128F93245AB,82,61,False
TRCKPSF128F148A1B1,148,97,False
TRCKQST128E0789141,787,412,False
TRCKQXC128F42796BF,7190,2671,True
TRCKRAC128F148F422,3803,1065,True
TRCKRPA128F933AD60,1612,610,True
TRCKSNJ12903CCC3D2,1744,617,True
TRCKSOL128F4281DAA,793,227,False
TRCKTDI128E078EE4A,340,201,False
TRCKUCV128F92FE7DE,669,241,False
TRCKUKV128F9337F61,7,4,False
TRCKUPW128F932AA2A,443,73,False
TRCKUSP12903CBC589,39,20,False
TRCKVXJ128E07926FE,505,281,False
TRCKWGF12903CD2DCD,54149,16717,True
TRCKXRA12903CDAAA7,8,5,False
TRCKYXL128F423EE1F,362,124,False
TRCLAMQ128F9329354,1232,405,True
TRCLAMT12903CFA1CF,47,34,False
TRCLBDZ128F92CFDA3,265,157,False
TRCLDJY128F4290E7D,381,159,False
TRCLGHK128F425829B,47,35,False
TRCLGNX128F1467340,2838,905,True
TRCLGPC128F146CC16,3769,1073,True
TRCLHLH12903CBE3E5,60,24,False
TRCLLPB128E0791891,586,261,False
TRCLNFX12903CC645A,12,7,False
TRCLNOK128F931938D,691,315,False
TRCLOOT128F92F27DA,1525,489,True
TRCLQIM128F93334DB,235,85,False
TRCLQRV128F1488432,97,41,False
TRCLSJB128F92E8BAF,58,36,False
TRCLTFN12903CB30C6,5,5,False
TRCLTSS128F42583F5,125,23,False
TRCLVWN128F147387E,7,3,False
TRCLXEB128F9321858,24,12,False
TRCLYDW12903CF4256,342,170,False
TRCLYHT128F1495698,64,25,False
TRCLYRC128EF3432FC,11,11,False
TRCLYRC128F146E9A9,5142,1537,True
TRCLYUJ128F932F490,2001,904,True
TRCLZMS128F42559CB,55,35,False
TRCLZRL128F92F9032,43,25,False
TRCLZRQ128F422A819,163,70,False
TRCMAAF128F9351CD0,2359,917,True
TRCMAAT128F427EFB5,36,20,False
TRCMAVM12903CF5E39,208,109,False
TRCMDDY128F4263007,27,9,False
TRCMDSP128F4284784,320,100,False
TRCMDUT128F4263793,5,5,False
TRCMEFW12903CA81FF,23,12,False
TRCMEIY128F9336E8E,49,13,False
TRCMEYQ128F92C3A69,24,11,False
TRCMFWX128F9337D55,11,4,False
TRCMGVY128F42AC948,1495,738,True
TRCMGWZ128F427AD41,40,15,False
TRCMHJS128F9326FFD,3,3,False
TRCMIFV128F930CC17,8,5,False
TRCMJBV128E078DF30,975,378,True
TRCMJGD128F9324693,5217,1346,True
TRCMJLX128F92F8F3B,284,164,False
TRCMJUR128F932DF69,37,8,False
TRCMLOO128F423C33D,5847,2233,True
TRCMNCO12903CB063F,5,1,False
TRCMOOQ128F422B3F9,15,8,False
TRCMORO128F428211C,87,41,False
TRCMPPK128EF363C48,650,341,False
TRCMPSG128F14675E8,914,201,True
TRCMPWF128EF365F64,211,68,False
TRCMRNT128F423E60D,578,229,False
TRCMSWJ128F42ACB93,802,332,False
TRCMTEO128F931DBA8,4023,2031,True
TRCMTOK128F92DEF8E,45,30,False
TRCMUDX128F4287E43,2058,960,True
TRCMVCN128F149D94C,104,33,False
TRCMWAS128F9308982,2,1,False
TRCMXWA128F92CB6D0,3388,1356,True
TRCNBZT128F14910A5,293,110,False
TRCNCYR128E078F4C2,166,114,False
TRCNDXG128F42B8CDD,2673,1481,True
TRCNEDU128F424F983,13,11,False
TRCNEDW128E078EC17,3468,1261,True
TRCNFRE12903CC2DBF,27,8,False
TRCNIME128E0799376,5438,1896,True
TRCNIVW128F933A567,55,21,False
TRCNJIP128F92D49EB,1144,460,True
TRCNMCI128F92F37F8,4,2,False
TRCNMIU128F14582F3,84,18,False
TRCNMPB128F4284832,460,106,False
TRCNNSU128F92EB728,20,15,False
TRCNNYS128F4248A5A,8,8,False
TRCNOHJ128F930108D,58,31,False
TRCNPSR128F425826F,17,16,False
TRCNQFP128F427E293,133,62,False
TRCNSMU128F4288AAE,227,102,False
TRCNTTR128F934D59E,206,107,False
TRCNTZF128E0798A4F,43,33,False
TRCNTZT128F426B3A7,47,19,False
TRCNUPQ128F933EBBC,2160,260,True
TRCNVNY128F932DFB5,103,62,False
TRCNWVC128F92E990C,90,44,False
TRCNXCX128F9317994,498,227,False
TRCNXKN128F424C056,1142,404,True
TRCNXTQ128F93158EE,141,119,False
TRCNXWR128E078EF12,208,85,False
TRCNYSQ12903CB78AE,187,91,False
TRCNZBQ128F930868F,120,61,False
TRCOBAJ12903CD1EB9,1179,476,True
TRCOBGC12903CDB28D,15,13,False
TRCOBIZ128F932E505,164,67,False
TRCODGA128F92DD23A,9395,2553,True
TRCOEFQ128F92FCE49,320,111,False
TRCOEKO12903CF81FB,355,137,False
TRCOETJ128F14530AA,3237,1328,True
TRCOFIC128F93173C1,11086,4581,True
TRCOFKQ12903CDA206,287,114,False
TRCOGAY12903CF1365,25,8,False
TRCOLZV128F1453AD8,3358,1341,True
TRCOMIG128F148FE2D,600,314,False
TRCOOIL128F92CC822,1,1,False
TRCOOKP128F422C72E,7,3,False
TRCOQNP128F4286B16,77,53,False
TRCOQWN128F933C403,29,14,False
TRCOQXG128F92F8916,54,36,False
TRCOSFN128F426D2F3,8,6,False
TRCOSXR128F933CDC9,187,112,False
TRCOTBV12903CFB7A2,313,128,False
TRCOTKK128EF3449AC,32,13,False
TRCOTYV128F14722BB,17,5,False
TRCOUEF128F426CA47,1102,458,True
TRCOUGS128F4239804,135,34,False
TRCOVKU128F42B96B6,34,28,False
TRCOVLC128F92EC760,45,14,False
TRCOVYT128F9316A9D,1025,844,True
TRCOXEA12903CAF5E6,3036,1242,True
TRCOXFU128F42AA942,298,89,False
TRCOZBU128F9350E64,70,30,False
TRCOZVB128F92E50A8,27,16,False
TRCPAUI128F4277EA2,34,16,False
TRCPBGQ128F934C506,70,22,False
TRCPBXJ12903CACB98,32,12,False
TRCPCHH12903CE7C90,333,157,False
TRCPCJM12903CBECD4,8,5,False
TRCPCWN128F1489B04,178,63,False
TRCPDSP128F9330F3A,5,3,False
TRCPGTX128F424CDF5,603,403,False
TRCPIZP128F93221A5,5,5,False
TRCPJDL12903CD0B3D,38,23,False
TRCPJPO128F4266B9C,137,62,False
TRCPJTR128F4259E53,5,4,False
TRCPJYS128F42725DC,11,9,False
TRCPKFW128F428079C,7,2,False
TRCPKWS128EF33EF34,80,30,False
TRCPLBQ128F42A8266,84,43,False
TRCPLBX128F42950E2,16,2,False
TRCPLDY128E0791F79,9018,5111,True
TRCPLDZ12903C9F084,2,1,False
TRCPLHC128F92EC1FE,1633,615,True
TRCPLHF128F14595AE,1508,858,True
TRCPLOT128F92C7932,55,20,False
TRCPLWT12903CDA6F0,11,8,False
TRCPLYJ128F933CB5B,766,191,False
TRCPLYW128F4264470,11,5,False
TRCPMED128F422F7C3,197,77,False
TRCPMPN128F429D923,7,3,False
TRCPMVK128F148AE5A,125,87,False
TRCPMZB12903CEC4AD,217,75,False
TRCPNAQ128F9341C09,38,12,False
TRCPNCL128EF34DE2A,7,4,False
TRCPNDE128F4288BFA,21,3,False
TRCPNJC128E078167D,134,63,False
TRCPNKB12903CF2385,738,433,False
TRCPOAD12903CB04A4,297,93,False
TRCPOFC12903CE691D,642,238,False
TRCPOFI128E07989B1,60,18,False
TRCPOMH128F4295A70,315,156,False
TRCPOYO12903CD2A46,904,376,True
TRCPPEH128F92D2237,9,4,False
TRCPPIH128F934506D,634,303,False
TRCPPNK128F42AFD4B,14,5,False
TRCPPUL128F4294CEB,57,38,False
TRCPQCL128F146978B,876,564,True
TRCPQMA128F426E854,1,1,False
TRCPQTP128F92F22B2,16,5,False
TRCPQTS128E078A9F8,144,93,False
TRCPQVU128F92E723C,2069,776,True
TRCPRBI128E078AB87,5,1,False
TRCPRDM128F9302587,997,416,True
TRCPRDX128F9331862,7,5,False
TRCPRMO128F932A14C,39,14,False
TRCPRQS128F147A5E1,15276,3840,True
TRCPRQY128E0781EBF,269,87,False
TRCPRRF128F42787D7,4,2,False
TRCPRSQ128F426B2AD,15,8,False
TRCPRYI128F932245A,2,1,False
TRCPSDM12903CE7845,53,38,False
TRCPSDW128E0789AAE,2428,879,True
TRCPSEE128F934BC20,641,135,False
TRCPSGH12903CFEE7A,16,4,False
TRCPSKR128F9339097,779,383,False
TRCPSXN128F92EC404,31,13,False
TRCPTCD128F424D0A0,32,23,False
TRCPTEO128F92E0176,845,358,True
TRCPTFK128F423A176,110,42,False
TRCPTSV12903CD1485,3,3,False
TRCPUIV128E079280D,656,266,False
TRCPUUD12903CB4229,136,17,False
TRCPUVF128F423510E,15,5,False
TRCPUWB128F421E47A,275,65,False
TRCPVAF12903CF7722,54,17,False
TRCPVBH128F426438E,49,3,False
TRCPVYT128F9329533,5,3,False
TRCPVYV128F146CB51,501,208,False
TRCPWKN128F1460B7E,41,20,False
TRCPWLH128F425BD79,250,91,False
TRCPWNC128F422C10A,11,9,False
TRCPWNX128F933A86F,587,175,False
TRCPWQW128F426FA9F,32,3,False
TRCPXID128F92D5D3C,91461,30057,True
TRCPXNE128F42503ED,43,5,False
TRCPXPB128F423EA6A,18366,5149,True
TRCPYAN128F424D7D4,1,1,False
TRCPYVZ128F9330FCD,489,233,False
TRCPYWE128F428E273,100,43,False
TRCPZFE128EF34A94B,109,62,False
TRCPZGY128F428BCBA,1391,637,True
TRCPZPM128F4280658,26,13,False
TRCPZQJ128F4241974,13,9,False
TRCPZUE128F931B6E2,143,95,False
TRCPZYY128F933EF2E,238,104,False
TRCQABD12903CE53CF,12,8,False
TRCQAEF128F4223EF2,161,25,False
TRCQAIN128F42671AE,1,1,False
TRCQAZW128EF3439E5,5079,1001,True
TRCQBCC128F1470913,346,94,False
TRCQBDV128F9317160,1046,933,True
TRCQBJZ128F426353F,7,2,False
TRCQBYJ128F145217A,63,26,False
TRCQBZJ128F934FF24,168,79,False
TRCQCKL128F146FA6D,83,35,False
TRCQCXA128E07889CF,2,2,False
TRCQDBL128F422BB88,485,373,False
TRCQDIK128F92FEB76,2,2,False
TRCQDUL128F427927B,1383,562,True
TRCQDWE128F4213DE0,5,1,False
TRCQEAR128F42634EA,96,35,False
TRCQEDN128F42A65CF,562,119,False
TRCQEDW128E078F467,860,508,True
TRCQEKV128F933A2F3,56,29,False
TRCQFJI128F4284EEE,7488,2628,True
TRCQFON12903D0C50D,32,5,False
TRCQFUP12903CEF999,1458,492,True
TRCQGDA128F429F7F0,290,193,False
TRCQGGK12903CC3616,409,190,False
TRCQGHH128F42A373E,41,28,False
TRCQGSZ128F4258CCB,203,96,False
TRCQGXE128F92F903C,285,156,False
TRCQHDW12903CFEBCD,185,23,False
TRCQHMO128F92EC48C,101,38,False
TRCQHXN12903CCB52C,360,124,False
TRCQICZ128F931C333,116,50,False
TRCQIEA128F9303E25,2,1,False
TRCQIII128F92DC828,157,103,False
TRCQIKZ128F92D8A34,7,6,False
TRCQIXK128F148D15C,31,16,False
TRCQJAX128F92C5A87,3518,1107,True
TRCQJFT128F429F7DC,635,277,False
TRCQJLA128F9306DEC,1,1,False
TRCQJXY128F428ECBE,620,317,False
TRCQKEZ128F933F180,111,62,False
TRCQKWZ128F933A30C,2416,791,True
TRCQLDE12903D10AF1,2,1,False
TRCQLFU12903CC84C8,7,4,False
TRCQLHW128F14979A8,235,109,False
TRCQLIU128F933D1FC,4,3,False
TRCQLQD12903CFCA1C,369,95,False
TRCQMPL128E07819F0,303,99,False
TRCQNHL128F4283B83,72,46,False
TRCQNKF12903CB507B,1779,894,True
TRCQNPN128F4246389,48,2,False
TRCQNPV128F931B8C0,5,5,False
TRCQNTV128F9347D8C,13,7,False
TRCQNWN128F92EA07D,27,15,False
TRCQOLO128F42B9CFC,229,150,False
TRCQOMM12903CEA78F,13,8,False
TRCQOSA12903CF3F72,607,381,False
TRCQOSJ128F931B044,144,71,False
TRCQOUH128F92F99A2,6,4,False
TRCQPES128F9317C88,2482,382,True
TRCQPIJ12903CDCF4F,253,102,False
TRCQPKS128F428EE19,36,29,False
TRCQPKX128F4284E46,154,91,False
TRCQPNW128F424E45D,36,10,False
TRCQPPA128F423EA73,1184,562,True
TRCQPQJ128E0789138,1356,650,True
TRCQPVW12903CB2499,39,16,False
TRCQPYE128F4259B7C,109,61,False
TRCQQHV128F932D173,13,8,False
TRCQQLR128F9342D6C,1068,332,True
TRCQRPC12903CE9A43,2,2,False
TRCQRSY12903CD7364,269,123,False
TRCQRWT128F92E494F,7368,3337,True
TRCQSDA12903CBB3EB,2828,1094,True
TRCQSGB128F9325176,42,27,False
TRCQSIY12903CD3C84,158,25,False
TRCQTES128F4294297,308,117,False
TRCQTFS128E0783FE3,742,313,False
TRCQTIO128F9331962,11,8,False
TRCQTIY128F425A50A,1447,539,True
TRCQUBL12903CB2426,49,21,False
TRCQUDU128F428DEBF,411,194,False
TRCQUPB128F423F012,270,90,False
TRCQUVK128E078E9B3,54,38,False
TRCQUWE128F427EF8F,2475,1425,True
TRCQVHR12903D0165A,46,30,False
TRCQVKL128F92EA2AD,52,35,False
TRCQVML128F932E4C3,33,11,False
TRCQVMV128E0798A2B,19,5,False
TRCQWDP128F4282158,34,21,False
TRCQXHR128F42A6BE5,215,108,False
TRCQXNW128F42913CF,65,26,False
TRCQXUV128F4258594,23,11,False
TRCQYBK128F92C6AF5,1377,581,True
TRCQYFA128F92F60D7,7,2,False
TRCQYJE128E078FA49,18195,7019,True
TRCQYLI128F92F5B8C,13,7,False
TRCQYXI128F42AD936,100,52,False
TRCQZGN128F1482BC9,33,19,False
TRCQZIA12903CFCEBA,330,157,False
TRCQZUE12903CD07A4,547,146,False
TRCQZXN128F14A2417,1,1,False
TRCRAHC128F4296017,15,8,False
TRCRAXI12903D01643,3,3,False
TRCRBBS12903CE5FC0,3995,747,True
TRCRBGE128F1456C98,53,24,False
TRCRBPE128F4293376,2197,1411,True
TRCRCBT128F4260DD1,58059,19377,True
TRCRCCX128F931FFBD,19,11,False
TRCRCDP128F14AB1E5,248,82,False
TRCRCFV128F425550D,213,156,False
TRCRCGM128F92DE610,29,5,False
TRCRDFA128F428194D,194,78,False
TRCRDKB128F935FB0E,2,2,False
TRCRDNE128F42A06E2,35,15,False
TRCRDSB128F92C701A,1268,582,True
TRCRDVM128E07939CE,352,102,False
TRCRDXW128F42A22DA,677,272,False
TRCRDYP128F934C2E3,17,13,False
TRCREIE12903CEB22D,23,7,False
TRCREJV128F1455A4B,346,150,False
TRCRFAC12903CA718E,217,99,False
TRCRFMM128F4295F5F,23,11,False
TRCRFWA128F149A77E,97,39,False
TRCRGBG128F4271B37,109,33,False
TRCRGDV128F4292357,1618,583,True
TRCRGEP128F9330CD0,5,4,False
TRCRGXZ12903CC43B2,13,12,False
TRCRHAX128F424B45A,4,3,False
TRCRHHN128F4214DB1,36,9,False
TRCRHII128F427233E,17,11,False
TRCRHNG128F427084F,8,2,False
TRCRHXB128F4284B0C,73,21,False
TRCRIKB128F931AFC5,723,339,False
TRCRILW128F428AC12,2168,979,True
TRCRILZ12903CF1D76,5,5,False
TRCRITY128E0795F94,54,22,False
TRCRIYS12903CDE0CF,14,5,False
TRCRJGI128F9329076,73,35,False
TRCRJML12903CADF59,9,4,False
TRCRJOU128F422D93D,21,14,False
TRCRJSO128F9306488,13,8,False
TRCRJXI128F425ACF2,3345,734,True
TRCRJZG128F9345AFB,49,15,False
TRCRKUN128F422AD79,1,1,False
TRCRKWA128F92F4587,405,170,False
TRCRKYP12903CB4612,8,3,False
TRCRLAR128F4227C2D,152,103,False
TRCRLEO128F92FB7BB,40,14,False
TRCRLFH128F9348F4B,173,46,False
TRCRLNB128F92C1F5D,986,186,True
TRCRLST128F14530C9,8,5,False
TRCRLWW128F428C40F,69,27,False
TRCRMVJ12903D022DB,121,57,False
TRCRNIP128F428A2EC,32,5,False
TRCROEE12903CA7C76,14,9,False
TRCROIG128F9315C17,7,6,False
TRCROLE128F4263072,2,1,False
TRCRPBP128F93548C8,11,6,False
TRCRPTM128F932EFFC,202,91,False
TRCRQEJ128F428DA4A,274,102,False
TRCRQFE12903CA6BB3,20,8,False
TRCRQRD128F42B0DD8,199,82,False
TRCRQRQ128F4262673,25,16,False
TRCRQZO12903CD1733,66,50,False
TRCRRKW128F92F74EE,97,9,False
TRCRRQO128F9302F71,2493,622,True
TRCRRVX128F93223FD,57,7,False
TRCRRZW128F426FAD9,1,1,False
TRCRSAS12903CC6811,3340,1030,True
TRCRSEU128F42355F2,274,98,False
TRCRSMG128F932DBD3,14,7,False
TRCRSTL128F42459E6,7,5,False
TRCRTVA12903CE9B7A,34,17,False
TRCRTYX128F92FAD60,22,11,False
TRCRUIN128E078E0BC,58,15,False
TRCRULC128F930A1A9,34,11,False
TRCRUNC128F1464CD1,27,14,False
TRCRVBV12903CDF0D2,57,32,False
TRCRVML128F92E21AF,9,4,False
TRCRVRF128F932CC8E,2,1,False
TRCRVVB128F147D5AE,712,121,False
TRCRWHC128F92C260B,13880,4151,True
TRCRWLY128F425739F,90,64,False
TRCRWRS128F425B98F,2693,1173,True
TRCRXKD128F9344C39,1277,522,True
TRCRXTV128F4226906,1,1,False
TRCRXXP128E079898E,135,40,False
TRCRYCG12903CD2830,19,5,False
TRCRYHB128F423AEA0,338,170,False
TRCRYMI128F92E7D37,469,264,False
TRCRYOS128F428DCBA,31,10,False
TRCRYZP128F149293A,651,317,False
TRCRZJT128F4285C57,114,27,False
TRCRZWW128F426A0EA,115,54,False
TRCSACP128F92F913D,1804,696,True
TRCSACU128F42ACEAB,17,13,False
TRCSAFM128F14992E8,34,22,False
TRCSALV128F42987C1,61,24,False
TRCSBKA128F429D392,39,13,False
TRCSBUG128F422318C,453,194,False
TRCSBVF128F93513C1,26,13,False
TRCSCEL12903CEA9AC,212,79,False
TRCSCHA12903CB25A8,43,30,False
TRCSCNE128F1452133,502,164,False
TRCSCPX128F9303BE9,1646,834,True
TRCSDNK128F421D299,232,51,False
TRCSDTI12903CDD70F,31,16,False
TRCSEPE128F428A8BB,13,6,False
TRCSESB128F931E79A,426,230,False
TRCSETO128F429B069,95,38,False
TRCSFEK128F42AB3CC,52,25,False
TRCSFFN128F92CE208,742,268,False
TRCSFKT128F426F5F7,330,220,False
TRCSFUU12903CF1080,1609,519,True
TRCSGAV128F4292386,8,8,False
TRCSGHU128F424E959,9,7,False
TRCSGRK12903CA14F0,11,4,False
TRCSGXW128F92F3E67,995,629,True
TRCSHVD128F426C67A,1529,960,True
TRCSIFU128F92EBEAC,8,7,False
TRCSILA128F931E428,1287,435,True
TRCSINE12903D0815A,145,77,False
TRCSIZG128F9329CCD,881,343,True
TRCSJAC128F935151B,22,18,False
TRCSKIA128F4287D29,33,10,False
TRCSKIW128F14AE7B9,68,31,False
TRCSKJC128F42BAA2F,102,36,False
TRCSKKO128EF33DD14,48,20,False
TRCSKUH128F93377AF,284,119,False
TRCSKYH12903D06393,13,4,False
TRCSLRZ128EF35B7EF,20,18,False
TRCSMIR128F145CD81,20,19,False
TRCSMNZ128F4238ECA,89,49,False
TRCSMRS128F9338695,87,4,False
TRCSMTD128F9307C0E,1017,295,True
TRCSNFW12903CEB578,288,170,False
TRCSNGK12903D0AD05,68,33,False
TRCSNKA128F4298F10,2958,1154,True
TRCSNMB128F93103E5,1,1,False
TRCSNMM128F92F69BA,165,69,False
TRCSNWY128E07818B9,110,39,False
TRCSOHC128F42A36A1,26,13,False
TRCSOOX128F423EDE7,191,35,False
TRCSOTM128F92F0356,91,39,False
TRCSPHY128F92F8F14,23,17,False
TRCSPKF12903CD34D7,4,2,False
TRCSPPG128F42558C4,18,13,False
TRCSPYT12903CE065F,19,5,False
TRCSPZM128F1472818,479,233,False
TRCSQBI128F932CCAF,28,18,False
TRCSQNT128F9333F2A,62,9,False
TRCSQOC128F92E4433,51,17,False
TRCSQXN12903CE865B,70,28,False
TRCSRBF12903C9CD7E,54,16,False
TRCSRYO128F92F82CD,76,30,False
TRCSSQB128F428AE18,45,26,False
TRCSTDZ12903CE965A,52,21,False
TRCSTHH128E0781EB2,615,380,False
TRCSTKO12903C9A569,805,210,False
TRCSTMF128F92CA775,138,90,False
TRCSTYH128F42A27B8,208,62,False
TRCSVEQ128F4226132,42,33,False
TRCSVKG128F42365CC,653,367,False
TRCSVVL128F92C40B9,208,58,False
TRCSWBY12903CFB71C,62,33,False
TRCSWGN128F427C764,424,167,False
TRCSWOJ128F149F022,91,46,False
TRCSWPI128F429EB8C,514,258,False
TRCSXHR128F931CE31,1343,535,True
TRCSXPY12903CDF897,75,30,False
TRCSXRH128EF34F05E,132,62,False
TRCSYDW128F428B939,7,3,False
TRCSYZY128F93365E1,834,186,False
TRCSZJH128F4270FD1,328,187,False
TRCSZKA12903CA0E4C,635,240,False
TRCTBCL128F931C0EB,60,38,False
TRCTBGJ12903CEA11C,12,7,False
TRCTBJR12903CEC34C,43,23,False
TRCTBUN128F428C8C4,60,32,False
TRCTDHY128C719671A,31,10,False
TRCTDQW128F14A46A4,329,136,False
TRCTDUO128F425E0EF,18,7,False
TRCTDWH128E078913D,112,54,False
TRCTEKT128E07921C9,29,15,False
TRCTERY12903CA26AD,15,8,False
TRCTEZK128F9309B15,55,10,False
TRCTFBL128F42934F3,145,83,False
TRCTFDS128E0794367,647,166,False
TRCTFEM12903CE53CF,80,22,False
TRCTGNR128F932CCC3,54,19,False
TRCTGRE128F930B849,219,105,False
TRCTHZD128F934B6A9,8,5,False
TRCTISE128F1483314,49,29,False
TRCTIWL128F9339989,1179,365,True
TRCTJGH128F9328458,14,9,False
TRCTJJN128F1461F0A,6422,2099,True
TRCTJLU128F1475D30,14,10,False
TRCTKDR12903CC2780,403,170,False
TRCTKOA128F93096E8,128,70,False
TRCTKQY128F93068C7,4,3,False
TRCTKWQ12903CAF463,11,2,False
TRCTLQK128F9355F31,2668,732,True
TRCTLRN128F428D5E4,10,4,False
TRCTLZY128F931DC8A,525,180,False
TRCTMGX12903CCBB74,156,55,False
TRCTMHI128F932464E,17,10,False
TRCTMJS128F92D1737,41,8,False
TRCTNIA128F92DE2CE,1027,332,True
TRCTNRL128F4287DA1,499,199,False
TRCTNTQ12903CDCAB7,78,14,False
TRCTNYT128F9302A59,141,45,False
TRCTPJN12903CF1C46,19,13,False
TRCTPLE128E0792959,1241,422,True
TRCTPOH128F147A2F5,45,21,False
TRCTPSE128F14AB325,2064,881,True
TRCTPTG128E07824B9,138,101,False
TRCTPXU128F4293812,3,2,False
TRCTQAR12903CF7C67,190,47,False
TRCTQDM128F4263321,74,21,False
TRCTQEK12903CDE01D,295,79,False
TRCTQFT128F42B91DC,728,285,False
TRCTQLI128F4279719,1,1,False
TRCTQWZ12903CB2B8D,34,13,False
TRCTRKL128F92EFF0D,299,140,False
TRCTRLK128F42370B0,10,9,False
TRCTRVT12903CC14C5,35,12,False
TRCTSAR128F9306235,1490,603,True
TRCTSHN12903CB627F,2,1,False
TRCTSJA128EF35C788,144,69,False
TRCTSMD128E07993C9,1611,944,True
TRCTSUY128F934E30F,6,3,False
TRCTSVN128F423C31E,9816,3439,True
TRCTSYP128F4292227,19,6,False
TRCTTGB12903CB09A7,2,2,False
TRCTTTR12903CEBBA2,1,1,False
TRCTUTA128F93213D6,402,116,False
TRCTUYV128F9337908,1079,493,True
TRCTVCP128F92D1823,50,20,False
TRCTVHV128F428B069,28,12,False
TRCTVPU128F425F32C,213,90,False
TRCTVPZ12903CE4E13,106,63,False
TRCTVQB128F14652D5,64,18,False
TRCTVSL12903CEEED2,94,71,False
TRCTVYO128F427220D,104,58,False
TRCTWIU12903CE6B89,25,16,False
TRCTXIG128F424CCD5,15,5,False
TRCTYEV128EF340A8C,4,3,False
TRCTYEY128F428E848,2284,1219,True
TRCTYHN128F92FE2D2,422,187,False
TRCTYHS128E0786080,66,26,False
TRCTYLH12903CF23CD,1,1,False
TRCTYMP12903CE3EA8,16,6,False
TRCTYNZ128F426A9CB,249,56,False
TRCTYQN128F424CA0E,12,5,False
TRCTYRJ128EF343741,210,115,False
TRCTZBI128F425B70B,430,238,False
TRCTZJI12903D0D0BC,14,7,False
TRCTZRO128F1488FC1,4560,2497,True
TRCUAUE128EF35EE4F,11,7,False
TRCUAYE128F931275C,127,69,False
TRCUBQO128F932E322,76,42,False
TRCUCJV12903CEA641,1819,618,True
TRCUCOF128F1491708,1,1,False
TRCUCRL128F931FF5F,345,187,False
TRCUDJV128F92F5E82,2730,1150,True
TRCUDOI12903CBFD96,52,23,False
TRCUDQS12903CCC340,73,29,False
TRCUDTW128F9330E4B,7,5,False
TRCUEAD128F92FFC39,927,513,True
TRCUEGO12903CB5C3F,1,1,False
TRCUESA128F92F60D5,101,14,False
TRCUFBM128F421B7BF,12,2,False
TRCUFDX128F426DD86,33,14,False
TRCUFJS128F92D2D16,223,50,False
TRCUFZA128F421D0F7,194,82,False
TRCUGGX128F4292E35,77,13,False
TRCUGMP12903CD0684,80,37,False
TRCUGNV128F1469CB9,222,65,False
TRCUGUB128F92FCBF5,22,15,False
TRCUGXJ128F9308568,81,35,False
TRCUHVY12903CCCD49,9,8,False
TRCUIWB128F423F00D,21,12,False
TRCUIYH128F42925F3,50,27,False
TRCUJCE128F4225852,175,35,False
TRCUJHN128F931F0D5,484,161,False
TRCUJOG128F92DA88D,140,44,False
TRCUJQL128F145D3C2,4,3,False
TRCUKAI128F1484D85,5914,1662,True
TRCUKBY128E07836DA,45,33,False
TRCUKLZ128F427AAE2,13423,4005,True
TRCUKQW12903CA77D9,19,12,False
TRCUKWU128F148B261,285,119,False
TRCUKXH12903CC23E2,440,141,False
TRCUKYL12903D11B81,87,37,False
TRCUKZK12903CDAEA7,41,23,False
TRCUKZN128F9348574,125,51,False
TRCULJS128F932AEE4,733,185,False
TRCULRN128F421A132,33,17,False
TRCUMJE128F42B3030,6448,2601,True
TRCUMRF12903CEFDD9,3,2,False
TRCUNAL128F149EF72,43,18,False
TRCUNLK128F93199D2,962,312,True
TRCUNQV128F4253DCF,70,29,False
TRCUNQY128F1458C50,30,16,False
TRCUNTO128F4288329,49,19,False
TRCUOKC128F4227964,2,1,False
TRCUPIR128F92E8043,59,25,False
TRCUPLM128F92FD333,27,12,False
TRCUPMW128E07899D7,3118,1515,True
TRCUQDD128F93069E2,609,348,False
TRCUQED128F42355BD,1,1,False
TRCUQFL128E0799386,12,4,False
TRCUQQH12903CF306C,980,326,True
TRCUQUJ128F92E1AA3,33,23,False
TRCUQUT128F145D08B,100,27,False
TRCURLC128F4294D30,17,12,False
TRCURLL128F92FFC22,3653,2399,True
TRCUSCV12903CF3E89,489,140,False
TRCUSML128F146E00B,10,3,False
TRCUSSA128F14584E4,98,66,False
TRCUTMI12903CB787F,142,66,False
TRCUTMS12903CB083E,5,1,False
TRCUTRZ128F1452776,153,106,False
TRCUTVF128F145A75B,21,14,False
TRCUUBW12903CC5681,2,2,False
TRCUUMG128F4298705,667,316,False
TRCUUPV128F1456011,153,88,False
TRCUVBZ128F93515AE,8,4,False
TRCUVMO128F424E3B8,1378,716,True
TRCUVQC128F9304134,1,1,False
TRCUWBM128E0781CD9,15,9,False
TRCUWYQ128F92D0563,6,4,False
TRCUXNC128F4291758,3131,839,True
TRCUXVA128E078A1E9,153,80,False
TRCUYIQ128F92F50D7,302,121,False
TRCUZJX128F1484E7E,106,36,False
TRCUZMN128F14572AA,1,1,False
TRCVAFN128F9308F7E,1,1,False
TRCVAMX128F4262183,43,17,False
TRCVASX128F42425CE,320,78,False
TRCVAUX128F428A4A2,637,320,False
TRCVAWG128F4256E02,8,7,False
TRCVAWZ128F1463650,535,266,False
TRCVBBS128E078FC77,410,305,False
TRCVBGN128F4276DE3,4,4,False
TRCVBSY128E0788DAF,75,36,False
TRCVCUS128F42838DD,7929,2895,True
TRCVCWU128F42813ED,1613,792,True
TRCVDAQ12903CE4202,57,26,False
TRCVDRS128F4257BFA,478,219,False
TRCVDTK128F1464CE9,32,16,False
TRCVEKZ128F429B0B0,472,205,False
TRCVEMW128F426A7B4,2,2,False
TRCVEQW128F1462BAA,1513,478,True
TRCVFHQ128F145CAC0,1782,354,True
TRCVFMZ128F93382F4,235,102,False
TRCVFYC12903CE6C5F,15,10,False
TRCVGIT128F9347A28,18,9,False
TRCVGNF128F429D19E,68,28,False
TRCVGQP128F4268656,567,280,False
TRCVHBY12903CB8AF7,82,47,False
TRCVHIF12903CD63A0,42,8,False
TRCVHJC128EF343995,1768,703,True
TRCVHUK128EF343A64,530,192,False
TRCVICO12903CA1A2C,92,10,False
TRCVIIL128F92C4930,8,6,False
TRCVIVM128F42B5732,8,8,False
TRCVJJE12903CD948B,515,216,False
TRCVJRD128F93586B7,1074,479,True
TRCVJUR128F42A4C41,132,51,False
TRCVJYK128F92EDCE5,90,8,False
TRCVKCT128F42B3A7F,961,340,True
TRCVKGR128E0789F16,3,3,False
TRCVKVH12903CB7452,1825,1157,True
TRCVLBT128F92D2DF7,208,90,False
TRCVLFZ128F930C5AD,497,149,False
TRCVLJD128F9311C67,2704,769,True
TRCVLKR128F423A64E,13,9,False
TRCVLYU128F4282E69,194,69,False
TRCVMAF12903D00E61,1,1,False
TRCVMAM128F933DE32,322,127,False
TRCVMFF128F93430B5,746,256,False
TRCVMNM12903CBA12B,194,92,False
TRCVMWR128E078637D,151,64,False
TRCVNAT128F9305AEA,2385,900,True
TRCVNCY128F14AA1AF,5,4,False
TRCVNHH128F42820FD,41,13,False
TRCVNLG128F9313B99,24,8,False
TRCVNRS12903CDAB50,16,6,False
TRCVOGT128F92DD20F,83,28,False
TRCVOLK128F423EA9C,603,299,False
TRCVORQ128E078BDD8,890,432,True
TRCVOVO128F934EDDC,7,6,False
TRCVPCR128F92EA329,109,66,False
TRCVPGU12903CAE6A3,446,47,False
TRCVPWU128F42993F2,397,119,False
TRCVQWI128F425072D,61,28,False
TRCVRAY128F42701D9,33,8,False
TRCVRFO128F428DF33,267,117,False
TRCVRKQ128F92EF832,2,2,False
TRCVRNO128C7196954,14,8,False
TRCVSCB128F425BD4A,10544,3641,True
TRCVSDT128F424C631,584,194,False
TRCVSEH12903CD74EE,400,109,False
TRCVSHK12903CFC98F,2,2,False
TRCVSZV128F93150EB,17,9,False
TRCVTGV128F4279C82,2730,977,True
TRCVTTE128F4270EEE,87,40,False
TRCVUAU12903CA4DCD,102,63,False
TRCVUEM12903CB61A2,169,35,False
TRCVUEP128F92DFB69,308,125,False
TRCVUIA128F9307663,5503,2084,True
TRCVUUM12903CDCA53,2,2,False
TRCVUXO128F92F4B8C,339,139,False
TRCVVQZ128F426CD78,11,7,False
TRCVWMY12903CA7289,34,18,False
TRCVXJI12903CB5BD5,603,253,False
TRCVYBN12903CCC676,31,11,False
TRCVYFZ128F9335BA0,67,40,False
TRCVZJV128F930E439,410,149,False
TRCVZZT128F934B96A,6,5,False
TRCWAGJ128F9320963,46,18,False
TRCWAHA128F148125A,4,3,False
TRCWALX128F9322225,51,21,False
TRCWAQE128F428DCBE,157,44,False
TRCWBAL128F934B434,9914,3078,True
TRCWBID128F92FBB70,15,5,False
TRCWBQM128F92C79FB,6,5,False
TRCWCET128E078B874,1201,336,True
TRCWCIO128F4263368,105,27,False
TRCWCYW128F92D43E7,28,10,False
TRCWDHS128F92F607F,582,270,False
TRCWEHF128F933FEBF,3988,1075,True
TRCWELB128F933FBB3,59,14,False
TRCWEPE128F9318F9B,3,2,False
TRCWFHA128F9322C1B,1606,413,True
TRCWFJN128F93047B6,2,1,False
TRCWGJY128F92F89A7,30,13,False
TRCWGPS128E0793B97,609,388,False
TRCWHAV128F9355801,48,29,False
TRCWHMN12903CB062C,21,6,False
TRCWHXA128F92FB4D3,200,171,False
TRCWIAX12903CC565C,1,1,False
TRCWIZD128F42632F3,171,47,False
TRCWJAG12903D02731,356,135,False
TRCWJKI128F429BBF2,2702,1272,True
TRCWJLJ128F425A9F5,1,1,False
TRCWJVG128F93333C7,60,18,False
TRCWKGP128F425B70E,2,1,False
TRCWKKW128F4213CFB,15,10,False
TRCWKNQ128F933D808,2,2,False
TRCWKOW128F92F69E3,4,3,False
TRCWKXP128F42742AF,794,312,False
TRCWLAL12903CD44FD,4,2,False
TRCWLGP128F92EFF59,353,132,False
TRCWMCI128F9310315,729,337,False
TRCWMHT128F428BA5D,12,5,False
TRCWMJP12903CAB227,2278,1461,True
TRCWMQH128F1458F9A,2362,522,True
TRCWMRG128F4290D17,82,43,False
TRCWNBH128F1468E6A,7,3,False
TRCWNKQ128F934DF87,454,224,False
TRCWOSG12903CF475F,7,2,False
TRCWOZI128F9353B1F,50,29,False
TRCWPGQ128EF3449AA,2,2,False
TRCWPNJ12903CD4452,10,9,False
TRCWPPM128F4256097,7,6,False
TRCWPSO128F1464F5F,39,18,False
TRCWPZR128F426609A,303,163,False
TRCWQBL12903CE8816,319,141,False
TRCWQCQ12903CD2CD3,38,12,False
TRCWQQK128F930C013,12,9,False
TRCWRLK128F1499B7E,8,7,False
TRCWRLZ128EF34B400,41,20,False
TRCWRMW128F9358D6A,3,3,False
TRCWSPC128F423EB5D,497,283,False
TRCWSXZ128F9309724,24,13,False
TRCWTOO128F425E008,248,110,False
TRCWUEK128F9319657,3,3,False
TRCWUHI12903CCC8F5,6,3,False
TRCWUNA128E07924D4,44,22,False
TRCWUYQ12903CD1FB3,37,13,False
TRCWUZY128F92F7D5C,11,7,False
TRCWVLH128F93308B8,19,8,False
TRCWVML128F427B10A,40,16,False
TRCWVNF128F425C1DA,119,41,False
TRCWWBE128F92FB877,58,26,False
TRCWWER12903D0A06D,42,14,False
TRCWWGG128F425588D,34,19,False
TRCWWWM128F425A56C,43,8,False
TRCWXFW128F426933D,26,10,False
TRCWXIE128F1460B75,281,92,False
TRCWXKJ128F423EF34,108,54,False
TRCWXKT128E0782864,680,383,False
TRCWXMR128F934CE9C,7,1,False
TRCWXTN12903CD43C5,157,74,False
TRCWYJA128F92F27D6,4158,1149,True
TRCWYQI128F9310243,44,18,False
TRCWZGP12903D0591A,601,287,False
TRCWZIA128F4253D2C,2,2,False
TRCWZJT128F4263CBB,121,69,False
TRCXAAU128F426464D,9,6,False
TRCXAPO128F4288EA5,36,28,False
TRCXBCV12903CBA471,142,71,False
TRCXBPH128F9300AB3,1615,447,True
TRCXBYC128F4244098,20,9,False
TRCXCYQ12903CFB6E1,94,47,False
TRCXCZE128F4298758,3370,1605,True
TRCXDHJ128F931DB51,133,49,False
TRCXDJN128F423246C,49,39,False
TRCXDSO12903CE2387,5,1,False
TRCXEPR128E078E9AF,75,53,False
TRCXEZL128F933227B,33,15,False
TRCXFKM128F4273CEF,64,26,False
TRCXFSW128F1465690,17,10,False
TRCXFTZ128F14B162D,3291,983,True
TRCXFUT128F423687E,23,12,False
TRCXHCM12903D068BB,11,4,False
TRCXHNZ128F42637E2,82,63,False
TRCXHZZ128F92EF09E,11517,4395,True
TRCXIFE128E078ED2E,220,109,False
TRCXIGZ128E07816E0,1858,806,True
TRCXIPQ128F92D0D0C,10,6,False
TRCXIVG128F427FD3F,121,33,False
TRCXJAS128F422F5B9,9,5,False
TRCXJDO128F93113E1,368,149,False
TRCXJMV128F92ECC5B,20,5,False
TRCXJWF12903CAE6CF,25,11,False
TRCXKEB128F92DCF6D,3,3,False
TRCXKLH12903CD752F,13,10,False
TRCXKOC12903CEF2DF,8,4,False
TRCXLPU128F9348E2E,7,3,False
TRCXLXE128F4253C18,1,1,False
TRCXMUE128F933015B,354,181,False
TRCXNFI128F92E2FF6,61,12,False
TRCXNNZ128F426684E,124,61,False
TRCXNSC128F426DEA9,212,95,False
TRCXOIW128F931AED5,2,2,False
TRCXPNQ128F428E101,148,74,False
TRCXPQM128F4287576,2,2,False
TRCXQWL128F93492C5,1167,298,True
TRCXROG128F4285836,2,2,False
TRCXRRO128F932B3BC,11,8,False
TRCXRSQ128F92EF5CA,15,10,False
TRCXTZV128F934B25D,26,9,False
TRCXUHC12903C952EA,11,9,False
TRCXUOX128F92C78C2,56,28,False
TRCXUWW128F148CF50,536,250,False
TRCXVSI128F92D3192,1028,415,True
TRCXWET12903CCC28C,108,64,False
TRCXWLU128F92F2A0D,3795,1511,True
TRCXWXJ128F93544AD,3,3,False
TRCXWXO128F4285C0D,1,1,False
TRCXXKB12903CE4F4C,38,18,False
TRCXXKZ12903CDE900,96,20,False
TRCXXLR128F4256E08,10,6,False
TRCXXPM12903CC5159,357,99,False
TRCXXQH128F92C5289,84,24,False
TRCXYFH128F4281C45,38,23,False
TRCXYQA12903CBEBD3,1388,492,True
TRCXYYC128F930F284,12,2,False
TRCXZNA128F92CC980,503,267,False
TRCYADS128F14866B2,6,6,False
TRCYAUT128E0782AAC,241,156,False
TRCYBGX128F92C6905,14,10,False
TRCYBKZ12903CFF68D,55,37,False
TRCYBSR128F930FD44,23,15,False
TRCYBTP128F148AD8D,54,7,False
TRCYBXB128F424BDB1,18,12,False
TRCYCCT128F145E0F2,33,19,False
TRCYCUC128F930729A,574,259,False
TRCYDOR128F9308058,1,1,False
TRCYDSY128F92D548E,34,25,False
TRCYDXD128F4289C75,48,23,False
TRCYEJY128F931A439,358,238,False
TRCYFCE128F4270FD0,424,209,False
TRCYFKM128F932C2DA,2141,712,True
TRCYFPB128F4277D81,1413,627,True
TRCYGSB128E0799718,1,1,False
TRCYHFG12903CEC010,32,24,False
TRCYHJP128F42902F5,58,20,False
TRCYHSH128F42933D1,158,57,False
TRCYHTK128F426C07C,448,162,False
TRCYIAV128F9329E5E,199,44,False
TRCYIFO12903CABB72,4,3,False
TRCYJEL128F934AD2C,10,1,False
TRCYJKE128F424ECC1,946,325,True
TRCYJMH128F9301C69,144,67,False
TRCYJMX12903CFEBEB,16,7,False
TRCYJWB12903CB413A,87,34,False
TRCYJXE12903CD4951,1297,306,True
TRCYKSL12903CB8ADF,88,67,False
TRCYKYR128F1460E17,8,3,False
TRCYLMB128F931E02C,1375,719,True
TRCYLSI128F428276B,3576,347,True
TRCYMBE128F9325766,78,40,False
TRCYMIR128F145C3F1,253,108,False
TRCYNMR128F4268F3B,474,268,False
TRCYNNP12903D09C67,11535,3051,True
TRCYNVR128F146B9B5,4,4,False
TRCYOGN128F93656A4,9,1,False
TRCYONV128F4297B00,315,145,False
TRCYOOG128F425C1DC,1343,609,True
TRCYOYH128F42457CA,68,26,False
TRCYPPN128F92DE2CC,1287,489,True
TRCYQBX12903CDDD61,40,31,False
TRCYQFE128F42ADA40,819,387,False
TRCYQFW128F424CDD2,1,1,False
TRCYQKE128F933E434,69,33,False
TRCYQUL128E0783933,81,38,False
TRCYRAY128F146ECB1,461,217,False
TRCYRIV128F93285AD,221,60,False
TRCYROD12903CEAC72,99,44,False
TRCYRWZ12903D00264,124,40,False
TRCYSEC128F428B5E8,409,200,False
TRCYTSW128F935A6B4,244,199,False
TRCYTXI128F4272647,56,12,False
TRCYTYR12903CE80FF,15,8,False
TRCYTZD128F147FC1D,54,25,False
TRCYUBW128F92E844F,82,46,False
TRCYURA12903CDEC2A,53,36,False
TRCYUSG12903CF5536,6,4,False
TRCYUZJ128F92F901B,59,34,False
TRCYXEB128F428BAC3,128,27,False
TRCYXHD128F934B1E9,26,8,False
TRCYYRA128F931E64C,1,1,False
TRCYZDW128EF34DC2E,55,46,False
TRCYZNE128F933CB64,81,25,False
TRCZAAB12903CC4D5C,1000,354,True
TRCZAJL128EF348622,103,61,False
TRCZAZL128F93178CD,645,188,False
TRCZBLY12903CB6062,11,5,False
TRCZCAP12903CDBF34,251,141,False
TRCZCCV128F42865E7,433,168,False
TRCZCDB128E0781A53,860,389,True
TRCZCTU128EF356B4D,57,48,False
TRCZDRN128F4259C09,279,142,False
TRCZDWM128F930765E,142,49,False
TRCZEHB128F428A2DA,6,3,False
TRCZEMD128F932247C,453,214,False
TRCZERZ12903D06FEA,298,160,False
TRCZEYS12903CD6A6C,82,72,False
TRCZFIV128F425DE1C,1192,770,True
TRCZFOZ128F4228B02,2,2,False
TRCZFUQ128F92F781D,1794,546,True
TRCZGLL128F145E2B7,40,15,False
TRCZGZV128F92FBB83,158,31,False
TRCZHBJ12903CDA13B,4,3,False
TRCZHHE128F429ABBB,470,139,False
TRCZHVF12903D03EE5,51,14,False
TRCZIXM128F4299B44,14,10,False
TRCZJJU128F9339851,29,19,False
TRCZJUZ128F1462B9C,20,9,False
TRCZKAL128E07932FC,3048,1548,True
TRCZKCL128F92F0351,132,49,False
TRCZKJP128F93296E7,37,17,False
TRCZKQI128F42621DE,609,231,False
TRCZLGY12903CDB0BA,22,10,False
TRCZLJK128F92E9735,568,280,False
TRCZLQJ128F145B8E3,226,112,False
TRCZLTG128F9347CFD,357,212,False
TRCZNMF12903CE87FD,604,203,False
TRCZOJI128F426F5CF,57,23,False
TRCZPQW128F429BBE8,14370,3988,True
TRCZPVJ128F4270EA4,27,10,False
TRCZQAS12903CCD98A,10,3,False
TRCZQBZ12903CCC1A5,2,1,False
TRCZQIM128F9319F46,63,25,False
TRCZQXD128F426A4BC,590,424,False
TRCZRCG128F4263BFF,1271,447,True
TRCZSSW12903CA5F3A,1035,303,True
TRCZSWF12903CEA73B,229,64,False
TRCZSXM128F4289F62,44,24,False
TRCZTXS128F4268D0A,29,13,False
TRCZUXJ128F931B7C2,174,50,False
TRCZVNV128F14AD237,40,21,False
TRCZVVU128F425566E,55,17,False
TRCZWBH128F42335A5,43,34,False
TRCZWCW128EF344C09,97,31,False
TRCZWIP128F425E084,251,194,False
TRCZWJA128F42396D4,4801,2996,True
TRCZWMU128F423EE36,166,72,False
TRCZXLE128F1488370,9,2,False
TRCZXTV128F14877C4,162,53,False
TRCZXVN128F425904D,50,35,False
TRCZZQE128F932B415,69,22,False
TRCZZTH128F424689A,461,200,False
TRDAAFB128F1458AB3,1051,579,True
TRDAAOU128F148AD71,558,219,False
TRDAASA128F92F263A,29,18,False
TRDABSP128EF34334E,108,36,False
TRDACMX128F4261573,18,8,False
TRDACOY128F92DEFCB,323,39,False
TRDACTA128F4241BBB,154,44,False
TRDACYY128F4259E6F,27,16,False
TRDADGQ128F92F52C2,56,35,False
TRDADSD128F4281947,131,56,False
TRDADSI128F42BC0B5,1,1,False
TRDADYI128F14A8956,7659,3618,True
TRDAEMU128F92C5A76,2275,1154,True
TRDAFBW12903CC55FB,122,54,False
TRDAHRF12903CBB9CB,634,257,False
TRDAIAV128EF36759E,2814,1296,True
TRDAJEJ12903CF5C34,5,5,False
TRDAJNT12903D08CB7,505,329,False
TRDAJSY128F422B288,81,45,False
TRDAJXO128F423B0D0,128,95,False
TRDAKBP128F425A7ED,16,12,False
TRDALJN12903CFA04E,422,204,False
TRDALWU128F429A5E8,3,3,False
TRDALZG128F427A4C5,4,4,False
TRDAMNT12903CA3369,79,25,False
TRDAMQN128F933AB89,25,9,False
TRDANOF12903CC7670,2823,2076,True
TRDANRW128F92F5674,13,6,False
TRDAOFD12903CFF4EF,1598,755,True
TRDAOOB128F932E752,3664,1970,True
TRDAOSG128F92EFA5C,1,1,False
TRDAPBI128F42AC2F4,475,357,False
TRDAPBV128F4247E90,19,11,False
TRDAPJE12903CE6BDB,49,27,False
TRDAPNR128F1460D1F,220,192,False
TRDAPYV12903CD776B,1684,620,True
TRDAQAK128F4239034,10,8,False
TRDAQIC12903CC8DCA,5,4,False
TRDAQWN12903D04A1C,35,12,False
TRDARDX12903CB112D,1,1,False
TRDARPT128F145AA11,23,11,False
TRDARSV12903CE52DD,1369,299,True
TRDARWL128F42ACD10,4255,2238,True
TRDARZU128F427FD07,272,194,False
TRDASCX128F422F079,121,78,False
TRDASFP12903CB315F,286,108,False
TRDASMY12903CF20D1,28,19,False
TRDATMU128F42823A2,5,3,False
TRDATOL128F42690CF,1197,244,True
TRDATWP128E078167A,115,53,False
TRDAUDG128EF34C575,363,116,False
TRDAUKA12903CCE0E8,32,10,False
TRDAUKE128F92FA056,2671,807,True
TRDAUNW128F427ACCB,16,15,False
TRDAUST128F1472A54,2046,1293,True
TRDAUTD128F92DD6D9,33,15,False
TRDAVJD128F426E725,174,42,False
TRDAVOG128F93049AB,40,22,False
TRDAVOQ128F424F32D,846,449,True
TRDAWAM128F42958B6,41,18,False
TRDAWDU128E078634C,253,105,False
TRDAWLE128F92CA7DD,633,270,False
TRDAXGS128F4262637,7,5,False
TRDAXGT128F426B2E0,510,139,False
TRDAXJR128F92CA537,85,41,False
TRDAXPX128F4278A7B,1,1,False
TRDAYHC128F147878E,11824,3338,True
TRDAYKK12903CA57A4,36,14,False
TRDAYQO128F14988FA,85,30,False
TRDAYZX12903D02CED,177,88,False
TRDAZEW12903CA93B9,879,280,True
TRDAZUA128F424F97E,292,155,False
TRDBAWV128F14775A7,8,6,False
TRDBBVV128F4281CB6,1829,645,True
TRDBCAZ128F9329D87,426,189,False
TRDBCZX128F92EC214,256,141,False
TRDBDCK128F4257B7C,4,4,False
TRDBDDD128F429B2FE,121,49,False
TRDBDFX128F9334203,11,9,False
TRDBDXA12903CDED25,3,2,False
TRDBEDZ128F4259F3A,989,421,True
TRDBEJW128F92EB2DE,78,37,False
TRDBEJZ128F9343254,722,268,False
TRDBEOH128F1456FBB,307,119,False
TRDBFEN128F92F4AE5,110,36,False
TRDBFIY128E07937A6,313,257,False
TRDBFSU128F42B0BB3,64,33,False
TRDBFZY12903CDB059,79,45,False
TRDBGYY128F424E01F,2,2,False
TRDBIRM128F147B0D1,2917,818,True
TRDBIXL128E0782FCA,500,290,False
TRDBIZM128F9320EC4,161,43,False
TRDBJAJ128F1486EF1,6126,567,True
TRDBJWJ128F92FC761,102,33,False
TRDBKBC128F930292E,4,3,False
TRDBKYA128F92DC3D5,38,17,False
TRDBMYY128F14AAF90,54,27,False
TRDBOIZ128EF3541E6,6,5,False
TRDBOUF128F14AE683,511,212,False
TRDBOVM128F4268BB9,2207,829,True
TRDBPST128F932CCB2,204,116,False
TRDBPTY128F425A2FA,362,196,False
TRDBQSC12903CAE469,140,84,False
TRDBQXT128F4289423,1854,1274,True
TRDBRQF128F92DCC55,74,32,False
TRDBRXP12903CEFE2E,4,2,False
TRDBSIM12903CD8427,15,11,False
TRDBTGJ128F4288089,53,41,False
TRDBTGS128F930D9F8,14,3,False
TRDBTIY128F92FED4B,3828,1045,True
TRDBTTU128F931E20E,4491,1255,True
TRDBUBM128F930FC2E,52,23,False
TRDBUIK128F423BEF7,275,72,False
TRDBUPF128F9317ADD,198,27,False
TRDBVCF12903CA6C6A,9,5,False
TRDBVDG128F9304ACE,145,21,False
TRDBVOX128F429E938,32,13,False
TRDBVPT128F933581B,1,1,False
TRDBVRX12903CB2E20,35,21,False
TRDBWAI128E07930CD,2,2,False
TRDBWFC128F14A3CAF,12,5,False
TRDBWQE128F933D6CC,4,4,False
TRDBXBT128F930AB75,250,69,False
TRDBYEH12903D03AF3,813,389,False
TRDBZGS128F1462E4C,116,73,False
TRDBZJC12903C95546,26,16,False
TRDBZLJ128EF3437B2,458,185,False
TRDBZLO12903D07003,65,31,False
TRDBZYB128F9350D18,759,280,False
TRDCALN128F42BC549,256,87,False
TRDCAWY128F423E139,983,214,True
TRDCBWH128F934B471,38,21,False
TRDCCNZ128EF33E9EB,19,10,False
TRDCDEJ128F92FAF6E,60,6,False
TRDCEGY128F93263ED,28,5,False
TRDCEHQ12903CD1F76,3,3,False
TRDCENA128EF3663C4,197,71,False
TRDCFCL128F428FB6D,93,17,False
TRDCFFH128F428E462,1177,606,True
TRDCFQQ128F4284308,55,18,False
TRDCGGC128F9330947,14,9,False
TRDCHAQ128F4259A77,149,68,False
TRDCHFC12903CF5E16,16,11,False
TRDCHPH128F14A44A0,4,2,False
TRDCIED128F421CD32,231,131,False
TRDCJJS128F42969D1,1049,483,True
TRDCJYB128F930388C,71,32,False
TRDCKUV128F92F82EC,4,4,False
TRDCMVM128F4287349,41,28,False
TRDCNOV128EF365342,24,9,False
TRDCNWT128F429E969,467,303,False
TRDCNXN128F426423F,2,2,False
TRDCNXN12903CFEB80,257,121,False
TRDCNYH128F931EAEB,65,35,False
TRDCOOI128F42AA13E,1225,248,True
TRDCOTI12903CB02F0,106,50,False
TRDCPBU128F429252E,19,9,False
TRDCPHH128F427CB54,56,32,False
TRDCPJP12903CB07BC,142,31,False
TRDCPMP128F148D3B9,506,176,False
TRDCPNY12903CA70EF,49,40,False
TRDCPTP128F9351B09,78,38,False
TRDCPXK128F427AA44,979,310,True
TRDCQLZ128F146B239,104,71,False
TRDCQMZ12903CDD836,70,32,False
TRDCQYX128F425B26A,191,67,False
TRDCRSJ128F934AE59,121,37,False
TRDCRXV12903D061CF,10,7,False
TRDCSRF128F426DDFB,2709,619,True
TRDCSZB12903CD68B5,80,39,False
TRDCTEQ128F92ECE54,181,77,False
TRDCTJP12903CB99FD,380,154,False
TRDCTLN12903CF9CB6,266,107,False
TRDCTRL128F9325A1C,117,49,False
TRDCTXD128E07813EE,959,466,True
TRDCUZB128F4267347,159,56,False
TRDCVAI128F1473EC6,896,432,True
TRDCVAX128F42558CD,12,3,False
TRDCVDL128F9309152,91,43,False
TRDCVHO128F1498A02,544,206,False
TRDCVST128F425C31C,170,125,False
TRDCVVU128F425226C,29,27,False
TRDCWGP128F149120A,199,125,False
TRDCXFU128EF348D1A,404,98,False
TRDCXLI12903CCC5FF,1015,380,True
TRDCXQR128F1490F23,23,13,False
TRDCXRU128F92C77E5,254,93,False
TRDCYOW12903CFCFB7,9,3,False
TRDCYXU128F426722D,176,84,False
TRDCZAR128F933C09D,1492,666,True
TRDCZUX128F4263A74,5167,2194,True
TRDDADE128F9350BE5,2,2,False
TRDDAUF128F9333893,27,7,False
TRDDAZU128F42A5D8A,25,16,False
TRDDBBG128F4246A83,85,39,False
TRDDBYE128F9330DAB,16,7,False
TRDDCAY128F1458E70,31,13,False
TRDDCFC128F42684BD,3,3,False
TRDDCOI128F425FE18,999,431,True
TRDDCSY128F92EA721,20,13,False
TRDDDRS128F424CDEF,918,554,True
TRDDEBK128F428A09B,24,19,False
TRDDECM128F424A5F9,15,9,False
TRDDEDH128F9308E9F,4,3,False
TRDDEFC128F9330EDA,11,6,False
TRDDEMY128F42BB9C5,378,181,False
TRDDEPM128E0792609,205,121,False
TRDDFGO128EF350B91,793,460,False
TRDDGAM128E079241F,266,146,False
TRDDGRT12903CF4584,4,3,False
TRDDGUG128F42626C5,436,154,False
TRDDHEC128F92C4D17,837,421,False
TRDDIAS128F428D014,264,231,False
TRDDIJN128F92EC26D,5,3,False
TRDDJFQ128F4295772,729,360,False
TRDDJNA128F930DFB1,11,7,False
TRDDJVF128F1464D47,658,252,False
TRDDJYF12903CFB066,600,237,False
TRDDKMQ128F426F5E6,11,5,False
TRDDLHW128F14A3B93,52,26,False
TRDDLMV12903D05AB4,101,38,False
TRDDNFM128F935EC89,58,7,False
TRDDNID12903D054A5,97,37,False
TRDDNSR12903D10460,413,86,False
TRDDNUI128E0785CBF,4,4,False
TRDDNVW128F429C85B,1,1,False
TRDDOCT128F4220B66,10,5,False
TRDDOJM128F428CEE1,2606,1010,True
TRDDOUP128F9322396,427,162,False
TRDDPDG128F427ECA7,31,10,False
TRDDPEB12903CEC64D,224,108,False
TRDDPIR12903CFB062,241,106,False
TRDDQIF128F426CD7B,10,8,False
TRDDRDA128F42249F8,820,257,False
TRDDRRG12903CEF28F,1,1,False
TRDDSEL12903D01780,444,184,False
TRDDSER128F92E08BE,376,67,False
TRDDSRI128F4262747,129,30,False
TRDDSUB12903CA77E8,33,14,False
TRDDSWW128F4284622,1521,563,True
TRDDTPE128E07924F3,57,50,False
TRDDTTI128F4291504,77,38,False
TRDDUBP12903CF453F,9,4,False
TRDDWDC128F42BA33B,7,5,False
TRDDWUQ128F422AD87,92,34,False
TRDDXAG128F92F9953,279,118,False
TRDDXHK128F423A324,36,15,False
TRDDXKP12903CC28CE,24,13,False
TRDDYQJ128E0792604,489,283,False
TRDDYTF128F1456E5E,91,69,False
TRDDYTV128F932AD28,9,8,False
TRDDYZF12903CB10D8,5,3,False
TRDDZKV12903CF2419,142,48,False
TRDDZOS128F42B91EC,224,195,False
TRDDZXT128F422D93A,86,35,False
TRDEAGR12903CF4D97,30,15,False
TRDEAPR128F4219FA0,80,27,False
TRDEBCC128F9335790,190,66,False
TRDEBFF128F1463406,79,53,False
TRDEBMP128F4293243,1482,298,True
TRDEBYO128F428C941,91,16,False
TRDECJD128F932BDA6,71,39,False
TRDEDBF128F423A6FC,110,65,False
TRDEECE128F428C49D,21,9,False
TRDEERB128F4271EF6,74,24,False
TRDEGBX128F4230F28,4876,2000,True
TRDEHLC128F935878A,248,99,False
TRDEIEE128F42A07A4,7,2,False
TRDEJUY128F145FD50,56,26,False
TRDEKGR128E0793EB1,2315,1060,True
TRDEKHR128EF33DE52,14,9,False
TRDEKUL128F428254F,512,182,False
TRDELHO128F428F612,337,187,False
TRDENKN128F930721A,33,17,False
TRDENZC128EF363C44,879,425,True
TRDEOIN128F932D171,71,55,False
TRDEOVQ128F930CB87,2,2,False
TRDEQEE128F92C7950,23,22,False
TRDEQES128F149B946,835,449,False
TRDEQKS128F426A860,126,71,False
TRDERZZ128F93350F5,20,9,False
TRDESQN128E0781C65,781,455,False
TRDESUD12903CF10D3,13,10,False
TRDESYF12903CD29DD,104,52,False
TRDETJZ128F426E90E,45,21,False
TRDETUH128F9319F7D,823,516,False
TRDEUGD12903CB5CD5,3261,1581,True
TRDEUGL128F42760F2,3,3,False
TRDEUPA128F4229A8D,2997,1079,True
TRDEWAJ12903CDC8EE,5,4,False
TRDEWVL128F92EB2BF,381,267,False
TRDEXFA128F93293FB,6,5,False
TRDEXKF128F930EDCA,1144,221,True
TRDEXZC128E078248F,303,184,False
TRDEYNH128F425EC68,1,1,False
TRDEYQE128F4285707,8,5,False
TRDFBDC128F4246AA7,34,13,False
TRDFBPD12903CA9CF3,20146,8374,True
TRDFBXH128F426B167,60,39,False
TRDFBZW128F92EEFE3,111,49,False
TRDFCNF128F1472CE8,16,6,False
TRDFCUF128F9312A1F,701,421,False
TRDFDAG128F92F7B2A,14,9,False
TRDFDBR128E07989B8,391,101,False
TRDFFEU128F93161ED,4111,744,True
TRDFGDH128F424BDD3,2292,929,True
TRDFGZW12903CFA163,6,6,False
TRDFHEY128E07920EB,149,75,False
TRDFHHG12903CF8154,31,14,False
TRDFHHR128F145A198,802,392,False
TRDFHQU128F148AE45,2834,1074,True
TRDFISV128F429B04B,401,271,False
TRDFIYL128F425851C,22,7,False
TRDFJDS128F428E38C,313,54,False
TRDFJRH128F92E7A6A,45,34,False
TRDFJXC12903CF2E87,12,11,False
TRDFLIY128F428AFEE,275,222,False
TRDFMBA128E078B02A,1107,434,True
TRDFNWO128F92DFBA5,1076,471,True
TRDFODK128EF340D50,595,208,False
TRDFOTH128E0781EB3,811,462,False
TRDFPUV128EF35F02D,40,16,False
TRDFPVG128E078E974,3125,1172,True
TRDFQGF128E0783030,14,10,False
TRDFQMM128F424A412,106,35,False
TRDFRQK128F42144DE,559,159,False
TRDFSFG128F92F034C,31,21,False
TRDFSKO128F4271525,21,10,False
TRDFSVB128F426263A,3,2,False
TRDFTRV128F422D933,17,9,False
TRDFUAP128F1493042,37,22,False
TRDFUGN128F92EA324,255,154,False
TRDFVGC128F4248836,264,133,False
TRDFVVQ128C719671C,468,272,False
TRDFWHG128F92F66A1,2,2,False
TRDFWRA12903CBAD26,1422,378,True
TRDFWVZ128F4284EF0,829,370,False
TRDFXTE12903CF2E74,34,29,False
TRDFXXK128F92E36D5,2177,669,True
TRDGAGU12903CE6C8D,1045,518,True
TRDGAVN12903CBAF3C,13,8,False
TRDGAVS128F14660B6,175,108,False
TRDGBIZ128F4258058,73,26,False
TRDGBKZ128F932C82D,92,38,False
TRDGBNF128F42A10A9,12,10,False
TRDGBNX12903CFBD3C,77,47,False
TRDGCBF128F930FC2B,52,27,False
TRDGCLW128F42BA6AA,37,22,False
TRDGCNK128F932FC3C,1,1,False
TRDGCTM128F14653BA,46,27,False
TRDGCXQ128F933196E,66,30,False
TRDGCYG128F423384A,128,65,False
TRDGCYH12903CEA822,23,5,False
TRDGDRU128F932FE1F,3,1,False
TRDGDXS128F92E88F9,16,6,False
TRDGELE128F932B409,31,13,False
TRDGFON128F148D2F8,1691,992,True
TRDGFSE12903CE72B7,26,3,False
TRDGGAC128F93321E2,70,36,False
TRDGGLN12903CF9E33,320,113,False
TRDGGRW128F931EA53,84,45,False
TRDGHCJ128F42911CB,35,15,False
TRDGIBI128F425EB76,135,61,False
TRDGICW128F42963E2,80,36,False
TRDGIGY128F933E720,544,243,False
TRDGIJM12903D03E20,5,2,False
TRDGIKP128F92E472D,122,72,False
TRDGJFN128F9300AB0,818,325,False
TRDGJOT128F930CC6B,710,171,False
TRDGJXQ128F1461CFB,49,18,False
TRDGKLU128F146C94B,75,54,False
TRDGKPU12903CF85B8,7,5,False
TRDGLFA128F426E407,434,225,False
TRDGMBH128F9335A12,2,1,False
TRDGMIQ128F426EAB7,259,201,False
TRDGMMR128F92F6273,367,165,False
TRDGOCB128F933B3C2,193,37,False
TRDGOME128F42911FD,26,11,False
TRDGPDC128F426A742,74,28,False
TRDGPMN128F92E0600,58,39,False
TRDGPPO128F4278319,69,38,False
TRDGQOM128E07813F1,514,317,False
TRDGRAN12903CF4760,74,53,False
TRDGRKT128F92DE5D6,12,10,False
TRDGROB128F934B685,2337,512,True
TRDGRXQ128F92E63E3,710,252,False
TRDGRYP128F148514F,6021,1518,True
TRDGUAJ128F92D541D,15515,5279,True
TRDGUDL128F42A109E,59,22,False
TRDGUPO128F9332CF6,31672,10196,True
TRDGUYP128F92DCE2C,96,35,False
TRDGVDX128F14664AB,24,13,False
TRDGVIR12903CC00AF,47,11,False
TRDGVQM128F148D098,152,51,False
TRDGVRE128F9343C17,32,11,False
TRDGVVL128F931A58E,44,27,False
TRDGWCH12903CBEE5E,396,136,False
TRDGWYZ128F14A4370,10,4,False
TRDGXHP128F93145FB,2,2,False
TRDGXPK128F42ABAD7,17,10,False
TRDGXTH128F145E505,292,239,False
TRDGZKY128F4218F49,903,164,True
TRDGZXK128F4290638,406,142,False
TRDHAQX128F9356C65,1255,508,True
TRDHBKP128F4271DB7,38,28,False
TRDHBOX128F9320A9C,12,3,False
TRDHBPQ128F425EA1E,22195,5769,True
TRDHCEZ128F9354210,37,27,False
TRDHCLJ128F931FE6B,56,24,False
TRDHDQH128F42A0E97,12,10,False
TRDHDQY12903CCC67A,68,25,False
TRDHFJF128F42579AA,78,36,False
TRDHFSM128E0794DE8,20,12,False
TRDHFXQ128EF33F88D,607,249,False
TRDHGAS12903CD4308,645,381,False
TRDHGGA128F4288B14,58,21,False
TRDHGLJ128F4295E5C,52,20,False
TRDHGSL128F4259BE4,4,4,False
TRDHHMB128F4268FC0,156,97,False
TRDHHYI128F930D399,20,11,False
TRDHIBY128F930C41B,14,12,False
TRDHIIC12903C95507,480,268,False
TRDHIMY12903CBFDB9,446,139,False
TRDHKEH128F92C3A0B,461,233,False
TRDHLJE128F147A6E0,32,14,False
TRDHLLO128F9302208,106,42,False
TRDHLOW128F429BA29,58,23,False
TRDHLPM128F92FCE46,36,18,False
TRDHMBK128F427BD61,38,27,False
TRDHMPL12903CC5B3B,1256,648,True
TRDHNBO12903D065B9,93,40,False
TRDHNBY128F42B8688,2599,1065,True
TRDHNXV128F9355A3D,18,8,False
TRDHNZM128F4294C50,309,179,False
TRDHOHF128F427F2C4,36,13,False
TRDHOKS128F92D5428,1120,541,True
TRDHOPX128F4257BA0,1,1,False
TRDHPEO128F429E9F5,557,341,False
TRDHPGU128F4281235,569,335,False
TRDHQHB128F421FE15,17,8,False
TRDHQPI128F42876C5,223,46,False
TRDHQPZ128F92FE118,630,285,False
TRDHQRL128F4264FF8,1851,803,True
TRDHRFQ128F932A79A,2212,1147,True
TRDHRLO128F425B724,48,32,False
TRDHRWZ128F931C7A1,1262,517,True
TRDHSDL12903CE6C3C,61,19,False
TRDHSYJ12903CC55CA,12,5,False
TRDHTNE128F42BC242,1,1,False
TRDHUES128F145EF0A,43,24,False
TRDHUVD128F934B5BC,208,123,False
TRDHVIQ128F930B5A9,387,163,False
TRDHVPL12903CAF5AE,1704,815,True
TRDHWWE128F933E6F1,701,356,False
TRDHXNO128F93285BE,160,76,False
TRDHXZT12903CF0551,18,15,False
TRDHYKC128F428C831,1,1,False
TRDHYVI128F4265DCB,1499,771,True
TRDHYWN128F145F993,1008,573,True
TRDHYXI128F9320720,45,18,False
TRDHYXT128F9335372,13,8,False
TRDHZDV128F92F6E2F,481,202,False
TRDHZZF128F1491206,72,62,False
TRDIAFN128F42B31B9,315,43,False
TRDIAJJ128F14979C1,380,212,False
TRDIBCT128F92CF4A9,2,1,False
TRDIBRH12903CE4257,20,2,False
TRDIBZH128F4292AE0,1118,508,True
TRDICGD128F92E83F3,28,17,False
TRDICPM128F428B14B,102,62,False
TRDICZZ128F92CD945,265,160,False
TRDIDXK128F4260B6B,1,1,False
TRDIEON128F934B4CD,1224,458,True
TRDIERF128F935AAEE,282,94,False
TRDIFEZ128F426364A,625,204,False
TRDIFSD128F934265D,2,2,False
TRDIGGO12903CE879D,821,161,False
TRDIGUB128F9330498,479,188,False
TRDIHEZ128F423EE86,565,227,False
TRDIHKB12903CD8D7A,394,157,False
TRDIHKK128F9311474,111,22,False
TRDIHNO12903CF147F,17,7,False
TRDIHZV12903CFEC09,267,32,False
TRDIIIF128EF33F18E,57,22,False
TRDIIJW128F429D57C,245,145,False
TRDIISG128F425A35B,28,17,False
TRDIISJ128F14979C5,232,160,False
TRDIIVQ128F421A223,169,60,False
TRDIKPK128F42A07A6,220,89,False
TRDILTM128F92D8262,144,67,False
TRDILXZ128F932EAA6,5,2,False
TRDIMBO128F1483658,412,147,False
TRDIMGB128F92F82E6,143,61,False
TRDIMGX12903CFF127,743,179,False
TRDIMIJ128F1464D53,1377,660,True
TRDINGG128F425827E,75,55,False
TRDINKM12903CFE307,2075,873,True
TRDINMZ128F42733FB,3278,1906,True
TRDINNG128F93480A6,2528,1100,True
TRDIORV128F148D1D0,434,95,False
TRDIPYD128EF35257D,1,1,False
TRDIRBW128F427F18E,1,1,False
TRDIRFQ128F93382DF,288,85,False
TRDIRLV128F14A5A85,25,20,False
TRDISVV128F92E473C,620,284,False
TRDITXE128F92CD92A,661,328,False
TRDITYO128F427BBE4,797,402,False
TRDIUUV128F92CEB78,227,90,False
TRDIVWW128F9326B83,2,1,False
TRDIXQE12903CC67E2,23,10,False
TRDIXXS128F4281320,1447,795,True
TRDIXZQ12903CC24AB,3,2,False
TRDIYAV128F427549B,40,16,False
TRDIYAW128F427FB68,6,5,False
TRDIYXR12903CAD3C3,13,7,False
TRDIZWI128F931C1EF,352,164,False
TRDJAGA12903C952FC,32,13,False
TRDJASW128F424C495,6,5,False
TRDJBTL128F424CA21,10,5,False
TRDJCYU128F4284EBD,5,4,False
TRDJDCK128F92EA328,53,33,False
TRDJDUD128F931B10C,23259,8208,True
TRDJEJV128F4263881,161,83,False
TRDJEMZ128F92F415F,3804,1465,True
TRDJEMZ128F93353FA,415,150,False
TRDJEUF12903CAEB8E,21,14,False
TRDJFKQ128F9326F4F,7,6,False
TRDJFPZ128F9328BF3,28,20,False
TRDJGGU128E079223D,21,10,False
TRDJGOZ128F933DFF0,5,1,False
TRDJHAP128C7196DF2,1123,598,True
TRDJHBJ12903CC5372,5,1,False
TRDJHBO128F4240C0B,6755,1704,True
TRDJIKZ128EF343C43,238,76,False
TRDJJIG128F1452772,1093,300,True
TRDJJNE128F932020A,769,430,False
TRDJJUK128F428F5B1,489,277,False
TRDJKBT128F932F63A,161,48,False
TRDJLHH128F933A516,20,15,False
TRDJLMZ128F426A853,832,372,False
TRDJLOJ128F14640BD,270,94,False
TRDJLWL128F4245011,69,32,False
TRDJMDP128F147A54D,338,180,False
TRDJNPV128F42988B3,1734,955,True
TRDJNRS128F9302E0F,74,29,False
TRDJNUP128F14994C4,22,9,False
TRDJOSS128F422E7A9,7,3,False
TRDJPJK128F149E59D,6,4,False
TRDJPKC12903CD1973,1074,323,True
TRDJPQI12903CB51C5,490,131,False
TRDJQLI128E07917C7,6691,2976,True
TRDJQMZ128EF3569F7,418,207,False
TRDJRES128F933B4BA,6034,3055,True
TRDJRZS128F424398A,114,63,False
TRDJSAD128F1492ADE,28,17,False
TRDJTLA128F4288771,407,155,False
TRDJTPM128F4259757,515,149,False
TRDJTQM128F933BD6D,106,42,False
TRDJTYX128E0791989,5029,2540,True
TRDJUDF128F9345173,2771,867,True
TRDJUJT128F42825FF,1503,558,True
TRDJVSO128E078B632,1188,497,True
TRDJWBD12903CBB553,805,475,False
TRDJWJJ128F428E4B5,516,208,False
TRDJWXG128F1486443,17,9,False
TRDJXHA128F932D24D,89,6,False
TRDJXHS12903CDF0A7,28,15,False
TRDJZAT128F428BA7D,1637,654,True
TRDJZFF128F92D2627,4882,1929,True
TRDJZRT128F4248722,99,76,False
TRDKAGM128F9337921,10,3,False
TRDKAGU128F92E3842,850,313,True
TRDKAKF128F9308DE0,3,3,False
TRDKBFP12903D01A86,109,56,False
TRDKBLR128E0786357,66,14,False
TRDKDYX128F933AA8A,219,101,False
TRDKEEJ128F934A972,6,2,False
TRDKENB128EF359E1F,41,16,False
TRDKEWM128F145267A,4360,1365,True
TRDKEYT128F425825E,16,15,False
TRDKFDI128E0782A1C,2,2,False
TRDKGCE128F92E2A74,273,74,False
TRDKHFB128F9333A85,3,2,False
TRDKHVX12903CC509B,90,49,False
TRDKHWG128F92EF307,106,47,False
TRDKIET128E07817EF,4706,2191,True
TRDKIJS128F934EF24,74,15,False
TRDKILY128F147CC86,1834,890,True
TRDKIXO128F426F4E2,10,9,False
TRDKJKE128F4263F86,1448,407,True
TRDKJZU128F9309304,54,20,False
TRDKMPV128F429FEF7,1867,682,True
TRDKMSD128F93210B5,1662,745,True
TRDKMWV128F934B536,12,10,False
TRDKMZR128F9339E86,36,25,False
TRDKNBJ12903CDA927,87,32,False
TRDKNLP128F428B8D1,69,30,False
TRDKNYE128F427AC28,79,45,False
TRDKNYV128E07810EB,506,312,False
TRDKODA128F92FAF36,140,64,False
TRDKOOA128F934B2C4,368,124,False
TRDKOUT128F93266D8,142,88,False
TRDKPRZ128F92F37EA,13,5,False
TRDKQDV128F4243277,66,25,False
TRDKQHX128F92EA25D,397,362,False
TRDKQQV128E0791354,800,404,False
TRDKRHR128F4269A73,4,3,False
TRDKRLP128F4291A80,916,452,True
TRDKROF128F148AD6E,310,135,False
TRDKSMK128F9307B69,2639,764,True
TRDKSVT128F145906A,7,3,False
TRDKTIM128F42B59A7,25,14,False
TRDKTRW128F1480A28,1329,800,True
TRDKTST12903CFEBE4,86,9,False
TRDKTWT128F427EBD1,7,6,False
TRDKUGR12903CB59FB,134,72,False
TRDKUVB128F931757D,722,354,False
TRDKUVH12903CDFC3D,12,6,False
TRDKVLO12903CB6644,3,2,False
TRDKVPM128F92F635E,9,6,False
TRDKVXW128F421BD42,123,75,False
TRDKWBU128F146503C,72,49,False
TRDKWVZ128E0798B2C,1456,532,True
TRDKXHU128F42969A7,1053,508,True
TRDKXMP12903D03E3D,727,258,False
TRDKYKZ12903CE42BC,9,4,False
TRDKYVE128F424C439,234,129,False
TRDLAAB128F92D181E,201,94,False
TRDLAKA128F93253D2,18,6,False
TRDLBNC128F93140F4,62,27,False
TRDLCHM128F427F235,109,49,False
TRDLCNU128F93173BD,11015,4759,True
TRDLCOT128F9328ED2,13,5,False
TRDLCRL128F4294866,237,100,False
TRDLDBZ128E0781C8A,305,168,False
TRDLDDN12903CDF6CA,1254,227,True
TRDLDFO128F9300D57,15,8,False
TRDLEEL128F4262191,63,35,False
TRDLEWW12903CA894C,420,79,False
TRDLFNU128F933A2A5,33,17,False
TRDLGDM128F92F0333,708,136,False
TRDLGOA128F92F0D91,75,50,False
TRDLHCZ12903CA6069,442,183,False
TRDLHLQ128F92CC8B5,22,10,False
TRDLHPH128F930D38E,143,59,False
TRDLHQJ12903CDCF16,99,22,False
TRDLILP128F4235BEA,204,52,False
TRDLIXD128F935A679,152,93,False
TRDLJRM128F428A850,1295,715,True
TRDLJSN128F92CB760,89,47,False
TRDLJTR12903CFDED7,32,23,False
TRDLJYE12903CAF5C8,2771,1027,True
TRDLKJF128F146DCF3,3,1,False
TRDLKMC12903D022D3,1939,793,True
TRDLLJO128F93216EA,1804,882,True
TRDLLKQ128E0781D2B,101,32,False
TRDLLUU128F42AEB8F,32,18,False
TRDLMDT128F932DA75,38,34,False
TRDLMHM128F146856B,3,1,False
TRDLMRQ12903CA0AD4,119,27,False
TRDLMWJ128F429107E,19,3,False
TRDLMWP128F426BF6C,7623,3470,True
TRDLNLB128F933CF6A,99,30,False
TRDLNMJ12903CF5F49,1,1,False
TRDLOAE12903CBFB2C,12,10,False
TRDLRFL12903CA4B7D,155,70,False
TRDLRHK128F9335C38,888,264,True
TRDLRLY12903CA7507,1194,345,True
TRDLRXC128F1483300,28,19,False
TRDLSCJ12903D00EF5,3706,2333,True
TRDLSOF128F4263005,370,202,False
TRDLUKZ128F4271399,104,62,False
TRDLUMT12903CDE9D2,43,18,False
TRDLVGE12903CB1F21,111,60,False
TRDLVZX12903CC58EB,1,1,False
TRDLZFN128F92FF8C0,173,52,False
TRDLZIB128F4265E6B,8,8,False
TRDLZPR128E07924A7,1166,560,True
TRDLZTQ12903D09FE8,124,55,False
TRDMAZR128F426B334,211,106,False
TRDMBPH128F4293EF0,290,98,False
TRDMCAI128F149968F,48,23,False
TRDMDAZ128F426C90C,748,453,False
TRDMDMZ128F14840C1,1642,643,True
TRDMDPG12903CAF5EA,1,1,False
TRDMDPT128E0784824,3372,1720,True
TRDMEJE128F1462581,6,5,False
TRDMETU128F9302AE1,10,7,False
TRDMFHG128F426FDE8,116,62,False
TRDMFHX128F427F485,68,12,False
TRDMFKZ128F934E55F,9,3,False
TRDMHRA128F9337982,77,35,False
TRDMHRW128F92D0503,921,404,True
TRDMJWM128F42776BB,352,178,False
TRDMJXU128F932953E,19,8,False
TRDMKWL128F931C2CA,94,56,False
TRDMMGE128F425D05E,1634,368,True
TRDMNEY12903CCCB9E,1482,684,True
TRDMOMP128F934B4BA,311,183,False
TRDMOXQ128F428C4C0,42,18,False
TRDMPAI128F4266582,3,3,False
TRDMPIE128EF35F64C,301,149,False
TRDMRBH128F92E87E0,8,6,False
TRDMRIW128F426A558,705,383,False
TRDMTBH128F92FDA7E,1,1,False
TRDMUWU128E078EDDB,13167,5988,True
TRDMVDA128F424F7CE,71,18,False
TRDMVUZ128F1492745,541,260,False
TRDMWIW12903D16518,7,2,False
TRDMWXY128F42536B1,43,16,False
TRDMXAA128F1458414,185,57,False
TRDMYAQ12903CB628A,1,1,False
TRDMYDL12903CA5BB0,84,45,False
TRDMZLZ12903CBAE4A,615,270,False
TRDNBII12903CBFDEC,7,3,False
TRDNCCM128F1459043,19,10,False
TRDNCUC128F4229406,102,72,False
TRDNCZR128F147DF6F,3831,1556,True
TRDNDDT12903CF81FA,1319,383,True
TRDNDNY128F14A2F40,842,458,True
TRDNDXZ128F14ADE4A,92,45,False
TRDNEJT128F425B6DF,62,27,False
TRDNEMI128E0783148,65,7,False
TRDNEWZ128F42A7B53,197,78,False
TRDNEZN128F429DD03,537,226,False
TRDNFCV128F429DBC6,39,18,False
TRDNGBD128F9322F40,40,13,False
TRDNGNH128F92FE13F,377,164,False
TRDNGQO128F428B0DF,17,12,False
TRDNHAW128F429DB9A,14299,8345,True
TRDNHHR12903CEA708,18,7,False
TRDNILZ128F4290F91,115,65,False
TRDNJIO128F4281C46,534,321,False
TRDNJTL128F92F4ABA,105,28,False
TRDNJUH12903CAF6A8,37,20,False
TRDNKHD128F92E7B6D,71,16,False
TRDNKWM128F4280F24,13,10,False
TRDNMMN128F1489831,642,292,False
TRDNMQD128F9325C24,6447,3070,True
TRDNPCI128EF3660C7,3,1,False
TRDNPUL128F148503C,18,14,False
TRDNQJU128F92F0287,27,19,False
TRDNQQW128F14A65F9,738,227,False
TRDNRAJ128F42A823D,1008,389,True
TRDNRGP128F145CB83,113,50,False
TRDNRPN128F932AA4D,107,8,False
TRDNTZC12903CB5146,33,13,False
TRDNUTJ12903CE7E0E,219,114,False
TRDNUZT128F429C805,317,164,False
TRDNVYF128F42984EA,19,11,False
TRDNVZR128F931D735,451,158,False
TRDNWCF128F4226427,96,34,False
TRDNWEA128F93242A3,117,69,False
TRDNWEO128F424ED57,140,113,False
TRDNXNU128F14A515D,2242,203,True
TRDNYJQ12903CE3960,378,191,False
TRDOAJY128F42580DC,223,57,False
TRDOASB128F427CDD3,651,259,False
TRDOBEW128F429F788,58,52,False
TRDOBFF128F4293E03,130,35,False
TRDOBJG128F4276B9D,44,22,False
TRDOBUX128F932CB54,417,165,False
TRDOCGA12903CD5328,76,38,False
TRDOCSC128F42708E5,51,30,False
TRDOCUU128F92F1FA5,134,76,False
TRDOCVZ128F145C25E,1258,672,True
TRDODGZ128F4267801,15,6,False
TRDODLI128F425BF4F,50,22,False
TRDODQM128F92E9741,301,172,False
TRDOEXB12903D086FE,650,173,False
TRDOFSB128F92F9019,203,51,False
TRDOFVA128F14A13D9,124,89,False
TRDOGFX128F934AE5E,52,33,False
TRDOGIT128F4263321,50,34,False
TRDOGPF12903CB2B1F,1,1,False
TRDOHRC128F42468B1,253,142,False
TRDOHRF128F428EDE7,20,12,False
TRDOIEE128F427D090,1261,552,True
TRDOIPB128F931B3BA,5,1,False
TRDOJYH128F935A6B0,274,181,False
TRDOKNT128F4265CFB,1,1,False
TRDOLXB128E0793E51,90,49,False
TRDOMPC128F4236A4D,10,8,False
TRDOMXA12903CE8814,342,136,False
TRDOOIK128F14903C0,129,66,False
TRDOPCL128F92F96DB,57,28,False
TRDOPJI12903CEC4A4,261,77,False
TRDOPMA128F425DDFC,1761,939,True
TRDOQDX128F930C09E,34,24,False
TRDOQEF128F92FF7E6,61,29,False
TRDOQMQ128F934B96C,13,9,False
TRDORGW128F4213CD6,112,42,False
TRDOSJU128F9325B82,223,112,False
TRDOSMN128F421BEEC,35,16,False
TRDOUEB128F1476F33,368,216,False
TRDOUOR12903C9AD05,71,31,False
TRDOUVU128F933AB7A,36,13,False
TRDOVJJ128E07989FC,9,3,False
TRDOWNJ128F4294CE7,157,89,False
TRDOWTU12903CCC442,220,119,False
TRDOYAG128F42B86C5,5,3,False
TRDOYFZ128F426E715,1278,411,True
TRDOYJS128F932FE1C,2103,980,True
TRDOZQM128F148B134,88,48,False
TRDOZUR128F1465A75,1281,767,True
TRDOZVQ128F930FDA5,4627,1334,True
TRDPAME128F42791AA,6580,1417,True
TRDPAQM128E0793275,139,81,False
TRDPARX128F933E332,1,1,False
TRDPBCC128F425EE91,625,225,False
TRDPBOO128F92F6014,195,60,False
TRDPBXH12903CCEAC1,80,34,False
TRDPDDI128F42559AF,1579,1137,True
TRDPDJJ128F422DE0E,16,10,False
TRDPDLO128F427FD0E,438,240,False
TRDPDQB128F14AA1AC,64,21,False
TRDPDRK128F146A30E,193,13,False
TRDPDTU128F92E2CD1,43,8,False
TRDPDYM128F92FF0D2,27,20,False
TRDPHSN128F426C4DF,162,104,False
TRDPHWI128C7196B14,2,2,False
TRDPIZA128F932A2AC,5,5,False
TRDPJDF128F9311EE9,499,225,False
TRDPKCF128F427ACCA,3,3,False
TRDPLEX128F932907C,7,6,False
TRDPLHI128F14A66A7,946,416,True
TRDPLPU128F428A2E2,154,69,False
TRDPLRI128E07938E8,1203,504,True
TRDPLXC128F145217B,124,58,False
TRDPLZA12903CC3308,2,2,False
TRDPNBM128F422A742,54,10,False
TRDPOIF128F9339270,34,19,False
TRDPOXT12903CF403D,95,44,False
TRDPPHZ12903D07A00,10,5,False
TRDPQBL128F42433CA,25,17,False
TRDPQMM128F934B2D7,26,13,False
TRDPQNL128F9330FC8,720,298,False
TRDPRIN12903CB6CFA,73,48,False
TRDPRSH128F9321BC6,383,201,False
TRDPSAK128E0792467,2145,836,True
TRDPSWK128F92D0958,100,23,False
TRDPSXV128F92DDC80,9,7,False
TRDPTNP128EF35F874,62,28,False
TRDPVHV128F42637D1,86,26,False
TRDPWBZ128F42440A2,10,6,False
TRDPWFY128F425A74B,1022,592,True
TRDPWKR12903CD2781,101,43,False
TRDPXKD128F1499EF3,5009,1606,True
TRDPXKD128F42634BD,3521,1461,True
TRDPXRS128F92EAAFC,180,33,False
TRDPYDR12903CB73A3,1077,562,True
TRDPYZA128F42ADC95,195,103,False
TRDQACA128F92D1423,84,47,False
TRDQART128F149E047,9,5,False
TRDQBFS12903CDD57C,432,92,False
TRDQBNC128F426AEAD,80,31,False
TRDQBQN128E0792611,159,105,False
TRDQBTS128F4234DF9,15,5,False
TRDQBTY128F42645F2,429,198,False
TRDQCNI128F427F948,597,209,False
TRDQCVP128F92FF507,15,14,False
TRDQDKT128F148C84B,1836,1006,True
TRDQEAE128F4258255,10,9,False
TRDQEMM128F92FA504,4,2,False
TRDQFFX128F4290E77,534,225,False
TRDQFIV128F4236102,1,1,False
TRDQFNM128F930767C,217,78,False
TRDQFYJ12903CF27F0,2,2,False
TRDQHPF12903CDA54E,4951,1824,True
TRDQHUE128F4253C1C,6,4,False
TRDQHWD128F425982E,1114,605,True
TRDQIKG128F933EBC9,64,12,False
TRDQIVA128F428C656,4,2,False
TRDQIXB12903CAC507,29,14,False
TRDQKMQ128F92DD143,28,12,False
TRDQKMS128F4258282,2,1,False
TRDQLDW128F4291656,21,15,False
TRDQLRG128F426E45B,25,5,False
TRDQMHN128F930033F,52,21,False
TRDQMTD128F422B2A6,10,8,False
TRDQNIT12903CECE4B,8,3,False
TRDQNNJ128F4248738,126,99,False
TRDQNUD128F428AFEA,324,245,False
TRDQOEN12903CFCBB5,51,30,False
TRDQOEX128F42897FC,81,29,False
TRDQOKG128F4280AB3,2177,479,True
TRDQOOL12903CF81CD,1700,516,True
TRDQPYS128F4284642,184,53,False
TRDQQZA128F42947C0,121,47,False
TRDQRID128F4277449,65,43,False
TRDQRWJ128F423E180,1373,671,True
TRDQSQR12903D0548C,84,25,False
TRDQTAR128EF35C869,37,4,False
TRDQTXE128F93003BB,12,11,False
TRDQWSA12903CB6843,16,14,False
TRDQXHX128F93069D5,764,390,False
TRDQYFY128F932EDC5,2054,1577,True
TRDQZMM128F933A887,63,22,False
TRDQZVF128E0786056,713,486,False
TRDQZWT128E0794C09,410,170,False
TRDQZYO128F148D1B1,1414,482,True
TRDRAHQ128F427FE50,2827,869,True
TRDRBHT128F4295BE6,1806,719,True
TRDRCEA128F421BC21,37,23,False
TRDRCMY128F145BC3A,201,147,False
TRDRDZF128F9310D8B,285,99,False
TRDRECF128F1466AA6,427,216,False
TRDREGS128F9351B9B,1198,365,True
TRDREHH128F4281B0E,31,20,False
TRDREHJ12903CBBC73,21,11,False
TRDREZS128EF34337B,737,339,False
TRDRFTT128E078882D,8,7,False
TRDRFVY128F4281937,6474,3021,True
TRDRGJW12903D0D5BF,73,30,False
TRDRHHI12903CC6848,20,10,False
TRDRHSE128F92F1FB7,8,7,False
TRDRIFV128F933D19E,209,128,False
TRDRITD128F427BD5D,102,57,False
TRDRIXM128F9314691,345,205,False
TRDRJNO128E07992A1,141,60,False
TRDRKIL128F1486774,50,22,False
TRDRKWA128EF3655A1,47,15,False
TRDRMOU128F92FEB66,11,9,False
TRDRMOW12903CDB1AF,2195,904,True
TRDRMPD12903CD03B2,177,59,False
TRDRNCG128F92FBE56,146,82,False
TRDRNCR128F424D3DA,22,15,False
TRDRNEO128E0780D9A,579,320,False
TRDRNQU12903CC53F4,12,9,False
TRDROBE128F4241B99,6,6,False
TRDROZB128F92F77E4,35,18,False
TRDRPIY128F931C11C,107,63,False
TRDRPND12903CF0AE4,121,33,False
TRDRPXO128E079227E,14,5,False
TRDRPZC128F42780E0,197,76,False
TRDRPZZ128F421D0DA,214,75,False
TRDRQEG128F934C21C,33,11,False
TRDRQIX12903CF22C6,651,236,False
TRDRQQC128F9329900,116,53,False
TRDRQTY128F146BC8F,241,90,False
TRDRQUH128F14AA988,44,15,False
TRDRRMB12903CBBDDD,3,3,False
TRDRRQY128F92C3A0F,1099,452,True
TRDRSIY128F9330447,121,18,False
TRDRSWJ12903CD36C5,455,142,False
TRDRTNQ128F93313A3,35713,9436,True
TRDRTRR128F931E65D,3933,1445,True
TRDRUDB12903CFEC18,121,19,False
TRDRUZL128F422310D,711,313,False
TRDRVBG128F9347546,10,5,False
TRDRVJA128F4267831,2624,1087,True
TRDRVJO128F423EF29,65,42,False
TRDRXCE128F427B8D8,2065,1273,True
TRDRXQS128E078225F,4,3,False
TRDRYPL12903CFFF65,5,1,False
TRDRZYY128E0792779,3373,1121,True
TRDSAQA12903D019A2,60,21,False
TRDSAQL128F428132C,509,284,False
TRDSAXN128F934B75A,21,14,False
TRDSBHM128F148236E,3271,415,True
TRDSBLB128F4276D86,144,116,False
TRDSBPA128F429595F,40,29,False
TRDSCEM128F1472507,10,5,False
TRDSCHX128F92FA03C,507,255,False
TRDSDCI12903CDBF24,1096,411,True
TRDSDJV128F93368A4,87,33,False
TRDSDVL128F4259E48,157,89,False
TRDSERG128F42824C2,158,71,False
TRDSEXL12903CBE259,5317,1797,True
TRDSFGV128F4289D0E,11,7,False
TRDSFKT12903CB510F,1962,753,True
TRDSFWJ128F426A36F,1203,699,True
TRDSGKN128F425B051,499,211,False
TRDSGLN128F932E035,5109,1495,True
TRDSHHR128F92C700E,4769,1761,True
TRDSIVA128F424A063,258,107,False
TRDSJMT128E0780D6A,84,39,False
TRDSKEB128F4258248,36,23,False
TRDSLAZ128F427CEA8,180,73,False
TRDSLEY128F426EF3B,3,3,False
TRDSMCY128F4213E0D,515,161,False
TRDSMEW128F42733F3,1114,508,True
TRDSMFO128F426A81D,32,21,False
TRDSOAK12903CBF565,182,30,False
TRDSODP12903CCE949,31,17,False
TRDSOJH128E0791F45,342,212,False
TRDSOJX12903CA8306,180,92,False
TRDSOTL128F92F29A3,4241,948,True
TRDSOTR12903CC1FAA,169,55,False
TRDSPFR128F1468D94,1137,533,True
TRDSPVW128F934C179,1672,563,True
TRDSQJR128F92CB66C,4629,1772,True
TRDSRHR128F428B9AE,198,113,False
TRDSRPC12903CF1281,205,46,False
TRDSRZJ128F424D53B,698,364,False
TRDSSUL128F423A776,131,74,False
TRDSTJK128F425A098,81,65,False
TRDSUGD128F92F0343,104,51,False
TRDSVQX128F146D224,2124,1096,True
TRDSWGL128F92F8F4E,10,7,False
TRDSWNQ128F14B1539,14,10,False
TRDSWVW128F1458830,104,63,False
TRDSXCO128F9319A72,127,64,False
TRDSZKJ128F42AAE39,94,31,False
TRDSZUL128F932548F,47,22,False
TRDTBDP128F92F47BE,5,5,False
TRDTBUL128F42AAE22,13,8,False
TRDTCEZ128F42435A8,2,1,False
TRDTCWF12903CF42B3,48,26,False
TRDTDMA128F148758F,189,108,False
TRDTDYP128F428B766,1480,388,True
TRDTFHQ128F147B0CA,1900,634,True
TRDTGPN128F425A856,6,4,False
TRDTGYF128F4214DAA,9010,3030,True
TRDTHXI128F930FD9C,1615,546,True
TRDTICM128F1469F3C,229,82,False
TRDTIRO128F4273E62,116,70,False
TRDTKOY128E07953E5,2017,532,True
TRDTLMG128F42873EE,981,314,True
TRDTLPN12903CF43B8,114,25,False
TRDTLSF128F935A677,604,232,False
TRDTLZP128F1468ECC,63,40,False
TRDTMGK12903CC557F,3897,840,True
TRDTMLD128F92D2CE7,21,8,False
TRDTMRW128F9325CB1,1443,835,True
TRDTODK128F1458778,1,1,False
TRDTOUE128F147740E,36,22,False
TRDTOXV128F9358CFF,128,54,False
TRDTPKS12903CE9127,76,21,False
TRDTRBO128F933D357,27,6,False
TRDTRDU128F93257E5,1200,398,True
TRDTROU12903CF66A3,4362,689,True
TRDTRUY128F426592D,30,5,False
TRDTRXJ128F4257FE8,343,173,False
TRDTSEB128F42506E7,453,245,False
TRDTSYL12903C9967B,1123,340,True
TRDTTAX128F423EAAA,341,207,False
TRDTTGX128F92D4702,383,197,False
TRDTTVP128F14A03E8,63,21,False
TRDTURG128F4276BC0,410,129,False
TRDTUTO128F422F138,130,10,False
TRDTUZT128F9339905,5,2,False
TRDTWRO128F427B6B0,4185,1818,True
TRDTWVT128F14AE004,112,40,False
TRDTXKJ128F9300E91,133,36,False
TRDTXWQ12903CF2590,752,434,False
TRDTXXT128F427BAD9,28,9,False
TRDTZJR12903D05218,257,130,False
TRDTZMX128F9321BA9,22,15,False
TRDTZUR128F931E0C2,528,201,False
TRDTZUU128F934C5CA,461,107,False
TRDUALH128F146E717,2239,1423,True
TRDUALP128F42380B9,2373,1093,True
TRDUATS128F92F0588,21,6,False
TRDUBER128F930E9B0,199,70,False
TRDUCTS128F92F020B,1,1,False
TRDUFJC128E078F41D,840,343,True
TRDUFOV128F9343BAA,299,35,False
TRDUGGA128F428A9CD,965,296,True
TRDUGMI128F930C2F5,585,362,False
TRDUIAZ128E0781A4E,462,245,False
TRDUIDR12903CB787D,176,33,False
TRDUIDW12903CFD7AA,555,175,False
TRDUJDH12903CB2677,2,1,False
TRDUKFM128F1489B08,170,85,False
TRDUKKZ128F423838B,151,38,False
TRDUMUN128F42B96E2,72,46,False
TRDUNIJ12903CEC245,1,1,False
TRDUOBG128F92F8C4A,41,20,False
TRDUOIP128F147D5A7,7355,2311,True
TRDUOQV12903CB1040,1110,423,True
TRDUOTR128F429B0B5,102,54,False
TRDUPDB128F424D66C,204,78,False
TRDUPKN128F424A2D3,93,56,False
TRDUQNA12903D0D68F,14,11,False
TRDURIZ12903CB5390,1725,563,True
TRDUTFZ128F4259027,202,74,False
TRDUUGR128F42484A8,36,18,False
TRDUVCC128F92EB53D,360,142,False
TRDUVUE128E0782AAD,895,451,True
TRDUVUH128F146BA65,3080,1261,True
TRDUWFF128F92C2C05,280,169,False
TRDUXCE128F14ADC8D,60,19,False
TRDUXSE128F4280051,4520,1471,True
TRDUXUO128F4232DD8,19,8,False
TRDUZUW128F92CC574,91,42,False
TRDVCLQ128F42B1A86,308,88,False
TRDVCNF128F9329CEA,3777,893,True
TRDVCPP128F92F912F,17,12,False
TRDVCYM12903CF0407,179,36,False
TRDVDND128F42A941E,244,102,False
TRDVDPW128E0781E20,375,229,False
TRDVDRC128E07832A7,4926,1829,True
TRDVDZS12903CE108E,3921,1037,True
TRDVEQC12903CA8C8A,26,7,False
TRDVERN12903D010E6,496,208,False
TRDVETM128F93504F1,216,130,False
TRDVFKE128F425B261,61,38,False
TRDVGFW12903CB5FC7,12,7,False
TRDVGIH128F429353C,9487,1752,True
TRDVGMJ128F934C13E,117,43,False
TRDVGQI128F42704F9,114,52,False
TRDVHBB12903CD841C,12,8,False
TRDVHDC128F9341EA4,313,101,False
TRDVJCO128F4248470,91,47,False
TRDVKOM128F92F90C4,1775,317,True
TRDVLHC12903CE29FB,59,22,False
TRDVLYM128F92EA2D3,212,127,False
TRDVMFJ128F4286CE7,971,400,True
TRDVOGM12903CB731D,40,19,False
TRDVOIQ128F9331B58,205,66,False
TRDVOSL128F92CB354,118,27,False
TRDVPKR128F9319057,69,37,False
TRDVPVE128F92EA9C2,76,35,False
TRDVQNT128F4232AB5,15,2,False
TRDVRDC12903CB05C6,32,1,False
TRDVRIY128F424CDD0,1424,732,True
TRDVRKV128F92E7F4F,563,265,False
TRDVRWC12903CEB5ED,298,52,False
TRDVSAX128F931EDDB,2,2,False
TRDVSCH128F931B5E0,5355,2705,True
TRDVSLX128F92E71F1,1638,938,True
TRDVSPR128F42754A3,17,8,False
TRDVSQI128E079486E,48,25,False
TRDVTJJ128F422BB9A,2,2,False
TRDVTYH128F93395C6,34,21,False
TRDVUGX128F931FF45,1276,355,True
TRDVVBZ128F9333BC1,567,233,False
TRDVVJN128F427DFA2,5,4,False
TRDVWBZ128F932D5DE,644,315,False
TRDVXUG128F1456CBF,4571,1431,True
TRDVXWG128F931D72A,856,271,True
TRDVYGV128F930B50B,24,4,False
TRDVYMU12903CBBD7F,244,155,False
TRDVYYS128F427F2C7,24,10,False
TRDVZLD128F148A1BD,167,96,False
TRDVZVS128F425672D,102,91,False
TRDWAFZ12903D00D91,389,121,False
TRDWAGR128F148D847,160,124,False
TRDWCEG128F428B6F7,589,195,False
TRDWDEH128F429ADE0,257,152,False
TRDWEHG128F930DEB2,2628,1280,True
TRDWGLX128F9337DD1,193,63,False
TRDWGUM128F92CB01F,5,4,False
TRDWGVU128E0781C6E,797,376,False
TRDWHEX128F426AACF,47,20,False
TRDWLJG128F145DE11,5,3,False
TRDWMWG128F42ACC18,105,57,False
TRDWNNX128F424CFFA,682,174,False
TRDWNUA128F42440B7,60,21,False
TRDWNUE128F93355F2,50,48,False
TRDWOJH128F934BC31,231,79,False
TRDWPBE128E079295F,10190,2091,True
TRDWPGB128F42B63B2,2973,1144,True
TRDWPLI128F4258B1D,39,28,False
TRDWPMN128F425A842,1157,607,True
TRDWQAA128F149A190,6,5,False
TRDWQFW128F93617FA,995,575,True
TRDWQJP128F932C27E,4,4,False
TRDWQMR12903CE5D95,586,293,False
TRDWRQF128F4291A91,63,35,False
TRDWRXD128F9307022,15,11,False
TRDWSTO128F9329464,1677,225,True
TRDWSZT128F14A3502,2,2,False
TRDWTJP128F9337C28,427,185,False
TRDWUGB128F14917FD,664,299,False
TRDWUWU128E0791E61,1,1,False
TRDWVYH128F14AE34A,112,49,False
TRDWVZE128F9350207,1401,417,True
TRDWWGK128F4243516,16368,7366,True
TRDWWYI128F9309E1E,2144,502,True
TRDWXUH12903CBA874,273,123,False
TRDWYGE128F935E327,38,15,False
TRDXBDW12903CFEDBF,384,239,False
TRDXCSH128F92ED4A1,1413,310,True
TRDXDJV128F4289BA5,14,10,False
TRDXEAC128F931664D,19,9,False
TRDXENJ128F1469FF9,210,101,False
TRDXEUJ128F149962F,1228,471,True
TRDXEWM12903CA4491,698,269,False
TRDXFEY128E0793B0C,768,494,False
TRDXGAV128F42B0DBE,182,81,False
TRDXGSX128F9308E45,15,9,False
TRDXGYN128F42956F7,51,30,False
TRDXHPS128F92FDA3D,81,37,False
TRDXIBX12903D01503,10,8,False
TRDXIPM12903CDCADD,2,1,False
TRDXIQM128F92FF624,6,6,False
TRDXIVM128F42411EA,5,5,False
TRDXJZS128F932D182,78,11,False
TRDXKHV128F422AD74,3,1,False
TRDXKIP128F9325D8A,50,27,False
TRDXKNJ128E0789913,184,104,False
TRDXKPT128F9306232,4,3,False
TRDXKQQ128F1456BF6,16,12,False
TRDXLVB128F42753B7,16,10,False
TRDXMEK128F429E9A2,862,412,True
TRDXNRV128F428210F,240,100,False
TRDXNTQ128F9312D02,790,305,False
TRDXNWU128F425A0A1,576,227,False
TRDXOLE128F9335533,92,47,False
TRDXOPY128E0781A52,364,215,False
TRDXPDR128F92ED1BA,11,9,False
TRDXPMS128F934B6D4,12,1,False
TRDXPUT128E0798C37,55,28,False
TRDXQDN128F42525B3,187,92,False
TRDXQEI128F4229B6A,6,5,False
TRDXQIR128F92EEFE1,10,9,False
TRDXQOR128F42818EE,294,132,False
TRDXQRW12903CF9430,698,318,False
TRDXQYK128F423ECDC,302,140,False
TRDXRIT128E0781150,645,408,False
TRDXRJJ128F4239018,20,11,False
TRDXRVT128E078EA86,45,8,False
TRDXRZV128F1488829,90,42,False
TRDXRZV128F149C0A8,22,15,False
TRDXSGX128F425F173,8264,3531,True
TRDXUEZ128F42663FC,568,282,False
TRDXUWL128F42638E8,197,125,False
TRDXUWR12903CE8916,14,3,False
TRDXWHN128F427FEFF,1433,758,True
TRDYAHD128E0798912,1639,793,True
TRDYBPL12903CDCEC8,24,15,False
TRDYCGA128F148915F,1138,626,True
TRDYCTV12903CDD086,20,10,False
TRDYCVB128F9327262,1768,585,True
TRDYCXM128F424421F,105,32,False
TRDYEOJ128F14542EC,1061,488,True
TRDYEPE12903CF47F4,403,188,False
TRDYFNC128F14721C7,147,40,False
TRDYFXU12903D05240,93,59,False
TRDYGGT12903CFBD3D,47,25,False
TRDYGQZ128F9326C7C,8,6,False
TRDYGUV12903CDAF1E,478,37,False
TRDYHSN128F4267081,1178,403,True
TRDYHZJ128F14A2F6F,68,32,False
TRDYICR128F421A600,566,153,False
TRDYILM128F931C26F,64,42,False
TRDYJBN128F421BD49,91,58,False
TRDYJGC128F145255E,579,263,False
TRDYKQU12903C952DC,67,29,False
TRDYMQN12903CFF8D1,811,444,False
TRDYMST12903CCD314,7778,3613,True
TRDYOJQ128F9302397,23,6,False
TRDYOVH12903CDD13F,8,7,False
TRDYRIK128F9317174,1193,1018,True
TRDYROH128F428BCD0,2048,1140,True
TRDYRVF128F42204B3,3,3,False
TRDYSJT128F92D0834,258,85,False
TRDYSXD128E07870CD,54,26,False
TRDYTEI128F42620EB,191,96,False
TRDYTON12903CC8294,96,65,False
TRDYUEV12903CDB1B5,3,1,False
TRDYUHV128F14793C2,280,88,False
TRDYVLL12903CB31EE,263,99,False
TRDYVUG128F4291731,545,160,False
TRDYWLC128E0784B9A,4368,2033,True
TRDYXBE128F427D48D,2,1,False
TRDYXFY128F148B2DA,170,78,False
TRDYXKY128E0783B4A,517,135,False
TRDYXTT128F932988C,187,127,False
TRDYYKS128F4275626,5757,3845,True
TRDYYOP128E0782074,60,18,False
TRDYYWS128E078EF11,280,128,False
TRDYZHA12903CAF583,650,370,False
TRDYZMF12903CDFE3D,175,88,False
TRDYZOZ128F428CB7C,7,5,False
TRDZABL12903CB4894,47,24,False
TRDZAUC12903CC478A,50,17,False
TRDZAUQ128F4275400,652,257,False
TRDZAYG128F9321732,7,4,False
TRDZBEY128F92EA50A,253,146,False
TRDZBOR128F42893C9,25,7,False
TRDZBOU128F92E43E3,2459,1708,True
TRDZBUT128F42A00BD,33,20,False
TRDZCIL128E07942B7,747,239,False
TRDZCJX128F9309DD8,257,138,False
TRDZGLB128F148C848,1472,884,True
TRDZGRA128F9355664,46,23,False
TRDZGXK128F14A7704,1384,530,True
TRDZHHU12903CDAB1B,227,52,False
TRDZJVA128F92F90C6,8,4,False
TRDZKEP128F429B117,3,3,False
TRDZKJX128F92EB67D,55,37,False
TRDZKPO128F423DF80,778,295,False
TRDZLJH128F428CB73,42,23,False
TRDZLTQ128F92C3124,80,48,False
TRDZNAZ128F429165C,18,13,False
TRDZNJD128F92DFCC8,20,15,False
TRDZNQS128F92FF06B,4,3,False
TRDZPAD128F423A65E,174,97,False
TRDZPWZ128F92FFE3B,77,43,False
TRDZPZP128F1454B4D,27,9,False
TRDZQCE128F4257BB0,260,144,False
TRDZQGO128EF33DED5,4,3,False
TRDZRAS128F932F1ED,50,25,False
TRDZRGD12903CB2623,3,3,False
TRDZRGT128F42768F4,137,41,False
TRDZRJE128F934B61C,13,4,False
TRDZSJC12903CD43C4,798,321,False
TRDZSLY12903CCEA48,125,60,False
TRDZSVE128E078E27E,113,43,False
TRDZSZD128F932C844,140,64,False
TRDZTAR12903CFFD11,504,135,False
TRDZTKB128F42882CE,577,345,False
TRDZTKM128F42629E7,2842,2202,True
TRDZUNV128F1454BB4,68,30,False
TRDZUVA128EF3422C4,26,17,False
TRDZVAX128F427C6FA,14029,4638,True
TRDZVPG128F932B986,36,10,False
TRDZWBR128F14AD2CF,5,4,False
TRDZWUK128F42911F3,93,46,False
TRDZXJS128F4264E9F,98,20,False
TRDZXYJ128F148ADAF,1260,368,True
TRDZYRM128F931C21E,447,250,False
TRDZZBY128F92E5538,121,40,False
TRDZZCT128F427A37C,1,1,False
TRDZZRB128EF340D4D,225,82,False
TREABFF128F9304972,158,55,False
TREACHY128F92C7E9D,488,242,False
TREACIN128F9347604,696,223,False
TREADBD128F4292F2E,52,27,False
TREADOS128E078EC1F,3260,1462,True
TREADQX12903CE8136,1,1,False
TREADYX12903C9AF35,359,201,False
TREAFKP128F426A299,290,171,False
TREAFLO128F426AD41,96,52,False
TREAGFM128F92E6F7B,2,2,False
TREAHTJ128F425CA9D,211,68,False
TREAIBZ128F427FD94,224,124,False
TREAIUA128F1494BF8,34,13,False
TREAKTG128F421E82D,119,33,False
TREALCM128F9326986,69,47,False
TREALII128E0789055,603,443,False
TREALIU128EF3671D9,29,12,False
TREALMU128F429B809,1781,799,True
TREAMEZ128F42955F3,20,18,False
TREAMGW12903CF9507,4957,1262,True
TREANNO128F9304E64,131,56,False
TREAOGH128F92F931F,13,5,False
TREAOZC128F92F0132,1028,342,True
TREAPGK12903CA4A3B,95,38,False
TREAPNM128EF33FE49,212,112,False
TREAQSX128E07818CA,3093,2281,True
TREAQZW128F92F808B,4321,1593,True
TREARMI128F9329BC5,9,3,False
TREASBS12903CDB339,24,17,False
TREASYC128F429FC12,1308,373,True
TREATBL128F42911E7,79,30,False
TREAWNI128F4258268,147,40,False
TREAXFK128F42724B2,500,192,False
TREAXNW12903CB0B7B,176,54,False
TREAYDQ128F147CC6C,11347,4482,True
TREAYNV128F9351B77,77,33,False
TREAYQI12903CF4DF0,460,151,False
TREAZDU128F42B8E7F,50,25,False
TREAZJZ128F42333F0,823,498,False
TREAZRT12903CDF686,38,17,False
TREAZWN128F4298484,177,114,False
TREBAMB128F930C1B0,1680,640,True
TREBATJ128F4259D4A,61,4,False
TREBBQC128F1461679,223,62,False
TREBCHV128F421AACE,5,5,False
TREBDUT128F92EC9B2,787,272,False
TREBDXL128F92D8069,36,6,False
TREBEGR128F42809F9,2,2,False
TREBEKS128F9329C49,207,111,False
TREBELW128E0781EB0,875,510,True
TREBFIZ128F42867DA,71,47,False
TREBGQA128E0791E51,7,6,False
TREBIFO128F1483C62,182,80,False
TREBIHH128F92EF854,48,22,False
TREBISX128F9327F68,14,8,False
TREBKFW128F932A6B8,10,6,False
TREBLOH12903CD2A21,71,33,False
TREBLUK128F4264116,85,36,False
TREBMRJ128E0795035,607,268,False
TREBNKE128F9329D0E,235,101,False
TREBOVK128EF3684AE,62,28,False
TREBQGY128F92FCCC2,26,11,False
TREBQJU128F4292595,29,9,False
TREBQZD128F4286498,833,297,False
TREBRIF128F930E969,1,1,False
TREBRMO128F1492C80,251,178,False
TREBSEK128F148A9AC,2,2,False
TREBSLJ128F425A56B,141,59,False
TREBUHR128E0781E6B,1284,484,True
TREBULK128F9332C1A,905,309,True
TREBVLB12903CF2416,93,20,False
TREBWBU128F427A57E,1020,485,True
TREBWQT128F1483798,14,9,False
TREBWYU12903CCDAA8,2786,1183,True
TREBWZK128F423AEE8,656,285,False
TREBXDI128F42BC4CF,36,15,False
TREBXYB128F92E0D1A,337,143,False
TREBYWK128F9330E2A,578,249,False
TREBZDS128F93269FA,4861,2237,True
TRECAFL128F9342DCE,113,19,False
TRECDBD128F428D0FE,31,8,False
TRECEJJ12903CB7042,7,6,False
TRECEXJ128F9326F7E,12,11,False
TRECFXA128F42B98DC,92,45,False
TRECGSC128F930510E,139,87,False
TRECGTO128F149B0E2,348,169,False
TRECGVO128F425E990,24,7,False
TRECHEF128F931122F,19,10,False
TRECHMC128F148B2D6,197,111,False
TRECILF128F428CCCF,140,36,False
TRECILF128F9322F4E,172,62,False
TRECJNU128F146ECFF,22,9,False
TRECKSQ128F147C8F6,79,35,False
TRECLRM128F427A583,862,260,True
TRECMFY128F42666D9,561,170,False
TRECMII128F145A48A,4,3,False
TRECOYH128F421C4F0,274,182,False
TRECPDK128E0791375,159,95,False
TRECPRT128F933A64E,54,19,False
TRECPSY12903CB637F,3350,1445,True
TRECQDQ128F92EF309,485,168,False
TRECRHY128F42ACD12,299,216,False
TRECSDC128F4289C23,4,1,False
TRECSTT128F932C83D,144,56,False
TRECSYU128F423C6B7,6,4,False
TRECTYX128F931B1D0,29,11,False
TRECVDS128F4282109,13,11,False
TRECVXL128F4272642,522,380,False
TRECWLO128F42540AF,863,264,True
TRECWRT128F428BF0E,707,105,False
TRECXNS12903CAF665,589,166,False
TRECXWI128F9329935,3,2,False
TRECXXM12903CAC924,3,3,False
TREDAJV12903CDD706,23,13,False
TREDASG128F4285829,118,74,False
TREDAVS128F92F8435,68,28,False
TREDAYO128F426EB75,1,1,False
TREDBAS128F425A617,2,2,False
TREDBXH12903CF59CC,154,53,False
TREDCIP128F92FA02E,38,26,False
TREDCKZ128F1476A18,17,3,False
TREDCNO128F147B8E0,24,6,False
TREDCTC128F146BE50,10,6,False
TREDDGU128F92EF2FB,173,86,False
TREDDRN128F425BFEF,997,245,True
TREDEVR128F423B2A9,13,10,False
TREDEZK12903CDD589,209,42,False
TREDFVP128F425949C,7,5,False
TREDFXL128F92D594B,33,11,False
TREDGGN128F92D92C8,301,143,False
TREDGGW12903CB4744,78,42,False
TREDGGZ128E0784F42,195,127,False
TREDIQC12903D06FE1,629,279,False
TREDKMI12903CB1212,122,36,False
TREDLBF128F92FE362,951,504,True
TREDLPF128F92C3A61,60,32,False
TREDLUE12903CA640B,151,50,False
TREDLVH12903CEEF57,263,189,False
TREDMBW12903CF6925,392,104,False
TREDMTU128F9305DF1,2857,1077,True
TREDOHA128F4281ADA,80,46,False
TREDPAS12903CDF2B2,1,1,False
TREDPMF128F9329F05,32,9,False
TREDQOC128F1480174,446,229,False
TREDQQQ128F9310730,6,4,False
TREDRZZ128F42AF4DF,341,182,False
TREDSAX128F149322E,61,34,False
TREDSBW12903CA5514,68,23,False
TREDSIQ128F146C06B,9,1,False
TREDTOX128F933C860,21,8,False
TREDUBO12903CBAE45,850,330,True
TREDUHM128F148621C,2322,745,True
TREDVCS128F42A3104,1,1,False
TREDVSM128F92F0202,2,2,False
TREDVUA128F42523EF,837,335,False
TREDVYB128F4258236,49,38,False
TREDWAP128F1466DD1,326,184,False
TREDWIP12903D05503,867,521,True
TREDYAD128F422E64B,25,15,False
TREDZSV128F9335C33,194,86,False
TREDZWH128F93297BE,104,45,False
TREEARY128F1462E34,134,86,False
TREEAVJ128F4257EDB,155,69,False
TREEBNV128F932F45A,24,6,False
TREECSZ128F14557BE,515,313,False
TREEDQK12903CE6E92,37,8,False
TREEFAP128F932A05A,53,30,False
TREEFHP128F931BAD7,412,241,False
TREEFOS128F42186A9,7,4,False
TREEIGT128F427199B,427,171,False
TREEJNR128F426EDC0,71,55,False
TREEJVE128F14710DD,11,6,False
TREEJZF128F4229371,61,29,False
TREEKPN12903CB1632,984,439,True
TREELOZ128F4289568,227,128,False
TREEMXH12903CB196D,3,2,False
TREENEX128F92E219A,40,19,False
TREEOFR128F930975A,11,8,False
TREEOJN128F148C86A,7997,3205,True
TREEONG128F4237875,198,100,False
TREEPNQ128F931C2BF,22,17,False
TREEQBY128F428B6FA,104,18,False
TREEQUW128F427A877,68,22,False
TREEQWK12903CA5A80,79,26,False
TREEVHJ128F146303B,240,128,False
TREEVXQ128E0799A38,460,227,False
TREEWDT128F421398F,133,52,False
TREEWEM12903CDB606,70,36,False
TREEWOD12903CB6855,32,17,False
TREEYIU128EF34C537,119,25,False
TREEYKL128F9330F93,36,31,False
TREEYNO128F427A41A,979,439,True
TREEYPA128F427C4EF,84,19,False
TREEYXB128F148C160,47,24,False
TREEZOU128F1452488,4743,1896,True
TREEZYR128F92E7CF5,5531,932,True
TREFADB128F42AC955,505,368,False
TREFAZU12903CA45CA,45,26,False
TREFBKG128F93477A6,79,15,False
TREFCVA128E078FEA0,159,95,False
TREFEWZ128F426EF30,6,5,False
TREFFBM128F932CA89,7,3,False
TREFFJS128F426EF34,3,3,False
TREFFNC128F4248480,15,8,False
TREFFYD128F4256B34,1,1,False
TREFGVF128F93120EF,2,2,False
TREFHFT12903CA71DA,49,27,False
TREFHRE128F14691EC,33,17,False
TREFHVT128F9327F00,225,117,False
TREFIJU128F4273BFD,57,14,False
TREFIWY128E0792E3D,105,78,False
TREFJIK128F14AE20D,477,187,False
TREFJOQ128F4281AE5,109,46,False
TREFJPP128F935AEF0,7,2,False
TREFLQG128F4278E4F,9,3,False
TREFMGX128F4259AFB,516,275,False
TREFNVK128F930316B,3654,1552,True
TREFNVU128F1455FA8,942,305,True
TREFQBK128F4278A87,54,17,False
TREFRXR128F149BC40,5413,2186,True
TREFSXP128E078F42D,637,261,False
TREFTDW128F9351BAD,360,129,False
TREFTNK128F4294EB0,1420,457,True
TREFUDJ128F92E4E2F,73,38,False
TREFUDK128E0798941,596,453,False
TREFUDQ128F92C5377,120,55,False
TREFUOJ12903CE7FC3,78,33,False
TREFVVJ128F146E4D1,7486,2643,True
TREFWRP128F426529C,93,54,False
TREFXKS128F428A562,9,3,False
TREFXLG128F9307C68,2622,1037,True
TREFYAS128F92D7A12,579,309,False
TREFYBN128F933F178,83,16,False
TREFZIC128F1457219,527,202,False
TREGASR128F934C23E,94,20,False
TREGBHQ128F4259397,41,11,False
TREGCFH128F931FF23,207,60,False
TREGCHY128F424DCF9,35,22,False
TREGDPM128F422FFD1,19,17,False
TREGDVE128EF34E416,2058,670,True
TREGDWH128F4248881,4328,1346,True
TREGEAR128F4248094,66,27,False
TREGGOC128F934B487,2,2,False
TREGGRE12903D0CC54,323,99,False
TREGHKN128F429E99E,349,234,False
TREGHNX128F4238F6A,553,251,False
TREGHQZ128F426C8F1,629,220,False
TREGICL128F149EFA8,156,68,False
TREGIGH128F145E19D,696,335,False
TREGJWD128F9351BB1,282,119,False
TREGMJO128F931ED6A,377,127,False
TREGMNY128F9316353,46,22,False
TREGNMG128F932C0C2,164,37,False
TREGNYZ128F9309097,3,2,False
TREGOMX128F92E1DC7,641,281,False
TREGQMP128F4233816,5646,3819,True
TREGQQT128F92CFB05,153,60,False
TREGRQX128F429084D,1,1,False
TREGSFE128F930C16F,781,249,False
TREGSKW128F92D868A,11,6,False
TREGTBA128F92FA806,1126,495,True
TREGTLA128F1455584,385,241,False
TREGTRE128F934C117,505,164,False
TREGTSA128F425B04B,176,62,False
TREGUMB128F4273C6A,326,96,False
TREGVDQ128F934AD2F,75,21,False
TREGVIC128F4252BC2,37,12,False
TREGWEC12903CC1FA9,143,72,False
TREGWEK128F92FE843,125,72,False
TREGWJV128F9304DCB,18,11,False
TREGWXG128F9317156,1637,1226,True
TREGXAQ128F92D3F25,38,20,False
TREGXCG128F930277B,3084,1270,True
TREGXTN12903CF41BA,31,23,False
TREGXTR128F92F027A,509,204,False
TREGYHS128F92EF974,3,2,False
TREGYKY128E0792A8B,24,14,False
TREGYUG128F424CB5C,61,25,False
TREGZFB128F4265120,34,16,False
TREGZUW128F1458AA2,1211,776,True
TREGZZU128F92C40A6,1431,380,True
TREHAJJ128F42BB6C4,4566,1587,True
TREHBAW128E0792ED2,184,109,False
TREHBEK128F1482514,664,396,False
TREHBJA128F42186C2,33,16,False
TREHBVI128F92D104D,4,3,False
TREHCIH12903CE70CF,55,16,False
TREHENJ128E07953C7,19464,8476,True
TREHFHK128E0786050,221,71,False
TREHFHS12903C954A1,28,20,False
TREHGFD128F4291EEA,336,170,False
TREHHFU12903CDC9D1,41,22,False
TREHHMF128F4291A3A,1286,397,True
TREHJWV128F93411B7,7,5,False
TREHKOC12903CEF511,237,77,False
TREHMFP128F932BD8B,116,45,False
TREHMGT128F14B1397,259,123,False
TREHNKC128F42396B5,237,106,False
TREHPEC128F92C3BB8,51,22,False
TREHSMF12903CE8815,235,94,False
TREHSOB128E0794944,345,162,False
TREHUQS128F1466AD3,3486,1477,True
TREHUVX128F42638E9,41,23,False
TREHVBX128F92FD8DC,60,37,False
TREHVVX128F4242190,14,12,False
TREHVZR128F428459D,43,14,False
TREHWVF128F93003D8,49,20,False
TREHZTM128F9329C01,55,30,False
TREIDPC12903CE3C4E,232,76,False
TREIEJD128F934B468,306,119,False
TREIEKW128F92E36F1,1052,420,True
TREIFRL128F425294C,69,37,False
TREIFUP12903CDE473,36,21,False
TREIGEZ12903CD2F22,146,64,False
TREIHYZ128F42792A9,209,108,False
TREIICC12903CD6BB5,504,232,False
TREIILH12903CAC4D8,18,9,False
TREIJTO128EF340D53,235,104,False
TREIKBR12903CE300A,1496,499,True
TREIKFM128F14886FE,1954,763,True
TREILQC12903CA44C5,1420,514,True
TREIODI128F423265B,32,19,False
TREIODJ128F9337033,2562,737,True
TREIOQO128E0793B13,690,517,False
TREIPCV128E0789410,883,541,True
TREIPRB128F92DC38B,21,9,False
TREIQAX128F427AB0A,232,120,False
TREIQEO128F9344352,323,159,False
TREIQLN128F42730F3,325,212,False
TREIRDU128F421BACE,312,127,False
TREIUHA128F422B42A,7,6,False
TREIUVC128F4259B56,29,17,False
TREIUXI128F42339D6,48,22,False
TREIWCA128F933AB9F,12,8,False
TREIXQQ128F4277A1B,394,166,False
TREIXXI128F92FF27E,50,26,False
TREIZLF128F92F0ACA,23,17,False
TREJAFI128F423786D,303,133,False
TREJAMS128F14A950B,2997,1002,True
TREJAUV128E0792A2A,11537,2411,True
TREJAWU12903CF88A3,835,300,False
TREJBJV128F1451EFB,293,163,False
TREJBVC128F427AD2B,85,18,False
TREJCYT12903CE7E08,332,160,False
TREJDIK128F932BEE6,15,11,False
TREJERK12903CA2CE4,347,141,False
TREJFOF12903CF22D2,198,90,False
TREJGIM12903CF2387,263,207,False
TREJHWY128F933C40F,18,12,False
TREJITG128F148F906,430,233,False
TREJIVE128F934B276,442,206,False
TREJIWH12903CD7562,1,1,False
TREJJTG128F92D541B,883,365,True
TREJKSX128F428680E,49,30,False
TREJLGS128F42911E1,119,53,False
TREJLZW128F4213CA0,159,55,False
TREJMKY12903CD8915,74,21,False
TREJNRA128F4249EFD,3064,794,True
TREJOGQ12903CE3066,15,5,False
TREJPXI128F92E58AD,4130,1972,True
TREJPXY12903CB611C,45,15,False
TREJQDR128F92E08C5,77,42,False
TREJQHN128F92E0A4A,5198,3240,True
TREJROM128F425C311,148,126,False
TREJROQ128F930DF3E,9133,2923,True
TREJRVZ128F932732E,2757,996,True
TREJSGI128F9333A46,2846,881,True
TREJSLJ128F9351DE0,288,117,False
TREJSPB12903CA275F,406,201,False
TREJSQM128F428B9B5,805,252,False
TREJTNL128F426A248,30,18,False
TREJTYD128F4261B09,7194,3539,True
TREJULS128C7196760,29,18,False
TREJVJO128F9319F88,474,211,False
TREJVKG128F422052F,1,1,False
TREJWIJ128F427B26F,110,55,False
TREJWOC128F931A0FF,299,196,False
TREJWUR12903CEA408,1531,729,True
TREJXOW128F9302F3C,71,33,False
TREJXRG128F4281B15,39,27,False
TREJZBL128F92F48BA,344,184,False
TREJZBV12903CF390B,99,34,False
TREJZEJ128F92F2685,41,21,False
TREJZUF12903CC9B43,28,14,False
TREKANY12903CEA9D2,793,324,False
TREKAPF128F92E16BC,7478,4514,True
TREKAVL128F1453512,32,16,False
TREKBBQ128F42ABA5E,11,10,False
TREKBPD128F1463B05,7,4,False
TREKBUP128E0793E8A,212,167,False
TREKDNC128E0791FBC,1617,553,True
TREKDZI128F146A972,3047,1050,True
TREKEJO128EF3569AB,1003,307,True
TREKFTZ128F9304DC1,29,22,False
TREKFYL128F92D12E3,11,6,False
TREKGAL128E0791E1F,368,150,False
TREKGQM128F429E9CD,677,334,False
TREKHEF128E0783E49,5351,1906,True
TREKHZB128F1455ABC,2974,815,True
TREKJMY128F1477C05,3,2,False
TREKJPL128F934B684,314,183,False
TREKLFH12903C9DA50,773,210,False
TREKLFO128F4282680,69,31,False
TREKLGZ128F428DF41,180,80,False
TREKLOE128F9323B8D,62,26,False
TREKSAH128F428265D,20,11,False
TREKSOC128F935172C,40,24,False
TREKTND128F14A9875,625,335,False
TREKWBO128F425A0A0,263,99,False
TREKXJN128F92D2C37,108,83,False
TREKXKZ128F4263027,3440,1834,True
TREKXZS128F425A568,1307,278,True
TREKYBO128F427C2AD,24,5,False
TREKYLE128F424D66F,40,21,False
TREKZMW128E0792E42,78,52,False
TRELAPW12903D0C3AA,574,332,False
TRELCMH128F1464EE7,101,68,False
TRELCTD128F92F4017,195,106,False
TRELCWS128F9308565,124,51,False
TRELCZA128E07820C6,531,228,False
TRELDJH128F427D209,102,42,False
TRELDXT128F92D2182,74,38,False
TRELFYP128F4279C78,243,93,False
TRELIJD128F9335C2C,371,142,False
TRELJHN12903CF35E2,473,114,False
TRELKJK12903CB53E0,501,117,False
TRELLMP128F93231E7,854,385,True
TRELMBN128F4266097,169,120,False
TRELMML128F92DF1A5,2,2,False
TRELMOW12903CC81E4,8,7,False
TRELNZA12903CDCF6F,105,58,False
TRELPBW128E0791A12,65,31,False
TRELQKE128F931072D,22,12,False
TRELQNY128F42BC472,1,1,False
TRELRAZ128F932A9C1,93,47,False
TRELRTB128F147B864,129,47,False
TRELSMK128F934B610,34,17,False
TRELSNG128F4281ADE,93,53,False
TRELTBM128F930C974,168,46,False
TRELWBK128F9330914,34,12,False
TRELWKM128F424ED25,25,14,False
TRELWNK12903CDAF17,182,64,False
TRELXKT128F147EDB5,29,23,False
TRELYIU128F933BBBA,5197,1617,True
TRELYSZ12903CAF337,51,19,False
TRELZPX128F1486DDD,1338,631,True
TRELZQT128F14655A4,7,1,False
TREMAJF128F931B148,203,136,False
TREMCLG12903CE6C58,752,142,False
TREMCXH12903CDB0DF,6,4,False
TREMDLA128F4286AF4,3649,1197,True
TREMDON128F427C701,13348,4399,True
TREMEDJ128F92CB766,74,17,False
TREMERW128F429EA31,2644,1639,True
TREMEWB128E07919C6,168,51,False
TREMFHA128F4281ADB,90,43,False
TREMGAH12903CE3C4F,127,49,False
TREMHVI128F426B2F4,1837,414,True
TREMJCL128F1484AB4,257,100,False
TREMJKX12903CDAD71,155,69,False
TREMLVY128F92DFBAA,1075,447,True
TREMMOU128F149EB91,689,346,False
TREMMRD128F149FD07,201,82,False
TREMNDV128F9305C27,25,9,False
TREMOUS128F148FC7B,372,197,False
TREMPXS12903CC815E,448,116,False
TREMQHJ128F145D0AF,29,10,False
TREMQMV128F14721B0,62,33,False
TREMQTE128F422B68B,10,5,False
TREMRAS12903CB8E20,1,1,False
TREMREX128F92F60D8,7,6,False
TREMTEV12903CA8288,7,2,False
TREMTWO128F92F416A,393,191,False
TREMUTO128F42B894B,27,16,False
TREMVSG128F92FDA32,75,21,False
TREMWWD128F92FFBDC,3157,2323,True
TREMXHB128F9326809,2701,1774,True
TREMXTV128F42140DA,460,203,False
TREMYMA128F429576D,7,3,False
TREMYQU12903CCCBA1,62,23,False
TRENBWT128E0793881,515,247,False
TRENDAP128F932C841,205,89,False
TRENEKF128F9307E29,4,3,False
TRENEVX128F42B36E0,452,162,False
TRENEXO128F4257C12,96,41,False
TRENFBV128F93163F3,185,87,False
TRENFGM128F42484AD,190,119,False
TRENIOO128F425BC44,347,137,False
TRENJAH128F14879E5,1,1,False
TRENJLF128F422B7EA,343,131,False
TRENJPG128F9325F9B,175,88,False
TRENJWW128F933AC01,121,27,False
TRENJXV128F42712DA,14,10,False
TRENJYE128F1462AE3,63,28,False
TRENKHA12903CF4B10,103,24,False
TRENLBK128F4224989,7,2,False
TRENLIP128F9343F86,3,2,False
TRENMPQ128F42B8BFB,1593,697,True
TRENNCG128F427B40E,96,43,False
TRENNIM128F92F9951,258,168,False
TRENNJI128F423EC5B,98,61,False
TRENNMY128F92CD942,287,175,False
TRENNVQ128F9321BCB,381,181,False
TRENOVO128F92F6276,487,170,False
TRENOXQ128E0786BBC,335,171,False
TRENPCY128F92FD548,324,74,False
TRENQKJ128F426DD4B,1294,640,True
TRENQYP128F14722FD,1013,332,True
TRENRBL128F4277DA8,14,10,False
TRENSLG12903CF3B0F,149,45,False
TRENTZL12903CB10ED,20,8,False
TRENVFS128F9311919,544,184,False
TRENVWE12903CEB86E,47,14,False
TRENWLP128F92EB744,250,129,False
TRENWLW128F92CE693,1127,368,True
TRENYED128F424BEBF,26,3,False
TRENYZD12903CE75B6,1741,1300,True
TREOAHW128F42B0721,1,1,False
TREOBCG128E078EC82,461,287,False
TREOBQZ128F14AA192,31,19,False
TREOBUF128F4281B19,1447,604,True
TREOCPV128F9308A21,46,28,False
TREODII128F9320A36,21367,6072,True
TREODXN128F423938C,150,74,False
TREOEGH128F930415E,1864,671,True
TREOEJC12903CAF7A7,554,163,False
TREOERA128F9320B9A,55,23,False
TREOGAA12903D04A1E,504,23,False
TREOGPC12903D044BC,4,2,False
TREOGQV128F92E73DA,2,2,False
TREOGYN128F9320BAF,620,138,False
TREOHMN128F429EA64,3168,2357,True
TREOKKU128F92EF8AB,5329,1854,True
TREOLMK128F4291BD9,22,9,False
TREOMUQ12903CBFDF3,11,5,False
TREONFI12903CDCF83,102,37,False
TREOOEI128F145C7BB,38,23,False
TREOOLK128F42848B0,645,212,False
TREOPUC12903D068ED,30,10,False
TREOQIT128F14985B4,62,40,False
TREOQRV128E07853D3,10,3,False
TREORKD128F9301A4C,88,20,False
TREOSBE128F427995F,37,28,False
TREOUMW128F932098D,117,58,False
TREOURX128F145E2C8,825,333,False
TREOUXU128F92E9B5E,1016,544,True
TREOVEG128F933C694,3,2,False
TREOVWY128F9320A38,1774,1088,True
TREOVXV12903CB13FA,202,156,False
TREOWBF128E07922D5,983,486,True
TREOWIX128F422C295,112,44,False
TREOWUU128E0780D7E,672,346,False
TREOWXN128F92CF26F,1399,769,True
TREOXDU12903CD0E5E,432,123,False
TREOXIH128F424847F,114,39,False
TREOXZY128F426B39B,113,64,False
TREOZBH128F92E605A,1340,565,True
TREOZJA128F935236D,14,7,False
TREOZTL128F425957C,19,9,False
TREPAIQ128F92F82E4,1198,271,True
TREPAVP128F428CDEC,1,1,False
TREPBAM128F148ADE3,1319,415,True
TREPBWY128F428AAF3,134,74,False
TREPBYM128F42B44A6,317,112,False
TREPDBH128F1463E46,264,187,False
TREPEJO128F92C3A65,49,25,False
TREPFIS12903CB1028,28,14,False
TREPFTQ128F426AB52,125,38,False
TREPHFL128F931C1FA,132,93,False
TREPKLH128F92D2576,2,2,False
TREPNUK128F930BB2E,52,23,False
TREPOYO12903CC244E,136,47,False
TREPPOS128F9346FE0,403,181,False
TREPQIC128F427AFD1,116,67,False
TREPQIU128F930C17A,387,96,False
TREPQRD128F148B139,202,69,False
TREPQXL128F4242DED,6859,2370,True
TREPRJQ128F14768EB,452,164,False
TREPRPL12903CE3791,814,320,False
TREPRVB128F92E8399,20,13,False
TREPSBA128F148AE54,43,26,False
TREPSWW128F146802A,257,163,False
TREPTIM128F4243460,75,54,False
TREPTRG128F92FA745,380,177,False
TREPTTC128F149297E,8,7,False
TREPTVD128F422B929,64,37,False
TREPUSL12903CD03B5,2052,403,True
TREPVMC12903CCA040,112,57,False
TREPVWX128F42674A9,74,33,False
TREPXNH128F427C85F,1,1,False
TREPXWM128F42915D4,38,16,False
TREPZWD128F935300D,73,23,False
TREQAAT128F1474067,358,125,False
TREQCBU12903CA43F5,128,48,False
TREQCVN12903CF3B5E,130,62,False
TREQDNW128F4257D70,22,16,False
TREQDTS128F4271F75,49,27,False
TREQFJC128F147CC74,778,441,False
TREQGAN128F4287977,1,1,False
TREQGQZ128F148F073,167,39,False
TREQHVF128F4262844,17,9,False
TREQJVW128F149ABA1,1,1,False
TREQKLM128F4285D97,58,28,False
TREQKOI128F93505BE,373,225,False
TREQKYI128F42AE62A,144,94,False
TREQLLG128F935A6B5,498,282,False
TREQLMN128F4259D4B,645,228,False
TREQLYK128F9301AAA,54,34,False
TREQMOJ128F9337F70,5,3,False
TREQNAO12903CB743B,244,118,False
TREQNFM128F93165A8,15397,4663,True
TREQNXD128F428561C,7,7,False
TREQOIZ128F42BCE96,11578,4153,True
TREQPAD128F92D73A0,83,34,False
TREQRKI128F9315BBF,102,27,False
TREQSKD128F932E74A,2138,1211,True
TREQSKO128F934BC48,136,65,False
TREQTTB128F429DD13,764,344,False
TREQTXJ128F92FFE9C,2837,1059,True
TREQTXT128F42756F2,113,43,False
TREQUAJ128F424C3B7,288,91,False
TREQUCG128F92CCF39,335,174,False
TREQUZI128F92FB6C1,2724,969,True
TREQWCJ128F4290374,203,86,False
TREQXYC128F422BB99,4,3,False
TREQYPQ128F426ED4B,14,5,False
TREQZJQ128F4278541,945,316,True
TREQZPJ128F932B9A2,1,1,False
TRERABZ128E0781A62,50,23,False
TRERAGY12903D06E92,39,19,False
TRERAZA12903CF1C49,9,7,False
TRERBRH128F4260279,43,17,False
TRERCTU128EF356B5D,99,50,False
TRERDDF128F428ECC4,2407,461,True
TRERDEC128F9305F02,2359,981,True
TRERDGD128F14A7AF4,6318,3833,True
TRERDJE128F42819E5,172,87,False
TRERDWC128F425C1E2,399,249,False
TRERGLR128F42963AF,42,29,False
TRERHRP128F934B61D,314,32,False
TRERIMZ128F428E1D0,3,3,False
TRERIWW128F4283486,37,16,False
TRERKLU12903CF0BDB,60,18,False
TRERKRC128F42947D8,2496,1205,True
TRERKYZ128F930ACFA,115,44,False
TRERLQB128EF34DF91,2886,1013,True
TRERMAS128F4291071,16,9,False
TRERMNM128F146586A,621,225,False
TREROJL12903CC1FA2,72,38,False
TRERONF12903CA8E34,9,2,False
TRERONJ128F92F4552,437,166,False
TRERORE128F1469FFB,388,128,False
TRERPDS128EF340E04,39,11,False
TRERPFO128F1464F33,25,14,False
TRERPLQ128F425C904,4425,2437,True
TRERPNO128F425B70B,61,13,False
TRERPOK128F4284833,9357,4882,True
TRERPQL12903CE435D,6,4,False
TRERQAB128F4251F48,2446,733,True
TRERQCP128F42814FB,92,39,False
TRERRVK12903D060A7,343,191,False
TRERSEC128F92E7436,1318,461,True
TRERTZY128F1487259,1530,845,True
TRERUAJ128E078957C,120,72,False
TRERUDZ128F1465259,11513,3733,True
TRERUNO128F427B749,1,1,False
TRERVXX128F42397E2,67,25,False
TRERWKJ128F423B7CE,40,26,False
TRERXJP128E07938BF,1372,385,True
TRERXSH128F425A564,10,7,False
TRERXXY128F42769BE,415,246,False
TRERZDK128F42B3222,2410,711,True
TRERZPP128F934B7BF,9,8,False
TRERZXW128F93101E3,283,110,False
TRESAAL128F424305E,82,35,False
TRESAWT128F93101DB,344,128,False
TRESBJX128F4262534,1136,440,True
TRESFPR12903CF0BD7,75,38,False
TRESFZR128F930FE04,301,122,False
TRESGUW128F935A63B,1377,592,True
TRESIDY12903CF7C75,45,18,False
TRESJCY12903CB744C,1945,1133,True
TRESJQQ128F428CB79,28,4,False
TRESJWL12903CA2CED,119,51,False
TRESKNU128E078A187,575,274,False
TRESLHA128F426D345,2640,1178,True
TRESLYA12903CF3EA4,34,13,False
TRESMVD128F9310D57,32962,6537,True
TRESNCN128F930F393,77,16,False
TRESOEA12903CB4F7B,168,101,False
TRESOZX128F42753F2,323,136,False
TRESPFZ128F933704B,217,61,False
TRESPGT128F92DF472,158,97,False
TRESPLF128F428D5A8,83,23,False
TRESQZG128F4247282,171,8,False
TRESSDZ12903CCF7D7,152,88,False
TRESSEX12903CCDE9D,1637,691,True
TRESSUN128F423D1D0,137,30,False
TRESTQM128F4295701,96,46,False
TRESUHK128F92EBBBA,53,21,False
TRESVHL128F933D157,96,32,False
TRESWCO128F4257C17,165,53,False
TRESWSU12903CE58D7,118,51,False
TRESXCR128F932A9F1,14,1,False
TRESXCW12903CE7BF5,337,192,False
TRESXWK128F423AF55,320,206,False
TRESYTC128F92D2C24,998,348,True
TRESZAC128F92EBBFC,42,14,False
TRESZES128F92FE510,359,101,False
TRESZJO128F92D7FA9,114,50,False
TRETBCK128F92FEA76,408,216,False
TRETBHS12903CC906F,19,10,False
TRETBHZ128F92CDAF6,3336,882,True
TRETBYD128E07925EB,203,72,False
TRETCFM12903CCF531,375,153,False
TRETCQJ12903CB3406,2423,1003,True
TRETFXH128F92C4078,51,33,False
TRETFXQ128F4243B55,19,13,False
TRETHKA128F42420D8,198,52,False
TRETHWS12903D08157,198,76,False
TRETIGB128F4290436,2,2,False
TRETJGW128F4276368,1,1,False
TRETJTN12903D07414,347,134,False
TRETKOO128F9305107,76,30,False
TRETLKW128F9304020,384,138,False
TRETLZL128F93440FC,53,34,False
TRETMFW12903CA2DE4,601,483,False
TRETMOL128F92EF141,40,9,False
TRETNDS128E0782076,16,8,False
TRETNIC12903CEB691,33,20,False
TRETNJP128F9331437,206,123,False
TRETOMF12903CE8E5D,3,2,False
TRETPRZ128F427113F,551,100,False
TRETPXU128F42752EE,28,17,False
TRETRLY128F42858B9,656,428,False
TRETTHQ128F428294E,5502,2265,True
TRETTKU128F9355A3B,22,10,False
TRETTPX128F425A7DC,4,1,False
TRETUMX128F9324AB0,1638,546,True
TRETWPM128F4279DF6,547,311,False
TRETXDO12903CF2673,71,27,False
TRETYEB128F4283EA6,5593,1622,True
TRETYYI128F425E7A7,111,49,False
TREUBDS128E078FDF3,95,15,False
TREUBGN128E0792284,851,385,True
TREUBPH128F427B26C,47,18,False
TREUBXV128F4243459,114,56,False
TREUCPU128F933B417,176,73,False
TREUCRK128F428B0BB,94,40,False
TREUCXF128F92D3F17,106,61,False
TREUCZW12903D06BFE,1647,840,True
TREUDEZ128F429177F,6,4,False
TREUDYW128F92FCDC1,1654,616,True
TREUECW128F4272A82,30,17,False
TREUGEP128F145B795,763,445,False
TREUHLN128F148B499,329,155,False
TREUHQY128E07818AE,6,5,False
TREUHXG12903CD43E3,70,32,False
TREUHZQ128F932F8D7,1535,663,True
TREUIMB128F92D7F9D,314,160,False
TREUISW128F14AA17E,304,166,False
TREUKSJ12903CC4D2D,109,42,False
TREULBU12903CD43EA,279,119,False
TREULZP128F426CCD7,65,22,False
TREUMKR128F92DD6DD,68,34,False
TREUMUD128E0780CF3,577,317,False
TREUNFY128F4293B50,1229,493,True
TREUNLR128F422B481,53,28,False
TREUOGK128F92FE84D,56,33,False
TREUOUB128F4259C26,329,186,False
TREUPTU128F92C6854,85,38,False
TREUQZZ128F4291F56,681,296,False
TREUREL128F4267DCF,1616,722,True
TREURVG128F4290F98,224,116,False
TREUTRQ12903CB0300,83,32,False
TREUVMI128F93096D1,63,50,False
TREUVQI128F931BD8A,344,188,False
TREUVXG12903CA6D2C,18617,2025,True
TREUVYB128F424FD03,101,46,False
TREUWOD128F4281B46,315,193,False
TREUXIY12903CA7202,3798,1908,True
TREUXMR128F934B10C,256,135,False
TREUXPJ128F4295E53,77,35,False
TREUYJH128F429B903,441,261,False
TREUYZS128F93504EC,220,146,False
TREUZAR128F932A82F,5,3,False
TREUZXJ128F4292387,812,429,False
TREVBBS12903CD0AC5,6,6,False
TREVCDX128F426019C,3993,1206,True
TREVDJS128F14A94E5,2717,1406,True
TREVDUE12903CBB9C8,214,121,False
TREVEHJ128F148B13A,74,38,False
TREVETI128F4291A85,50,20,False
TREVEWR12903CE58E4,69,34,False
TREVFAX128E0791FC7,380,177,False
TREVFFO12903CFE309,952,530,True
TREVFIU128F932F636,360,108,False
TREVFJD128F4261051,1865,581,True
TREVGQV128F92F39D6,354,159,False
TREVHOS128F92DE3D8,968,199,True
TREVHUO128F92DF90B,112,36,False
TREVIDN128F9318771,285,93,False
TREVIRX128F42A1DE3,516,165,False
TREVISP128F428FE63,16,12,False
TREVJFH128F149F0D7,180,68,False
TREVJQP128F9333797,657,359,False
TREVJTY128F421C5B1,13,9,False
TREVMIC128F42484AC,132,82,False
TREVNPB12903D00D95,300,86,False
TREVOPT128EF34DABA,2,2,False
TREVOQB128E079520D,628,421,False
TREVOQB128F42537DD,30,16,False
TREVQWB128F422D830,92,51,False
TREVRAJ128F42819AD,1173,838,True
TREVSDW12903CE69B0,41,16,False
TREVSRO128F930C095,53,22,False
TREVSTG128E079245D,2928,1918,True
TREVTOT128F425DD50,1737,796,True
TREVTZE12903CC9AA3,2,2,False
TREVUBW128F92F91B2,1499,693,True
TREVUJI128F933B1F0,5568,1587,True
TREVVFS128F422D9FC,73,19,False
TREVVNJ128EF359E1E,646,439,False
TREVVSC12903CD1914,1760,539,True
TREVVVR128F42359D7,735,304,False
TREVWDG128F427ACC7,20,11,False
TREVWHD128F92FD303,29,25,False
TREVWZR128F933B440,177,60,False
TREVXYI12903CF81F7,912,264,True
TREVYDS128F42B36E1,187,96,False
TREVYWC128F425819F,6,4,False
TREVZNH12903D00D93,395,124,False
TREWBKN128F4298714,454,140,False
TREWBOV128F424AD1E,41,15,False
TREWDCH128F428C409,67,25,False
TREWDJO128F1475D2A,22,16,False
TREWEOH128F145ACE4,1448,658,True
TREWFGS128F93075E5,561,253,False
TREWFHB128F422B0ED,6004,1035,True
TREWFRC128F9307B27,235,178,False
TREWGAN128E0781527,55,32,False
TREWGDN128F42AD847,3,2,False
TREWIFM128F425CB9D,7,5,False
TREWIHH128F932D677,845,224,True
TREWIXS128E0792980,3333,788,True
TREWJHQ128F428E270,203,84,False
TREWJOK128F92E16C0,5204,2852,True
TREWJXP12903CCE619,2,1,False
TREWKLU128F930F4C3,8,5,False
TREWKPN128F92FDBD0,5,2,False
TREWLAY12903CFCD7E,1022,438,True
TREWLQK128F1469AAC,22,14,False
TREWMUE128F1499C01,11,8,False
TREWNBO128F42601F9,31,16,False
TREWNIT128F427B75D,1336,502,True
TREWOEV128F429EF6E,67,24,False
TREWOIB128F14AA138,112,69,False
TREWOPE128E0782228,148,95,False
TREWOVQ128EF3439D7,266,102,False
TREWPFR128F931E932,29,10,False
TREWPIM128F4261B51,2159,924,True
TREWPUU128F932AF29,94,14,False
TREWPXX128F145F13A,17,8,False
TREWQVC12903CEA9D3,1213,416,True
TREWRQO128F4281B3E,314,206,False
TREWSGB128E078285E,1687,641,True
TREWSLW128F930982D,755,328,False
TREWUDL12903CFDE8F,12,6,False
TREWUDO128F427AAA2,139,91,False
TREWVCM12903CFFDE4,9,5,False
TREWVTJ128F932FFDE,116,51,False
TREWZGT128F92D133B,37,15,False
TREWZKA128F14768A9,172,156,False
TREWZZW128F92F4690,107,59,False
TREXCGQ128E0786348,2967,1031,True
TREXCHD128EF33FB4E,3824,2736,True
TREXCHD128F932C2C8,882,453,True
TREXCSJ128E078E7A0,18,6,False
TREXDDS128F4277776,987,314,True
TREXENW128F42818F8,109,64,False
TREXHBY128F425B705,11,4,False
TREXIRW12903CDE038,32,14,False
TREXITL128F421DF49,3500,1175,True
TREXJDC128F148219F,250,94,False
TREXJJM128F425173B,35,12,False
TREXKFD12903CE3964,262,146,False
TREXNUE128F92FFC12,3290,2225,True
TREXOGN128F428AD75,7,6,False
TREXOSI128F931F3D2,275,95,False
TREXPWB128F92D558C,682,349,False
TREXRBN128F42676B8,6383,3378,True
TREXRIW128EF3434B7,6841,1420,True
TREXRTM128F423EDD6,56,34,False
TREXSFO12903CDF8C9,11,8,False
TREXTCQ128F4259F7A,79,51,False
TREXTVL128F426A0E3,132,53,False
TREXVPX12903CFE362,740,577,False
TREXXMO128F425A7AD,14,8,False
TREXXRA128F931B88A,14,5,False
TREXYHY12903D09EDD,181,62,False
TREXYUR12903CF4351,54,28,False
TREXZNI128F92C5A6F,2884,1359,True
TREXZSW128F93218FB,4,3,False
TREYAOP12903CF470A,799,454,False
TREYCQX128F92EC295,107,43,False
TREYCXK128F4289175,594,205,False
TREYHGD12903CB0EEE,189,77,False
TREYHYB12903CE7F27,43,27,False
TREYJMR128F932F1F5,136,66,False
TREYJNS12903CF4487,197,84,False
TREYKHT12903CAF2E2,20,3,False
TREYKTG12903C951C9,925,292,True
TREYKZZ128F933926C,821,230,False
TREYLBG128F934B6EA,956,378,True
TREYLKW12903CE95BF,10,6,False
TREYLQJ12903CD68B9,87,36,False
TREYLRJ128F149B948,1568,705,True
TREYMBV12903CAFACF,79,22,False
TREYMRA128F425EEE0,122,31,False
TREYOJA128F4299262,3440,1170,True
TREYOMU128F149F9B1,7984,5061,True
TREYOOA128F930FE90,3,3,False
TREYPZY12903D0199C,185,64,False
TREYQDA12903CDDC98,35,15,False
TREYQIM128F9329F89,8,2,False
TREYSLJ128F4265DC4,743,451,False
TREYSYX128F92C7E9A,742,228,False
TREYTBA12903CE8FB1,16,6,False
TREYXOA12903CAE7FD,52,28,False
TREYXVK12903CB4503,4806,2379,True
TREYXZO12903CB10D7,233,91,False
TREYYBG128F427AC2B,76,43,False
TREYYGT128E078904A,519,324,False
TREYYHQ128F4259B2E,265,157,False
TREYYNS128F1452558,1009,403,True
TREYZBV128F421B479,512,126,False
TREYZWL128F427EC10,1,1,False
TREZAQJ128F426E69B,30,15,False
TREZBNL128F931118C,5,5,False
TREZCBM128F930C185,142,53,False
TREZCGE12903CEDCB0,1,1,False
TREZCXO128F9337F49,48,14,False
TREZDZQ128EF3518F0,1120,540,True
TREZDZY128F425A743,1304,683,True
TREZECF128F9302E19,733,136,False
TREZEFE128F42AB554,211,92,False
TREZEXG128E078FC81,208,136,False
TREZFDZ12903CE32B6,140,61,False
TREZGJS128F428B783,51,24,False
TREZGLQ128F932A48D,3195,1925,True
TREZJEK128F426AA90,230,100,False
TREZJIV128F42B7C90,783,223,False
TREZJVO128F4290D7B,1,1,False
TREZKUE128F92D6120,99,28,False
TREZLJY128F427BFFE,778,268,False
TREZLWH128F932BD90,59,31,False
TREZMVA128F428CEC6,38,9,False
TREZPCG128F42AE124,4471,1318,True
TREZPHI128F92C23BC,35,18,False
TREZPXN128F1458F95,215,76,False
TREZQKM128F930EBD0,11,10,False
TREZQTL128F428D686,17,12,False
TREZQVG128F92F281F,10,8,False
TREZRAE12903CD185C,6,5,False
TREZRLO128F14AD5D2,6,3,False
TREZSPB128F429E98E,904,427,True
TREZTKO128F4233F02,1242,581,True
TREZWTF128EF3447DF,2075,988,True
TREZXUP128F92EE88C,33,11,False
TREZXVO128F4282BA6,2,2,False
TREZYWT128F93191B7,4132,1747,True
TREZZZR128F146C6B7,985,553,True
TRFAAZG128F42275DF,6,5,False
TRFABDH128EF356B57,60,46,False
TRFABJS12903CF73DF,467,312,False
TRFADQN128F935A6B2,266,198,False
TRFADXC12903CEE3FF,30,13,False
TRFAEIR12903CBEEBA,13,6,False
TRFAEPZ128F427AFB2,121,49,False
TRFAEVD128E0792401,1024,586,True
TRFAIBA128F42968EC,914,299,True
TRFAIOJ128F92EB2DB,435,180,False
TRFAIPH128F428CAE7,39,33,False
TRFAIPJ128F427322D,379,144,False
TRFAITS128F42890DD,127,61,False
TRFAKFX128F426B3A1,86,48,False
TRFAKNI128F1490EB1,259,155,False
TRFALAG128F934B396,882,273,True
TRFALAQ128F9319FA5,49,31,False
TRFALHO128F9317998,994,365,True
TRFALOC12903CE7BF0,237,99,False
TRFANKY128F146814D,3,3,False
TRFAOTA128E07989E0,2790,1453,True
TRFAOZC128E0789ED8,37,17,False
TRFAQJU128F9351452,2505,707,True
TRFARTQ128F935A659,806,377,False
TRFASIY12903CF7E8E,212,108,False
TRFASPL128F92E022B,9,7,False
TRFATMM128F428DACB,9,7,False
TRFAUSK128F92FD8FA,5158,685,True
TRFAVRL12903CE4908,103,38,False
TRFAWHX128F425BE45,294,119,False
TRFAWIZ128E079939A,1417,893,True
TRFAWKX12903CE30F4,18515,5829,True
TRFAWNF128F931C202,424,245,False
TRFAWUF128E0781C41,2,2,False
TRFAXOP128F14A0BF8,35,11,False
TRFAYMT128F4256BB2,227,70,False
TRFAZID12903CE6B9C,59,40,False
TRFBAOJ128F4257B32,100,41,False
TRFBCGC128F1475D32,64,25,False
TRFBDAG128E078904D,492,313,False
TRFBEKM128F934C416,273,136,False
TRFBELX128E0780E62,2203,1005,True
TRFBFJE12903CB5057,953,591,True
TRFBHYY128F934B530,37,13,False
TRFBIKR128F425AC12,78,14,False
TRFBIQX12903CE93A0,5,5,False
TRFBJIK128F426A974,116,65,False
TRFBJXI128F426BAED,1382,448,True
TRFBKJJ12903CB2620,48,18,False
TRFBKRQ128F147E9C9,50,28,False
TRFBLPW128F147742A,104,51,False
TRFBLWK128F92FFAA0,69,34,False
TRFBMBR128F9309DF7,63,32,False
TRFBNEG128F931F0D9,332,110,False
TRFBNHI128F9329C05,27,20,False
TRFBNZN128F9340B0E,33178,5391,True
TRFBOHZ128F9332276,2,2,False
TRFBPLF128F4243CF9,266,102,False
TRFBPTS12903CB8D80,62,49,False
TRFBRMF128F42882C3,215,173,False
TRFBTKZ128F930BE0E,39,21,False
TRFBVZK128F9333CA9,3,2,False
TRFBWCO12903CB0876,559,346,False
TRFBWWM128F930970A,14,11,False
TRFBXIY128F427FE7E,201,101,False
TRFBYDP128F934E567,30,12,False
TRFCAUD128F92CC982,656,316,False
TRFCBTT12903CE3EC0,2232,740,True
TRFCDPH128F9339272,267,95,False
TRFCDQP128E0782826,809,384,False
TRFCDWR128F4291A8C,33,9,False
TRFCEOE128F1451F2D,3570,1399,True
TRFCFET128F4271978,43,33,False
TRFCGSN128F9308DED,13,3,False
TRFCHBD128E0782A19,2,2,False
TRFCHEY128E079219C,10981,3425,True
TRFCHIK12903CF2486,6,3,False
TRFCHLE128F930AB29,642,249,False
TRFCJQM128F428D30A,1537,863,True
TRFCJQR128F4240D6B,1637,908,True
TRFCKJT128E078E9AB,355,191,False
TRFCKKZ128F422B3F8,17,11,False
TRFCLMT128F425C258,102,24,False
TRFCMBC12903CA782D,483,226,False
TRFCMWW128F428CB78,12,3,False
TRFCMWZ128F14933EE,352,133,False
TRFCQXX12903CE852D,1034,439,True
TRFCRGH128F9307E4E,1,1,False
TRFCUQH128F9343643,79,16,False
TRFCVYW128F146830A,215,117,False
TRFCWSS12903CD1984,17,6,False
TRFCXJR128F933A55F,433,185,False
TRFCYLA128F424409D,23,10,False
TRFCYMW128F92CB775,41,22,False
TRFDBCY12903CF274D,257,107,False
TRFDBYQ128F93158EC,135,121,False
TRFDCPA12903CCDEB6,49,21,False
TRFDDFS12903CAFC36,983,531,True
TRFDDRK12903CBD076,21,10,False
TRFDDSA128F92EF152,232,58,False
TRFDEBX128F92D541A,1794,784,True
TRFDEDH128F93121A9,11,3,False
TRFDEEG128F92DE724,8,4,False
TRFDEKP12903D027CA,339,154,False
TRFDFML128F42B53E4,463,230,False
TRFDGAR12903CD08D6,31,17,False
TRFDGBK128F9307280,116,55,False
TRFDLKP128F427615C,976,376,True
TRFDMMO128F424D545,952,524,True
TRFDMRS128F930C5D4,163,59,False
TRFDNDU128F425218F,605,253,False
TRFDNEW12903CD0BCC,8,3,False
TRFDPMH128F92F9A6E,81,42,False
TRFDPNH128F42800B6,306,231,False
TRFDPTU128F148570C,136,88,False
TRFDRIV12903CB6334,586,312,False
TRFDSBO128F92FBEF9,4,2,False
TRFDSKQ128F423C31F,5757,2483,True
TRFDSPA12903CCE5FF,101,51,False
TRFDTKN12903CDE9DA,19,11,False
TRFDTXZ128F148E9A9,266,140,False
TRFDVAM128F1453AD9,2016,996,True
TRFDVNQ128E07923CD,279,176,False
TRFDWID128F92EC490,70,33,False
TRFDWTF128F42739A0,1334,612,True
TRFDXCC12903CF4703,9818,1814,True
TRFDXNR128F930AE43,87,28,False
TRFDXQI128F428E801,62,22,False
TRFDXSA128F4251749,10,5,False
TRFDYNH128EF343638,9,4,False
TRFDYRI128F930AECE,308,146,False
TRFDYYP12903D01E21,2311,1063,True
TRFEAME128F9326992,70,29,False
TRFECPE128F92F883B,836,276,False
TRFEDOJ128F4277884,1,1,False
TRFEDVA128F422C121,117,39,False
TRFEFLM12903CB8AFB,591,138,False
TRFEFTF128E078EF10,266,85,False
TRFEGPJ128F4273112,24,8,False
TRFEIRU128F9306B95,33,18,False
TRFEJKX128F92D21EB,24,16,False
TRFEJPR128F149F986,32,18,False
TRFEJWU12903CB5DBB,169,50,False
TRFEKVI128F426A9B1,3,3,False
TRFELDK128F9333C72,799,310,False
TRFEMHR128F9329C5E,426,148,False
TRFENYB128F14683AD,541,322,False
TRFEODL128F4286D03,21,16,False
TRFEORI128F426AD41,400,103,False
TRFEOVS128F425226B,72,28,False
TRFEPDJ12903CC54E1,23,9,False
TRFEPNE128F4233A4B,2,2,False
TRFEPRW128F92FEAE4,65,13,False
TRFEPZE12903CE63BF,102,33,False
TRFEQKU128E0781EB4,759,426,False
TRFEREV128F92E049A,9,5,False
TRFESBJ12903CC3C89,150,52,False
TRFESXP12903D00CCA,381,116,False
TRFETAB12903D01E24,1571,760,True
TRFETHE128F4263D60,83,44,False
TRFETPH128F4280AE3,1731,822,True
TRFEWDG128F42830DD,63,31,False
TRFEXCH128F4291C3D,5,4,False
TRFEXFY128F92EC179,1847,426,True
TRFEYYD12903CE19BF,339,214,False
TRFEZLR128F92C5A85,2710,1219,True
TRFEZVU12903CE3CE0,24,15,False
TRFFAHO128F9316F9D,84,31,False
TRFFANI128F42782DF,26,7,False
TRFFBQO128F145A19C,264,148,False
TRFFDEU128F42420CB,36,21,False
TRFFDOS128F42890FC,76,27,False
TRFFECI128F42753B2,11,7,False
TRFFEHB128F428A2AF,45,25,False
TRFFFFJ128F4259B34,22,7,False
TRFFFLL128E0791F06,5979,1616,True
TRFFGMF128F1490E68,385,232,False
TRFFHNY128F423DD36,124,88,False
TRFFHOP128F934C3BE,36,21,False
TRFFHQS128EF35C784,2,2,False
TRFFHYP128F424384F,374,187,False
TRFFIIC128F428ADB2,11776,2241,True
TRFFILL128F9304160,4577,1589,True
TRFFITC128F931D55E,298,195,False
TRFFJJC128F9308665,211,99,False
TRFFJTI12903CBD953,69,19,False
TRFFKDC12903CC2791,116,28,False
TRFFLIU128F1477147,986,458,True
TRFFLLB12903D011C8,432,197,False
TRFFMKD128F42303A4,1733,797,True
TRFFMTN128F424FEBF,404,177,False
TRFFPNK128F42BCE58,75,38,False
TRFFPQL128F42333EC,923,557,True
TRFFPTM12903CD6D19,209,129,False
TRFFQHV128F42626DA,3,3,False
TRFFRCL128F933E2DC,146,64,False
TRFFRWN128F4298DAC,16,6,False
TRFFRZG128F9332C20,580,210,False
TRFFSIZ128F9314725,398,189,False
TRFFSUW128F934452F,131,41,False
TRFFTBO128F92D8275,629,251,False
TRFFTKR12903CE3144,3609,1352,True
TRFFTSS128F92E74A0,235,122,False
TRFFTVR128F422189F,3,2,False
TRFFVRJ128E07824CA,246,66,False
TRFFWIJ128F92FE6F1,2,2,False
TRFFXAW128F932B89E,83,31,False
TRFFXDF128F424A3F8,216,146,False
TRFFXWX128F9320A86,898,275,True
TRFFZHL12903CBE0A9,4606,2092,True
TRFFZQK128F92EAD03,826,373,False
TRFGAGX12903CC5BE2,7910,3083,True
TRFGBLD128F92F3048,8,5,False
TRFGBSF128F4273FBD,12,1,False
TRFGCSB128F424FF01,196,108,False
TRFGEKR128F423E11A,24,12,False
TRFGEPM128F428B36C,18,15,False
TRFGFAY128E07937CC,760,440,False
TRFGFJB128F9356BCF,116,49,False
TRFGHXU128F14A13F0,3247,961,True
TRFGJJP128F92D4260,4596,1919,True
TRFGJPM128F1490EB5,345,184,False
TRFGJWL128F934E7DF,25,15,False
TRFGKEI128F429862F,55,7,False
TRFGKLZ128F1468F8E,108,62,False
TRFGLDL128F932DFB7,636,224,False
TRFGMLY12903CB41D2,46,24,False
TRFGMTD128F4284394,11550,2792,True
TRFGOBH128E078EC0C,2361,1186,True
TRFGOXJ128F42507E1,10,7,False
TRFGPLI128E078FC30,4129,1878,True
TRFGPRP128F426979D,76,36,False
TRFGQOV128F4289656,151,121,False
TRFGQPS128F4275971,3,2,False
TRFGQQD128F934C338,8,7,False
TRFGQRM128EF347131,322,121,False
TRFGRIK128F92D5953,32,14,False
TRFGRMQ128F932B3F8,19,11,False
TRFGTHG128F92CD6C7,7,5,False
TRFGTUV128F92F9A71,37,19,False
TRFGVCE128F9309DCA,42,23,False
TRFGVES128F42910A3,457,117,False
TRFGYZI128F4243BFF,6115,1730,True
TRFHABZ128F92D7A0F,394,221,False
TRFHBAN128E0788E93,229,91,False
TRFHCDC128F92EA2DC,621,399,False
TRFHCFY128F92F376E,29,14,False
TRFHCOI12903CB2540,189,89,False
TRFHDYX128F4285B84,201,67,False
TRFHFCN128F1459966,788,508,False
TRFHFLI128F92CC81F,10,6,False
TRFHHKT128E0781AFF,652,365,False
TRFHHKY128F92E6AE9,474,215,False
TRFHHVE128F14A46DE,878,342,True
TRFHHWH128F92C2203,1397,623,True
TRFHJOI128EF34BFAF,2008,479,True
TRFHLBC128F92DFDC1,317,176,False
TRFHMAV128F9301082,159,59,False
TRFHQBH128F92CE5D6,64,29,False
TRFHQJN128F92D5425,1612,638,True
TRFHQLO12903CE892C,14,10,False
TRFHQNR128F92F4174,72,34,False
TRFHRAW128F4243457,61,47,False
TRFHTDR128F42440A1,20,10,False
TRFHTYC128F4214277,2342,646,True
TRFHUIQ128F429D991,239,100,False
TRFHUMJ128F425AD2A,147,72,False
TRFHVHO12903CE2680,5,2,False
TRFHVKU128F935A108,104,64,False
TRFHVOL128F4291203,32,15,False
TRFHWND128EF34C53E,76,25,False
TRFHWSN128F427F108,88,26,False
TRFHYEP128F42883C7,688,82,False
TRFHYIV12903CA50B9,7,6,False
TRFHZJP128F429E96B,377,271,False
TRFHZSQ128F1486DEB,12511,5317,True
TRFHZZG128E07926DF,3486,781,True
TRFIAED12903CE8939,1483,711,True
TRFICFO128C7196C30,2417,1077,True
TRFIERO12903CF59F0,59,25,False
TRFIFGL128F933E700,1131,472,True
TRFIHFW128F42AD8D5,61,34,False
TRFIHFY128F14AE25B,10,6,False
TRFIIDH12903CAF5F8,1603,619,True
TRFIIHF128F4281C81,232,83,False
TRFIIHS128F427EF9D,3202,1697,True
TRFIJCT128F425B054,329,157,False
TRFILNV128F423D10E,68,38,False
TRFINWC128F148D1B9,186,98,False
TRFIOBS128F9335325,113,52,False
TRFIPFO128E0781684,974,456,True
TRFIPTI128F9321D3B,605,185,False
TRFIQEY128F14840B9,1822,828,True
TRFIRZF128F145247F,283,203,False
TRFITIM128F424A72F,8,6,False
TRFITKN128E0791260,1992,721,True
TRFIUAJ128F92F75BE,2,1,False
TRFIUEI128F429EB79,751,389,False
TRFIVAH128F146501B,21,13,False
TRFIVEX128F428B545,236,104,False
TRFIVJM12903CF8C6E,37,19,False
TRFIWCE128F426475F,7,3,False
TRFIWCV128F930C1C1,659,278,False
TRFIWXG128F935A672,264,124,False
TRFIXAC12903C9B62E,27,22,False
TRFIXCL128E078F555,191,95,False
TRFIYGT128F426AAAA,519,179,False
TRFJAEH128F9301090,2160,570,True
TRFJBFK12903D00D5C,51,19,False
TRFJCYV12903CB6526,2644,1306,True
TRFJDEE128F931DA1C,19,12,False
TRFJEJR128F1469572,258,100,False
TRFJGXA128F147359D,78,28,False
TRFJIOA128E0781CB7,2363,1038,True
TRFJIRG128F429F782,229,121,False
TRFJIUM128F426ACC1,11,6,False
TRFJKEF128F1464F20,139,68,False
TRFJMZQ128F92F0210,32,26,False
TRFJNRH128F92D4F34,5,1,False
TRFJNVS128F4299DE6,572,167,False
TRFJOHD128F42B9D53,1561,420,True
TRFJQXA128F145B44B,1,1,False
TRFJRJY128F14528B2,2075,706,True
TRFJTEH128F1497E54,58,35,False
TRFJUFN128F423EBFD,3539,1263,True
TRFJUNW128F935008B,178,100,False
TRFJVNW128F931C0EE,30,25,False
TRFJWPE128F423288F,1,1,False
TRFJXGA12903CFA1CC,262,113,False
TRFJXXL12903CBA458,167,87,False
TRFJYPJ128F1474B4D,70,30,False
TRFJZHW128F4247916,67,25,False
TRFKACN128F422C6ED,7,3,False
TRFKBDK12903CF454A,994,267,True
TRFKBFS128F423AC78,13,10,False
TRFKBIQ128F93221AB,7,7,False
TRFKBXC128F4243FFD,14,4,False
TRFKCEL12903CB3E1C,1715,748,True
TRFKEOM128F1464F4A,79,26,False
TRFKEXQ128F4259F44,42,19,False
TRFKFSS128F92CEE62,676,338,False
TRFKGQJ128F1453A9E,1235,608,True
TRFKGZO128E0781B7C,582,403,False
TRFKIIK128E079212B,699,421,False
TRFKJAJ128F92E1707,133,45,False
TRFKJKQ128F42521A8,516,212,False
TRFKJRS128F425BC4E,119,61,False
TRFKKXT128F148B0EE,2387,650,True
TRFKKZZ128F9329BC2,23,13,False
TRFKMIF128F425B4C9,551,176,False
TRFKMME12903CA43EA,65,34,False
TRFKNXH12903CFD00D,37,8,False
TRFKOQC128F14A2E2D,1174,491,True
TRFKQDO128F426354B,22,11,False
TRFKTPW128F426E321,19,14,False
TRFKUNN128F933B7A6,338,92,False
TRFKVAA128F4278B16,84,16,False
TRFKVDN128F42892DF,1,1,False
TRFKWJR128F9322876,37,16,False
TRFKXEN12903CF5E24,7,2,False
TRFKYJJ128F421E8EA,26,12,False
TRFKZHE128F149F632,3199,1156,True
TRFLBCK128F931799A,116,56,False
TRFLBUE128F428CB29,14,12,False
TRFLDIF12903CB597E,141,71,False
TRFLDKQ12903CD7781,597,98,False
TRFLDTF128F4299DED,471,142,False
TRFLEGZ128F9320E2E,1940,947,True
TRFLELI128F4240920,120,60,False
TRFLEVB128F1476A1F,1081,425,True
TRFLFBI128F149B0E3,336,178,False
TRFLFIG128F92EEC66,7,6,False
TRFLGIA128E0795426,957,392,True
TRFLGOF128F14589BB,333,76,False
TRFLGRA128F14768B7,4,2,False
TRFLGUZ128F9335847,132,65,False
TRFLHQH128F9312491,438,324,False
TRFLHSP128F931C253,163,123,False
TRFLJDW128F428B0B9,2,2,False
TRFLKXP128F931B1C7,6,3,False
TRFLLEK128F42BC79C,15,10,False
TRFLLET12903CC3C86,55,34,False
TRFLLQP128F4286651,428,240,False
TRFLMEG12903CCD03C,8,3,False
TRFLMGG12903CF4195,108,57,False
TRFLNFH128F92DE728,1,1,False
TRFLOVK128F14696AD,1961,1458,True
TRFLPWO128F4220560,1743,728,True
TRFLPXT128F931DB92,4,4,False
TRFLQIS128F932C6EF,350,120,False
TRFLQSD12903CD68D0,4321,898,True
TRFLRXQ128F4280CCC,4707,2482,True
TRFLSIF128F42A2967,378,251,False
TRFLUAD128F423EF2A,52,35,False
TRFLUFV128F1492743,333,193,False
TRFLVKB128F147CC69,2720,1299,True
TRFLWKW128F14668E7,210,131,False
TRFLXBN128F4241BBD,17,13,False
TRFLXGY128F42756DF,83,35,False
TRFMAIA128EF342CD3,10,9,False
TRFMASG128F1462AB9,150,67,False
TRFMBGS128F42684AB,103,50,False
TRFMBKI128F9335C76,207,79,False
TRFMCKN128F42911EF,217,79,False
TRFMDHN128F4285A49,2405,815,True
TRFMHCC128F9301031,92,31,False
TRFMHDT128F4289586,1366,297,True
TRFMHLC128F42633DE,506,313,False
TRFMILD128F42620E7,463,161,False
TRFMKAA128F429C9F2,20,11,False
TRFMKHQ12903CDF0A9,118,43,False
TRFMMHO128F424FF0E,101,42,False
TRFMOHF12903CB6101,41,12,False
TRFMOPN128F9304DED,2,2,False
TRFMOUZ128F4289576,877,334,True
TRFMOWK12903CC43C2,17,12,False
TRFMQJK128F9321BCC,1638,562,True
TRFMRSI128F429106B,12,3,False
TRFMSFP128E078EC80,128,38,False
TRFMSJY128E079295D,1898,664,True
TRFMSLA128F92F99F3,2599,1091,True
TRFMSLL12903CF2750,258,109,False
TRFMTJC128F92EA2B0,47,20,False
TRFMTZK128F92FFC10,793,453,False
TRFMUDU12903D0621F,490,153,False
TRFMUJW128F92C690D,36,11,False
TRFMUWX128E079699D,485,285,False
TRFMVQQ128F422D92D,147,60,False
TRFMVYZ128F428A3E2,103,46,False
TRFMWGG128F427265A,18,12,False
TRFMWLY128F422CD41,57,36,False
TRFMWRL128F42AD8EC,228,116,False
TRFMWRW128F92FCDF3,1016,603,True
TRFMWXG128F42914C2,9,7,False
TRFMWZD12903CD1972,634,334,False
TRFMXJI128F930738B,4276,1924,True
TRFMXWU128F427ABA8,66,19,False
TRFMXXY128F932E381,452,323,False
TRFMYFA128F14852B6,102,49,False
TRFMYHM128F145653D,13,6,False
TRFMYIG128F424BC5C,303,82,False
TRFMYKR128F92FF73A,10,6,False
TRFMYXF128F9331B33,54,27,False
TRFMZBB12903CDDEA8,627,253,False
TRFMZBV128F9314697,140,96,False
TRFMZLZ128F93238BB,177,80,False
TRFMZPC128E0799AE0,39,15,False
TRFMZQW12903C9AD03,142,77,False
TRFMZTW128F423646E,343,140,False
TRFMZYD128F9340103,230,113,False
TRFNABE128F425437C,11,6,False
TRFNACJ12903C9B85A,2,2,False
TRFNAGV128F92E0A59,862,423,True
TRFNANZ128F9336EEE,21,11,False
TRFNAOR128EF368556,1,1,False
TRFNBLQ128F14710AD,13,10,False
TRFNBPI12903CF4578,8,2,False
TRFNBSP128F93098D6,12,10,False
TRFNBWP128F425CD7F,62,30,False
TRFNBWS12903CD5BB3,16,6,False
TRFNBWY128F1498D80,11,6,False
TRFNCBI128F42B53F2,637,306,False
TRFNCBS128F930BC6F,27,16,False
TRFNCFH128F93261D8,766,436,False
TRFNCJJ128F428AC19,6028,2340,True
TRFNCMD128F4266205,704,119,False
TRFNCMJ128F4284772,21,16,False
TRFNCOH128F428B6E1,248,134,False
TRFNCOM128F428CF76,50,14,False
TRFNCQR128F93426BC,190,91,False
TRFNCUI12903CDCCD0,187,30,False
TRFNDGG12903CE785E,7,3,False
TRFNDHN128F426BE40,12514,4912,True
TRFNDNS128F427AB38,1279,744,True
TRFNDUA128F427EF50,33,16,False
TRFNDYI128EF33DBA1,31,18,False
TRFNECZ12903CC5017,22,11,False
TRFNEFO128F4273B12,15,5,False
TRFNEVK128F42438F8,184,61,False
TRFNFCI128F9338B95,1,1,False
TRFNFNG128E0794B47,167,60,False
TRFNFYV128F146EB5A,20,14,False
TRFNGCN12903CA2DF6,6,3,False
TRFNGET12903CBFAC4,85,34,False
TRFNGHU128F4259F4E,190,56,False
TRFNGJS128F92F9EEE,30486,13015,True
TRFNGRY128F427F213,13,8,False
TRFNHBO128F92F1D3B,323,116,False
TRFNHKN128F933196B,93,33,False
TRFNHYA12903CDD4DD,296,72,False
TRFNIAM128F92FBB39,12,9,False
TRFNIJR128F425CBD4,8,4,False
TRFNITF128F4241148,46,16,False
TRFNJEX128F427AF7A,101,49,False
TRFNJJG128F428E48F,2277,732,True
TRFNJSO128F42640B5,45,8,False
TRFNJWT128F42695C9,2,2,False
TRFNKCM128F426B279,198,70,False
TRFNKCO128F146A325,67,28,False
TRFNKIX12903CB6524,4,3,False
TRFNKTW128F93116B8,214,42,False
TRFNKVC12903C9FEBE,29,19,False
TRFNLQJ128E079278E,17,9,False
TRFNLRK128F92D44FF,443,117,False
TRFNLUT128F92F75C7,3,1,False
TRFNNFP128F146CB4B,2696,1108,True
TRFNNIY128F148ADAC,6,4,False
TRFNNNG12903CB42E0,7,5,False
TRFNNPU128F423722D,484,435,False
TRFNNTE128F930058E,2195,759,True
TRFNOIH128F4251714,78,32,False
TRFNPAP12903CDC9C7,204,88,False
TRFNPDM128F42720A3,59,31,False
TRFNPEY128F428CFB5,1917,41,True
TRFNPHG128E07864DB,2250,729,True
TRFNPIZ128F428A536,29,4,False
TRFNPME128F422B264,21,10,False
TRFNPNP12903CC7820,116,38,False
TRFNPPN128F92F5E9D,1241,355,True
TRFNQLC12903CB2622,4,3,False
TRFNQUS12903CF9CB7,983,373,True
TRFNQWI128F146021F,1,1,False
TRFNRAV128F93245A1,35,19,False
TRFNRAY128F42792A4,141,50,False
TRFNRGN128E0791E0E,622,235,False
TRFNRQD128F934335D,112,35,False
TRFNRVO12903CF7391,85,33,False
TRFNRXD128F422145B,1,1,False
TRFNRZN128F931FE51,23,12,False
TRFNSHU128F93009F9,217,57,False
TRFNSNE128F4251D2D,43,24,False
TRFNSTQ128F9326B0B,34,15,False
TRFNSUN128F92D1AC1,44,22,False
TRFNSVB128F92D8EC1,6,5,False
TRFNTDZ128F426B34D,80,18,False
TRFNTHR128E078226B,8,6,False
TRFNTIH128F92F52D0,671,253,False
TRFNTOT128F92E3284,91,30,False
TRFNUOH128F935FD99,2,2,False
TRFNUOP128F92FD31D,2,2,False
TRFNURP128F426D120,155,97,False
TRFNUVT128F92F9011,3802,1399,True
TRFNUZA128F428AA28,3040,904,True
TRFNVAR128F92CFEA3,427,207,False
TRFNVCS128F422DF10,829,392,False
TRFNVPD128F9325D06,562,223,False
TRFNVPY128F92D2626,6786,2249,True
TRFNVXF128F424CCC4,47,14,False
TRFNWCH128EF341FFD,81,45,False
TRFNWDH12903CC5439,5,3,False
TRFNWFP128F426EFA8,39,6,False
TRFNWKB128F423D482,1062,461,True
TRFNWNY128F92F17B3,2,2,False
TRFNWPG128F92FFA2A,849,314,True
TRFNWSG128F426A0E1,160,71,False
TRFNWSH128F4264033,3,2,False
TRFNXGY128F9344550,2,2,False
TRFNXLN128E078A8DC,2,2,False
TRFNXMY12903D027A8,54,37,False
TRFNXZG12903D0C428,6,4,False
TRFNYIV128F92ECC60,12,4,False
TRFNYPJ128F427208B,14,7,False
TRFNYTT128F428B7A5,52,22,False
TRFNYZW128E078EBE8,1612,812,True
TRFNZZG12903C9801B,819,271,False
TRFOADI128F425AD2B,264,113,False
TRFOADV128F425B771,2658,1128,True
TRFOAHB12903CFB3EC,1,1,False
TRFOALE12903CEEEC6,98,79,False
TRFOAQY128F42696D1,49,23,False
TRFOASC128F931F53A,3041,925,True
TRFOAZN128F4219E48,21,10,False
TRFOBAZ128F931A2FD,355,223,False
TRFOCCY128F4269D04,512,172,False
TRFOCFY128E07989DD,2800,1544,True
TRFOCSK128F14794E8,1345,558,True
TRFODJQ128F42522A1,2,2,False
TRFODUJ128F1484212,31,18,False
TRFODUT128F930BE4E,1215,591,True
TRFODZB12903CE2E56,26,12,False
TRFOEIN128F422843D,214,61,False
TRFOEKT128F9334149,807,250,False
TRFOERI128F9331453,1,1,False
TRFOEYA128F4291A8E,95,36,False
TRFOFKP128F4294ED9,74,39,False
TRFOFQK12903CA2E28,27,3,False
TRFOFXF128F932DD8D,8,4,False
TRFOGGH128F421E571,290,39,False
TRFOGGV128F4278046,123,51,False
TRFOGHY128F428CBA7,7,5,False
TRFOGKI128F4250E65,6248,3247,True
TRFOGNV12903CB4126,16,10,False
TRFOGNX12903CA80C9,28,16,False
TRFOGQC12903CA9D2E,6179,2893,True
TRFOGSC12903D01196,609,227,False
TRFOGVF128F4232C45,46,38,False
TRFOHFU128F92F6274,172,44,False
TRFOHJI128E0792957,360,134,False
TRFOHOA12903CDECE5,62,39,False
TRFOHRE128F934B8F3,302,94,False
TRFOICQ128F93138AA,110,40,False
TRFOIDN128F146B8C6,4207,1716,True
TRFOIFN128F422C0F3,157,48,False
TRFOIIO128F1490EEC,1412,313,True
TRFOJBO128F92F5696,75,14,False
TRFOJDI128F428C635,459,155,False
TRFOJMB12903CB8A69,107,61,False
TRFOJXF12903CB421D,6,1,False
TRFOKOR128F4248428,5,5,False
TRFOLQA128EF352584,47,18,False
TRFOMKK128EF35EF1D,261,159,False
TRFOMMI128F42A04EE,2640,1008,True
TRFOMNT12903D0541A,39,18,False
TRFOMNU128F42561D8,14,6,False
TRFOMNZ128F92F611B,7,7,False
TRFOMTA128F4278124,32,9,False
TRFOMZH128F423A7A9,114,62,False
TRFONPP128F42718B6,3,1,False
TRFOOBU12903CE2418,1,1,False
TRFOOEL128F42AA5C7,205,36,False
TRFOOER12903CE4D49,12,8,False
TRFOOXQ128F4299D7E,120,63,False
TRFOPDB128F9334F77,12,6,False
TRFOPDK128F931D05B,240,114,False
TRFOPHS128F93351E2,580,244,False
TRFOPIY128F146FFF5,36,15,False
TRFOPKS128F4256B14,105,41,False
TRFOPOQ128F1472AA6,64,15,False
TRFOPSL128F92CA7ED,5,3,False
TRFOQDH128F4263E10,8,5,False
TRFOQGI128F92E5281,65,30,False
TRFOQPT128F92E6B84,2,2,False
TRFOQXU128F92C6858,163,76,False
TRFORCT128F92F3BB1,10,9,False
TRFORFZ128F9311116,445,219,False
TRFORGS128F931EC6C,30,12,False
TRFORJL128F427EF89,2146,1391,True
TRFORRG128F426AC93,112,57,False
TRFORWR128F931BADB,264,187,False
TRFOSRN128F931FF5A,14,7,False
TRFOTCD128F931B4BF,65,30,False
TRFOTQI128F423DAB0,6,1,False
TRFOUDY128F9312236,19,6,False
TRFOUJM128F9339EAF,674,289,False
TRFOVES128F930AC3B,51,31,False
TRFOVTO128F4228CC3,34506,11350,True
TRFOWKL12903CB3227,64,36,False
TRFOWKQ128F42BBB3C,787,479,False
TRFOXAG12903CFF23B,507,212,False
TRFOXCL12903CB07E8,15,9,False
TRFOXVC128E078924E,5,5,False
TRFOXWS128F145A7FA,52,33,False
TRFOXXS128F422A4E4,10,4,False
TRFOYQD128F148A604,50,34,False
TRFOYRF128F935F972,13,5,False
TRFOYUO128F42990B9,103,26,False
TRFOYXW128F92EF9FE,33,11,False
TRFOZAS128F423E617,140,37,False
TRFOZLC128F93147E4,303,122,False
TRFOZZL12903CEF7F6,62,19,False
TRFPAAT128F92EBF8E,1452,743,True
TRFPAFX128F4246EA0,23,3,False
TRFPAGS128F92EDC08,3,3,False
TRFPAQP128F425FE22,572,251,False
TRFPARS128F42623C1,153,91,False
TRFPASB12903CF5567,1815,608,True
TRFPAZD128F4234020,103,32,False
TRFPBAD128F1483782,61,37,False
TRFPBFB128F92E7D90,13,5,False
TRFPBHY12903CB8C52,71,45,False
TRFPBUC128F42ACB55,8,5,False
TRFPBVU128F1499CEC,584,80,False
TRFPCHA12903CFDBA5,426,169,False
TRFPCNL12903CF1C37,42,23,False
TRFPCUX128F149DA55,13,5,False
TRFPCZA128F92E50F9,33,10,False
TRFPCZI128E078EC13,7663,2753,True
TRFPDLS128F9335C22,546,243,False
TRFPDPF128F42848B7,697,231,False
TRFPDQU12903CB02F3,1,1,False
TRFPDZY12903CD73A7,124,75,False
TRFPELR128F9302C48,11,4,False
TRFPEMC128F42928FE,141,38,False
TRFPENL128F92F6BF0,6,4,False
TRFPEPB128F92EBCB8,13774,2548,True
TRFPERR128F425D8F2,164,59,False
TRFPFHE12903CC1DD2,3,3,False
TRFPFHY128F4228140,40,18,False
TRFPFIA12903CAD652,89,30,False
TRFPFIL128F930A78B,62,18,False
TRFPFPP128F92F39EE,309,77,False
TRFPFQM128F429BAF0,2,2,False
TRFPGJB12903CC13E9,95,12,False
TRFPGPN128F9322C14,1709,602,True
TRFPHET12903CABC00,62,21,False
TRFPHMU128E07918C7,215,111,False
TRFPHSB128F92FD30B,52,33,False
TRFPHYZ128F426ECCC,826,405,False
TRFPIBN128F429AF09,42,16,False
TRFPIMJ128F4241A72,75,24,False
TRFPIOS128F9329EB9,896,300,True
TRFPIZV128F9307DF9,72,29,False
TRFPJGF128E0791AA5,602,260,False
TRFPJNY128EF350CE4,3,3,False
TRFPJVA12903CA6BB7,27,5,False
TRFPJWJ128F428FA10,470,182,False
TRFPKJF128F92E123A,44,18,False
TRFPLAL128F93453F2,16,8,False
TRFPLGX128F429BED5,1887,760,True
TRFPLZK128F930DBE0,688,236,False
TRFPMDL128F42B6DEF,161,42,False
TRFPMJE128EF34B690,3,3,False
TRFPMSD128F427AB6B,119,47,False
TRFPMWR128F429DFB2,127,37,False
TRFPNAS12903CC4FE2,1,1,False
TRFPNCS128F4253688,5,4,False
TRFPNGL128F14735A0,41,17,False
TRFPNWN128E07908D4,2,2,False
TRFPOEN12903CFA6C4,583,236,False
TRFPOJL128F426AEA4,16,5,False
TRFPOXD128F428BCD5,287,187,False
TRFPPCC128F423EDB8,6,3,False
TRFPPGO12903CF62FE,45,31,False
TRFPPJW12903CFA056,911,420,True
TRFPQEY128F931AE39,9,5,False
TRFPQJO128F421C4A7,57,15,False
TRFPQKJ128F4284BD7,12,6,False
TRFPQSK128F424EDE4,334,125,False
TRFPRHH128F42A3C44,49,22,False
TRFPSGY128C7196BE3,2,2,False
TRFPSLU128F4288214,1721,1096,True
TRFPSMD12903CCA12C,20,18,False
TRFPSPX128F1458678,435,121,False
TRFPSVP128F42746E1,23,5,False
TRFPSWY12903CA1EEE,3,2,False
TRFPSYT128F427C9E3,37,29,False
TRFPTJZ128F9338955,70,16,False
TRFPTLM128F42558E2,1,1,False
TRFPTNL128F92F9C7D,2,2,False
TRFPTNY12903CE466A,449,150,False
TRFPTOU128F146A472,190,108,False
TRFPTTC128F4229610,65,42,False
TRFPTWF128F9313035,511,135,False
TRFPUCQ128F4297754,280,135,False
TRFPUUK128F42851B6,119,29,False
TRFPUYR128F92FEBA0,16,11,False
TRFPVKB128F930CAD0,285,98,False
TRFPVYD128F147FD39,583,235,False
TRFPWCQ128F931FF48,6,4,False
TRFPWHP12903CA29DC,451,97,False
TRFPWIQ128F42B3754,180,106,False
TRFPWNM12903CC59CC,83,57,False
TRFPWTM128F4259466,50,20,False
TRFPWUQ12903CAFE8D,230,96,False
TRFPWVN128F426F2A8,117,45,False
TRFPWXQ128F14AA682,184,118,False
TRFPXKB128F425A4F1,5,5,False
TRFPXSY128F934C242,911,351,True
TRFPXWB128F930A870,19,8,False
TRFPYDV128F92FE879,1,1,False
TRFPYNM128F92FB067,69,37,False
TRFPYNQ128F4292377,1,1,False
TRFPZFW128F14A010C,3959,1543,True
TRFPZIR128F92E6793,17,12,False
TRFPZKS128F933AEFC,289,35,False
TRFPZQF128F427B14B,30,7,False
TRFPZUI128F932B5E1,48,11,False
TRFQAEE128F146A63E,390,127,False
TRFQAHL128F149FA7F,1,1,False
TRFQATY12903CFB8AA,35,9,False
TRFQBAJ128F428F332,143,42,False
TRFQBJG128F42B81E2,57,19,False
TRFQBRH128F92F291A,469,145,False
TRFQBYI128F92EC3EF,420,197,False
TRFQCLP128C7196B5B,866,454,True
TRFQDGT12903CD29DA,1229,318,True
TRFQDHT128F4277E01,1833,662,True
TRFQEDU128F4284CDF,273,120,False
TRFQEII128F421CE36,28,17,False
TRFQEKF128F423EF42,34,14,False
TRFQEMU128E0786B2E,22,14,False
TRFQEPJ128F4264384,42,20,False
TRFQEQG128F92E636E,29,5,False
TRFQFCR128F933DF2D,6,4,False
TRFQFES128F4281C59,273,113,False
TRFQFNI128E07999B6,155,50,False
TRFQFXB128F146B1AC,319,61,False
TRFQFYK12903D0ED7D,75,29,False
TRFQGJX128E0783BC9,98,43,False
TRFQGMU12903D0F9BA,5680,1570,True
TRFQICA128F424D4DF,11,7,False
TRFQIOB128F92F375F,1497,678,True
TRFQITF128F9312B42,56,29,False
TRFQKFY128F92EC28F,121,52,False
TRFQKYL128E0786429,132,33,False
TRFQKZJ128EF3622F1,725,543,False
TRFQLBX128F4263C57,69,27,False
TRFQLKH128F932AD87,8,7,False
TRFQLTO128E0792145,407,162,False
TRFQMDN128F4269C1C,25,13,False
TRFQMJM12903CB8AC0,114,73,False
TRFQMSW128F426205E,387,185,False
TRFQMWT128F42969BB,68,27,False
TRFQNSS128F426F2AD,1,1,False
TRFQNZO128F149B9D4,63,32,False
TRFQOJK12903CFF684,337,136,False
TRFQQCE128F92DFC63,6,3,False
TRFQQRM128F92E6DC5,69,43,False
TRFQQZF128F427EE0F,26,17,False
TRFQRJK128F92E40C8,1,1,False
TRFQRJN128F9330E43,15,7,False
TRFQRNE128F14525F9,46,17,False
TRFQRNX128F92E2103,51,36,False
TRFQSHQ128F1466145,20,14,False
TRFQSJS128F4274940,460,100,False
TRFQSKR128F14B1378,22,16,False
TRFQSWT128F9314518,190,45,False
TRFQSZJ128F931CD9D,66,9,False
TRFQTEO128F4287B49,4,3,False
TRFQTGT128E07929D3,256,156,False
TRFQUBL128F92E3DA9,6,5,False
TRFQVAY128F92F9637,89,34,False
TRFQVFX12903CA9E37,128,48,False
TRFQWXF128F429870C,485,255,False
TRFQXDT128F930CA11,4,3,False
TRFQXQM128F93321D0,19,12,False
TRFQXTJ128F428DA66,4,4,False
TRFQYAQ12903CF29B0,12,12,False
TRFQYFE128F92F2240,284,139,False
TRFQYFP128F9332FC2,124,72,False
TRFQYFT128F14840BC,590,368,False
TRFQYGZ128F146990B,1550,706,True
TRFQYJE128F92F3D60,8,7,False
TRFQYPZ12903CF0E76,9,7,False
TRFQYSP128F9335636,531,274,False
TRFQYTN128F4253E80,1178,344,True
TRFQYWZ128F423ACCB,805,319,False
TRFQYYJ128F1474B4A,366,136,False
TRFQZGH12903CA10F6,1699,522,True
TRFQZTZ128F145AC91,3,3,False
TRFQZUS128F92F9D98,57,27,False
TRFRAED128F92CFC11,396,204,False
TRFRAEO128F4279C87,16,14,False
TRFRAFF12903CF8B94,6,3,False
TRFRAZO12903CD92B4,255,108,False
TRFRBHQ128F9343DA3,45,14,False
TRFRBPO128F92D5C5B,373,143,False
TRFRBRS128F92F2712,6,4,False
TRFRBYQ128F92D1290,162,47,False
TRFRCSW128F1492C81,375,211,False
TRFRCUR12903CE7C0A,13652,5432,True
TRFRDLS128F429E032,2,1,False
TRFRDXT128F934B655,15,6,False
TRFRDYT12903CD445D,11,9,False
TRFRECQ12903CAA7AD,2,1,False
TRFREFO12903CB7B2D,26,17,False
TRFRFAO128F427AFD9,99,62,False
TRFRFHX12903CB84FA,636,518,False
TRFRFIS128F4295A16,710,199,False
TRFRFUZ12903D05885,27,13,False
TRFRFVT12903CD802E,8,2,False
TRFRGFX128F422BFD9,26,10,False
TRFRGTX12903CF7AB1,6651,3088,True
TRFRGWB128E07810F7,18,14,False
TRFRGYH128F1458FA3,965,371,True
TRFRHSZ128F42705AD,156,57,False
TRFRIBR128EF362B7A,4,1,False
TRFRICR12903CE9AA3,20,15,False
TRFRIDH128F9312D10,81,15,False
TRFRIEH128F92DDE4E,592,150,False
TRFRIFC128E0781BB3,241,102,False
TRFRIHB128F42437C1,108,69,False
TRFRIQN128F429F5A4,30,4,False
TRFRITQ128F42AC266,532,219,False
TRFRIUV128F422964D,70,25,False
TRFRIXO128F428A233,575,264,False
TRFRJAY128F1465267,9158,3154,True
TRFRJCZ12903CF3433,5,4,False
TRFRJJP128F9314D95,69,12,False
TRFRJLI128F428F1FD,28,3,False
TRFRJST128F92F8752,104,39,False
TRFRJTK128E078991E,4023,1210,True
TRFRLIX128F1486690,156,100,False
TRFRLJF128F93139E4,36,6,False
TRFRLNY128F92FB91B,884,304,True
TRFRLQY128F4219DFF,526,139,False
TRFRLWP12903CD2A48,152,83,False
TRFRMDD128F428E0FA,71,41,False
TRFRNGQ128F4256F33,14,5,False
TRFRNJL12903CF5BCA,205,97,False
TRFRNOZ128F145BBA7,19,9,False
TRFROET128F148CF1F,2785,915,True
TRFROHJ128F4263E33,35,22,False
TRFROTB128E0793626,175,92,False
TRFROZR128EF3423D0,1,1,False
TRFRPKJ128F146356A,311,74,False
TRFRPRJ128F422D936,105,13,False
TRFRPXJ128F92F2D04,25,9,False
TRFRPZV128F424FAA0,6,2,False
TRFRQCX128F4284750,101,50,False
TRFRQLU128F92E9301,5,4,False
TRFRQTI128F933DE4F,323,161,False
TRFRQXT128F93518C4,22,4,False
TRFRQZV128F42573E0,87,47,False
TRFRRND12903CE211B,98,47,False
TRFRRQP128F930C6BC,126,26,False
TRFRRSM12903D018C2,8,8,False
TRFRRXC12903CEA4E8,45,21,False
TRFRSBY128F426C613,3380,1075,True
TRFRSLX12903D05379,27,14,False
TRFRSQL128F42AC9DB,1255,188,True
TRFRTFL128F426CA51,2891,1264,True
TRFRTIU128F14922FB,476,299,False
TRFRTSK128F42367D3,39,19,False
TRFRUBD12903CB0CBE,38,13,False
TRFRULZ128F933BB41,464,247,False
TRFRUPN12903CD8AE1,7,5,False
TRFRUVG128F93037C1,5,5,False
TRFRVCM128F422AF89,163,78,False
TRFRVHU128F427544D,1,1,False
TRFRWEA128F145C29E,36,16,False
TRFRWMK128F4275174,35,18,False
TRFRWOT128E0799AD9,38,8,False
TRFRWXQ128F14632D7,575,143,False
TRFRXKW128F42913EC,561,241,False
TRFRXVD12903CE0E33,39,11,False
TRFRYFH128F4255607,893,272,True
TRFRYMO128F92F2906,6,5,False
TRFRYOJ128EF3663B9,142,81,False
TRFRYTH128F9313431,1,1,False
TRFRYXR128F933E793,118,29,False
TRFRYYH128F93437C3,685,188,False
TRFRZKT12903CF24DB,21,11,False
TRFRZPY12903CAF90F,77,29,False
TRFRZUW128E0785D7D,11,7,False
TRFRZVN128F92FA34F,1086,474,True
TRFSABG128F92DC66E,26,19,False
TRFSADI128EF344052,19,7,False
TRFSALN128F14A0B6D,1266,525,True
TRFSASW128F425C1D1,336,57,False
TRFSBLD128F42B9261,2031,1020,True
TRFSBQO128F1463418,4,4,False
TRFSCEM12903CB26A7,90,37,False
TRFSCIU128F4292232,1920,1117,True
TRFSCLD12903CD213F,266,155,False
TRFSDEG128F932A06A,4,2,False
TRFSDIG128F42970D4,80,27,False
TRFSDSP128F9330ED2,23,9,False
TRFSEBA128F426F27E,22,4,False
TRFSEBO128F42B91CF,447,281,False
TRFSFOZ128F92DF85E,423,92,False
TRFSGIQ128F42818CA,58,42,False
TRFSGQH128F93094CE,193,35,False
TRFSGSD128F92E4740,361,168,False
TRFSHWM128F934B386,1624,508,True
TRFSIOJ128EF3685F3,274,234,False
TRFSITM128F92D2C0D,3,1,False
TRFSIUB128F93325F5,19,6,False
TRFSJAR12903CC15D8,539,140,False
TRFSJDI128F148D159,74,53,False
TRFSJKL128F931667C,95,66,False
TRFSKAX128E0786BB9,497,258,False
TRFSKLT128F4286634,4,2,False
TRFSLJQ12903D030CC,3,2,False
TRFSMJX128F9301FDA,3,3,False
TRFSNLD128F4269CED,14,5,False
TRFSOIF128F427BF79,1013,371,True
TRFSOJL128F93505BF,129,53,False
TRFSORS128F424D53E,287,139,False
TRFSOUE128F92C5B7D,15,9,False
TRFSOXZ128F92F1453,80,19,False
TRFSPWA128F9331A14,318,77,False
TRFSQFJ128F930C6E8,66,20,False
TRFSQVJ128F424CCE7,65,26,False
TRFSQXF128F9311B25,45,15,False
TRFSRBB128F934C183,380,175,False
TRFSRLD128F930B566,728,221,False
TRFSRVZ128F42548B2,2,2,False
TRFSRXO12903CCEA58,2945,1133,True
TRFSSEG128F934B56A,15,10,False
TRFSSJF128F426B36D,61,35,False
TRFSSOW128F4291469,1,1,False
TRFSSXM128F426A9AD,27,11,False
TRFSSZI128F92E398F,100,49,False
TRFSTDN12903CDB22E,15,11,False
TRFSTGU128E07831EE,65,38,False
TRFSTJQ128F42A12B1,179,63,False
TRFSTTB128F92F4A7C,410,216,False
TRFSTXQ12903CB41BC,50,28,False
TRFSTXX128F14ACD85,598,227,False
TRFSTZR128F9309E36,7,5,False
TRFSUCQ128F92F93FA,144,55,False
TRFSUID128F92F2B86,16,7,False
TRFSVJK128F427CFEF,13,8,False
TRFSVPK12903CCC453,579,255,False
TRFSWMS12903CEF851,82,38,False
TRFSWTA128F42B100B,6,2,False
TRFSWVM128F9345DB2,3391,826,True
TRFSXCN128F930AF50,40,23,False
TRFSXYB128F14698EB,112,87,False
TRFSYDN12903D00CE7,6,4,False
TRFSYKX12903CF85D0,57,18,False
TRFSYYG128F9326215,3524,1411,True
TRFSZFK128F92DF3E0,3,1,False
TRFSZKI128F4296975,1897,804,True
TRFSZND128F93519EF,6,2,False
TRFSZQR12903CF4488,11,7,False
TRFSZYM128F9340446,83,15,False
TRFSZZD128F149F336,810,582,False
TRFTAAY128E0781591,722,306,False
TRFTAEQ12903CBD363,12,5,False
TRFTANF128F933C89D,36,9,False
TRFTAON128F1481E64,1219,510,True
TRFTAUI128F934B758,16,12,False
TRFTBBM128F92FC03D,10,7,False
TRFTCDQ12903CDD088,18,10,False
TRFTCTU128F1463A62,3,3,False
TRFTEJK12903CDB30A,1351,572,True
TRFTFFO128F426B209,15,5,False
TRFTFGN128F4265937,16,9,False
TRFTFJM128F93160D6,47,18,False
TRFTFQV128F4233F76,43,25,False
TRFTGDG128F149BC3C,573,222,False
TRFTGQH128F145A1C4,545,367,False
TRFTGWQ128F92FE9C9,66,30,False
TRFTHCD128E078E71F,1993,349,True
TRFTHGX128F145FC0A,510,281,False
TRFTIAG128F92D128F,371,137,False
TRFTIBW128F1479218,177,89,False
TRFTINF128F934AFBD,139,98,False
TRFTJBC128F9321819,1,1,False
TRFTJIG128F427FF51,773,443,False
TRFTJNJ128F4243744,87,27,False
TRFTJNM128F4255C2E,20,13,False
TRFTJOB128F93452A3,54,24,False
TRFTKGR128F933E03E,2,2,False
TRFTKLW128F422DE65,1821,661,True
TRFTKRJ128F14A2CC8,1650,655,True
TRFTKYZ128F9334787,472,170,False
TRFTLBM128F14A7096,14,7,False
TRFTLIJ128F931B133,34,12,False
TRFTMXG12903CDD7F7,1,1,False
TRFTMYV128F145E76C,762,564,False
TRFTNAI128E07937AB,382,306,False
TRFTNKE12903D0131B,575,215,False
TRFTNKU128F4288DD2,2,2,False
TRFTNMK128F425A858,17,9,False
TRFTNRV128F427B64A,125,28,False
TRFTNWX128F429E476,12,9,False
TRFTOIJ12903CF9F00,16,4,False
TRFTOKR128F93105C2,34,25,False
TRFTOSX128F42B4FEE,1410,649,True
TRFTQJJ128F4272F9E,113,77,False
TRFTRHM128F93032DB,100,48,False
TRFTSIF128F92E76E1,24,6,False
TRFTSKI128F424D667,127,53,False
TRFTSRJ128F4262726,73,59,False
TRFTSSY128F426A2EE,151,66,False
TRFTSUA128F422F718,87,36,False
TRFTSUO128F92F9479,6,4,False
TRFTTMD128F93112C3,3911,1940,True
TRFTUFF128F9325284,776,161,False
TRFTUIW128E0784B9F,49597,18640,True
TRFTUJE128F428F340,849,269,True
TRFTWZJ12903CEC8F5,157,38,False
TRFTXJW128F145C148,3,3,False
TRFTYOP128F422A9C0,23,13,False
TRFTYOQ12903CA4808,15670,3576,True
TRFTYVJ128F4252EED,146,57,False
TRFTZMO12903CD849D,377,76,False
TRFTZSM12903CF5E66,73,42,False
TRFTZSR128E0792AD0,36,17,False
TRFTZXG128F424A8F5,72,31,False
TRFUADE128F428D04D,39,25,False
TRFUAGQ128F4298549,3058,1172,True
TRFUAJM12903CB5042,808,573,False
TRFUAMH128F930CB48,16,13,False
TRFUAPE128F4259D81,597,263,False
TRFUBMJ128F423ED36,636,229,False
TRFUBRE128F1452BCE,38,15,False
TRFUCOA128F421C61E,36,20,False
TRFUCYR128F92DC67F,5614,3376,True
TRFUDDM128F933EBC7,85,36,False
TRFUDGU128E079298C,1040,514,True
TRFUDIP12903D077E4,15,7,False
TRFUDLV12903CDF6C6,54,20,False
TRFUDOC128F421A27E,57,33,False
TRFUEEP128F934C503,34,16,False
TRFUEOI128F425CEFE,1182,455,True
TRFUETI128EF359082,10,10,False
TRFUEVE128F92F87B4,222,57,False
TRFUEYL12903CB8038,115,51,False
TRFUFHY128F92D688C,9,6,False
TRFUFWK128F92DAFD8,227,92,False
TRFUGIV128F932E354,4857,2931,True
TRFUGQP128F9325165,621,195,False
TRFUGVZ128F930F382,15,9,False
TRFUHQS128F428ABE4,601,257,False
TRFUIGN128F92FE2C4,1354,639,True
TRFUIIP128F429E29E,64,25,False
TRFUISJ128F934BC6F,14,7,False
TRFUJAD128F425739B,27,21,False
TRFUJLP128F92FC5DE,72,55,False
TRFUKIB128F92F4C96,889,582,True
TRFUKSP12903CC5246,9,4,False
TRFUKTT128F429B026,854,396,True
TRFUKWQ128F427B69E,44,18,False
TRFULNM128E07969E2,3728,2036,True
TRFUMNQ128F933906A,11422,3193,True
TRFUMOA128F425282D,80,37,False
TRFUMUX12903CFA057,1021,435,True
TRFUNEY128F42595D3,98,31,False
TRFUNMX128F92F0271,71,35,False
TRFUNYW128F424A557,556,159,False
TRFUOFT128F4253DC8,5872,2032,True
TRFUOQM128F9329CEC,390,121,False
TRFUPBA128F934F7E1,15864,6792,True
TRFUPFJ128F92D3B7C,1,1,False
TRFUPZD12903CEC4F0,3,3,False
TRFUQAZ128E0784051,284,110,False
TRFUQCF128F4265777,3,2,False
TRFUQZC128F9321659,366,119,False
TRFURMF128F4214ABE,37,25,False
TRFUSEG12903D01A0B,32,20,False
TRFUSHF128F933512D,2,2,False
TRFUSUK128F92E0641,686,410,False
TRFUSWN128F92F5986,2,2,False
TRFUTEU128F422AD57,95,58,False
TRFUTOU128F145AC86,38,11,False
TRFUTVI128F148EF35,27,12,False
TRFUTZB12903D0658F,1270,643,True
TRFUTZX128F93500FE,2596,901,True
TRFUUAY12903CF041C,8,6,False
TRFUUKS128F4259E77,36,18,False
TRFUVDB128F427E953,411,266,False
TRFUVOE12903C9F668,81,26,False
TRFUVQX128F934AB75,75,23,False
TRFUVZZ128F933B607,20,8,False
TRFUWKC12903CDF09E,8,6,False
TRFUWRU12903CA8860,274,140,False
TRFUXJV128F932FC83,1457,887,True
TRFUXWR128F1486971,1145,495,True
TRFUYAA128F9325752,43,19,False
TRFUYPH128F429617B,11745,5233,True
TRFUYSJ128F93296FC,332,88,False
TRFUZCO128F4271D96,550,318,False
TRFUZKC128F93139D3,4,4,False
TRFUZVK128F14898F2,34,22,False
TRFUZXN128F933D22C,38,9,False
TRFVAVR12903CB0A14,226,78,False
TRFVBCI128F423C372,45,24,False
TRFVBOA128F42433F8,18,15,False
TRFVBZA128F423787B,231,103,False
TRFVBZQ128F145E2ED,284,121,False
TRFVCFN128F42AD5FC,167,54,False
TRFVCJI128F93353F0,272,108,False
TRFVDHW12903CCCBA3,1989,784,True
TRFVDIE12903CFB338,1,1,False
TRFVDPG128F149BB7D,26,8,False
TRFVDYA12903CE853D,227,45,False
TRFVEBC128F934B8D6,17,6,False
TRFVEHZ128F42819C9,2,2,False
TRFVEJH128F425BCF4,9,6,False
TRFVFAE128F92E4CEE,28,4,False
TRFVFUP128F42A5237,51,14,False
TRFVFWN12903D051F4,233,133,False
TRFVGBW128F14856CA,2377,1027,True
TRFVGNU128F426A5FA,21,9,False
TRFVGRZ128F92D2DF9,76,37,False
TRFVGXS128F146B5C7,5,1,False
TRFVHME128F9301D33,2,2,False
TRFVIJH12903CD4489,14,7,False
TRFVJNH12903CF151A,1740,514,True
TRFVJSL128F425C372,115,51,False
TRFVKEW128F4255357,2,2,False
TRFVKKF12903C9D133,2,1,False
TRFVKTZ128F42AB589,42,6,False
TRFVLWA128F9318F75,53,23,False
TRFVNJI12903CF8A25,63,3,False
TRFVOAI128F92FEE7B,5,5,False
TRFVODL128F92E2A79,66,36,False
TRFVOON128F42269BA,62,28,False
TRFVQCU128F426601C,197,121,False
TRFVQDD12903CACB8E,341,128,False
TRFVQGJ128F9326F30,55,19,False
TRFVRUR12903D027D4,57,36,False
TRFVSGW12903CF05F4,683,393,False
TRFVSIE128F428199C,1162,834,True
TRFVSOZ128F4281933,13605,5906,True
TRFVTGV128F1489970,46,20,False
TRFVTHA128F9335A02,6,4,False
TRFVTOB128F4284E6C,3310,1875,True
TRFVTRO128F425A2B3,29,19,False
TRFVUGS128F931ACEB,2,1,False
TRFVVDS128F423EBDC,548,307,False
TRFVVFA128F14AE800,119,68,False
TRFVVQD128F934B522,78,64,False
TRFVWRO128F4263549,2,2,False
TRFVXUC128F9321145,835,342,False
TRFVYSO128E078632B,398,133,False
TRFVZCH12903CF5E15,61,29,False
TRFVZLL128E0781AA1,3681,605,True
TRFVZQW12903CABEDC,182,30,False
TRFVZVK12903D01E28,1520,725,True
TRFWAMT12903CD22E0,575,202,False
TRFWAVA128F93178E2,895,270,True
TRFWBAB128F149A77F,45,33,False
TRFWBMY128F934612C,9,5,False
TRFWBXA128F92D2622,1947,707,True
TRFWCHY128F42130D1,527,260,False
TRFWCOK128F145A3B9,525,312,False
TRFWDCI128E0791BE1,34,19,False
TRFWDIT128F42615C0,6,5,False
TRFWDJL128E07836D4,487,159,False
TRFWDQF128F92F50E6,62,20,False
TRFWDUR128E078F1E0,1252,500,True
TRFWEAI128F931B120,12,10,False
TRFWEHR12903CF20D9,86,43,False
TRFWFNF128F934B068,8,4,False
TRFWFVT128F424DBE4,174,48,False
TRFWGAE128F9350950,18,9,False
TRFWGAS12903CECBD7,41,21,False
TRFWGNG128F92F3B58,33,20,False
TRFWGOJ128E0780C8B,41433,17311,True
TRFWGSV12903CE6A79,1542,508,True
TRFWGYY128F146AD63,3,2,False
TRFWHMJ128F9327919,815,190,False
TRFWHPJ128F4265DCD,1233,514,True
TRFWHPM128F424E8CB,219,24,False
TRFWICW128F9326DC3,16,10,False
TRFWIGT128F147CC7B,1055,605,True
TRFWIJT128F934101A,5,5,False
TRFWJRF128F92E420E,1,1,False
TRFWJYL128F426617C,235,85,False
TRFWKEE128F42B8F39,106,36,False
TRFWKOK128F932CCA6,247,133,False
TRFWLMD12903CF81F8,404,169,False
TRFWMVM128F4251754,9,4,False
TRFWMXL128E0792F02,61,18,False
TRFWNLF128F92CBC0A,247,130,False
TRFWNNL128F930D495,1575,698,True
TRFWOPN128F14A55ED,34,10,False
TRFWOUJ128F4262635,19,12,False
TRFWOUX12903CDBF38,143,78,False
TRFWPRJ128F14AA593,126,92,False
TRFWQIV128F428CBAC,7,7,False
TRFWQJI128EF35F617,1136,809,True
TRFWQZR12903CBE715,689,260,False
TRFWRHX12903D15D6C,12,5,False
TRFWRLQ128F92E7E08,2,2,False
TRFWRRO128F1465318,136,27,False
TRFWTBS128F428ADC1,164,35,False
TRFWTOH128E078A9FA,106,61,False
TRFWTRG128F93091C0,182,108,False
TRFWTYB128F931DA80,679,357,False
TRFWUOS128F1483C24,1306,758,True
TRFWVIK128F934AA68,1,1,False
TRFWVJO12903CE3308,8,3,False
TRFWVJV128F92E3A24,290,50,False
TRFWWAL128F92FCF0E,252,114,False
TRFWWKQ128F14710DE,59,33,False
TRFWWUC128F9320BB9,82,38,False
TRFWXDH128F92F6714,10,5,False
TRFWXTU128F4272342,89,51,False
TRFWZSD128F931C037,734,281,False
TRFWZZP128F9330887,5,3,False
TRFXBVX128F4265DC7,10968,4391,True
TRFXCHW128E07984A6,1156,670,True
TRFXCIG128F92F1AD0,42,13,False
TRFXCRC128F428E39B,263,55,False
TRFXDNY128F934F009,1,1,False
TRFXERY128F931EAEE,76,28,False
TRFXFID12903CC4E64,26,18,False
TRFXFOK128F92C1FA8,2,1,False
TRFXFTB12903CCC290,118,49,False
TRFXFUI12903CFFCAE,507,124,False
TRFXGHQ128F9349BD3,331,112,False
TRFXHKE12903D002DA,88,25,False
TRFXHTA12903CCBB79,17,11,False
TRFXHWW12903CE485F,446,174,False
TRFXIHX128F92D7211,467,284,False
TRFXIMG12903C9FDAF,36,22,False
TRFXJJK128F428CF77,1,1,False
TRFXKAY128F429940C,2556,836,True
TRFXLPZ128F42509E4,33,21,False
TRFXNPT12903CB26D3,43,17,False
TRFXNWN128F428A07B,549,144,False
TRFXOCI128F42972B5,645,284,False
TRFXOJZ128F933ED2B,396,171,False
TRFXOMD128F4271FB0,47,20,False
TRFXOMF128F42AC21E,15,9,False
TRFXOPD128F92FAD2B,116,43,False
TRFXOYY128EF35F644,41,27,False
TRFXPAV128F93345FF,16,10,False
TRFXPAY128F93100BA,83,30,False
TRFXPBM12903CAF9CB,1,1,False
TRFXPOY128F9331967,137,68,False
TRFXQJD128F930C0EF,35,13,False
TRFXQNJ128F4283876,1,1,False
TRFXQXC12903CB67F9,815,259,False
TRFXRQV128F427F9EC,4,1,False
TRFXSFN128F9337C81,23,13,False
TRFXSXQ128F42993A8,291,159,False
TRFXTPD128F42986F9,597,319,False
TRFXTYY128F92CFD82,134,77,False
TRFXUVE12903CD9431,3,3,False
TRFXVDH12903CE7A4F,1,1,False
TRFXVNZ128F4265CF5,31,8,False
TRFXVRX128F92FFCBB,437,80,False
TRFXWJG12903CB5D03,4,1,False
TRFXWLE128F92F2CFD,8,8,False
TRFXWPQ128F428911F,27,15,False
TRFXWSD128F93173BF,28148,10261,True
TRFXXOG128E07928CD,3313,1519,True
TRFXXXO128F14B08A8,6,3,False
TRFXYPX128F92F6F09,325,34,False
TRFXZBQ128E0792A45,385,200,False
TRFXZGG128F148D132,267,194,False
TRFXZTZ12903CCC991,3848,1277,True
TRFYAMA128F42279F1,17,7,False
TRFYBQS128F146A5D9,8002,2573,True
TRFYEJN128F9321788,6,4,False
TRFYGPG128F421508C,2105,1041,True
TRFYHZV128F4277BC9,16,9,False
TRFYIGG128F148D102,4969,1676,True
TRFYIMN128F93274D9,782,366,False
TRFYJVV128F14A6D77,36,19,False
TRFYKTL128F4276521,133,56,False
TRFYLJV12903CD233C,25,9,False
TRFYLRG128F92C92AF,41,23,False
TRFYMAE12903D052DE,99,23,False
TRFYMPB128F93100C0,1632,830,True
TRFYMZC128F932C719,232,94,False
TRFYNNE128F429E9A1,4,3,False
TRFYNWB12903CE1DD3,5297,1411,True
TRFYOKO128F426B812,558,262,False
TRFYOTQ12903CF1CA6,34,12,False
TRFYPSK128F934D611,63,17,False
TRFYPXO128F428256E,525,195,False
TRFYQUV128F931957E,1006,348,True
TRFYQYY128F4246E70,408,130,False
TRFYRFN128F14989E9,5723,1037,True
TRFYRYF128F426AB3E,50,14,False
TRFYSUI128F4285159,9,5,False
TRFYSUQ128F932EF46,2010,847,True
TRFYTDO128F1463D6F,20,14,False
TRFYUCD128F4269FCF,1213,390,True
TRFYUHF128EF343B1A,188,95,False
TRFYUOO128E07934F5,321,132,False
TRFYUQU12903CE3BC1,112,68,False
TRFYVIE128F148C86E,10539,4122,True
TRFYVVP128F14580BA,183,92,False
TRFYWRT128E0792C6A,152,76,False
TRFYXTO128F933A570,77,44,False
TRFYYDX128F429C7FF,190,112,False
TRFYYGL128F146591C,286,141,False
TRFYYHL128F425F5E9,9,3,False
TRFYYSO128F429726B,583,293,False
TRFZAQR12903C9B629,6,4,False
TRFZARP128F14768F6,149,70,False
TRFZBBG128F9302095,133,24,False
TRFZBSM128F92EB2CA,373,290,False
TRFZCOL128F425C770,2887,532,True
TRFZDAB128F428CAA5,3052,955,True
TRFZDCA128F423982D,66,35,False
TRFZDCZ128F9300AC1,265,125,False
TRFZDUZ128F42A1AE7,5,5,False
TRFZDYC128F425CBE7,1291,538,True
TRFZEDJ128F9320A7F,365,183,False
TRFZEOZ128F1496BC3,344,165,False
TRFZFSL128F934C3BA,2,2,False
TRFZGIQ128F92E2C75,1116,636,True
TRFZIKD128F1465640,5802,2448,True
TRFZIXI128F428E221,24,8,False
TRFZJET128F932BBC9,65,28,False
TRFZJLT128F92CEE5F,170,92,False
TRFZJOZ128F4263BE3,2185,835,True
TRFZKED128F92F8F13,84,32,False
TRFZKRP128F426D3EB,59,19,False
TRFZKVA128E0781F12,25,10,False
TRFZKYS128F9325CED,23,14,False
TRFZMAX12903CCA3FE,9,7,False
TRFZMEN128E0792E40,363,158,False
TRFZMGP128F932EFCD,287,110,False
TRFZMNE128F426D9AE,840,298,True
TRFZMNT128F4280EFA,47,16,False
TRFZNNT128F9301769,26,17,False
TRFZOFY128F1497E0D,9,4,False
TRFZPJK12903CB5AD5,30,16,False
TRFZPOL128F92C47AB,2283,870,True
TRFZPOM128F426AABD,302,81,False
TRFZQKI128F428CB49,4,4,False
TRFZQKS12903CD6F47,474,178,False
TRFZQYE128F42468B2,33,29,False
TRFZRQD128F428B23F,37,19,False
TRFZRRF128EF3449A5,97,52,False
TRFZRRT128F92F2F40,353,188,False
TRFZRVO12903CCF466,82,29,False
TRFZSAM128F92CE668,7,7,False
TRFZSEF128F42A96E2,122,40,False
TRFZTZN128F1480869,35,10,False
TRFZUIA128F4269C8E,1,1,False
TRFZVVT12903D0062F,27,8,False
TRFZXKO128F4256FD8,5,4,False
TRFZXWA128F9345A87,3,3,False
TRFZYFJ128F4298C46,1592,595,True
TRFZYLL128F146902A,52,29,False
TRFZYWH128F92CEBB0,104,49,False
TRFZZIG128E078AF7E,1034,308,True
TRFZZMF128F14653BD,32,13,False
TRFZZSM128E078F247,1181,477,True
TRFZZXD128E07860DF,28,9,False
TRFZZXF128F92EF279,4584,1681,True
TRGAAVD128F933053B,105,52,False
TRGACOW12903CEC216,89,38,False
TRGADEK128E078913E,1921,987,True
TRGADLW128F148AE42,4870,1163,True
TRGADYJ128F92FF609,14,4,False
TRGAEDQ12903CB8035,303,108,False
TRGAEEK128F42BC5B0,814,427,False
TRGAGMV128F42AD886,1074,360,True
TRGAHCD12903CDF118,119,54,False
TRGAHNM128F931D732,284,132,False
TRGAHRU128F428A09D,46,22,False
TRGAHVR12903CEB4F4,62,23,False
TRGAIDZ128F92EF7A1,135,72,False
TRGAIJA128F428CAE9,46,40,False
TRGAILL12903CD64E0,19,12,False
TRGAIRL128F42682CA,176,68,False
TRGAJBK128F9344C49,494,195,False
TRGAKQK12903CDCEC9,23,22,False
TRGAKQL128F92F54B8,301,74,False
TRGALCL128F4235154,386,156,False
TRGALUT128F932B1F5,6,5,False
TRGALVK128F932C833,141,40,False
TRGAMKD128F92CC905,241,100,False
TRGAMKS128F424A401,355,144,False
TRGAMQM128F428CF79,95,27,False
TRGAMXJ128F931E5E0,18,14,False
TRGANGK128F93145E4,40,22,False
TRGAOHD128F429F774,41,14,False
TRGAOLV128E0789D40,9938,4160,True
TRGAOTF128F426A907,22,11,False
TRGAPIW128F42A8FFB,4,4,False
TRGAPMD128F423ED6B,19,6,False
TRGAQBF128F426B35A,1104,265,True
TRGAQOG12903CE467C,154,71,False
TRGAQVK12903D08292,4069,1914,True
TRGAREQ128F14AE5D2,860,194,True
TRGARKW12903CFEAC6,9,6,False
TRGASNY128F14696B0,1844,1273,True
TRGASOO128F4278613,559,178,False
TRGASPR128F93322E7,4356,2712,True
TRGASSX128E07989BB,26,13,False
TRGATEJ12903CF2868,2,2,False
TRGAUBI128F92F75C1,1,1,False
TRGAVFI12903CF56A6,45,28,False
TRGAVPE128F92E2DB8,226,67,False
TRGAVQF12903CF8C7C,27,23,False
TRGAVZQ128F423AAFF,154,89,False
TRGAWCB128F4260DE6,2280,989,True
TRGAWJC128F422F64D,2,2,False
TRGAXCT128F92F947A,11,5,False
TRGAXWR128F931FB70,63,22,False
TRGAXZV128E078F84C,13,4,False
TRGAYKB128F425D40D,732,260,False
TRGAYWT128F421BB05,135,64,False
TRGAZMJ12903CBE3AB,4,2,False
TRGBAFG12903CC5E15,271,75,False
TRGBCPT12903CB5B93,16,9,False
TRGBDAR128F147AA06,12,8,False
TRGBDDL128F427AEE6,93,71,False
TRGBDSB128F931AF53,146,75,False
TRGBEON128F42490F5,13,8,False
TRGBEVR128F92CA64D,252,63,False
TRGBFGN128F9314588,10,6,False
TRGBFIX128F4250464,630,291,False
TRGBFPD128F9342C5B,996,275,True
TRGBGHT128F1466DC8,291,176,False
TRGBGPP128F424F4A8,40,12,False
TRGBGVQ128F92CEAA2,13972,4480,True
TRGBGYA128F92F6917,1,1,False
TRGBHNL128EF3460C6,24,12,False
TRGBHYH128F4243105,4,3,False
TRGBIJU128F427420F,14,6,False
TRGBIUH12903CB473C,178,61,False
TRGBJCG128E078FD99,64,27,False
TRGBJKO12903CF1C4D,20,9,False
TRGBJQJ128F92DFAE3,94,44,False
TRGBJUO128F42A9422,120,57,False
TRGBKYA128F9325ECD,1,1,False
TRGBLCA12903CF22C2,453,153,False
TRGBLLX128F4294EF3,4,3,False
TRGBLPL128F14AC496,576,96,False
TRGBMDX128F9305C90,1489,618,True
TRGBNCO128F42B72A9,30,9,False
TRGBNFT128F422AD41,86,21,False
TRGBNNB128F92FA75E,9,5,False
TRGBNQU128F4290F99,81,56,False
TRGBOGS128F92C1E7C,809,225,False
TRGBOPI128F14955AD,2454,877,True
TRGBPWW128E0798E27,287,119,False
TRGBQBV128F9344C34,396,193,False
TRGBQDW128F934EF1C,166,76,False
TRGBRDZ12903CB109A,410,176,False
TRGBRMX128E0794D04,24,18,False
TRGBRWU128E0781E3A,156,113,False
TRGBSEK128F4289B5C,616,346,False
TRGBSRK128F931B0CC,709,295,False
TRGBTEZ128E0791C18,272,168,False
TRGBUFH12903CB6C6B,30,14,False
TRGBUJB12903D0ABC2,35,11,False
TRGBUOS12903CDA142,20,11,False
TRGBVAG12903CBD579,1046,516,True
TRGBVAJ12903CB7062,3,2,False
TRGBVAK128F42B62FA,690,118,False
TRGBVDZ128EF356AF9,501,237,False
TRGBVMK128F933B442,61,30,False
TRGBVQM128E0791FAB,503,162,False
TRGBWBS128F92D7215,406,265,False
TRGBWOJ128F42B92C1,73,32,False
TRGBWRR128F4253709,108,47,False
TRGBWYI12903CFEAE4,7,7,False
TRGBYJF128F146A362,42,30,False
TRGBYPJ128F427F0E6,445,243,False
TRGBYVC128F4276032,80,22,False
TRGBZAT128F148D0BE,3,2,False
TRGBZSH128F9347600,124,50,False
TRGCAAH128F92FF8E2,13,10,False
TRGCAYM12903CB5F6C,871,263,True
TRGCBCZ12903CB7077,126,42,False
TRGCBNZ128F42AC944,1305,292,True
TRGCCDN128F1477678,843,280,True
TRGCCDP128E0781B21,2056,1184,True
TRGCCEE128F4261FEB,18,11,False
TRGCDFB12903D13082,1,1,False
TRGCDKU128F1482021,8032,2702,True
TRGCFTD128F422BC6C,1094,343,True
TRGCHDN128F428B06D,23,9,False
TRGCHLH12903CB7352,78443,29708,True
TRGCHSV128F42594C5,972,345,True
TRGCIGO128F9310CFE,169,77,False
TRGCJXT128F9319E28,523,95,False
TRGCKBS128F1482218,377,164,False
TRGCKIX12903CE9C3B,13,9,False
TRGCLRN12903CD6ED0,47,23,False
TRGCMFR128F42B70B9,203,57,False
TRGCMVF128F423C6AB,3268,1401,True
TRGCMYO128F931EAEC,775,352,False
TRGCNWO128F4281326,372,204,False
TRGCOIP128F424BD93,30,13,False
TRGCOLC12903CDF97D,52,23,False
TRGCOLE128F932A324,28,21,False
TRGCOVM128F9329D43,6,3,False
TRGCPYK12903CF6AEF,286,108,False
TRGCQCF128F428C400,85,29,False
TRGCQGT128F1469EC3,1056,260,True
TRGCQQC128F423EA46,30,10,False
TRGCQRC128F42811D9,1,1,False
TRGCQRV12903CD013B,62,14,False
TRGCRLC128F428B954,148,72,False
TRGCRZW128F4216B41,321,222,False
TRGCTIB128F9331866,8,4,False
TRGCTLF128F428B70D,59,40,False
TRGCUIN12903CDDF42,23,11,False
TRGCULJ128F9329A7C,4,3,False
TRGCVLT128F427DEBF,724,303,False
TRGCVOF128F93438A2,29,13,False
TRGCVTP128F429555A,268,152,False
TRGCWWD128F92F91D7,437,251,False
TRGCXUD128F42695D2,99,21,False
TRGCZFO128F92EE221,189,71,False
TRGCZSK12903CEA515,131,40,False
TRGCZVR128F9328532,23,9,False
TRGCZVY12903CBFE11,4,3,False
TRGDAOS128F42999CA,134,68,False
TRGDBDH128F42918A9,631,324,False
TRGDBSF12903CBBD6A,2590,957,True
TRGDBVE12903CD1891,3,1,False
TRGDCAQ128F42322A5,54,26,False
TRGDCAT12903D05D17,27,8,False
TRGDCOM128F93507E7,14,4,False
TRGDCXG128F92E8A2D,5,4,False
TRGDDAZ128F422F145,372,172,False
TRGDDPS128F92F22AE,15,9,False
TRGDDZJ128E0785759,5,3,False
TRGDEEG128F92D81BE,124,55,False
TRGDEII128F4299E32,3908,1607,True
TRGDEQK128F92F8DC0,126,63,False
TRGDFNC128F426C422,60,35,False
TRGDGLX12903CA4D2E,38,15,False
TRGDGUZ12903CB39FD,83,20,False
TRGDHEC128EF34C0FE,208,80,False
TRGDHMQ128F424BE7F,3,3,False
TRGDITQ128F9303354,471,268,False
TRGDJEX128F423339D,256,97,False
TRGDJHZ128F1499631,23,10,False
TRGDJVL12903C9AA34,2200,688,True
TRGDLND128F9316A08,125,63,False
TRGDLYG12903CB0D32,6883,2727,True
TRGDMFK128F92FE2FC,111,42,False
TRGDMFT128F42599BE,8,8,False
TRGDNAJ12903CEAB96,2,2,False
TRGDOAF12903CB80D9,2842,957,True
TRGDOKE128E079506F,34,10,False
TRGDOLT12903CC2FA0,3,2,False
TRGDOZU128E0792C50,24,14,False
TRGDQFS128F933AD5C,8801,3710,True
TRGDQHR128F931A42B,448,277,False
TRGDQXO128F428EE14,533,257,False
TRGDRTZ128F92E6CB9,98,61,False
TRGDRWD12903CD9EFC,162,119,False
TRGDSQW128F931BDAF,7,3,False
TRGDSTU12903CFD7AC,415,162,False
TRGDTDK128F42634CD,4858,1255,True
TRGDTLE128F92D1FBE,7,6,False
TRGDUEK12903D00449,395,163,False
TRGDUJG128E0782712,321,244,False
TRGDUVX128F4250B11,102,32,False
TRGDUYB128F423A7D0,1,1,False
TRGDUYC128F9307FC2,240,73,False
TRGDVCZ128F93268D6,834,616,False
TRGDVRO128F92F5994,5,2,False
TRGDWNW128F424697F,16,9,False
TRGDWQU128F92CBC84,2132,405,True
TRGDWSL12903CB69BF,11,3,False
TRGDWWN128F4229892,94,38,False
TRGDXLG128F934B685,460,254,False
TRGDXPZ12903D014EE,20,10,False
TRGDXRN128F9345475,2,2,False
TRGEAWE128F145C78A,55,10,False
TRGEBKD128F427267D,2152,592,True
TRGEBLV12903D0219E,286,114,False
TRGEBMW128F14610D0,476,199,False
TRGEDWJ128F42B74A3,269,40,False
TRGEEAS128F42B2313,733,209,False
TRGEEXZ128F427D87C,3506,1503,True
TRGEGMV128F146F502,2368,802,True
TRGEHDL128F424EF64,1,1,False
TRGEHNV12903CF23CC,122,58,False
TRGEHYN128F931EB14,325,133,False
TRGEIDA128F933B4B8,9146,4140,True
TRGEIPC128EF357B2F,1254,592,True
TRGEJRL12903CA7231,477,99,False
TRGEKGQ128F1467E2A,3293,1175,True
TRGELKF128F14683AC,364,255,False
TRGELMF12903CA5482,37,19,False
TRGEMKV128F425DBD5,7,4,False
TRGENMC128F4263658,4546,2383,True
TRGENMT12903CB4EE7,307,78,False
TRGENNT128F424D67F,2524,842,True
TRGENRK128F934C61E,230,80,False
TRGEOGI12903CC62A6,2285,648,True
TRGEOIU12903CB7037,796,285,False
TRGEPAP128F429427D,280,77,False
TRGEPLY128F92D7F99,358,174,False
TRGEQUX128E0785E24,6869,4630,True
TRGERKE128F428AAEE,474,180,False
TRGERUL12903CAC5EB,67,36,False
TRGERYB128F9328AA7,32,32,False
TRGETDV128E0796895,171,67,False
TRGEUAB128F426B9A2,168,78,False
TRGEUIY128F4268A5F,2510,823,True
TRGEULJ128F934AD33,833,273,False
TRGEUXY128F4226B26,134,62,False
TRGEVHJ128F146CC1E,762,353,False
TRGEWZU128F9319F3B,391,191,False
TRGEXNK128F14654BD,27,13,False
TRGEXPB12903CDD13D,20,8,False
TRGEYVE12903CEDF9C,20,14,False
TRGEZFW128F147FD21,2884,749,True
TRGEZMR128F422E768,32,17,False
TRGFAGJ128F9322F4D,24,16,False
TRGFBBX128EF357A82,49,2,False
TRGFBDU12903CE68A3,18,11,False
TRGFBUQ128F42693DD,7,7,False
TRGFBXT12903CF6AF0,81,26,False
TRGFCUM128F9308310,148,96,False
TRGFDAT128F92D2455,77,39,False
TRGFDGE128F145ACF6,219,113,False
TRGFEBJ12903CCD130,714,458,False
TRGFECK128F1485711,117,82,False
TRGFFHA12903CC854A,9,7,False
TRGFFJK128F9330946,9,7,False
TRGFFSJ128F1462481,765,388,False
TRGFFXV128F146E8D0,346,164,False
TRGFGKK128F421BBB0,70,23,False
TRGFGTX128F422B0AF,693,216,False
TRGFHZF128F42AE078,13,7,False
TRGFIFN128F930A73D,157,50,False
TRGFJPT128F92EF4BC,203,51,False
TRGFJWE128F93110D3,262,95,False
TRGFKEN128F42913D5,2,2,False
TRGFKNN128F935696C,1225,483,True
TRGFKQO128F1482525,489,315,False
TRGFMDK128E078BE09,506,325,False
TRGFMFD128F92D02A0,119,43,False
TRGFMWA12903CE6A7A,731,273,False
TRGFNSL128F92E6FAA,129,67,False
TRGFNXB12903CA8E1F,88,20,False
TRGFNZS12903CECE68,8,3,False
TRGFQJQ128F9305C91,890,420,True
TRGFQQF128F93367A7,10,7,False
TRGFQXC128F92F3C37,5257,1929,True
TRGFRWZ128F92EC197,29,10,False
TRGFSVN128F429C4F8,50,43,False
TRGFTEG128F93177F5,157,58,False
TRGFTIN128E0792AC4,338,175,False
TRGFTNE128F423A011,272,42,False
TRGFUBD128F428E4AF,859,300,True
TRGFUYU128F93221E3,156,72,False
TRGFVDH12903D05DEC,136,122,False
TRGFVFV12903D0165F,17,13,False
TRGFVNF128F92E246C,21,11,False
TRGFVQF128F42392D2,769,286,False
TRGFVTU128F934B279,540,224,False
TRGFVYS128F931A050,59,26,False
TRGFWDJ128F1456F1B,26,15,False
TRGFWGC128F934B698,25,14,False
TRGFWIW12903CBF838,44,22,False
TRGFWML128F92DFAE4,243,83,False
TRGFWUU12903D0228F,1139,455,True
TRGFXCI128F933FF0B,108,25,False
TRGFXCY128F42A6AD7,97,42,False
TRGFZXV12903CB2D80,4475,1784,True
TRGFZZU128F148C5FF,633,304,False
TRGGADA12903CE2A20,341,121,False
TRGGAUY128F42772FF,1,1,False
TRGGBKA128F428E461,513,357,False
TRGGBNB128F9342205,6,5,False
TRGGBPS128F14675B0,55,17,False
TRGGBZZ128F92F99F4,3921,1413,True
TRGGCIU128F92F281C,696,256,False
TRGGCJS128F426EC37,141,83,False
TRGGCMO128F934783A,25,18,False
TRGGDOF12903D03AEE,689,349,False
TRGGDXN128F429313A,159,68,False
TRGGEZF12903CC5943,63,25,False
TRGGFER128F9326150,857,421,True
TRGGFHK128F93097EC,32,22,False
TRGGFIW12903CD1479,8,4,False
TRGGFVY128E078E8AF,2069,1034,True
TRGGFWU12903CDAC3B,13,10,False
TRGGGNL128F9326506,381,151,False
TRGGHEU128F1469B4A,40,32,False
TRGGHYQ128F93205EC,42,21,False
TRGGIUA128F4269012,71,56,False
TRGGIZL128F92D16FE,39,18,False
TRGGJHF128E078E9AC,183,106,False
TRGGKNK128F9334948,838,366,False
TRGGKUR128F4279EC0,43,18,False
TRGGKVH128F1478536,100,55,False
TRGGLIG128F424E448,363,172,False
TRGGLIT128F92D21D1,21,11,False
TRGGLQD12903D1256C,6045,2779,True
TRGGNBE128F1464D4A,2191,965,True
TRGGNNH128F42599C3,6615,2441,True
TRGGNTY128F42B36E3,358,145,False
TRGGQPF128F4248C59,46,27,False
TRGGQRC12903CE4391,239,107,False
TRGGRBY128F1451DC6,277,120,False
TRGGRHL128F92FAD96,11,9,False
TRGGRQC12903CAE9F5,22,12,False
TRGGRZR128F42B8FE5,356,90,False
TRGGSDN12903CD4312,199,126,False
TRGGTEM128F42963A7,141,78,False
TRGGTMP128EF35F803,598,152,False
TRGGUDG128E0784ACF,359,192,False
TRGGUFS128E0789009,268,83,False
TRGGULV128F4295F6A,4063,1764,True
TRGGVKM128F934EC6B,189,81,False
TRGGVLY128F93289FD,50,24,False
TRGGVRR128F932A54A,222,127,False
TRGGZAL128F14AD477,76,60,False
TRGGZMX12903CE4370,34,6,False
TRGGZOJ128E0781CFB,4,2,False
TRGHAEO128F4253464,4,4,False
TRGHAIW128F931A018,7,4,False
TRGHBAR128F1451FC5,247,40,False
TRGHDAG128E078EF19,199,78,False
TRGHDMK128F934127F,88,37,False
TRGHELO128F425D3CE,8,6,False
TRGHEVK128F425EB78,24,11,False
TRGHEXM128F9337DDD,64,26,False
TRGHFIH12903CF3FF3,766,154,False
TRGHGBD128F422C708,9,4,False
TRGHGJU128F930BDE7,27,17,False
TRGHGYF12903CE7113,14,9,False
TRGHHGK128F428B123,130,41,False
TRGHHJF128F42BA1CB,1854,777,True
TRGHHXE128F42782BF,99,43,False
TRGHIJI128F934B287,570,172,False
TRGHIRU128F4224974,188,26,False
TRGHIUF128F148C230,172,119,False
TRGHJBB128F92CC907,194,75,False
TRGHKHU128F427F0E3,530,282,False
TRGHLBG128F14A19BE,55,35,False
TRGHLBU128F934D035,58,38,False
TRGHLHY128F92E36A8,1202,412,True
TRGHMMR12903CA15B5,22,6,False
TRGHMRU128F1478067,1406,454,True
TRGHMYW12903CEE43B,28,17,False
TRGHNJI128F421A087,58,29,False
TRGHNJM128F146930E,2385,940,True
TRGHOIP128F42563F0,104,37,False
TRGHOQM12903C9F66F,123,19,False
TRGHPHL128F9336D4B,69,41,False
TRGHPSX128F4299E41,3,3,False
TRGHPZO128F425B513,1419,484,True
TRGHTCM128E0793E58,403,231,False
TRGHUAK12903CFFA49,20,13,False
TRGHUIU12903CBBD0A,800,501,False
TRGHUWY128F423EAA9,417,213,False
TRGHUXQ128E0792073,1141,471,True
TRGHVIH128F4254F9B,1076,383,True
TRGHWQU128F1451DEB,19,4,False
TRGHWTM128E0795069,35,13,False
TRGHWYG12903D08161,88,46,False
TRGHYKU128F92F894F,4,4,False
TRGHYLD128F932318F,72,42,False
TRGHYVB128F92EB230,706,170,False
TRGHZDT12903CD43C7,166,71,False
TRGHZQL128F4214272,2702,467,True
TRGIBPU128E0789A01,191,72,False
TRGICMC128F425DBEE,10,7,False
TRGIDEJ128EF349E58,1800,480,True
TRGIEHQ128F14668E3,9577,2778,True
TRGIFNN12903CB8A95,308,139,False
TRGIFTE128E078EE52,190,121,False
TRGIGJV128F931F00B,3,1,False
TRGIGOM12903CE8965,4335,1972,True
TRGIGPT128F92CEB7D,52,20,False
TRGIHDO128F92F6FE0,1116,263,True
TRGIHEZ12903CDB1D6,1308,621,True
TRGIHFV12903C952E3,25,14,False
TRGIHXS128EF345FA3,166,58,False
TRGIJKQ128F930020D,782,381,False
TRGIKDS128F425D5BE,872,392,True
TRGIKST128F930F6EF,19,11,False
TRGILXE128F429BBEE,1577,844,True
TRGILXR128F424FE7E,171,73,False
TRGINKF128F426C324,25,5,False
TRGIPDA128F9312C55,50,22,False
TRGIQBX128F42AA443,1926,751,True
TRGIRSN12903CBB6EE,330,62,False
TRGIRUK128F14658ED,1,1,False
TRGIRVI128F14AE781,106,68,False
TRGITOJ128F9344162,316,111,False
TRGIVZT128F42776BD,1595,555,True
TRGIWCZ128F931C5E1,95,27,False
TRGIYDK128F423EEB0,1939,927,True
TRGIYHD128E0781456,124,48,False
TRGIZTH128F1474DD1,1,1,False
TRGIZVR12903CDAFD4,6,6,False
TRGJACY128F9336275,121,45,False
TRGJAIE128F92F8C47,30,13,False
TRGJBFW12903CED835,31,4,False
TRGJENT128F428AE96,851,264,True
TRGJEOQ128F92ED086,39,18,False
TRGJGGK12903C9FEC4,43,20,False
TRGJGUJ128E07929D5,16,13,False
TRGJHAQ128F92D46E9,358,252,False
TRGJILT12903CF4592,3,3,False
TRGJIMU128F9317113,777,330,False
TRGJINN128F422E0B7,12,4,False
TRGJIPH128F9340F92,649,252,False
TRGJKXL12903CB16A3,54,30,False
TRGJKZC128F92F21F0,10,1,False
TRGJNHK128F426EC10,170,99,False
TRGJPKO128EF351C49,13,3,False
TRGJPSP128F4261040,982,230,True
TRGJQKL128F428B691,6,2,False
TRGJQVF12903CDAF21,51,30,False
TRGJRFM128E0789705,323,161,False
TRGJRQZ128F42261A3,1,1,False
TRGJRRA128F9309787,36,15,False
TRGJSDP128F42644D0,63,41,False
TRGJSOU128F4271EF3,349,150,False
TRGJSYO128F1465644,5376,2244,True
TRGJTIG128F4297F44,619,137,False
TRGJTIY128F4296A0E,3596,1329,True
TRGJTOW128F4284C9D,62,24,False
TRGJUKR128F429E9E1,921,458,True
TRGJVBD128F9329DB9,158,143,False
TRGJWDV128E078EF07,559,324,False
TRGJWUD128E078DF64,1252,595,True
TRGJXME128F92CEBA5,632,266,False
TRGJXTC128F4278ECC,2571,1064,True
TRGJXVO128F429E90B,92,70,False
TRGJYTM128F92E74E3,35,15,False
TRGJZBB128F93096B4,9,6,False
TRGJZRY128F1455257,487,190,False
TRGJZXL128F932725B,1059,337,True
TRGJZXQ12903D00646,618,222,False
TRGKAFQ128F427B6F8,2417,998,True
TRGKAHN128F4253C0E,5236,2479,True
TRGKATQ128F146CAEE,304,147,False
TRGKAYQ12903CB07C3,123,29,False
TRGKEHE128F148D1A4,665,385,False
TRGKETW128F1458540,317,172,False
TRGKFAV128F148A1AD,148,114,False
TRGKFVP128F42782DA,3,2,False
TRGKHLJ128F425ABFA,366,103,False
TRGKHMG128F9320994,1468,722,True
TRGKHZT128F932EDC3,464,177,False
TRGKJBQ128F92F8400,2399,923,True
TRGKJJU128F932A48B,3755,715,True
TRGKKRD128F428B94E,354,143,False
TRGKLBT128F427F304,46,23,False
TRGKLFO128E078EC41,968,386,True
TRGKLSE12903CCC5CD,15731,5414,True
TRGKMHB128F92FFE72,29,19,False
TRGKNDA128F92FD337,89,14,False
TRGKOHP128F9323745,1254,381,True
TRGKOHW128F148DCEB,9,7,False
TRGKOVQ128F92E742A,1392,843,True
TRGKPEY128F92F628A,115,47,False
TRGKPNR128F427A71A,9313,4403,True
TRGKQCB128F428CDC8,50,34,False
TRGKQKY128F930B1E7,28,15,False
TRGKQSJ128F42597A0,759,329,False
TRGKQVL128F4214804,1655,904,True
TRGKQWZ128E0781725,1715,931,True
TRGKRDK128F92EB739,19,9,False
TRGKRTL128F9319C95,53,23,False
TRGKRVN128F425A241,10,7,False
TRGKTAD128F425C73E,38,30,False
TRGKULK128F146CB53,2296,756,True
TRGKVGI12903CCFC23,257,71,False
TRGKVHR128F42719C7,287,138,False
TRGKVLZ128F92D2185,48,10,False
TRGKVMD128F426A273,62,10,False
TRGKVMG128E0798B36,53,34,False
TRGKVNV128F4228F3F,7,5,False
TRGKWDD12903CFE35F,80,28,False
TRGKWHO128F933361A,5167,1985,True
TRGKWZS128F933A586,10,8,False
TRGKXTD12903CA830F,75,36,False
TRGKYHV128F930184F,555,243,False
TRGKZEQ12903CAF5D8,1798,790,True
TRGKZGB128F4261334,482,296,False
TRGKZHR128F4235433,32,10,False
TRGKZXF12903CEC7B1,653,376,False
TRGLAAN128F422A8B6,10,2,False
TRGLAKP128F42963AA,62,38,False
TRGLAQC128F92D9790,71,14,False
TRGLARG12903CF3079,343,118,False
TRGLBSB128F14783CD,32,5,False
TRGLCZY12903CF209D,14,7,False
TRGLECE128F934BAEF,19,12,False
TRGLFOY12903CD7B05,163,49,False
TRGLFSX128F422C071,7,6,False
TRGLHVX128F930135C,114,59,False
TRGLHXP128F426EBE4,1405,493,True
TRGLIPW128F92DE72B,879,352,True
TRGLKDR128F421AFB5,5,2,False
TRGLLIJ128F422923E,4,3,False
TRGLLNU128F4248444,15,9,False
TRGLLXB128F92D5589,3380,1715,True
TRGLMEM128F9322F63,40,11,False
TRGLNKG128F9307689,1948,643,True
TRGLOAC128F9311016,32,10,False
TRGLOIZ12903CF42F8,340,122,False
TRGLOZW12903CED30A,341,124,False
TRGLPDR128F42AFA00,42,27,False
TRGLPEE128F931ED54,1135,339,True
TRGLPJB12903D015FD,31,16,False
TRGLQLL128F427C004,158,70,False
TRGLRDV128F93299D8,5,1,False
TRGLRYC128F934BCD5,35,27,False
TRGLRYL128F932C29C,2,2,False
TRGLRZS128F421B4A1,400,115,False
TRGLSXI12903CF3E99,46,19,False
TRGLTGU128F42807E8,5,3,False
TRGLUEZ12903CBB929,23,11,False
TRGLVUM128E0787D33,510,245,False
TRGLXOX128F4250CC9,18,15,False
TRGLYJD128F428ED5A,1,1,False
TRGLYOP12903CA4C95,43,21,False
TRGLZZO128F146FE51,789,305,False
TRGLZZR12903CF2165,22,13,False
TRGMARK128F1496B3F,836,289,False
TRGMBJS128F148CF36,470,214,False
TRGMBNE128F9302F46,10,6,False
TRGMCEI128F42B1B3C,217,87,False
TRGMCFR128F14B0F4E,314,195,False
TRGMCJU128F92ECA10,17,12,False
TRGMCPV128F92E71B5,150,46,False
TRGMCQT128F92FED48,2635,1164,True
TRGMDAQ128F933797D,26,18,False
TRGMDYL128F428E44F,153,88,False
TRGMDZS128F932C777,35,15,False
TRGMEJH128F147C1DB,1424,762,True
TRGMFNK12903CCDEA5,1745,650,True
TRGMGCS12903CFAC05,304,167,False
TRGMHGM128F934B38A,1019,430,True
TRGMHZG128F4271F00,117,54,False
TRGMIJA128E0785DD2,182,126,False
TRGMJGL12903CB5093,60,24,False
TRGMKLZ128F428B9BB,58,24,False
TRGMKXN128F932BC95,83,26,False
TRGMLKD128F423107F,11,8,False
TRGMLUN128E078418C,211,100,False
TRGMNEE128F146AAD9,1383,565,True
TRGMOGL128F426B2EE,49,24,False
TRGMOIJ128F92F9010,178,78,False
TRGMQOS12903CFF902,386,257,False
TRGMRAT128F4228115,12,6,False
TRGMRZC12903CE1DB3,117,38,False
TRGMSBR128E078FC4B,7,5,False
TRGMSPF128F1476F9B,1154,565,True
TRGMSRM12903CC231B,201,50,False
TRGMTHD128F931FC41,7,4,False
TRGMTNW128F427F166,20,8,False
TRGMTSI128F931C297,53,33,False
TRGMTUN128F4260453,28,12,False
TRGMTXH128F428B70B,300,110,False
TRGMUBC128F14862A6,71,53,False
TRGMULK128F934B5B9,526,241,False
TRGMVJU128F422C14B,369,139,False
TRGMVZO128E078607E,671,222,False
TRGMWUO128F42902B4,862,524,True
TRGMWXV128F92DF8F0,3696,1012,True
TRGMXIA128F92FDBC1,1400,429,True
TRGMXVT128F93112ED,2232,779,True
TRGMYFM128F429054E,1,1,False
TRGMYFX128F1451878,255,86,False
TRGMYTT128F934C22B,168,87,False
TRGMZNT128F92DE267,30535,12161,True
TRGMZRY128F9341CFA,9,5,False
TRGNAGR128F145418D,1028,450,True
TRGNAPA128F42AAE04,2,2,False
TRGNBAJ128F931FC3C,8,7,False
TRGNBAQ128F148D6A7,1076,306,True
TRGNBHM128F92E1FE8,2683,1331,True
TRGNBQZ128F930C1B8,918,314,True
TRGNBVA12903CA735B,5143,3190,True
TRGNDDE128F4295728,303,237,False
TRGNDEZ128F931B866,61,19,False
TRGNDGN128F1454189,42,28,False
TRGNDNE128F92E50F5,2930,1492,True
TRGNEIO128F14563CB,236,90,False
TRGNFZV12903CFEB68,2,2,False
TRGNGLP128F14AA983,376,83,False
TRGNHHW128F9340D7D,59,14,False
TRGNHZC128F4288B7B,3,2,False
TRGNJFN128F4254167,89,58,False
TRGNJLG12903CC003F,22,12,False
TRGNLDL128F14B142A,1625,388,True
TRGNMBG128E078AA00,92,56,False
TRGNMBR128F92FFB1C,350,149,False
TRGNMTD128E078884F,5944,2115,True
TRGNNLM128F42B356A,38,24,False
TRGNNRA128F429E9B6,1259,490,True
TRGNOFL128EF34E4D5,1237,388,True
TRGNPDZ12903CA2759,778,360,False
TRGNPQO128F428CCE4,22,18,False
TRGNQAL128F9300353,10,5,False
TRGNROD128F148B425,122,49,False
TRGNRYU12903CE4672,132,69,False
TRGNSEF128F9318AA9,437,149,False
TRGNSIE128F9311563,679,461,False
TRGNTLG12903CF25D9,1594,685,True
TRGNTPJ128F42912FE,1,1,False
TRGNTRX12903CBFE03,15,5,False
TRGNTTG128F934C49F,9,7,False
TRGNTWI128F14637DA,54,22,False
TRGNUHJ128F1452123,9,8,False
TRGNUJQ128F428F2A2,96,28,False
TRGNUSX12903CF7F86,649,221,False
TRGNVAI128F42BA686,74,22,False
TRGNVDE128F934265A,20,7,False
TRGNWAR12903D01DB9,81,26,False
TRGNWEE128F1457FAB,1121,346,True
TRGNWJJ128F429EA67,1664,1309,True
TRGNXCQ128F4258553,120,36,False
TRGNXKG12903D01A8D,551,227,False
TRGNXUA128F92E0170,1262,478,True
TRGNYDW12903CCB94D,7,6,False
TRGNZCH128F425B9F6,116,52,False
TRGNZGN12903CDF6BF,40,16,False
TRGNZLV128E0789AAF,547,286,False
TRGOAFZ128F92F333A,100,33,False
TRGOALX128F423F2BD,191,127,False
TRGOAYD128F9300186,12,2,False
TRGOCEI128F92E53A8,519,276,False
TRGOCGR128F149D9BF,137,64,False
TRGOCQD128F92FE4F3,1069,616,True
TRGOCXO128F428B090,282,72,False
TRGOCYO12903CF85E3,7,6,False
TRGODFM12903D0CD65,33,21,False
TRGOEIY128F934CCA4,117,77,False
TRGOEQT128F92FD2F3,53,22,False
TRGOERQ128E0782865,812,451,False
TRGOFAB128F4267DF7,142,79,False
TRGOFNO128F42AE3B2,1604,533,True
TRGOFWM128F92F3BC0,981,607,True
TRGOHDJ12903CDF6CB,32,13,False
TRGOHEG128F4284129,4890,3242,True
TRGOHJU128F1453D50,2316,892,True
TRGOJDP128F9351B0C,44,24,False
TRGOJNK128F92F2A03,4491,1819,True
TRGOKCU128F92EF28C,134,60,False
TRGOKET12903CD74F9,72,37,False
TRGOKQN128F426E31F,3,3,False
TRGOLLE128F14B187C,76,43,False
TRGOLMO128EF35161F,504,230,False
TRGOMQC128F427E291,1910,560,True
TRGOMUU128F933BC9E,355,118,False
TRGOMVE128F934B5BE,187,111,False
TRGONEC128F1458F36,139,77,False
TRGONFW12903CF392B,24,18,False
TRGONOF128F4281C3C,1192,587,True
TRGONXF128E0787D5E,1644,635,True
TRGONZC128F4279008,2,2,False
TRGOOOR128E078F970,506,197,False
TRGOOQN128F92FEA30,21,15,False
TRGOOYU128F92E62B1,3666,1512,True
TRGOPOH12903CC021E,61,35,False
TRGOPZH128F4298701,303,196,False
TRGOQEQ128F4267639,269,65,False
TRGOREU128EF35F881,34,16,False
TRGORYV128F1475548,99,23,False
TRGOSDR128F4233A8A,494,153,False
TRGOSPU128F932101B,142,86,False
TRGOTXW12903CB2CEE,5122,2384,True
TRGOUGC128F4253E61,2077,628,True
TRGOUNV128F4281928,12232,5084,True
TRGOVHQ128F429109F,105,70,False
TRGOVXL12903CE52DB,374,121,False
TRGOWXT12903CDF6CD,41,16,False
TRGOWZQ12903CDC96A,7,3,False
TRGOXBT128F9337DE3,476,222,False
TRGOXJS128F92D4290,116,38,False
TRGOYGS128F4263CC9,12,10,False
TRGOYVY128F425CB96,2197,900,True
TRGOZUD128F9302E12,24,15,False
TRGPAVU12903CDB288,82,53,False
TRGPBPN128F42792A3,480,180,False
TRGPBTB128F92F76E3,7,3,False
TRGPCUN128F1465269,744,347,False
TRGPDJR128F934AB1A,728,431,False
TRGPEGR128F42923A2,1319,409,True
TRGPENP128F9344A4C,298,104,False
TRGPETY128F92FF73E,10,8,False
TRGPEWP128F149F30A,179,80,False
TRGPFVS128F93417D5,549,121,False
TRGPGKN128F935A667,484,307,False
TRGPHZB12903CF45CF,6,5,False
TRGPIPT128F423EF2D,159,75,False
TRGPKIX128F9329382,843,215,True
TRGPLFW12903CB316A,161,77,False
TRGPMSB12903CE0A45,34,19,False
TRGPMUM128F4291486,81,27,False
TRGPNGS128F9303766,8,7,False
TRGPNSP12903CDA5E7,780,493,False
TRGPOWD128F14A3A24,862,437,True
TRGPPHY12903CEE13B,141,65,False
TRGPQAT128F9329543,45,18,False
TRGPQDW12903CD8C27,115,43,False
TRGPQIZ128F1465041,68,44,False
TRGPQKT12903CC43BD,257,80,False
TRGPSLY128F4257E89,793,444,False
TRGPSPF128F4283FBC,19,8,False
TRGPSSU128F42B77D0,288,131,False
TRGPSZD128F932E373,926,397,True
TRGPTPT128F92CFBC1,1392,567,True
TRGPVHB128F92F6278,358,132,False
TRGPXMK128F931937E,165,74,False
TRGPYTY128F92DDE4A,497,135,False
TRGPZAR12903CAFFAE,1945,773,True
TRGPZOH128F14649C6,1562,975,True
TRGQBTE128F42554CA,34,25,False
TRGQCJK12903CC4073,5,4,False
TRGQCYB12903CC2384,9,5,False
TRGQDSZ12903D00762,16,4,False
TRGQDUX128F148B2DE,189,99,False
TRGQFAB128F4259E7C,1842,751,True
TRGQFIO128EF340E01,141,76,False
TRGQFUZ128F92ED646,576,255,False
TRGQHPS128F92CC7EB,12,8,False
TRGQIVJ12903D03126,49,16,False
TRGQJGJ128F42AB504,35,23,False
TRGQJNM128F14611B1,625,227,False
TRGQJQD128F4255877,351,129,False
TRGQKRR128F930F4B7,78,22,False
TRGQKVS12903CF5E1C,237,71,False
TRGQMSY128F92EA2FB,7,5,False
TRGQOBQ128F428AA62,151,72,False
TRGQOEQ128F92C79E5,18,12,False
TRGQOLS128F93033E9,400,160,False
TRGQOQE128F426EC24,147,89,False
TRGQPHK12903CB2413,44,22,False
TRGQPHL128F148D179,37,30,False
TRGQPIP128F4257535,67,36,False
TRGQPLF128F4218170,13,4,False
TRGQPYP128F9323754,225,119,False
TRGQQEE128F931EB17,363,163,False
TRGQQFW128F93530D5,5103,1497,True
TRGQQTC128F4240FF8,304,127,False
TRGQQTX128F4295082,3744,1057,True
TRGQQZK128F42AD93B,19,12,False
TRGQRAL128F425DDAC,373,156,False
TRGQRMZ128F92F8FA9,65,19,False
TRGQRNS12903CE8B04,20,2,False
TRGQRYJ128F93437CB,200,100,False
TRGQSGS128F93069D1,148,76,False
TRGQSKW128F428E601,1,1,False
TRGQSXV128F92D2018,126,30,False
TRGQTAJ128EF342CA8,66,39,False
TRGQTSM128F428DEC1,266,95,False
TRGQUHP12903CFA05F,386,224,False
TRGQWKQ128F14AC1F7,81,16,False
TRGQWNU12903C9AD02,229,111,False
TRGQWOI128F92DE620,31,12,False
TRGQWSE12903CF5C09,77,37,False
TRGQXUP128F92FFC1D,363,216,False
TRGQXVN128F4263820,196,81,False
TRGQXYD128F429E971,41,12,False
TRGQYOV128F92DF473,238,133,False
TRGQYVO128EF34A8A6,7,6,False
TRGQZCF128F4299A1E,24,15,False
TRGQZGS128F4289D58,3155,1201,True
TRGQZHB128F426FD53,2159,1094,True
TRGQZHO12903D110ED,720,286,False
TRGRAOG128F4264417,806,370,False
TRGRAVU128F92F9796,308,146,False
TRGRBAA12903CF0D5E,128,39,False
TRGRBJX128F1499840,219,50,False
TRGRBOJ128F930321A,2,2,False
TRGRBXI128F4263D63,54,36,False
TRGRCDR128F931118C,3316,1583,True
TRGRCMF128F42B903A,4,3,False
TRGRDEC128F423C07D,4914,1518,True
TRGRDGO128F429D9A2,463,144,False
TRGRDUH128F42AE383,15925,5094,True
TRGREBT128F92F4835,393,142,False
TRGREPP12903CCCC2D,41,21,False
TRGRGBW12903D05F4E,3208,293,True
TRGRGOI128F933D3B9,197,64,False
TRGRGTE128F146DE53,152,97,False
TRGRHJC128F14ADCA6,257,108,False
TRGRHPC128F92FFB74,20,9,False
TRGRIOI128F931A648,262,144,False
TRGRIVI128F933D2B3,100,63,False
TRGRJEC128F92E7F5C,818,342,False
TRGRJQM128F93366DC,113,42,False
TRGRKJN128F92E0AF1,219,88,False
TRGRKOX12903CD43DA,194,89,False
TRGRLJX128F93355EC,66,58,False
TRGRMRM128F931D5A6,1033,619,True
TRGRNVU12903CE7F24,22,19,False
TRGRNZL128F1497984,4379,2284,True
TRGRONS128E0786070,5303,1334,True
TRGROYP12903CB8052,16,6,False
TRGRPEU128F932BD78,10063,6166,True
TRGRPJO128F931B3F2,3,3,False
TRGRQIO12903CC05B9,2,2,False
TRGRROB128F9338D2F,313,121,False
TRGRSJD128F1481E58,109,67,False
TRGRSKY128F42A8D76,8,6,False
TRGRSTU128F146AD74,281,75,False
TRGRSVK128F145D232,81,38,False
TRGRTET128F423A315,82,17,False
TRGRTUX128F428AC9E,816,398,False
TRGRUXA128F4292BD0,686,202,False
TRGRVOR128F4229720,883,426,True
TRGRVPU12903CA9B38,24,11,False
TRGRWIQ128F4263B13,8,2,False
TRGRWNZ12903CC54EA,5,5,False
TRGRXFS128F42269C7,70,32,False
TRGRXOH128F42782D7,47,16,False
TRGRYLX128F933EBCB,41,19,False
TRGRYYB128F9305DFB,329,153,False
TRGRZCG128F145CB85,349,185,False
TRGRZCY128F42685BA,237,92,False
TRGRZYW128E079341B,2067,911,True
TRGSAAJ12903CF5AFB,14,6,False
TRGSARJ128F14B1435,141,45,False
TRGSBYN12903D01E26,1994,899,True
TRGSCTA128E0793868,8122,3353,True
TRGSDTT128F422971B,1104,531,True
TRGSEJS128F4259F32,163,86,False
TRGSEQP128F1499A41,17865,3723,True
TRGSFKR128E0785F26,2006,1258,True
TRGSGOW128EF3456D4,203,97,False
TRGSGZG128F9317172,1288,1059,True
TRGSHFQ128F42AD76A,4911,1492,True
TRGSIKC128F421BAEF,78,56,False
TRGSJAO12903CA55F5,896,200,True
TRGSJTD12903CC2F62,124,26,False
TRGSJUM128E0782B09,66,55,False
TRGSKPK128F147EFCF,1748,661,True
TRGSKVM128F4257C15,274,61,False
TRGSKWV128F1453E44,1096,340,True
TRGSLNN128F422C0EC,1,1,False
TRGSLPE128F426A55E,1278,545,True
TRGSLPH128E078192A,563,381,False
TRGSLRL128F425406D,16,13,False
TRGSMDR128F92D2F74,1712,705,True
TRGSMHQ128F148B140,30,14,False
TRGSNFA12903CF009D,356,53,False
TRGSNFQ128E079666C,20,9,False
TRGSNKT12903CA8CBA,9,5,False
TRGSNNY12903CE5BF5,19,5,False
TRGSNOY12903CCB833,1,1,False
TRGSNPS128F92F9535,171,70,False
TRGSNXQ128F423982E,61,24,False
TRGSOLT128F1466521,390,192,False
TRGSOMU12903D01A08,42,28,False
TRGSPDV12903CD564A,3,3,False
TRGSPML128F427065A,2,2,False
TRGSQPS128F4294977,96,66,False
TRGSSDE128F149B8F2,56,29,False
TRGSSIP128F148C3F9,956,183,True
TRGSVKS128F4242183,16,12,False
TRGSVZA128F92CF92E,10645,5645,True
TRGSXES128F1468D90,824,379,False
TRGSXVN128E0792078,598,259,False
TRGSXXV128F42507E9,26,12,False
TRGSZLD12903CB11E0,63,23,False
TRGSZLI128F4230F3A,1373,341,True
TRGTARJ128F424697D,45,29,False
TRGTAWG128F9335F8A,701,294,False
TRGTBAK128F428FAF9,4,4,False
TRGTBGS12903D06C47,675,304,False
TRGTBHT12903CF3A25,1202,785,True
TRGTBMP128F1452975,4209,785,True
TRGTBQT128F42695AE,28,12,False
TRGTCNF12903CEFC2F,18,8,False
TRGTCTE128F4262194,156,72,False
TRGTCUM128F423339C,396,180,False
TRGTDJH128F9307727,14,9,False
TRGTEVO128F146A469,422,224,False
TRGTFBT128F146BD72,2404,849,True
TRGTGGR128F428995C,5,2,False
TRGTHMF128F933A574,390,160,False
TRGTHXO12903CF4235,26,4,False
TRGTIAU128EF342E49,192,101,False
TRGTICN128F9305B6C,47,29,False
TRGTIPC128E0793BA3,21,10,False
TRGTJJP128F4263D52,630,210,False
TRGTJZS128F42180C8,2,2,False
TRGTKSR128F4222CD7,111,40,False
TRGTOND128F426DEA2,448,167,False
TRGTPJD128F4295407,770,375,False
TRGTPNQ128F424F973,4820,2490,True
TRGTQMF128F932BEE2,4356,1451,True
TRGTQSQ128F1493B48,258,123,False
TRGTQVB128E07925F7,679,374,False
TRGTRUN128F42B0724,214,65,False
TRGTRUZ128F932B400,200,88,False
TRGTSOM12903D0A0DD,499,308,False
TRGTSTW128E0792348,481,285,False
TRGTTEJ128F92E83A5,21,13,False
TRGTUUE128F9310C99,3534,1767,True
TRGTVAI128F426AA6A,7490,2443,True
TRGTVNI12903CBB9BE,45,11,False
TRGTVOR12903D1184D,4,3,False
TRGTVVB128F1485912,12188,2229,True
TRGTVWJ128F9327CCA,10,7,False
TRGTXCP12903CF05DF,921,453,True
TRGTXKQ128F422F846,11,6,False
TRGTXMO128E0789BD3,35,17,False
TRGTXZM128F933797F,104,52,False
TRGTYLD128F932BE9E,491,222,False
TRGTZBQ128EF342437,713,340,False
TRGTZFG12903D0CE7D,7,6,False
TRGTZPL12903CBCD8A,2315,873,True
TRGUAND128F9329C61,695,360,False
TRGUAWZ128F146957C,700,349,False
TRGUCCS128F92CE5D2,87,55,False
TRGUCZF128F429B08B,3,2,False
TRGUDVK128F4248489,321,93,False
TRGUDXV128F428CE4D,5,4,False
TRGUEBY128F42873F0,591,200,False
TRGUEMQ12903CDA152,5,3,False
TRGUFBU12903CC9566,6,3,False
TRGUFDI128F428BD91,1,1,False
TRGUFDP128F933255B,26,14,False
TRGUHCL128F935A5D8,9,6,False
TRGUHLS128E07953A0,334,118,False
TRGUIEQ128F9314062,345,105,False
TRGUIXG128F932DDB4,89,33,False
TRGUIZH128F42B7149,85,29,False
TRGUJDK128F149251E,19,1,False
TRGUJHM12903CF4549,56,24,False
TRGUJJF128F92E8802,25,19,False
TRGUKOE128F9334377,85,43,False
TRGUMPT128F92D2213,13,8,False
TRGUNBS128F426A707,845,236,True
TRGUNET128F42590AB,1731,892,True
TRGUNHT128F428CB75,1,1,False
TRGUQQE128F93201FA,49,26,False
TRGUQRY128E078286B,2637,912,True
TRGURAV128F4251B7A,4,1,False
TRGURHQ128F92F5EED,65,15,False
TRGUSUL128E078909B,297,221,False
TRGUSWI128F92EBA20,6938,2312,True
TRGUSWN128F422B41A,19,14,False
TRGUTUA128F428B4A6,395,246,False
TRGUUJG128EF34C577,6,6,False
TRGUVDZ12903CF98FF,189,31,False
TRGUVUY128F4276D92,598,226,False
TRGUWHY128F4280F76,7,5,False
TRGUXOJ128E0788852,4050,1536,True
TRGUZCO128F934B22B,100,36,False
TRGUZWQ128F427A598,57,15,False
TRGVAGR128F429DCD2,273,104,False
TRGVAOP128F92E3353,142,89,False
TRGVAVR128F4272F8C,252,120,False
TRGVBQD128F427F1A6,17,8,False
TRGVCRH128F14836EB,743,356,False
TRGVCRL128F92DE1AC,1716,880,True
TRGVDAW128F9350C0B,1239,452,True
TRGVDGU128F93234B9,5390,1536,True
TRGVDRB128F424818D,1380,760,True
TRGVDVW128E078ECD5,2270,1028,True
TRGVEAZ12903CDA21A,1237,267,True
TRGVEWS128F92CA929,34,22,False
TRGVFDB128F42A5DC5,2,2,False
TRGVFIB128F42BBA63,1288,736,True
TRGVFNR128C71962D6,3990,1689,True
TRGVHNO12903C9BA0E,92,47,False
TRGVHXP128E0793B8F,429,318,False
TRGVIIL12903CD43BE,1583,389,True
TRGVIPD12903CDC9D4,42,17,False
TRGVIQD128F92D5C7D,6592,1983,True
TRGVJDA12903CC3E9A,73,49,False
TRGVJRV128F9302208,4,4,False
TRGVKBK128F429EA2D,3098,2411,True
TRGVKNC128F93481D3,25,16,False
TRGVMSX128F934AB83,9,6,False
TRGVNWG128F92FCE88,104,34,False
TRGVOJX128F934BC14,540,198,False
TRGVQLI128F932FCF2,423,219,False
TRGVQMG12903CAE801,126,69,False
TRGVQXD128E07929AD,229,138,False
TRGVQZN128F933D1F7,1,1,False
TRGVRBY12903C98529,643,274,False
TRGVRQJ128F92F7A8F,1,1,False
TRGVSMR128F42B58E7,11514,4401,True
TRGVSYO128F9329D41,4,2,False
TRGVTPD128F425BF53,122,53,False
TRGVTUZ128F42627DF,14,8,False
TRGVTZB128F4291003,42,22,False
TRGVWIL128E0793612,24,11,False
TRGVXBJ128F4295561,12,9,False
TRGVXEC128F424D80C,140,32,False
TRGVXLP128F422B91B,67,44,False
TRGVYHE12903CD9592,104,31,False
TRGVZQP128F42574ED,323,141,False
TRGWACS128F9326B95,1,1,False
TRGWCYO128F426338F,45,18,False
TRGWCZB128E07810FE,65,35,False
TRGWDJS128F1491B7A,2451,747,True
TRGWEYN128F42723CC,96,60,False
TRGWFBD128F42BA4A7,130,51,False
TRGWGED128F421A851,991,284,True
TRGWGLM12903CF078B,12,8,False
TRGWGNT12903D0D113,483,169,False
TRGWGOF128F4241B03,1239,437,True
TRGWIDC128F92F6FE3,134,72,False
TRGWJWT128F42915DE,10,9,False
TRGWLAP128F4259F3E,724,344,False
TRGWNUC128F425CF01,362,199,False
TRGWPGI128F426CA42,597,305,False
TRGWRAS128F9330441,122,65,False
TRGWRNS128F934ABC0,8,3,False
TRGWROC128F930947A,253,136,False
TRGWSFM128EF345D17,17,2,False
TRGWSWT128F42A3C49,58,27,False
TRGWUFT128F4284D80,89,23,False
TRGWUHT128F4214AC6,63,26,False
TRGWUKX128F9329052,3232,1368,True
TRGWURV128F429F882,1704,715,True
TRGWWIQ128F148FE2B,5232,1876,True
TRGWYYR12903CBA245,42,21,False
TRGXBBJ128F9305E0A,403,196,False
TRGXCLB128F4286C22,11,7,False
TRGXDJV128F1494DF5,698,353,False
TRGXDPP128F423EF2C,160,65,False
TRGXDTH128F9339A3C,13,5,False
TRGXFZI128F423BB1A,2862,1192,True
TRGXGBN128F92F9D5F,23,7,False
TRGXGJC128F1464D4F,1730,798,True
TRGXIOL128F92CC6B3,1139,480,True
TRGXJEJ12903CB2CFD,2406,1374,True
TRGXKKN12903CF41D1,22,7,False
TRGXMBI128E0791E56,1156,531,True
TRGXMFS128F93324B6,35,13,False
TRGXMVL128F424D5B2,906,258,True
TRGXNSH128F92FAE6C,12,9,False
TRGXNXV128F92E7CF8,930,407,True
TRGXOEH128F1477079,23,18,False
TRGXOKN12903CD6F15,91,75,False
TRGXOUK128F426C4A1,137,40,False
TRGXPCQ128F931B15C,184,137,False
TRGXQPZ128F145EBBD,430,170,False
TRGXQXZ128F92EEFD8,24,14,False
TRGXSBY128F932B8AA,87,34,False
TRGXSLY128F423588E,22,5,False
TRGXTPW128E0798B75,24,15,False
TRGXTRR128F4281506,52,25,False
TRGXTWK128E0788B1C,149,60,False
TRGXVEN128F42AD5EA,1019,375,True
TRGXVIK128F4293979,29,10,False
TRGXVUX128F931BE92,56,17,False
TRGXWKT12903CD03C0,675,197,False
TRGXWSQ128F9319F0F,590,325,False
TRGXYEN128F424A064,487,201,False
TRGXYNC128F4244094,72,46,False
TRGXYPA128F935502C,8,6,False
TRGXZPB128F428FB74,2074,416,True
TRGXZPM128F4298F16,22,10,False
TRGYBFF12903C9AF38,4960,2059,True
TRGYCJP128F14884C0,27,13,False
TRGYCRC128F933321E,12,5,False
TRGYCUR128F1468FB6,308,103,False
TRGYDLR128EF35F4FA,79,48,False
TRGYDSF128F427FD75,403,109,False
TRGYDZL128F42629DD,3362,2472,True
TRGYENC12903CE04EA,1,1,False
TRGYEZE128F92F52B2,5175,2188,True
TRGYFKV128F4263861,85,49,False
TRGYHUS128F92EAAF8,82,21,False
TRGYIBU128F931C209,231,163,False
TRGYJGE12903CC429F,9,6,False
TRGYJQS128F429B04C,447,253,False
TRGYJXI128F92F9A33,24,14,False
TRGYKEX128F934B058,7,3,False
TRGYKTN12903CED295,220,77,False
TRGYNOQ128F42575E3,11,11,False
TRGYOOF12903CC447A,46,17,False
TRGYOPX128F428D3D2,76,27,False
TRGYOUA128F9304DE0,40,17,False
TRGYPIW12903CDEC3F,37,23,False
TRGYPNK128F14A7913,88,25,False
TRGYPWQ12903CBB793,1884,744,True
TRGYRHK128F148503E,7,4,False
TRGYSPV128F146953B,3392,846,True
TRGYSVE128F42689F5,58,17,False
TRGYTLE12903CC097D,1,1,False
TRGYUGX128F933CC06,205,115,False
TRGYVTL128F42912D5,36,17,False
TRGYXFT128EF343184,2046,706,True
TRGYYCK128F9311375,2,2,False
TRGYYSJ128F425E811,74,18,False
TRGYZZH128F42660B6,777,227,False
TRGZAEU128E078393F,2894,1139,True
TRGZANE12903D0D355,2,2,False
TRGZAPX128F4229378,160,105,False
TRGZAZK128F931FF5E,99,38,False
TRGZBTA128F429B037,181,106,False
TRGZCEF128F931799D,88,58,False
TRGZCUR128F92FCE04,1496,377,True
TRGZDEG12903D05420,463,127,False
TRGZECZ128F423EB47,268,142,False
TRGZEIQ128F92F6ADC,547,212,False
TRGZFDG128F427EC73,906,423,True
TRGZFRJ128F147CC7D,988,528,True
TRGZGAO128F42178E4,14,8,False
TRGZGCV12903CA8870,185,99,False
TRGZGWF128F428F5DB,962,277,True
TRGZHJR12903CD7A2E,50,4,False
TRGZHVA128E078A1D9,2041,612,True
TRGZIAU12903CF5DF2,19,12,False
TRGZILB128F425A19A,13,7,False
TRGZIMZ128F930A016,619,249,False
TRGZJBO128F1476F3A,477,290,False
TRGZJOE12903CE5D37,9,8,False
TRGZKLK128F426DEA5,788,238,False
TRGZLBQ12903CF238A,728,429,False
TRGZMFZ128F427F03B,1029,375,True
TRGZNML128F4267F8B,11,7,False
TRGZNPZ128F14939EB,420,178,False
TRGZOOM128F92EEFDE,46,13,False
TRGZPQU12903D13A07,58,4,False
TRGZQTS12903CB964B,1990,730,True
TRGZRNJ128F92F4139,8446,2427,True
TRGZRPQ128F4233829,129,57,False
TRGZRYT128F422D6D1,315,174,False
TRGZSHQ128F9306407,6,4,False
TRGZSPT128F426E051,467,204,False
TRGZSXY12903CC2F9F,65,18,False
TRGZTBG128F42139CE,310,100,False
TRGZUHW128F93337A2,3004,1458,True
TRGZUKV12903CC2F22,2945,652,True
TRGZVYV128F92E7980,3,3,False
TRGZWLW128F9309DE8,249,130,False
TRGZWSO128E0781688,2093,979,True
TRGZXVO128C71962CF,2688,1125,True
TRGZYIZ128EF34DA10,407,234,False
TRGZYNU128F4242FCC,140,82,False
TRGZYSG128F42AB2DD,1256,630,True
TRGZZAY128F429C8D3,49,19,False
TRHAAWC128F424D8A8,2505,685,True
TRHABEW128EF346712,462,161,False
TRHABFF128F934B756,2,2,False
TRHACCQ12903CA721B,394,199,False
TRHACKU128F92EF5DE,17,14,False
TRHADYT128F422B3F5,49,14,False
TRHAEFG128F424688A,351,200,False
TRHAELW128F92C7EA0,457,155,False
TRHAEUK128F426474A,143,33,False
TRHAEWD128F4290F97,148,87,False
TRHAGFQ128F428B8EA,1768,993,True
TRHAHYR128E079388D,198,113,False
TRHAIKR12903CC2530,491,169,False
TRHAKKB128E07959DC,153,100,False
TRHANBL128F14A48E8,22,11,False
TRHANIM128F4276F68,114,44,False
TRHAONJ128F9303DE8,3,3,False
TRHAOXD128E078BDD1,666,310,False
TRHAPAW128F424AE6B,23,7,False
TRHAPNK128F4288431,256,131,False
TRHAPQK128F932A793,1560,814,True
TRHAPZF128F92E8C13,196,130,False
TRHARFO128F934AC5C,13,5,False
TRHAROJ128F9326578,747,341,False
TRHASXS128F42355CC,83,20,False
TRHATML128F1455841,790,375,False
TRHATNZ128F427F380,15,5,False
TRHATOL128F428B3B1,46,28,False
TRHATVF128F4281C3F,884,480,True
TRHAUCH128F933A306,345,230,False
TRHAUHW12903CB8CCD,405,229,False
TRHAUMQ128F92D0E51,50,26,False
TRHAUNQ128EF35EB65,15,9,False
TRHAWCV128F42752F4,14,11,False
TRHAWMN128F4246A81,113,37,False
TRHAWPK128F424A73D,813,186,False
TRHAXDQ128F931114B,846,419,True
TRHAXOI128F42AC94B,533,306,False
TRHAYAN128E0781B00,469,307,False
TRHAYHO128F92EBCC3,94,44,False
TRHAYRB12903CFEA70,134,72,False
TRHAZFX12903D03704,19,10,False
TRHBABG128F4281C8E,1424,630,True
TRHBAFU128F932638F,84,19,False
TRHBAST12903CCC344,41,20,False
TRHBASW128F42BA6AE,64,33,False
TRHBAUA128F14773C3,23,14,False
TRHBBBG128F145678E,92,54,False
TRHBEBS128F42654EE,2,2,False
TRHBFTT12903CF5F05,32,20,False
TRHBGEK128E0791D2E,851,555,True
TRHBGXU128F9310DB3,2103,1249,True
TRHBHOX12903CD4607,2,2,False
TRHBIDM128F428AFF2,262,192,False
TRHBJZF128F1481A63,553,135,False
TRHBKBO12903CF5E20,34,8,False
TRHBKOR128F4270A7E,4,3,False
TRHBKYF128F93092AA,41,25,False
TRHBLOQ12903CF5EB4,23,10,False
TRHBLSR128F9314911,529,204,False
TRHBLVS128F14844CD,190,89,False
TRHBNRW128F424DA1D,321,198,False
TRHBNSC12903CEA41C,671,342,False
TRHBOMR128F932FA6F,1153,440,True
TRHBOTJ128F42675B5,1163,270,True
TRHBPBW128F933B0CC,571,288,False
TRHBPXU128F4255D9F,1646,596,True
TRHBQAS128F4290E82,285,154,False
TRHBQTO128E0794FA1,373,51,False
TRHBRGL128E07844A4,734,385,False
TRHBRPS128F931F1CD,2147,891,True
TRHBSAY128F1467697,664,280,False
TRHBSOQ128F4253695,133,94,False
TRHBSQU128F92E7CD7,45,33,False
TRHBTYM128F93215F3,159,26,False
TRHBUBV12903CAF207,1,1,False
TRHBUZD128F92E08BB,1633,808,True
TRHBVJD128F4276F35,25,9,False
TRHBVKX128EF3460C5,57,27,False
TRHBXOE128F4287B5B,65,26,False
TRHBXVI128F9308687,252,125,False
TRHBYNV128F93338C2,67,20,False
TRHCAIV128E0793E6E,1048,555,True
TRHCBHA128F424816D,281,174,False
TRHCBHG128F42963FF,34,20,False
TRHCBME12903CE3962,858,365,True
TRHCBUB128F423624A,131,35,False
TRHCCXP128E0796554,6231,2473,True
TRHCEKG12903CE14FA,51,29,False
TRHCFCH128F4263D62,69,41,False
TRHCFPG12903CA4C99,13,12,False
TRHCGNH12903CF7C27,3715,1545,True
TRHCGXO128F93209B1,20,12,False
TRHCHYD128F931C21A,214,155,False
TRHCIJJ128F9305C8A,3472,1069,True
TRHCKAJ128F9316FB0,1,1,False
TRHCKPB128F423AFD1,1,1,False
TRHCLIF12903CC680D,1762,637,True
TRHCLOK128F9308237,6,5,False
TRHCLZR128E07889F4,40,23,False
TRHCMJB128F422A6D3,27,14,False
TRHCNEL128C7196C38,669,415,False
TRHCNQW128F149626E,1504,673,True
TRHCOPF128F145F6A7,556,288,False
TRHCOQR128F14B0858,227,77,False
TRHCOZG128F42581A9,18,8,False
TRHCPBE128F931F5C9,368,185,False
TRHCREL128F92FDA27,26,13,False
TRHCRHS128F423D2EA,2,2,False
TRHCSTW12903CBAA16,22,14,False
TRHCTZX128F92DB92D,16,7,False
TRHCVSN128F42AA871,247,135,False
TRHCWPI12903CC525B,209,88,False
TRHCXQX128F428CDC2,64,37,False
TRHCYDZ128F429810B,2111,924,True
TRHCYIL12903C9CBE9,275,192,False
TRHCZWQ128F9304FBC,61,23,False
TRHDAAZ128F932696E,35,19,False
TRHDAMD128F933CE86,535,172,False
TRHDARN128F428C0AF,861,494,True
TRHDATY128F4286CD5,1,1,False
TRHDAXU128E07927D7,352,209,False
TRHDDQG12903CB53EE,2460,1101,True
TRHDEOE128F92EC1F8,22,14,False
TRHDFIL128F426C245,507,186,False
TRHDFWX128F426910C,958,437,True
TRHDGIU128F425D4A8,3,2,False
TRHDINS128F424884B,110,80,False
TRHDLXT128F423982F,195,64,False
TRHDLYA128F148D435,280,124,False
TRHDNMW128F933E2E8,301,125,False
TRHDNVM128F930CCC5,10,7,False
TRHDOVL128F9321BA0,35,25,False
TRHDQIN128F931B108,60,24,False
TRHDQVV128F4276D84,22,15,False
TRHDRUJ128E0781685,1064,495,True
TRHDSNL128F9310096,116,42,False
TRHDSPQ128E07921C6,1399,517,True
TRHDTQE128F427B8D6,155,83,False
TRHDTUG128F92E8058,4346,1594,True
TRHDTZM12903D02796,76,45,False
TRHDUGA128F931B4A7,901,379,True
TRHDVCU128EF35C46F,7,5,False
TRHDWRL128E079533D,1294,682,True
TRHDWYD128F425863B,639,238,False
TRHDXBZ128F9314443,55,21,False
TRHDXIC12903CAF0D7,7,3,False
TRHDXKI128F42BC6B2,185,98,False
TRHDYMM128F931DAFD,64,34,False
TRHDYTO128F4282678,3091,602,True
TRHDYZN128EF3441B5,1028,379,True
TRHDZFQ128F1476807,2035,815,True
TRHDZSB128F429112F,129,81,False
TRHEATM128F4263980,804,550,False
TRHEBNN128F9308E73,6,2,False
TRHECNR128F427B59D,321,70,False
TRHECZW128F4278BEE,402,87,False
TRHEDMY12903CB6534,393,219,False
TRHEDOP128EF3685EF,243,193,False
TRHEEOV128E0795CD5,623,305,False
TRHEFHM128F93536A5,632,311,False
TRHEFHN128F92F2379,469,126,False
TRHEFKG128F4273E9C,161,70,False
TRHEFTY12903CDD5FC,90,43,False
TRHEGJQ128F4292208,55,14,False
TRHEHDC128F1468940,9,8,False
TRHEHHF128F4229609,97,47,False
TRHEHZF12903D1376C,1665,594,True
TRHEIAI128F92C2E28,973,443,True
TRHEIIH128F9314FC8,2154,874,True
TRHEIRO12903D0C737,1447,457,True
TRHEJVE128F934BCA2,50,28,False
TRHEKND12903CDD722,64,28,False
TRHEKXQ128F429579B,2080,762,True
TRHELBK128F931F176,1394,755,True
TRHELGC128F4253694,26,9,False
TRHEMUD12903CED9C1,11,7,False
TRHEMVU12903C9F1F0,396,182,False
TRHENIE128F92FCE09,1472,608,True
TRHEOME128F428B6FC,299,95,False
TRHEOXI128F92F6277,143,55,False
TRHEQDQ128F42B29EC,40,13,False
TRHERUB128E0781C00,334,152,False
TRHESIQ128F42AE3BB,4221,1313,True
TRHESNL128F427F1E8,1,1,False
TRHESPF128F92E2D55,4,2,False
TRHESWW12903CB7074,150,52,False
TRHETLB128F422AD7A,9,5,False
TRHETXY128F92EB8BC,5,1,False
TRHEUAY128F92E2110,2603,1044,True
TRHEUML12903CD9FF3,577,145,False
TRHEUXA128F4226F7C,361,170,False
TRHEUXY128F4291662,14,9,False
TRHEXUL12903CA7C8B,17,6,False
TRHEYJZ128F931DBD0,2043,907,True
TRHFAHH128F429556B,68,14,False
TRHFAIH128EF33FB83,221,125,False
TRHFAYO12903CF0BDF,36,30,False
TRHFBFN128F428ABF9,2511,1046,True
TRHFBOW128F4215E11,971,410,True
TRHFBVE128F9319880,229,121,False
TRHFBVL12903CA863B,14,7,False
TRHFCIB128F425EDEB,15,7,False
TRHFCKY128F14AE29F,160,84,False
TRHFCRJ128F1482513,1362,596,True
TRHFCTL128F426C477,1303,558,True
TRHFDVW128E0781929,972,483,True
TRHFEMY128F14979BA,3576,2052,True
TRHFEYK128E078221F,2207,971,True
TRHFFCY128F427A576,36,21,False
TRHFFEH128F933A300,1230,576,True
TRHFFIX12903CEDACF,63,17,False
TRHFFMI128F1455568,153,76,False
TRHFFPB128F93146D6,670,215,False
TRHFGCZ128E0793E4D,273,108,False
TRHFGRN128F427EFC3,2779,1575,True
TRHFGTP12903D005EF,10,6,False
TRHFHFF128F930AC11,1,1,False
TRHFHMU128F932686B,4,4,False
TRHFHNH128F428FB8B,35,19,False
TRHFIAE128E0795F91,55,24,False
TRHFIFS128F92DD8B0,224,88,False
TRHFILW128F428874F,41,8,False
TRHFIMS128F427EFAE,38,14,False
TRHFJOG128E078BD81,44,19,False
TRHFLGF128F92FB095,510,303,False
TRHFLSZ12903CD1ECD,998,247,True
TRHFOAG128F4279BB3,29,16,False
TRHFPFG128F425E082,426,347,False
TRHFPLJ12903CDF522,90,51,False
TRHFPQM128F934B62C,124,87,False
TRHFRXZ128F9300F76,90,50,False
TRHFTPN12903CA5B2F,273,100,False
TRHFULO128F422AD75,29,11,False
TRHFUNR128F423AEC1,85,66,False
TRHFVGG128F9314AF8,1212,570,True
TRHFWED128F4289573,932,362,True
TRHFWRG12903D0199E,53,24,False
TRHFWTN128E07826BF,479,208,False
TRHFWZA12903CBA47A,493,194,False
TRHFXDE12903CDAB12,1314,333,True
TRHFXFQ128F92F9199,58,22,False
TRHFYAO128F4281890,36,21,False
TRHFYQT128E079697F,312,94,False
TRHFYRE128F9337F65,29,16,False
TRHFZEU128F9329BF9,56,30,False
TRHFZTC128F427C6ED,382,140,False
TRHGAVQ12903D075B2,697,270,False
TRHGDIO128F9324EF2,7108,4208,True
TRHGDQA128F428E204,183,67,False
TRHGDXP128F427B729,30,16,False
TRHGEEK12903CBA86B,248,154,False
TRHGERZ128F148A602,36,22,False
TRHGEYV128F4277AF1,38,13,False
TRHGGCC12903CD22DF,764,240,False
TRHGGSI128F426A31A,6,2,False
TRHGGZZ12903CC8368,341,135,False
TRHGHHE12903D0C3AB,598,329,False
TRHGHSX128EF340AE0,1732,1073,True
TRHGHWT128F425DEFA,5588,2573,True
TRHGIEP128F428C40A,68,22,False
TRHGIPH128E07820C7,345,186,False
TRHGIVH128F42852C4,2423,898,True
TRHGJTK128F9310AAD,629,176,False
TRHGMJK128F92D806F,3,3,False
TRHGMSY128F425EA7A,591,236,False
TRHGMZO128F9308AC5,951,286,True
TRHGNIJ128EF35C74D,120,23,False
TRHGNRZ128F42756CC,473,130,False
TRHGNZK12903CB8E21,132,48,False
TRHGOPR128F422A750,70,33,False
TRHGOPX128F4283D1F,4321,1687,True
TRHGRJS12903CD4606,3,3,False
TRHGRNX128E07923CE,47,31,False
TRHGSQD12903CAFC99,585,297,False
TRHGUIW128F14938E9,3,1,False
TRHGVHR128F428B132,54,25,False
TRHGVYG128F4273CE4,512,312,False
TRHGWHS12903CC4552,2484,701,True
TRHGWMS128F42753A0,39,17,False
TRHGWSB12903CC372C,3251,1161,True
TRHGXYB128F428FF36,882,353,True
TRHGYJL128F93091A5,796,473,False
TRHGYNY128F4227D8B,6661,1221,True
TRHGZBO12903CEC901,735,111,False
TRHGZOS128F427ADB3,62,28,False
TRHHAEJ128F148B850,11,9,False
TRHHANT128F933E6B4,563,344,False
TRHHFUE128F92D5928,149,72,False
TRHHFYO128E079260D,311,179,False
TRHHIBF128F93382E4,489,175,False
TRHHIPV128F422CF8E,131,32,False
TRHHIYB128F4284B80,38,15,False
TRHHJAP128F931C0C6,1004,381,True
TRHHJCL12903CB44B7,3849,1819,True
TRHHJDE12903CC09D0,19,12,False
TRHHKFZ128F934E7C2,744,276,False
TRHHKVQ128F423C322,4251,2042,True
TRHHLCF128F930AB32,142,17,False
TRHHLKJ128E0791893,1547,627,True
TRHHLLF128F92EC210,438,200,False
TRHHMHF128F423F004,793,559,False
TRHHMLX12903CB503B,1612,794,True
TRHHNGC128F429B2FA,80,40,False
TRHHNQB128F4248478,236,99,False
TRHHPCF12903CD47FD,2377,974,True
TRHHPLG128F92F9804,83,42,False
TRHHQKZ12903CE7BEC,166,83,False
TRHHQNN128EF368527,1024,388,True
TRHHQQX128F92EC767,43,14,False
TRHHQST128F9326BA3,4,3,False
TRHHQSX128F92F9194,10,7,False
TRHHQVO128F149EF88,23,6,False
TRHHSDO128F935A8E3,719,406,False
TRHHSEG128F1452B6B,587,335,False
TRHHSTG12903CF3B72,168,82,False
TRHHTQL128F145ABEA,219,101,False
TRHHUER12903CB9FE8,1397,498,True
TRHHUFP128F423F2B2,430,202,False
TRHHUIA128F4293D28,844,284,True
TRHHVJY128F92F626C,399,189,False
TRHHVKN12903CB8DE0,74,19,False
TRHHVTV128F429F8A1,179,42,False
TRHHXUR128F93280EC,226,57,False
TRHHYQQ128F42BB341,4348,1309,True
TRHHYSU128EF36852C,158,103,False
TRHHZEL128F427CEA9,41,19,False
TRHHZLX128F9337DEF,92,40,False
TRHIAAF128F93244E6,124,21,False
TRHIAHK128F1455845,906,425,True
TRHIAJB128F933CDC2,256,136,False
TRHICDH128EF345F90,140,63,False
TRHICDM128F931F1C2,4953,1693,True
TRHICEY128F930C49D,196,42,False
TRHIDTH12903CF9280,2,1,False
TRHIETV128F14668CF,1143,620,True
TRHIFAC128F92E71BB,36,27,False
TRHIFYL12903CF23C9,128,61,False
TRHIGKD128EF3439D8,413,79,False
TRHIHHF128F423D478,2416,1033,True
TRHIHKP128F427805D,182,120,False
TRHIHLH128F92E6CC4,116,68,False
TRHIHZI128F428CAEC,41,35,False
TRHIIGC128F4290FFC,311,165,False
TRHIIGX128F92FE4F8,213,129,False
TRHIIOO128F4298194,42,22,False
TRHIKWM128F9320A81,1097,393,True
TRHIMWR128F930C1BB,182,102,False
TRHIMXD128E0786BA8,875,403,True
TRHINTD128F4223188,1802,527,True
TRHIODL128F9330FC6,935,464,True
TRHIRUH128F92CFD66,430,192,False
TRHISCU12903CE7E0D,232,124,False
TRHISLI128EF355B17,39,8,False
TRHIXMJ128F148AE3F,2436,869,True
TRHIYEN128F930AC9C,11,7,False
TRHIYFV128E078F5BA,522,219,False
TRHJALI12903CE6C40,104,24,False
TRHJBAT128F429E912,470,190,False
TRHJBVR128F9346B91,608,262,False
TRHJBZP128F145F6A6,2566,712,True
TRHJCKO12903CD1B67,1167,466,True
TRHJCOG128F429DAA7,7258,1953,True
TRHJDBR128F42597AC,27,17,False
TRHJDKX128F145C923,191,80,False
TRHJDPQ128F9345FB2,88,34,False
TRHJEEM128EF342D6B,72,31,False
TRHJEYR128F145E9C0,150,81,False
TRHJFGY128F932DCE5,19,12,False
TRHJGFY128F14655F5,1006,417,True
TRHJGKK128F4292182,34,9,False
TRHJGPX128F9360FEF,93,22,False
TRHJHUD128F427D1FC,286,101,False
TRHJISP128F4257C11,66,33,False
TRHJIUL128F93177F1,342,167,False
TRHJJEC128F92FA041,2934,1177,True
TRHJKBZ128F4288AA7,166,69,False
TRHJKCI128F14794BB,770,393,False
TRHJNAX128E0780BD4,554,406,False
TRHJNPK128F4298353,25,10,False
TRHJOFO12903CBFDE9,17666,6552,True
TRHJQDW128F9343FCA,1628,647,True
TRHJQYS128F9312BFC,2149,745,True
TRHJRIL128F931BADD,293,182,False
TRHJSBT128E078ECF2,786,405,False
TRHJSEZ128F1459DCC,6744,2118,True
TRHJVMO128E079506C,267,104,False
TRHJVPJ128F14B0BA4,50,24,False
TRHJVRS128F426F89E,1438,638,True
TRHJXIT128F92EE8DF,7,6,False
TRHJXNI128F4276B7A,188,104,False
TRHJYOO128F423F073,2537,1056,True
TRHJZKB128F428B538,202,62,False
TRHJZWN128F149CB97,1973,721,True
TRHKARJ128F145C13C,1782,813,True
TRHKAUB12903CF2C9E,39,12,False
TRHKBYE12903CA71D2,472,185,False
TRHKCBK128F932FE20,919,499,True
TRHKDLS128F92EE870,62,19,False
TRHKDTL128F9337051,527,199,False
TRHKDWD128F92DF835,283,124,False
TRHKERW128F421A0DF,83,44,False
TRHKETU128F931CE33,1818,653,True
TRHKEVH128F92D0FFB,48,23,False
TRHKFCL128F92C9DCA,87,26,False
TRHKFYJ12903CE7263,3,2,False
TRHKGQR128F9336C89,1543,559,True
TRHKHGN12903CD8638,31,4,False
TRHKHHV128E0793271,55,34,False
TRHKJJB128F1473EB6,793,398,False
TRHKJQW128F930C1BD,567,281,False
TRHKJTJ128F934B627,136,77,False
TRHKKHO128F930E29C,13,11,False
TRHKLLD12903CA4F3C,36,19,False
TRHKLOG128F422F4D3,776,170,False
TRHKLOY128F427B8D9,607,248,False
TRHKLXG128F4259F2B,144,84,False
TRHKOUE128EF36290E,2,2,False
TRHKOVD128F92CE68C,1009,337,True
TRHKRUE128F4258459,24,12,False
TRHKSKR12903CE60FB,2,2,False
TRHKTOU128F423AEE6,682,324,False
TRHKTYQ128F42675F6,34,18,False
TRHKUHY128F425A0AA,191,61,False
TRHKUPU128F4263E04,1259,519,True
TRHKVGV128F92C6A74,301,55,False
TRHKVRF128E0791E52,210,121,False
TRHKWAO128F92EA2EA,93,71,False
TRHKXJQ128E0792182,807,324,False
TRHKXWM128F9327DC3,127,33,False
TRHKYRO128F425F65E,4,3,False
TRHKZPF12903CE6C41,66,32,False
TRHKZRX128F93364AF,292,89,False
TRHLALT12903CC158A,889,393,True
TRHLARG128F14534FA,18,9,False
TRHLBJI128F92F159C,461,98,False
TRHLBJO128F427692C,39,21,False
TRHLCGH128F4229F87,3,3,False
TRHLCVW128F92E385C,588,253,False
TRHLCZD128F426AE94,371,123,False
TRHLCZS128F422DD90,60,52,False
TRHLEBE12903D07532,2231,567,True
TRHLEUB128F92EDD1D,13,6,False
TRHLHIG128F9302F39,11,6,False
TRHLHUD128F427FA31,1072,513,True
TRHLIRG128F9316FA7,5,2,False
TRHLJBH128F4273578,277,55,False
TRHLJJI12903CF0433,43,19,False
TRHLJPC12903CF1037,17,13,False
TRHLKIL128E07911FB,224,87,False
TRHLKMT128F9346655,21,5,False
TRHLLGE128EF346065,162,39,False
TRHLLOT128E0789B9E,720,432,False
TRHLMGR128F1456EDA,148,75,False
TRHLMJJ128F42980AF,63,34,False
TRHLMLE12903CAF7AA,117,36,False
TRHLNKY12903CEB0DA,1516,1129,True
TRHLPWS128F423A78C,142,76,False
TRHLQEL128F930EE1D,34,20,False
TRHLRAS128F4262CD4,725,312,False
TRHLRMN12903CD02EC,1270,303,True
TRHLRSO128E0793399,821,228,False
TRHLSIP128F932D168,261,81,False
TRHLTBF128F1488365,18,7,False
TRHLTVJ128F4260F9C,10,9,False
TRHLTZE128F92E16C7,3209,1458,True
TRHLUFB128F92E1061,409,151,False
TRHLUNQ128F92ED3C4,54,29,False
TRHLXRH128F42597A3,120,81,False
TRHLYRQ128F4293579,115,60,False
TRHLZVP12903CE852B,251,54,False
TRHMAHX128F426F5CF,186,100,False
TRHMAIB128F42769F9,3,3,False
TRHMAPT12903CE7E01,277,162,False
TRHMBFC128F421C5AE,20,14,False
TRHMBNB12903CDB5B3,306,103,False
TRHMBUU128F9322C19,1,1,False
TRHMCBK12903CF04B1,273,145,False
TRHMCUO128F42752BB,325,83,False
TRHMDAU128F429B041,211,75,False
TRHMFWC12903CDF098,31,15,False
TRHMGKD12903CFA1D0,51,32,False
TRHMHXA128E0791C62,86,42,False
TRHMITN128F426C12D,234,65,False
TRHMJKQ128F92DE2D3,1217,413,True
TRHMJQQ128E0791D4B,111,60,False
TRHMKCU128F9321BA7,23,18,False
TRHMKIT128F425E8C6,160,90,False
TRHMKJM128F930C581,191,61,False
TRHMLLD128F4232438,5,2,False
TRHMMAG128F931ACF4,1,1,False
TRHMMAI128F92F6AD7,605,220,False
TRHMNGD128F9327014,49,14,False
TRHMNSA12903C9F426,12,10,False
TRHMORE12903CE42A2,241,116,False
TRHMQFN128F934AB18,367,113,False
TRHMSLR128F4293F76,1288,673,True
TRHMSVI128F4290037,893,424,True
TRHMTMJ128EF3437B6,1994,1072,True
TRHMUMU128F933C157,209,105,False
TRHMVEW128F424D93B,6,5,False
TRHMVOL128F425B6F4,2,2,False
TRHMVOQ128F1472E6D,6468,2059,True
TRHMVRA128F428B45D,6,4,False
TRHMVSY128F9309C0D,251,65,False
TRHMWSH12903D03B21,5261,1761,True
TRHMWVI128F4291A87,203,104,False
TRHMXCE128E0784137,4430,2380,True
TRHMXWQ128F147A32F,776,309,False
TRHMZLY128F92F0F1D,2142,627,True
TRHMZNJ128F92FFDE1,18,11,False
TRHNAVE128F14A3B95,55,27,False
TRHNAWF128F423EAE4,813,463,False
TRHNBHR128F9350E67,57178,7406,True
TRHNCAB128F933C40A,9,1,False
TRHNDBW128F931A63A,270,141,False
TRHNDQJ128F92F7FF5,3,3,False
TRHNEOP12903CE7BEF,1780,865,True
TRHNGFN128F92F901F,39,29,False
TRHNGJL128F9310B69,1056,652,True
TRHNGNZ128F92E54E8,2260,773,True
TRHNHAU128F92DC38A,23,8,False
TRHNIIF128F42884A7,2,1,False
TRHNIKQ12903CFF03A,41,25,False
TRHNJOK12903CDDC70,36,3,False
TRHNJTW128E0784786,1552,781,True
TRHNJWK128F42436F7,961,315,True
TRHNKMR128F933B443,36,12,False
TRHNNQZ12903CE7FBF,72,37,False
TRHNOUV12903CDDF44,24,11,False
TRHNPUA128F4298120,3034,1253,True
TRHNREW128F932DB9E,313,169,False
TRHNSSL128F148DDD8,576,211,False
TRHNUTF128F9338982,1747,897,True
TRHNVHH128F92E27C0,158,40,False
TRHNVJH128F4294C8D,1,1,False
TRHNVOG128F1487163,151,38,False
TRHNVPN128E0795E9D,451,203,False
TRHNWAG12903CDD133,14,11,False
TRHNWGC12903CFD7B0,185,77,False
TRHNWVT12903CE4675,229,116,False
TRHNYFZ12903CD22E2,665,214,False
TRHNYXE128F4297751,900,282,True
TRHNZFC128F4293367,44,25,False
TRHOANO128F93269FD,6817,2853,True
TRHOCUC128F42B923F,8160,2496,True
TRHODCF128E0789036,4438,2016,True
TRHODUR12903CE32E1,23,14,False
TRHODYP128F932A494,130,46,False
TRHOEDB128F427A82E,7002,3816,True
TRHOEPA128F4259F3F,1243,622,True
TRHOFGZ12903CFF031,422,138,False
TRHOFUM128F148E388,1632,567,True
TRHOFYV128F14698EF,78,66,False
TRHOGDN128E0781BA8,500,135,False
TRHOGPI128F428B073,23,7,False
TRHOGVK128F931E7DA,265,156,False
TRHOILC128F4268466,69,56,False
TRHOINK128E078FEA3,158,69,False
TRHOIRL128F421BBF6,66,28,False
TRHOJNV128F9310CF1,289,127,False
TRHOLAN128F427B426,1,1,False
TRHOLJC128E078F97A,925,480,True
TRHOLRD128F9333794,936,466,True
TRHOMAF128F42607D4,203,68,False
TRHOMEZ12903CF4224,49,14,False
TRHOMSS128F42985C9,496,263,False
TRHOONO128E0786019,94,29,False
TRHOOSZ128E079903A,19,16,False
TRHOPNE128F9326430,6,2,False
TRHOPQT128F93098FD,302,161,False
TRHOQVZ128F9305E5B,1155,409,True
TRHORAH128F93317EA,43,19,False
TRHORCA128F92D74C5,27,20,False
TRHORML128F92FF9F0,82,34,False
TRHOSHC128E0799000,819,309,False
TRHOTRA128F425375E,489,236,False
TRHOWCV128F425A77D,126,75,False
TRHOWDW128F42843CF,630,278,False
TRHOWGC128F429102D,30,15,False
TRHOXJK128F14A13F2,1402,530,True
TRHOYKK128F1469FF6,299,61,False
TRHOZIL128F42841C1,921,336,True
TRHOZIQ128EF33F892,120,45,False
TRHPAGK128F148EF4B,1292,833,True
TRHPCHJ128F148F9A9,678,221,False
TRHPDCQ128F9324AE4,93,56,False
TRHPGVC12903CE43E4,558,354,False
TRHPHOF128F9306A2E,898,322,True
TRHPHZB128F4270F8A,438,250,False
TRHPIFV128F4269E2E,3,3,False
TRHPILV128F92F8C48,14,12,False
TRHPKOQ128F931D768,1914,725,True
TRHPKUA128F934D27E,56,29,False
TRHPKWO128F92E01D5,9041,2598,True
TRHPLMN128EF350E5A,389,114,False
TRHPLPN128F930F4F4,23,12,False
TRHPNPA128F424D93A,266,47,False
TRHPNSF12903CE6C2A,752,287,False
TRHPPNF128F42ACFA9,647,170,False
TRHPPUC128F426A5F7,36,18,False
TRHPRPL128F1459C38,1382,662,True
TRHPUAX128EF343B20,163,58,False
TRHPVBE128F92ED635,159,63,False
TRHPVPF12903CD5CB1,39,18,False
TRHPZIT128F148B263,7122,2403,True
TRHPZKY128F425295B,65,33,False
TRHPZRK128F429B080,41,28,False
TRHQAEQ128F933B444,5,5,False
TRHQBOW128F422D9F1,5,3,False
TRHQCSH128F42724B7,37,13,False
TRHQDGF128F935A65C,566,314,False
TRHQDHD128F92ECEA3,267,90,False
TRHQFVA12903D05E4C,82,42,False
TRHQGYH128F42988CC,1354,716,True
TRHQHQN12903CD72F6,26,17,False
TRHQISZ128F148CF1E,283,130,False
TRHQJDK128F4259F9D,79,42,False
TRHQKSF128F429E386,28,18,False
TRHQLSW128F930AAAF,95,42,False
TRHQMKP128F14534EC,1230,436,True
TRHQNAU12903CCC358,87,50,False
TRHQNDV12903CDE5E2,1167,432,True
TRHQNPP12903D09D0D,2340,768,True
TRHQPDK128F422D514,263,56,False
TRHQPHP128F4260FFC,138,57,False
TRHQPIL12903D0A3A7,438,175,False
TRHQPKX128F932C989,20,17,False
TRHQRIW128F4226076,4,2,False
TRHQSGW128F92F820F,114,43,False
TRHQSVN128F4282B5F,45,15,False
TRHQTIG128F933A312,381,236,False
TRHQTZZ128F14933E9,425,142,False
TRHQUQC128F428198B,30,18,False
TRHQXHW128F425B767,801,271,False
TRHQYSW128F148503D,5,4,False
TRHQYYY128F423F003,118,49,False
TRHQZNW12903CD6E00,5,1,False
TRHQZVX128F9329D9E,482,196,False
TRHRASO12903CD7397,194,114,False
TRHRCNB128F1461B8F,36,23,False
TRHRDVP128F421BAB6,195,81,False
TRHRDZK128F9319E2C,373,133,False
TRHREFO12903CB7322,58,33,False
TRHREOY128F427CA2F,1411,383,True
TRHRESZ128F92FDB41,2423,579,True
TRHREYW128F42B831E,934,385,True
TRHRFIN128F425DEF1,3012,1681,True
TRHRFPF128F14637C6,44,18,False
TRHRFRI128F14A94EC,572,345,False
TRHRGLA128F428B9BA,86,32,False
TRHRJFI128F42A9F69,531,210,False
TRHRJUK128F4246940,69,54,False
TRHRKDS128F42BC5B4,773,422,False
TRHRKHR128F932EB50,57,23,False
TRHRLJH128F428AE3A,12,11,False
TRHRNEE12903CFDBD4,1749,1341,True
TRHRNUB128F93562B9,306,134,False
TRHROKZ128F92CEE40,551,259,False
TRHROSV128F4234ADD,2,2,False
TRHROZP128F9327253,432,202,False
TRHRPBY128F42752A8,217,122,False
TRHRQFA12903CE4670,161,78,False
TRHRRHZ128F9328E49,1866,842,True
TRHRRRI128F92D25F9,4334,2335,True
TRHRRUG12903D05E51,110,50,False
TRHRSGH128F933DFE6,392,102,False
TRHRSLG12903CB0D2A,21,15,False
TRHRTHI128F935AEEA,6,2,False
TRHRVKR12903CE1377,1511,436,True
TRHRVMB12903CD7020,18,12,False
TRHRVOH12903CF4489,43,25,False
TRHRVPC128F4291660,47,24,False
TRHRWOM128F1466747,255,127,False
TRHRXAK12903CFA6A1,1658,498,True
TRHRXGJ128F4256F2B,60,23,False
TRHSAAT128F92EE14D,152,70,False
TRHSAGQ128F92F81C5,604,231,False
TRHSANI128F93437BB,1309,478,True
TRHSBBW128F425DA99,115,75,False
TRHSBTY128F933607F,791,255,False
TRHSCDE128F14654B7,12,3,False
TRHSCPM128EF349E5D,914,333,True
TRHSDQV128F423401F,13,7,False
TRHSDSO128F427AF8D,638,454,False
TRHSELT128F428BE80,21,6,False
TRHSEYS128F42AA44A,144,62,False
TRHSFBR128F424663F,390,157,False
TRHSGXW12903CE895F,18376,8109,True
TRHSHZI12903CBC2DF,4324,1913,True
TRHSIAG128EF34374C,159,74,False
TRHSKOI128F935AEF1,350,72,False
TRHSKZP128F9355716,84,42,False
TRHSLBE128F421FF48,217,65,False
TRHSLQZ128F9339E8F,20654,4795,True
TRHSLXW128E078EC7C,67,24,False
TRHSMEB128EF34334F,399,137,False
TRHSMHT128F145A1D0,101,17,False
TRHSMMT12903CDA213,4026,672,True
TRHSMXC12903CCD313,10914,4510,True
TRHSPAG128F148B0F2,996,385,True
TRHSPHS128F92F673D,583,286,False
TRHSQBA128F148D656,2366,817,True
TRHSQNN128F426EAC9,8,7,False
TRHSRZV128F4213C6F,29,27,False
TRHSTEP128F1497D37,5,4,False
TRHSTIO128EF340D4B,2474,694,True
TRHSTVX128F147680C,424,205,False
TRHSUPO128F934B4CB,603,292,False
TRHSVEP12903CCF7F2,154,90,False
TRHSVNJ128E0780D7B,5779,2209,True
TRHSWJS128F92CE5D8,12,8,False
TRHSXCI128F9310CF6,416,116,False
TRHSXSU128F147C1DD,1961,892,True
TRHSZPH128F4284645,76,38,False
TRHTAUI128F92F91AF,338,133,False
TRHTAXK12903CC5397,20,17,False
TRHTBGA12903D052B2,460,252,False
TRHTBOW128F932926E,10,9,False
TRHTCAP128F4238224,267,112,False
TRHTFPZ128F9327249,2380,747,True
TRHTFUR128E07822A9,305,141,False
TRHTFWM128F426A016,567,269,False
TRHTGXX128F428CADF,145,90,False
TRHTHIL128F931510B,22,9,False
TRHTHUD128E078F9D9,442,122,False
TRHTHYQ128F4233FE1,1091,475,True
TRHTIMM128F422B2A2,5,3,False
TRHTJRN12903CCEE0C,1,1,False
TRHTLBU128F429327B,335,117,False
TRHTMFF128F931A394,16,10,False
TRHTMMD128F42887FD,324,201,False
TRHTNSZ12903CD8C0A,39,20,False
TRHTOYT128F429FEF4,1122,386,True
TRHTQCA128F9329263,6,4,False
TRHTQDK128F4294A1C,259,126,False
TRHTQGT128F92DFC7A,282,175,False
TRHTQHU128F429511B,89,27,False
TRHTRMA128F9305C88,2435,845,True
TRHTRWZ128F4256AC1,142,67,False
TRHTRZA128F934B95F,26,15,False
TRHTSDD128F92E7CEE,388,187,False
TRHTTQE128F9305C89,5266,1461,True
TRHTTUW128F92F98F6,222,81,False
TRHTUSF128F4241B6B,962,304,True
TRHTVSV128E0785DD6,274,183,False
TRHTWJF12903CD20EB,328,161,False
TRHTXLS12903CDBF21,469,185,False
TRHTXLT12903CFA055,1065,411,True
TRHTXWZ12903CADD2C,801,307,False
TRHTYWL128F429EFD8,517,371,False
TRHTZBY12903CAF5B9,1459,723,True
TRHUABQ12903C99C8F,9299,3042,True
TRHUADX128EF343595,762,281,False
TRHUAVP128F930B209,10,7,False
TRHUBPO12903CF1338,38,18,False
TRHUDMW128F42722BC,1375,612,True
TRHUECD128F42775DD,2453,1002,True
TRHUEEC12903CA2CE5,418,81,False
TRHUFIO12903CBE065,5,3,False
TRHUGDV128F148CAAB,17,13,False
TRHUGRR128F4280F49,9,9,False
TRHUHEI128F4288BD4,293,123,False
TRHUHGH128F421C4E6,51,19,False
TRHUHKM128F92C2B0A,233,71,False
TRHUICH12903CFF5B6,176,39,False
TRHUINL128F930A97A,37,16,False
TRHULWB12903CDE24A,43,16,False
TRHUNGN128F931A2F9,461,268,False
TRHUNZT128C719654E,5191,3334,True
TRHUOBP128F148B23D,80,53,False
TRHUOXP128F92FD8BC,801,534,False
TRHUPBC128F93357D8,231,95,False
TRHUPBK128F92EC254,510,220,False
TRHUPES128F92E0599,713,317,False
TRHUPNW128F427CFD6,129,57,False
TRHUQEO128F934679E,11,8,False
TRHUQIO128F42767B5,145,42,False
TRHUQPP128F426EC17,231,109,False
TRHUREZ12903CB06B1,25,17,False
TRHURWW128F42BBADD,13,9,False
TRHUSEC128F14ADCA5,391,146,False
TRHUSLA12903CA449E,492,220,False
TRHUSWV128F424F08F,2494,1037,True
TRHUSYI128F4294C88,48,14,False
TRHUUQR128F93079B0,1358,603,True
TRHUVAN128F42996FB,1084,400,True
TRHUVCY128F42561CD,32,23,False
TRHUVMV128F92CB779,40,11,False
TRHUVQV128F425BCE1,379,258,False
TRHUVYY128F4267AEB,93,10,False
TRHUWFP128E078EF16,169,64,False
TRHUXQY12903CDCED7,21,14,False
TRHVAEH128F4254285,151,60,False
TRHVAQM128F14858C8,480,151,False
TRHVAVY128F934B24F,106,40,False
TRHVBJO128F93111B6,290,123,False
TRHVDTF128F428D64C,1029,529,True
TRHVEJE128F92D818B,256,76,False
TRHVENP128F932F000,999,346,True
TRHVGEE128F422BC42,2317,1514,True
TRHVGIW12903CB16FC,151,46,False
TRHVGNK128F9303D4F,13,12,False
TRHVHDK128F426242B,1092,411,True
TRHVHOB12903D075E4,1312,483,True
TRHVIGQ128F423ECDD,533,218,False
TRHVJGF128F9305DFB,73,20,False
TRHVKLK128F428B7BA,1,1,False
TRHVKLZ128F92E2895,1862,701,True
TRHVLPH128F92EBA01,18,13,False
TRHVLPX128F1483C48,327,234,False
TRHVLUZ128F42484AF,86,34,False
TRHVNDG128E0781924,1274,716,True
TRHVPLG128F92CC576,63,41,False
TRHVPTH128F42670CF,40,22,False
TRHVPXX12903CA275C,622,294,False
TRHVQMI128F9335630,446,210,False
TRHVRGS128F4283985,26,9,False
TRHVRMW128F1476808,67,31,False
TRHVRWI128E0795F8E,136,56,False
TRHVRWL128F42396D6,4460,2944,True
TRHVTGP12903D01B3F,74,43,False
TRHVTRU128F935365F,950,465,True
TRHVTSY128F424A4EC,23,11,False
TRHVUBB128F1454186,89,44,False
TRHVUCJ128F934B68C,1227,322,True
TRHVUEG128F932BC91,56,23,False
TRHVUFE128F427EB63,5,2,False
TRHVVRG128F92FFACC,73,26,False
TRHVWJH128F4278071,159,88,False
TRHWAAM128E0781102,241,185,False
TRHWAJN128F425C742,181,158,False
TRHWDCX128F42AC2F5,307,208,False
TRHWDFL128F14AE77E,303,159,False
TRHWDFZ12903CB473E,100,39,False
TRHWDXK128F429EFDF,473,279,False
TRHWFED128F9307C70,1143,576,True
TRHWGBN128F427D3A4,400,141,False
TRHWGEP128F932A45A,262,144,False
TRHWGUU128F14587B8,208,89,False
TRHWHCI128F92EB73F,114,65,False
TRHWHXV128F92E8D8B,71,18,False
TRHWIWU128F9309E4C,1347,286,True
TRHWLXL128F423EEAA,1890,914,True
TRHWNJC128F42B1B43,15,11,False
TRHWOQZ12903CDF0C6,75,39,False
TRHWPWL128F4226F3B,50,30,False
TRHWQBC128F4266090,199,141,False
TRHWQQY128F427B6EB,6766,2429,True
TRHWSAF128F427A49D,69,41,False
TRHWSTN128E0785F28,1074,738,True
TRHWTAB128E0786B96,1632,741,True
TRHWTJF128F9339B9E,1605,679,True
TRHWTKG128F147B90D,6,5,False
TRHWTVI128F931B063,20,10,False
TRHWTVK128E078E824,2621,906,True
TRHWUAK128F427FD0F,401,190,False
TRHWUCM128F4238395,1146,434,True
TRHWVYI128F427B0BC,1704,414,True
TRHWXCO128F4234878,701,313,False
TRHWXLO128F92F0205,6,4,False
TRHWYBY128F92F5F8B,98,18,False
TRHWZYC128E0796038,3143,1103,True
TRHXBUA128F42A1F05,30,25,False
TRHXCOV12903CF2595,819,427,False
TRHXDNL128F92FFEA4,4,2,False
TRHXDPZ128F9308694,1760,1131,True
TRHXDSJ128F42293B2,79,53,False
TRHXDYM128F92F22B4,8,3,False
TRHXELM128E07820C9,746,299,False
TRHXEUY128E079755B,1723,762,True
TRHXEXZ128F425BD8C,7,6,False
TRHXEYW128F429596F,1283,581,True
TRHXFHF128F9302E05,19,15,False
TRHXFKW128F1485B14,428,287,False
TRHXGUG128F42963A6,114,60,False
TRHXGWP128E078A24F,168,76,False
TRHXGWZ128F423DB4D,1,1,False
TRHXIPG128F42679F6,227,153,False
TRHXJCK12903CF11D4,134,42,False
TRHXJWW128F931A553,2548,1281,True
TRHXKWC128E0782222,232,139,False
TRHXMET128F423EA68,1097,566,True
TRHXMQR128F42ACE88,768,366,False
TRHXMSQ128F428AE30,12,11,False
TRHXNNU12903CFF0ED,101,29,False
TRHXQQG128F92F81BB,156,58,False
TRHXTAC128F934C509,21,12,False
TRHXTGC128F428B6D7,350,211,False
TRHXUSZ128F421C4F9,151,109,False
TRHXWAX128F92D2236,10,4,False
TRHXWHH128EF3630B2,17,8,False
TRHXWOD128F9343197,46,20,False
TRHXWPI128F1488037,4622,1077,True
TRHXZEY128F934B978,11,8,False
TRHXZZB128F148CAD2,83,47,False
TRHYDIT128F429EA2E,2260,1506,True
TRHYDRB128F427FDA6,1182,563,True
TRHYEBK128F42981E0,314,137,False
TRHYENE128F428932A,8,5,False
TRHYETT12903CF3FC7,24,12,False
TRHYFBD12903D063CD,14,6,False
TRHYHHO128F428CFD8,6,3,False
TRHYIAH128F14825EC,1874,503,True
TRHYIBL12903C9E974,625,326,False
TRHYIUH128EF3466A4,218,103,False
TRHYJPK12903CD023B,202,62,False
TRHYKZN128E07937A7,666,343,False
TRHYMDT128F4219FDC,200,82,False
TRHYMHV128F4262E41,474,139,False
TRHYNCC128F42866F5,163,41,False
TRHYNDC128F429405A,139,83,False
TRHYRNZ12903CDA204,117,58,False
TRHYTRL128F145C299,8,7,False
TRHYUAI128F149542B,1065,385,True
TRHYVOC128F4271FB4,38,15,False
TRHYVWS128F930CB28,102,50,False
TRHYWGC128F426A369,1376,714,True
TRHYYXK12903CF250F,17,13,False
TRHYZBD12903D06710,205,66,False
TRHYZNH128F4260F35,111,46,False
TRHYZSX128F42807F1,38,15,False
TRHZABL128F92F9177,30,19,False
TRHZBOF128F148D1D9,180,133,False
TRHZBRI128F4262590,97,23,False
TRHZCUT128F429BEDC,120,74,False
TRHZDKA128F933DFBC,75,29,False
TRHZERT128F933978C,11,7,False
TRHZFKZ128F1470182,746,509,False
TRHZGHH12903CDCFEE,24,16,False
TRHZGUV12903CE44BD,54,33,False
TRHZGVY128F14A5979,96,64,False
TRHZHIU128E0788BC2,3,3,False
TRHZHOW128F4230F35,742,471,False
TRHZHUJ128F92D302D,25,10,False
TRHZIUL12903CF3E92,35,11,False
TRHZKAT128F4251E8F,5,1,False
TRHZKVS128F9330E2D,60,23,False
TRHZMIF128F933926A,273,106,False
TRHZMPR128F42A52CB,4986,2450,True
TRHZNWO128F4276932,13,8,False
TRHZOXJ12903CA71C6,346,113,False
TRHZPJG12903CBFB2B,47,17,False
TRHZPRU12903CA1EFA,2,2,False
TRHZPUX128F42BC0F0,222,89,False
TRHZQIW128F4217CB6,1175,233,True
TRHZQYK128F427CA64,994,494,True
TRHZRCL128F4292688,30,11,False
TRHZSRQ128F429EB40,3059,1915,True
TRHZVDJ128F4274EE7,600,188,False
TRHZWBQ12903CADD30,427,208,False
TRHZXHI128F930A21A,2264,912,True
TRHZZLQ12903D09EE5,38,17,False
TRIAAQJ128EF36759D,1392,773,True
TRIABNA128F92E3DE8,214,142,False
TRIACWJ12903C94C8E,22,5,False
TRIADNB12903CB684B,14,12,False
TRIADTK128F4291A82,692,409,False
TRIAFYE128E0781F11,29,14,False
TRIAGDA128F4296176,7921,4148,True
TRIAGNU128F4259CB5,342,91,False
TRIAGTI128F4262197,245,101,False
TRIAHBB128F930136B,498,100,False
TRIAHLM128F4282974,92,33,False
TRIAILA128F9310B4F,623,370,False
TRIAJMB128F9312D8F,31,19,False
TRIAKMH128F930AAAA,246,111,False
TRIAKPA128F423AEC6,92,73,False
TRIAKTQ128F92EFA40,168,61,False
TRIALHC128F42B9228,7835,2384,True
TRIALTP128F428F426,571,437,False
TRIAMHV128F423334E,153,71,False
TRIAOCN128EF34C442,504,244,False
TRIAOKO12903CECD37,9,6,False
TRIAPEX12903CC4551,1633,529,True
TRIASDL12903CE3BED,145,49,False
TRIASOE128F4251E91,20,10,False
TRIATLC128F93169F6,462,250,False
TRIAVOG128F1491810,304,147,False
TRIAVSF128F93068CE,9,5,False
TRIAWFM128F930111B,49,33,False
TRIAXAU128F92CCF2F,495,218,False
TRIAXHM128F424955A,155,70,False
TRIAYBE128F4248471,449,227,False
TRIAYBJ128E0799A5B,3344,1528,True
TRIAYSY128F428B9B3,381,171,False
TRIAZPF128F1465CE9,5,5,False
TRIAZQY128F934D58D,587,287,False
TRIAZZU12903D06380,82,20,False
TRIBAGN12903CEB15F,169,89,False
TRIBAHG128F4233CC1,1183,345,True
TRIBAQA128E078113E,470,318,False
TRIBAWY12903CB54A1,382,148,False
TRIBBXT128F428F61A,276,154,False
TRIBCIN128F422BFD7,137,34,False
TRIBCTC128F930AAAC,102,41,False
TRIBCXK128F4291A7C,40,24,False
TRIBDBN128F14ADE4F,91,44,False
TRIBESG128F426702B,87,51,False
TRIBEVO128F92CC988,634,317,False
TRIBFYU12903CEABC2,5,4,False
TRIBGOF128F42AC2FB,679,315,False
TRIBGQI128E0798B40,46,22,False
TRIBICL128F92D1652,43,15,False
TRIBIHV128F9343D13,10,8,False
TRIBIJY128F4267659,4,2,False
TRIBKBI128F4264E94,34,23,False
TRIBLFZ12903D051CA,2156,859,True
TRIBLPC12903CFA45B,811,328,False
TRIBNDD128F423AF47,504,195,False
TRIBNWD128F933A96B,26,15,False
TRIBOAL128F4246AA1,608,106,False
TRIBOHY128F425BA52,649,236,False
TRIBPBA128F421989F,4,3,False
TRIBSFL128F1473597,46,19,False
TRIBTDD12903C98AEB,2,2,False
TRIBUKY128EF35F68E,5,3,False
TRIBYVU128F931C251,128,109,False
TRIBZVH128F934B68D,853,342,True
TRICALF128F9310064,3784,1830,True
TRICATV128F42261B7,135,65,False
TRICDNF12903CE7AA4,9,6,False
TRICGAH12903CACDDA,615,272,False
TRICGGQ12903CA7C7D,42,27,False
TRICHZH12903CAC9F6,1,1,False
TRICJDK12903CBB788,798,179,False
TRICJVX12903D05E53,3,2,False
TRICKUE12903CFE781,595,130,False
TRICLGL128F428267B,1053,504,True
TRICNQM128E0792A2C,1339,593,True
TRICOBK128E0791E5E,552,301,False
TRICOHA128EF362417,230,75,False
TRICORP128F149BC41,317,154,False
TRICPNJ128F9308952,42,22,False
TRICPZY128F42A01AB,422,202,False
TRICQHM128E078B37F,24,10,False
TRICRXF128F93069C9,161,85,False
TRICSCQ128F14721C2,4,4,False
TRICTJW12903CA2CF1,220,65,False
TRICUMF128F93364E2,14,10,False
TRICUSY128F427FE83,215,94,False
TRICVDP128F92F3027,1,1,False
TRICWSA12903CE2661,198,81,False
TRICZRU128F93173B8,54,29,False
TRIDBTN128EF3449A6,45,29,False
TRIDCMG128F42427E8,94,52,False
TRIDCVG128F427925C,836,317,False
TRIDCZE12903CAC5E0,467,222,False
TRIDDET128F934D580,587,315,False
TRIDGBT128F426A497,207,104,False
TRIDHEF128F423EEE2,2,1,False
TRIDIMI128F424BF5E,652,253,False
TRIDKEA12903CC81E9,42,18,False
TRIDLMR12903CE6892,25,17,False
TRIDLTZ128F9356BB6,109,44,False
TRIDNJV128F92E522C,28,13,False
TRIDNKV128F429165E,3,3,False
TRIDPGI12903CF448B,109,40,False
TRIDPWO128F423DBC6,7319,3715,True
TRIDQJA12903CE29CC,34466,13693,True
TRIDQQG12903CEC2B6,2,2,False
TRIDQXR128F42663FE,233,138,False
TRIDRDP128F92F0AD0,2055,1044,True
TRIDRIY128F933E286,94,60,False
TRIDRWP128F9330FC9,885,349,True
TRIDUAX12903CBFA20,900,403,True
TRIDUFB128F9331638,56,33,False
TRIDUYU128F92D06F0,113,39,False
TRIDVHX128F429870F,269,154,False
TRIDWQG128F930BE3F,72,39,False
TRIDWQN128F427AAAF,2160,679,True
TRIDWTK128F92D28AC,1497,516,True
TRIDXNH128F428A229,60,20,False
TRIDZCQ128F429E182,162,69,False
TRIDZRR128F42B8327,161,77,False
TRIEABL128F934B288,206,86,False
TRIEAVQ128F933AB82,40,13,False
TRIEBDK12903CB4745,729,303,False
TRIEBEZ128F9340B0B,3217,1648,True
TRIEBUS128F421BD4C,124,76,False
TRIEDGR128F92C428E,776,369,False
TRIEEIX128F428A0FD,5408,2012,True
TRIEGCO128F42276D4,1130,265,True
TRIEGUA128F92FF740,5,4,False
TRIEHEI128F4295858,4524,1592,True
TRIEHYA128E078F05F,161,28,False
TRIEISV128F424D548,1158,577,True
TRIEJUL128F14794BC,682,346,False
TRIENBR128F930059C,138,83,False
TRIENIP12903CA77C0,42,16,False
TRIENZD12903D004B4,84,39,False
TRIEODA128F4274EE0,806,267,False
TRIEOGM128F4267DFC,50,26,False
TRIEPGG128F42421C8,8,8,False
TRIEPHZ128F93450CD,8873,4242,True
TRIEREA128F429FEFB,817,407,False
TRIERTA128F4223196,4227,1255,True
TRIESUH128F9309753,11,8,False
TRIEUVL12903CD1976,929,292,True
TRIEVMV128F93051B5,555,328,False
TRIEWNB128E078DC7A,999,521,True
TRIEWOT128F932D169,69,38,False
TRIEYZT12903CE2991,16,13,False
TRIEZSC128F92C5767,408,130,False
TRIEZXV128F9318B56,1,1,False
TRIEZZT128F4270636,667,219,False
TRIFATY128F42864A1,180,114,False
TRIFBCM128F92CD6E6,96,33,False
TRIFBHJ128E0781B02,241,195,False
TRIFBQX128F9325AB7,36,32,False
TRIFCFC128F4230F13,1030,592,True
TRIFCOI128F934C628,90,33,False
TRIFDKT128F145A5E1,994,331,True
TRIFDPW128E078E280,159,88,False
TRIFEFH128F42397E5,10,5,False
TRIFFTX128F4285815,7,3,False
TRIFHLJ128F92E5135,50,33,False
TRIFICJ128F426A83C,392,215,False
TRIFILP128F427BA00,339,121,False
TRIFJBY128F92CFEB5,225,109,False
TRIFJFI12903CFEE28,474,315,False
TRIFJFV128F9351112,134,53,False
TRIFJIU128F423A090,102,53,False
TRIFKCB128F42683D3,12,3,False
TRIFKGT128F42B2824,350,124,False
TRIFKML128F931A598,48,27,False
TRIFLWF128E078903C,3783,1746,True
TRIFOAN128F932B62A,720,326,False
TRIFOKV128F9356691,130,59,False
TRIFPKM128F146ABFD,8,7,False
TRIFPSB128F92EB725,54,24,False
TRIFPXH128F92F6285,406,179,False
TRIFQKL128F92D0C63,1,1,False
TRIFSDA128F4254E57,25,10,False
TRIFTEW128F42533EC,48,12,False
TRIFTWX128F930C7F2,841,216,True
TRIFVHH128F4219F88,1329,471,True
TRIFVUB12903CD9956,102,24,False
TRIFVWO12903CA834B,887,357,True
TRIFWAT128F92C5A86,2512,1001,True
TRIFWOJ128F934A8B2,234,108,False
TRIFXDJ12903CD3F66,6,6,False
TRIFXFP128F427EDB8,313,216,False
TRIFXUO128F428CDC3,40,35,False
TRIFZUE128E07946A9,52,13,False
TRIGAXW128F423EE89,1624,851,True
TRIGBDS128F423D1DD,3,2,False
TRIGBZP128F42AC2EE,3,3,False
TRIGCOP128F1453922,28,10,False
TRIGCVZ128F92DC207,81,26,False
TRIGDLF128F93419D3,4567,959,True
TRIGESG128F9350C10,1656,579,True
TRIGGWJ128F92D46B0,891,343,True
TRIGHHK128F42AC72E,750,255,False
TRIGHUY12903CC23E4,27,12,False
TRIGKQV128F42481D1,492,195,False
TRIGLGZ128F9322C1A,71,16,False
TRIGLLQ128F1476F91,953,587,True
TRIGMNW128F429B602,970,297,True
TRIGNNH12903D01988,219,60,False
TRIGNWV128F424D0FE,30,22,False
TRIGPCW128F428191B,1967,761,True
TRIGPYZ12903CB9FF1,725,325,False
TRIGRBJ128F1490099,1034,424,True
TRIGSBR128F4266BA7,101,44,False
TRIGSDM128E0791E11,446,245,False
TRIGSGL12903CFB33E,3,3,False
TRIGTIQ128F14979A3,4267,2336,True
TRIGTTV128E0784BC8,116,46,False
TRIGUDA128F14A2399,90,43,False
TRIGVAJ128F932A490,2612,1597,True
TRIGVNX128F4259DB8,8,2,False
TRIGVWZ128F9314693,292,157,False
TRIGWGT128E079260E,332,187,False
TRIGYTB128F42660DC,2,2,False
TRIGYZP128F9342E6A,10077,2373,True
TRIHAHU128F92FEB01,140,45,False
TRIHBBJ128F930CAEB,56,24,False
TRIHBYC128F147A58E,1290,410,True
TRIHCKH128F931FA72,21,9,False
TRIHDIU128E0789446,234,83,False
TRIHEDR128E0789C8F,29,15,False
TRIHFEJ128F427927E,296,170,False
TRIHHPA12903C95942,611,340,False
TRIHHSV128F4281502,64,27,False
TRIHIAJ128F932B3EA,69,38,False
TRIHKDT128F92C48B5,1134,340,True
TRIHKZE128F427D33B,78,39,False
TRIHLCP128F92FD674,31,8,False
TRIHLRK128F9358782,12,8,False
TRIHNSZ12903C9FF9D,6037,2907,True
TRIHNZT128F934C63C,51,23,False
TRIHPAD128F931109D,847,397,True
TRIHPAT128F9304161,1842,722,True
TRIHPDV128F932B5DC,8010,2714,True
TRIHPOR128F9320A3D,967,496,True
TRIHPYB128EF342E4F,1338,272,True
TRIHQIL128F427D553,2872,855,True
TRIHQQH128F932D5D2,1080,474,True
TRIHRWQ128F932F65C,183,49,False
TRIHURJ128E078EE46,443,229,False
TRIHWMQ128F145F674,101,69,False
TRIHWQR128EF349B43,16,13,False
TRIHWTV12903CBFD8E,67,33,False
TRIHXFI128F425DD5A,652,300,False
TRIHYRC128F9338FF7,5268,2647,True
TRIHZQK128F9353CB0,75,35,False
TRIIALE128F92CD1BE,2935,1609,True
TRIIARI128E078D476,8,5,False
TRIIAYL128F4260FA3,14,3,False
TRIIBHK128F425B171,206,106,False
TRIIBQV12903CC644A,76,32,False
TRIIEIX128E078BE03,2309,855,True
TRIIHDP128E07828DB,1743,631,True
TRIIHPY128F933EB1D,62,37,False
TRIIIPU128F93365EA,139,49,False
TRIIJJM128F92F0136,1172,521,True
TRIILGN12903CFF8FB,1992,703,True
TRIINHY12903CF0EB1,8,7,False
TRIIPXR12903CDBF1A,2617,1254,True
TRIITXF128F147EFD5,5220,1739,True
TRIIUXG128F92EBCBF,77,40,False
TRIIWPZ128F426C2A5,112,38,False
TRIIXMU12903CAF643,472,173,False
TRIIXNL128F425EAA1,5380,1290,True
TRIIYLF128F4257C0A,54,30,False
TRIIYQM128F92EF316,40,14,False
TRIIZSU128F9309ABA,560,154,False
TRIJBZE128F931AE34,128,58,False
TRIJCMI12903D09FF0,17,11,False
TRIJEJS128F427B264,29,27,False
TRIJFCY128F9300592,627,260,False
TRIJFSR12903CA4D3A,17,9,False
TRIJHIZ128F4222674,2,1,False
TRIJHSO128F92CA86E,510,247,False
TRIJIAU128E0789D41,2364,1061,True
TRIJLMA128F14633B2,10,9,False
TRIJLQJ128E078F6F1,2376,905,True
TRIJMWP128F934CFF4,98,40,False
TRIJOSQ128F425B71C,411,172,False
TRIJPWU128F149C0C0,81,53,False
TRIJQIB128F148AE3D,1214,490,True
TRIJQPN128F427F06A,17,7,False
TRIJRNE128F42A6EFE,22,9,False
TRIJTCT128F92F822C,23,6,False
TRIJVOC12903CB07E1,12,7,False
TRIJWJB128F14819AD,38,20,False
TRIJXSC128F14768F0,936,391,True
TRIKAPZ128F92F4963,151,43,False
TRIKBLR12903D08156,1640,671,True
TRIKBXY128F425B263,125,59,False
TRIKCGX128F427BBD2,375,219,False
TRIKFBC12903CBBD74,316,163,False
TRIKFBG128F429EFCC,1128,501,True
TRIKGVW128F92EF9C6,2168,862,True
TRIKHYF128F4266DF4,77,37,False
TRIKJSE12903CCC9E5,1383,741,True
TRIKLAO128F4260582,165,39,False
TRIKMEI128F9301368,107,53,False
TRIKMUE128F4265EF1,2,2,False
TRIKNIZ128E0791FC0,97,40,False
TRIKOPI128F4238DC6,9,6,False
TRIKPJE128F92FAC7C,67,43,False
TRIKQSU128F932EA7D,118,52,False
TRIKQTD12903C9CBEB,255,198,False
TRIKRBE128F92FC705,38,17,False
TRIKRQX12903CD147A,170,60,False
TRIKUZB128F9309C0A,254,95,False
TRIKVNS12903CA4211,71,28,False
TRIKZRG128F427CA7C,57,25,False
TRIKZSK128F93294C6,88,23,False
TRIKZST128F4229278,11,7,False
TRIKZTC12903CF6542,14,7,False
TRIKZTG128F1493A38,2007,491,True
TRILACF12903CE87FF,245,97,False
TRILAID128F934B513,67,39,False
TRILAOZ128F9308B6A,10,8,False
TRILASO128F4286456,25,10,False
TRILBBG128F148F97C,31,21,False
TRILBNN128F92F4173,423,186,False
TRILBYH12903CBEE97,55,28,False
TRILCYK128F4264877,2,2,False
TRILCYR128F933D63E,29,10,False
TRILDLY128F42541C4,13,8,False
TRILDOU128F42753E6,2611,587,True
TRILEBD128F149855C,70,30,False
TRILFAM128F425A509,7,3,False
TRILFDR128F933CE9C,338,113,False
TRILFUE128F4262293,6,3,False
TRILFWC128E0790EA9,3,3,False
TRILFYL128F933E28C,188,115,False
TRILGAD128F425D719,461,82,False
TRILGDK128F42636DD,30,15,False
TRILGHP12903CCFFE7,23,16,False
TRILGOB12903CACED7,493,256,False
TRILGSW128F92DAE50,462,215,False
TRILHDW128F425DD35,28,12,False
TRILHKO12903CAF2E2,11,6,False
TRILHPF128F42985CD,1711,525,True
TRILHTR12903CAF31A,41,24,False
TRILHTU128EF3409AF,60,48,False
TRILIDM128F9364C90,209,35,False
TRILIFJ128F9321BB8,44,25,False
TRILIJS128F4284EE8,111,50,False
TRILIVL128F1469326,2786,788,True
TRILJDW12903CFEFCA,1,1,False
TRILJFV128F9341358,4441,1207,True
TRILJHJ128F92D68B2,734,181,False
TRILJKL128F14AA118,605,245,False
TRILJMU128F427B2DA,5,2,False
TRILJWS128F9337236,1,1,False
TRILKLB128F42623BA,304,168,False
TRILKMU128F92EB3E1,53,31,False
TRILLAM128F42305E1,129,62,False
TRILLIR128F429E5D7,984,368,True
TRILLOF128F92F9A66,3,3,False
TRILLTY12903CF3D73,16,10,False
TRILLUX128F92EF7EE,1200,250,True
TRILLWS12903D061BC,13,5,False
TRILMGV12903CE6C91,72,25,False
TRILMPN128EF33EF51,3,1,False
TRILMPQ12903C9E530,252,93,False
TRILMYI128F930512B,38,26,False
TRILNLR128F92DE2D7,792,321,False
TRILNPM128F92EBA22,1507,569,True
TRILNTT128F4294734,2036,707,True
TRILNYM12903CF8AF0,33,11,False
TRILOAU12903CD1EB8,295,73,False
TRILOHL12903CB2629,49,14,False
TRILOKB128F148C9C0,291,172,False
TRILORQ128F92F9472,2033,833,True
TRILOSY128F1487256,31,30,False
TRILOWN128F426080F,4536,1355,True
TRILPGN128E0783D69,324,126,False
TRILPHY128F42858B6,278,172,False
TRILPWR12903CDE109,1,1,False
TRILQFS128F4246627,264,131,False
TRILQIZ12903CB8338,3,3,False
TRILQON12903CB4769,26,17,False
TRILQPW128F92E2887,15391,4104,True
TRILQZC128F934AC6A,13,8,False
TRILRDG128F425CEC0,65,20,False
TRILREU128F930313E,2946,1080,True
TRILRGB128F93369B6,88,29,False
TRILRLN128F147404A,1055,329,True
TRILSAX128F92D1037,4,3,False
TRILSBG128F934B69B,67,26,False
TRILSCW128F9305471,40,27,False
TRILSFW128F1468292,184,134,False
TRILSQA128F14A2C81,67,39,False
TRILSVH128F42ABA63,42,12,False
TRILSYW128F148C670,2,2,False
TRILTLZ128E0780F63,69,35,False
TRILTQH128F93264C4,10264,4511,True
TRILTTR128F148C3AF,564,211,False
TRILUDF12903CF3FA7,3,2,False
TRILUDW128F14A663F,3667,1187,True
TRILUEJ128F9308E2F,159,84,False
TRILUGF128F425EAA0,10,2,False
TRILUJT128F427853D,554,149,False
TRILUPC128F9300BC4,177,117,False
TRILUPL128F930057A,252,129,False
TRILUXZ128F1497463,56,28,False
TRILVHS128F930AF73,344,198,False
TRILVMQ128F9352A58,5,2,False
TRILVNP128F1468E62,24,12,False
TRILVPU128F4285CAB,3,3,False
TRILWAS128F423C160,495,279,False
TRILWIC128F422F160,296,160,False
TRILWSE128F4243353,84,12,False
TRILWTF12903CE22FA,53,32,False
TRILWVI128F9325FBA,5,1,False
TRILWVK128F14775A5,8,5,False
TRILWZT12903C9D1A6,91,55,False
TRILXAA128F934AEFE,54,16,False
TRILXBL128F9301056,78,15,False
TRILXCR128F1463397,90,54,False
TRILXGC128F146FFBA,1,1,False
TRILXIX128E0789582,5,4,False
TRILXNJ128E0789060,655,443,False
TRILYAB12903CFF257,82,38,False
TRILYFA128F932BDC4,167,100,False
TRILYSQ12903CD2427,10,4,False
TRILYVY128F933F95B,36,20,False
TRILZAN128F9308295,40,26,False
TRILZEB12903CD1BCE,2,1,False
TRILZEH12903C9A030,15,7,False
TRILZHK128F932E535,4,4,False
TRILZMB128F1469CA1,122,59,False
TRILZOK128F427A54E,57,28,False
TRILZOT128F423820C,640,286,False
TRILZTF128F428928C,13,10,False
TRIMAHJ128F93440F1,80,45,False
TRIMAMK128F9361235,280,89,False
TRIMAQA128F421A0D3,1,1,False
TRIMATH128F14A0C1B,11,3,False
TRIMAVN128F9327A51,3,2,False
TRIMAZP12903CE46BE,479,138,False
TRIMBCU128F4262BF5,18,13,False
TRIMBEJ128F9327C00,35,18,False
TRIMBGR128F425C73B,310,225,False
TRIMBHS128F92E1C61,32,12,False
TRIMBLA128F92F207F,64,40,False
TRIMBOF128F92F025E,206,43,False
TRIMBOI128F42AC680,333,117,False
TRIMBRR128F1467536,760,387,False
TRIMBSF128F92FDD26,30,14,False
TRIMBSU12903D08401,1016,427,True
TRIMBWS128F92F50DB,90,48,False
TRIMCAH128F421B867,51,32,False
TRIMCDC128F428034E,102,41,False
TRIMCYW12903CF18AA,528,360,False
TRIMDJH128F930F9A4,1,1,False
TRIMDLS128F9307DBF,107,38,False
TRIMDTV128F148CF4C,842,350,True
TRIMDVL128F42371F3,28,19,False
TRIMDXW128F425F295,31,11,False
TRIMECG128F92D0147,7675,2325,True
TRIMENT128F14844D0,48,30,False
TRIMEZB128F428B747,25,9,False
TRIMFRH128F4246BA9,3,3,False
TRIMGHU128F93443E8,58,26,False
TRIMGLM128F933BD55,23,8,False
TRIMGUS128F92F7C2A,14,8,False
TRIMGYM128E07848C0,706,281,False
TRIMGZB128F422EE16,557,145,False
TRIMHHO128F4232AB3,48,13,False
TRIMHOD12903D06E94,10,7,False
TRIMHOP12903CF766C,438,158,False
TRIMIDB12903CF5C10,28,8,False
TRIMJAQ128F92EC50D,279,112,False
TRIMJHZ128F9303215,5,3,False
TRIMJUJ12903CD43E5,392,179,False
TRIMJVM128F42801F3,8826,2813,True
TRIMKLZ128F92F424C,80,22,False
TRIMKOP128F42A0601,820,214,False
TRIMKPV128F92F3FB4,3564,930,True
TRIMKZD128F42827A5,8,6,False
TRIMLWA128F423247D,14,11,False
TRIMMFD128F931C884,174,96,False
TRIMMJZ128F92FCE0A,502,257,False
TRIMMPS128F92D8234,191,100,False
TRIMNEI128F93092DF,45,16,False
TRIMNLW128F932C048,9,7,False
TRIMNQO128F42269C3,185,68,False
TRIMNWZ128F9327D40,305,132,False
TRIMNYL128F42A109F,39,16,False
TRIMORG128F42793A1,61,14,False
TRIMPFQ128F42B3024,13771,4224,True
TRIMPJG128F932DC81,2,2,False
TRIMPJK12903CDD58C,12,9,False
TRIMPKY128F92C7E92,17,13,False
TRIMPXL128F429A590,16,8,False
TRIMQOY128F14A2D53,75,33,False
TRIMQUM128F92F43F5,4,2,False
TRIMQWL128F92D1BA1,1,1,False
TRIMRBF128F92EE3C3,44,14,False
TRIMREV128F42779A6,18,9,False
TRIMRGU12903CABB6D,37,11,False
TRIMRYC128F92F6AE2,800,413,False
TRIMSDJ128F92F44D2,129,75,False
TRIMSFL128F42579A8,122,42,False
TRIMSLK128F92D0580,31,18,False
TRIMSPF128F14AD5CC,95,43,False
TRIMSTA128F92C3214,5,2,False
TRIMSYD12903D05550,15,13,False
TRIMUBJ128F92E0BEB,5,3,False
TRIMUDX128F428E7B4,180,60,False
TRIMUFK128E07919C3,147,66,False
TRIMUFP128F428E9D3,11,9,False
TRIMUPV128F1486694,67,14,False
TRIMUWM128F92E95F9,15,6,False
TRIMVKR128F933296E,31,17,False
TRIMVXU128F424A41B,337,209,False
TRIMVYL128F1453855,4,2,False
TRIMWLM128F423E650,29,15,False
TRIMWMM128F428CB63,1,1,False
TRIMXBS128F9320C24,10,5,False
TRIMXGK128E078A726,4583,2116,True
TRIMXTY128F42541E4,278,113,False
TRIMXVR128F9305AED,2265,894,True
TRIMYCU128E07896B3,3232,841,True
TRIMYJV128F427F0F6,1413,609,True
TRIMYMS128E07840C8,3614,1770,True
TRIMYQH128F9331FAA,290,153,False
TRIMYUE128F92EBF0B,5993,1933,True
TRIMYXW128F425A099,137,40,False
TRIMZDB128F92F735E,10,8,False
TRIMZLI128F92F82E3,301,105,False
TRIMZSB128F930856D,20,12,False
TRIMZYR128F92ED477,27,19,False
TRINABB128F1473492,523,288,False
TRINACG128F427BB90,41,4,False
TRINAHZ128F92F3D81,1868,985,True
TRINAIV128F425EC5B,60,37,False
TRINAQK128F42B0141,1949,628,True
TRINATQ128F93019DE,5,4,False
TRINBKO12903CB042C,28,14,False
TRINBRW128F1490EF8,441,163,False
TRINCAR128E0780BDD,59,30,False
TRINCRL128F148B0C7,352,147,False
TRINCXB128F931378F,6,3,False
TRINCYU128F426CBD5,2,1,False
TRINDBS12903CC7C4F,3,2,False
TRINDNK128E0792512,831,436,False
TRINDSJ128F9301661,26,10,False
TRINDZF128F92F6713,9,6,False
TRINEED128F424DC2E,4,4,False
TRINEPT128F9315539,89,40,False
TRINEXX128F1468CD4,2,1,False
TRINEYP128F426B8D8,75,38,False
TRINFGW128F9343BB6,53,22,False
TRINFHQ128E0783E59,22,13,False
TRINFOK128F1469031,10,5,False
TRINFUS12903CE109C,11,6,False
TRINGNO12903CBDAC9,59,19,False
TRINGRG128F427E55C,28,17,False
TRINHOG128F42626A9,3,3,False
TRINHOU128E078240B,987,576,True
TRINHYI128F93299B9,475,158,False
TRINIGR128F93327D1,8,5,False
TRINIJB128F42ACC4E,203,99,False
TRININI128F427E5A0,182,23,False
TRINIUC128EF34E61A,576,82,False
TRINJMR12903CE5C29,1,1,False
TRINJRX128F423824A,3,1,False
TRINJXN128F42494CC,3411,902,True
TRINJYE128F422176A,8,5,False
TRINKAW128F931FA5F,4,2,False
TRINKEO12903D008C6,79,39,False
TRINKJU128F14768AC,115,103,False
TRINKRV128F4264790,98,50,False
TRINKSM128F4254B26,34,13,False
TRINLAH12903CF9E35,71,46,False
TRINLSA128F1458196,38,20,False
TRINLTU128F42576B0,289,27,False
TRINMQB128F930F503,4196,1746,True
TRINMVV128F930CBF1,622,165,False
TRINMYD128F425823F,22,17,False
TRINNBY128F9302589,1014,403,True
TRINNIV128F146A32D,21,10,False
TRINNKH128F424BDD0,8294,2399,True
TRINNOM128F429AE74,44,12,False
TRINNQU128F425EAAD,43,22,False
TRINOGU12903CDCFE2,9,4,False
TRINOKE128F427CFDF,91,43,False
TRINOLB128F92E4C85,27,23,False
TRINOOF128F148B2A3,95,55,False
TRINOTV12903CF81F6,325,126,False
TRINOWE128F425A111,128,31,False
TRINPDE128F14A818B,143,20,False
TRINPTP128F9316AE8,269,187,False
TRINQAY12903CE45BC,31,12,False
TRINQLK128E07928E7,61,23,False
TRINQYT128F92E88CD,2,2,False
TRINQYY128F4246005,67,25,False
TRINRCY128F9311377,58,10,False
TRINRLD128F92D04FE,46,10,False
TRINRWL128F42A8BA2,42,8,False
TRINSCT128F421A013,1,1,False
TRINSKR12903CE6598,3,1,False
TRINSNF128F9344DF1,11,8,False
TRINSRI128F1480179,4348,1238,True
TRINTGC128F14875CC,685,368,False
TRINTGP128F9325A2E,18,9,False
TRINTHQ128F14923B7,351,120,False
TRINTJW128F92FE892,925,557,True
TRINTZF12903CC175E,1197,261,True
TRINUBZ128F1469AAE,99,21,False
TRINUCL128F428C8C2,4,1,False
TRINUOR128F1485AC8,29,20,False
TRINUOT12903CCC4C0,4,4,False
TRINUWO128F421CD24,25,6,False
TRINVCT128F932C98D,9,7,False
TRINVGV128F92FD3B7,4,2,False
TRINVMF128F4225927,11,4,False
TRINVSQ128F42792EB,2764,1197,True
TRINVZS128F934B556,12,6,False
TRINVZU128F427DB51,311,138,False
TRINWCQ128F931FC95,66,22,False
TRINWRR128F14AE32B,45,35,False
TRINXBN128F4277EAF,42,32,False
TRINXLF128F424DD2B,26,16,False
TRINXLL12903C9FA00,9,9,False
TRINXQH128F4297B74,511,208,False
TRINXSC128F428A164,2725,1652,True
TRINYDM128F428E9BC,106,39,False
TRINYGW128F92D081D,682,261,False
TRINZFR128F932BD8F,110,43,False
TRINZMU128F934CC98,110,76,False
TRIOADJ128F934B6A4,11,7,False
TRIOADZ128F426B408,76,50,False
TRIOAUT128F4231283,43,27,False
TRIOAWC128F145AA83,31,20,False
TRIOAYS128F426A798,202,97,False
TRIOBEV128F423B2D0,757,269,False
TRIOBGT128F1498C29,153,45,False
TRIOBHE128F9312C07,893,385,True
TRIOBHQ128F92D3100,117,44,False
TRIOBLD12903CB8D23,248,95,False
TRIOBNW128F428F421,986,626,True
TRIOCCW12903CB595C,4,2,False
TRIOCFQ128F93475FD,482,210,False
TRIOCRS128F931F3DB,31,16,False
TRIOCSI128F92DCDF7,824,453,False
TRIODBR128F4248265,800,388,False
TRIODCI128F92ECEA2,8,6,False
TRIODOC12903CB6332,965,451,True
TRIODWT12903CDC9D2,75,27,False
TRIODZU128E078F3E2,990,393,True
TRIOEGR128F426A25A,1,1,False
TRIOEZN12903CD0F35,149,74,False
TRIOFGR128F1459D7C,155,65,False
TRIOFIX128F93156AD,155,74,False
TRIOFOR128F92F784A,53,22,False
TRIOFRI128E0780CC0,783,430,False
TRIOFTK128F147C8FA,19,10,False
TRIOFUF128F427E139,2,2,False
TRIOGFF128F42579AC,309,125,False
TRIOGGB128F42912C4,7,4,False
TRIOGHM128F149856E,336,188,False
TRIOGJE128F423F088,49,24,False
TRIOGJQ128F4256AF9,55,10,False
TRIOGWD128F424D736,34,10,False
TRIOHKX128F933AE0E,35,22,False
TRIOHPW128F92FA781,47,29,False
TRIOHQC128F427B7C3,97,22,False
TRIOHTA12903CC90E3,912,243,True
TRIOHVJ128F425B570,1,1,False
TRIOIAU128E078DFF4,14,9,False
TRIOIBG128F148ADED,834,126,False
TRIOIWK128F425464A,33,10,False
TRIOIXL12903CDA6CA,351,125,False
TRIOIYQ128F4244A6A,9,5,False
TRIOJAK128F1468778,3,2,False
TRIOJDU128F422ACCA,41,18,False
TRIOJFA12903D05F52,415,154,False
TRIOJJN128F148AA16,151,54,False
TRIOJSK128F93399E6,38,15,False
TRIOJTX128F932DDA1,7473,3664,True
TRIOKEK128F429042B,22,13,False
TRIOKHZ128F930D3CA,392,103,False
TRIOKLB128F9336F2B,674,211,False
TRIOKQB12903CD7358,74,46,False
TRIOKQE128F42AEB5C,103,54,False
TRIOKSP128F1458E84,15,11,False
TRIOLUS12903CB72A4,1,1,False
TRIOLVA128F4289D1F,21,11,False
TRIOMAP128F92D7F66,1115,469,True
TRIOMUE128F1487C80,57,17,False
TRIOMYZ128F428CFE6,401,46,False
TRIONHL128F931DD80,34,13,False
TRIONOT128F9349CEE,9,3,False
TRIONSD128F427AFB5,37,12,False
TRIONUL128F931B797,15,9,False
TRIOOGO128F930D2C8,95,37,False
TRIOOIT128F14910F7,2212,544,True
TRIOONU128F4281B6B,185,48,False
TRIOPBB128F9308FBA,3,3,False
TRIOPCL128F9331849,5,5,False
TRIOPCN128F931B567,238,89,False
TRIOPHH12903CBE098,620,285,False
TRIOPJP128F14A7703,3668,1245,True
TRIOPKU128F42BC1EB,707,270,False
TRIOPLY128F423CFF3,1244,470,True
TRIOPPX128F9324E55,1106,306,True
TRIOQTG12903CDB187,778,314,False
TRIOQUF128F14890FC,223,148,False
TRIOQUG128F14ADCA0,320,128,False
TRIORDC128F4262678,106,19,False
TRIOREH128F932E57C,1,1,False
TRIOREW128F424EAF0,162,41,False
TRIOSEN128F424D802,709,352,False
TRIOSGN128E078C939,398,118,False
TRIOSQP128F429DDCC,43,16,False
TRIOSWS12903CDB2FE,1319,599,True
TRIOTJZ128F1453ABC,766,383,False
TRIOTLQ128E0789D3B,9252,4245,True
TRIOTUN128F4284EA0,2,2,False
TRIOUFW128F422EF6E,2,2,False
TRIOUGL128F9310CA8,2558,957,True
TRIOUKZ128F149348A,169,48,False
TRIOUSK128F9313E1D,2,2,False
TRIOVPN12903CB633A,1236,500,True
TRIOVSQ12903CF0562,178,75,False
TRIOVZD128F92F2F41,71,38,False
TRIOWCT128E078D9BC,331,189,False
TRIOXQM128E0783776,205,147,False
TRIOXTZ128F425BA4B,1,1,False
TRIOXYN128F426BAE1,693,303,False
TRIOYRS128E079388B,2100,959,True
TRIOYSB128F429218A,49,26,False
TRIOZDG128F92C8138,452,246,False
TRIOZJG128F92E5260,198,112,False
TRIOZJN128F931EDD8,24,6,False
TRIOZOU128F425D9A4,429,161,False
TRIOZOZ128F92FA0C2,78,38,False
TRIOZQM128F42AC55B,8,5,False
TRIOZVG128F428E1CC,24,18,False
TRIPAUM128F934B469,551,206,False
TRIPAUX128F934B53F,2148,827,True
TRIPAVV128F1456A0F,664,256,False
TRIPBXB128F425BD44,146,55,False
TRIPCGF128F1461605,1,1,False
TRIPCND128F425E970,21,16,False
TRIPCQN128F1476CED,303,165,False
TRIPCTI128F92ECE18,8,7,False
TRIPCWI12903CA3816,29,18,False
TRIPCXV12903CFE79E,1043,474,True
TRIPDMI128F14590AD,77,33,False
TRIPDOF128EF344BF9,1028,452,True
TRIPDWU128F934B957,132,67,False
TRIPDXQ12903CF5EE3,244,77,False
TRIPENF128F92EFD8C,511,87,False
TRIPEPQ128F9322F54,135,37,False
TRIPEWX128F9302ECE,1,1,False
TRIPFDM128F14A4234,725,259,False
TRIPFVY128F93007ED,725,361,False
TRIPFWI128F42413E7,143,51,False
TRIPGPQ128F423BF59,288,127,False
TRIPHMM128F9315415,426,119,False
TRIPHND128F92EF9D8,17,7,False
TRIPHNI128F428232A,7,5,False
TRIPHPF128F14542E4,854,335,True
TRIPHRQ12903CF7FF8,74,32,False
TRIPHTM12903CAF5F2,1809,842,True
TRIPIBT128F423A323,630,294,False
TRIPIEY12903CD367E,1,1,False
TRIPIME128F934BC06,362,109,False
TRIPIRB128F92F6A9D,109,41,False
TRIPIRJ128F92ED293,39,18,False
TRIPIVF12903CE4E59,234,117,False
TRIPIVR128F9340E7F,7,4,False
TRIPJCY128F1489104,102,78,False
TRIPJIJ128F1453AE0,3184,1331,True
TRIPJKK12903C9E1FF,6,5,False
TRIPJPB12903D0F043,5,1,False
TRIPJXI128F934C109,739,320,False
TRIPKBL128F931713D,1191,545,True
TRIPKZL128F93323FD,74,28,False
TRIPLBA128F427200F,29084,6690,True
TRIPLBM128F933F624,1,1,False
TRIPLSI128F9343267,529,199,False
TRIPLWG128E0781194,473,146,False
TRIPMZN128F933A2C6,360,181,False
TRIPNCC128F1465A6E,789,502,False
TRIPNHG128EF3453B8,2112,1233,True
TRIPNMN128F425A9F6,50,18,False
TRIPNSA12903CF23BC,1,1,False
TRIPNVY128F934B33D,39,11,False
TRIPOFR128F934C3CD,42,23,False
TRIPOGI128F428C1B3,38,21,False
TRIPOOY128F92EDD20,48,23,False
TRIPOXP128F9303609,1694,86,True
TRIPPNV12903CD22D8,1123,277,True
TRIPPON128F14795A3,79,46,False
TRIPPXX128F9316EC0,15,7,False
TRIPQBR12903CA71F1,61,25,False
TRIPRKN12903CE4300,84,26,False
TRIPRVT128F934DC7B,37,8,False
TRIPRYQ128F4246915,83,26,False
TRIPSEV128E0786BBD,476,223,False
TRIPSQP12903CE450C,3101,1931,True
TRIPSRK128F421A76D,1,1,False
TRIPSXI128F92FD8B2,2932,1164,True
TRIPSYD128F42441B5,51,18,False
TRIPTUT128F428F9FB,2520,967,True
TRIPUDO12903CFF055,71,24,False
TRIPUFF128F42734C2,7,1,False
TRIPUHC12903D03AFC,1296,445,True
TRIPUTS12903CE8B2F,31,18,False
TRIPUZQ128F423B115,18,11,False
TRIPVIQ128F42887FF,4,3,False
TRIPVOY128F933B3EA,39,25,False
TRIPVPH128F1456B01,125,85,False
TRIPVTX128F92DE322,102,27,False
TRIPVYP128F4269783,5,5,False
TRIPVZZ128F428A0A2,56,22,False
TRIPWGG128E07831F6,66,45,False
TRIPWJJ128F426F22F,4,1,False
TRIPWLJ128F14825F2,336,139,False
TRIPWMH12903CA2DF8,120,84,False
TRIPXOP128F424A080,122,77,False
TRIPXWB128F92DFAB5,145,90,False
TRIPYGX128F92E3B97,842,352,True
TRIPYJA128F1478012,143,45,False
TRIPZAV128F930E37D,34,18,False
TRIPZDZ128F93330A7,2455,1159,True
TRIPZIN128F92E0659,12,10,False
TRIPZJV128F423900C,53,16,False
TRIPZMB128F4299A17,12,11,False
TRIPZMJ128F93366F5,74,17,False
TRIQALK12903CBE6BB,3,2,False
TRIQAMB128F4248D92,1,1,False
TRIQAVM128F4262638,3,2,False
TRIQBGP128F931BEBB,133,60,False
TRIQBOS128F14B0B80,783,428,False
TRIQBUB128F4281FF7,1,1,False
TRIQCFF128F1472307,274,127,False
TRIQCIO128F1484F6D,253,114,False
TRIQCWQ128F426EACD,929,696,True
TRIQDXT12903CF054C,107,77,False
TRIQEAC128F428EE10,223,132,False
TRIQEFB128F14742E1,117,24,False
TRIQESA128F9300366,14,10,False
TRIQFGY128F425BFEB,133,69,False
TRIQFLV128F1479BEF,644,219,False
TRIQGHN128F93141E8,182,77,False
TRIQGSG128F4278763,41,23,False
TRIQGVE128F42655D5,9,5,False
TRIQGWW128F429E459,141,40,False
TRIQHAU128F42775E4,703,352,False
TRIQHUO12903CD8E82,10,1,False
TRIQIAF128E0788692,3429,1473,True
TRIQJQL128E078D9B8,1603,770,True
TRIQKEJ128F9307761,979,324,True
TRIQKRT128F149D946,9,8,False
TRIQKUM12903CFE8F8,277,82,False
TRIQLTD128F425F047,25,5,False
TRIQMDK128F426E77F,8,3,False
TRIQMLQ128F4244FFC,2,1,False
TRIQNAM128F4259B52,1165,692,True
TRIQNMS128F9326B9B,44,22,False
TRIQNWH12903CF4376,3,3,False
TRIQNWO128F4262440,32,10,False
TRIQOAA128F92E4FCC,21,10,False
TRIQOKK128F14771B0,43,24,False
TRIQOKX128F1464E18,467,345,False
TRIQOSH128F149B901,15,11,False
TRIQOSQ128F92EDDAC,4,2,False
TRIQPAO128F92F80C0,1279,425,True
TRIQPSB12903CE1EEB,678,180,False
TRIQQMP12903CFEADE,25,16,False
TRIQRUB128F42B4752,156,55,False
TRIQSEH12903CD6F02,269,111,False
TRIQSMG128F145ABE7,184,75,False
TRIQSPD128F9336E64,491,58,False
TRIQTGD128F935A6D4,229,77,False
TRIQTKJ128F931B44E,134,98,False
TRIQTLL128F92D181D,157,79,False
TRIQTRS128F42631A5,7,6,False
TRIQTXA128F149EF92,41,25,False
TRIQUCN128F4276F87,1638,682,True
TRIQUEM128F149D971,384,177,False
TRIQUKL128F42912D0,6,5,False
TRIQUSU128F425B703,89,23,False
TRIQUUX128F4289FD4,1241,682,True
TRIQVCI128F1487C89,4,2,False
TRIQVNA128F92F9292,3453,1614,True
TRIQVNR128F92F1D26,26,9,False
TRIQWCU128F92EB9D0,22,14,False
TRIQWIJ128F9325BA5,59,39,False
TRIQWYH128F1486062,1075,480,True
TRIQXYW128F424DA67,120,48,False
TRIQYLL128F4287A67,14,12,False
TRIQYUE128F422A716,248,80,False
TRIQYYW128F4287A0D,508,330,False
TRIQZHO12903D0A20A,3,3,False
TRIQZXS128F92E20EA,39,14,False
TRIRAEX12903CA03A4,264,95,False
TRIRBKA128F9307358,3934,922,True
TRIRBLY128F1482499,22,13,False
TRIRBWQ128F428CCC0,20,12,False
TRIRCHF128E0786BA6,861,473,True
TRIRCTN128F93444F9,242,110,False
TRIRCYZ128F423C331,5062,2341,True
TRIRDKP128F4236664,876,321,True
TRIRDNH128F9351734,3,3,False
TRIRDNI12903D07020,90,69,False
TRIRDZC128F4294BB4,29,14,False
TRIREMN128F4295BE4,1720,674,True
TRIRENC128EF359E20,1318,665,True
TRIRFGG128F4291E43,327,182,False
TRIRFHS128F9307C4F,259,124,False
TRIRFNJ128F423EE70,162,75,False
TRIRFRR12903CEB5B7,125,43,False
TRIRGEE128F427AF60,7,5,False
TRIRGQX128F92F9150,1746,493,True
TRIRHDT128F931F521,5,4,False
TRIRHUX128F146988E,1,1,False
TRIRHXW128F933CC8D,4,3,False
TRIRHYP12903CD8414,34,17,False
TRIRJHC128F932C329,96,26,False
TRIRJOU128F145F994,1545,755,True
TRIRJRT12903D005F7,24,9,False
TRIRJSI12903CF5B5A,842,240,True
TRIRJTO128F1456C1B,34,16,False
TRIRKBR128F92EC373,34,13,False
TRIRKDV128F92D1228,6,6,False
TRIRKQJ128F14A9870,990,545,True
TRIRLDZ128F932BEA5,1,1,False
TRIRLYL128F42539D1,2012,723,True
TRIRMEA128EF356B97,801,362,False
TRIRMQT128F4289D50,8596,2345,True
TRIRMVE128F933EBB1,25,8,False
TRIRMWI128F422C0EA,3,3,False
TRIRNCA12903CDF18E,11,8,False
TRIRNEU128F92FD9D2,23,8,False
TRIROIH128F427F283,96,39,False
TRIROYA12903CE1794,17365,4608,True
TRIROZY128F42430BE,249,112,False
TRIRPAF12903CEDAC5,468,246,False
TRIRPBD128F92F6262,13,9,False
TRIRPEN128F145ACFC,369,96,False
TRIRPLH128EF35F87F,104,61,False
TRIRPNY128F931EC81,44,7,False
TRIRPSF128F931084A,1,1,False
TRIRPZM128F424A61A,402,89,False
TRIRQBA12903CD7536,4,3,False
TRIRQPO128F4281996,12016,4706,True
TRIRQTS12903CA77C0,1,1,False
TRIRQYM128F930E286,171,78,False
TRIRRKJ128F934B086,36,17,False
TRIRRLF128E078FC32,4308,2007,True
TRIRSJP12903CBF454,1,1,False
TRIRSKT128F147CBD4,147,57,False
TRIRUHX128F92D5DC7,697,394,False
TRIRUVU128F9322BF7,87,13,False
TRIRUZK128F92FAD23,201,44,False
TRIRVDS12903CC7B72,19,15,False
TRIRVKC128F934D1BB,1113,495,True
TRIRWFH12903CEA96B,31,16,False
TRIRWGH128F425804E,104,49,False
TRIRWVI128F4293FBE,19,2,False
TRIRWXE128F92EBACC,287,79,False
TRIRWYP128E0781998,28,11,False
TRIRXEC128F92F20A3,22,12,False
TRIRXFP128E0786412,8520,2405,True
TRIRXJB128E07943D7,1574,773,True
TRIRXPX128F934B663,16,11,False
TRIRXVO12903CA906B,38,26,False
TRIRXYE12903CC09DB,80,31,False
TRIRYEI128F424364D,784,432,False
TRIRZJO128F932B843,10,4,False
TRIRZJW128F1465A63,744,291,False
TRIRZRK12903CE1261,136,50,False
TRISAHF128F92DFC81,89,37,False
TRISAKL12903D06365,800,214,False
TRISAOE128F42750C8,12,10,False
TRISCJV128F9332984,151,86,False
TRISEGQ128F9323C56,639,205,False
TRISEJK12903CB60B9,55,30,False
TRISFCG12903CE28EF,447,100,False
TRISFMO128F427F301,6179,1548,True
TRISFND128F4256079,6,6,False
TRISFPS128F9312492,2069,909,True
TRISGNG128F1496924,6,2,False
TRISHJP128F4273B41,14,5,False
TRISHRP128F4214319,27,7,False
TRISHRQ128F92F0347,89,40,False
TRISHUY128F92D74C9,83,46,False
TRISIBZ128F4270043,51,17,False
TRISIHH128F1469DBF,205,102,False
TRISISN128F931F1BD,14174,3672,True
TRISITF12903CE60D2,455,167,False
TRISIUU128F1496F4D,2296,809,True
TRISJBA128F4240E0A,1180,285,True
TRISJPM128F42869F2,172,56,False
TRISLCI12903CB4112,83,35,False
TRISLQK12903CB06D1,7,5,False
TRISLXW128F932BADB,12,7,False
TRISMDU128F9300280,8,4,False
TRISMEF128F92D9E8C,717,275,False
TRISMIH128F428EFF1,2928,943,True
TRISMJG128E07989DA,6333,2566,True
TRISMWV128F9310EA0,47,30,False
TRISNFU128F42AFEE6,79,39,False
TRISNGG128F934A8A2,5,3,False
TRISNHO128F9335979,8335,2552,True
TRISNVL128EF3643A6,1475,608,True
TRISOTC128F42ACC26,56,39,False
TRISPCL12903C9AD07,35,21,False
TRISPHG128F423EA75,1435,678,True
TRISQFO128E0798966,52,29,False
TRISRQD128F9317222,28,17,False
TRISRRR128F424D09F,23,13,False
TRISSUR12903CEB824,22,3,False
TRISTGF12903D0DC6F,9087,4244,True
TRISTHD128F42487EE,1345,507,True
TRISTLM128F932BC75,14,10,False
TRISTMV128F92E8BBC,92,57,False
TRISTTM128EF349FE3,4412,1302,True
TRISTWC128F42262F0,13,6,False
TRISTWT128F1488FBB,5705,2926,True
TRISUGV128F93007C6,484,180,False
TRISUJE128F145D936,2,2,False
TRISUKV128F42AB58F,58,16,False
TRISVCC128E0793CCC,2105,807,True
TRISVLX128F427614C,800,321,False
TRISWHT128F92D3190,4487,2646,True
TRISWLM128F428A573,25,21,False
TRISXGK12903CD9BF7,897,449,True
TRISXLW128F934BFCA,61,26,False
TRISZED12903CF81D2,292,158,False
TRISZFX128F14995CF,901,337,True
TRISZNC12903CA4806,14330,4053,True
TRITABJ128F932BEAF,626,271,False
TRITADK12903CE8AD6,1210,287,True
TRITADN128F422D9F5,30,10,False
TRITAYR128F425AC6D,60,13,False
TRITBDD128F930198F,9,7,False
TRITBXF128F9339A78,3940,1379,True
TRITBZY128F423514E,10,6,False
TRITCFM128F92E0471,10,2,False
TRITCGV128F4290790,161,99,False
TRITCQH128E0786BE7,491,300,False
TRITDLI12903CF6151,14,7,False
TRITDQJ128F9351140,21,11,False
TRITDYT128F426A8F8,301,134,False
TRITEGR128F422DA64,281,116,False
TRITEJF128F4241821,5,5,False
TRITFCC128F934B008,63,31,False
TRITFEA12903CF0E99,49,15,False
TRITGQD128F422812D,9,7,False
TRITGXR128F1466C33,51,13,False
TRITJAQ128F426A108,40,21,False
TRITJBE128F93275E8,7,6,False
TRITJDR12903CF950A,19,14,False
TRITKCH128E0781C01,220,115,False
TRITKIJ128F4280055,304,116,False
TRITKNR128F14877C9,11,2,False
TRITKQV128F424F08A,1296,635,True
TRITKSZ12903CF71C8,100,56,False
TRITLOE12903D057CC,6,3,False
TRITLWL128F9304DBA,1,1,False
TRITMRB128F92D7213,380,243,False
TRITNCE128F92FFAB0,127,69,False
TRITNFB128F9325167,40,11,False
TRITNNT128F931E5F7,1,1,False
TRITNQV128F9309199,699,364,False
TRITPAO128F423EAE7,296,214,False
TRITPXZ128F4266498,1,1,False
TRITQFO128F92F1D2B,110,58,False
TRITQQY128F42900FB,2936,1235,True
TRITRGV12903CEA9C4,988,379,True
TRITRGW128F149EF75,33,13,False
TRITRPS128F426629E,10,7,False
TRITSCB128F930BAB9,259,70,False
TRITSGN128F42999B5,105,61,False
TRITSHI128F932701E,8,5,False
TRITSNL128F427A58B,90,60,False
TRITUFI128F147B77A,6098,2339,True
TRITULV128F423B69C,45,22,False
TRITUSL128F1460B76,60,25,False
TRITVFG128F4256BA3,6,4,False
TRITVFR128E078EE0B,8574,3646,True
TRITVNW128F9340445,275,92,False
TRITVOV128F1462B7A,3110,806,True
TRITVUB128F42B81FF,5645,2855,True
TRITWCG128F426A495,200,109,False
TRITXDR128F92EA52C,52,19,False
TRITXTL128F932215F,15,4,False
TRITYFG128F93166E8,4,4,False
TRITYHF128F146FF17,293,80,False
TRITYPI128EF354F94,28,7,False
TRITZPR12903CDB60E,58,49,False
TRIUACQ12903CEF7AC,26,11,False
TRIUAHI128F421B85C,94,44,False
TRIUAHP12903CF2388,326,225,False
TRIUAOH128F4262592,2,2,False
TRIUBQZ128F429B0ED,15,13,False
TRIUBRP128F421FA6F,3,1,False
TRIUBXA128F92CD922,387,221,False
TRIUCAP128F42BCDC7,26,10,False
TRIUCAW128F4251493,273,174,False
TRIUCIF128F148D13F,2023,757,True
TRIUCQG128F932C14B,3626,1353,True
TRIUCXB128E07819A2,842,358,True
TRIUDBH128F147182F,2438,909,True
TRIUDBL12903CB027D,8,5,False
TRIUDFZ128F9333181,12,4,False
TRIUETE128F92FEAB0,1932,1148,True
TRIUFDC128E079307B,713,330,False
TRIUFKL128F92E0C0C,225,88,False
TRIUFPY128F931E2A6,147,103,False
TRIUFSA128F4268CBC,10,3,False
TRIUFXI128E0788E4A,970,471,True
TRIUGIR12903CE32D2,221,99,False
TRIUGNL128E0798962,57,29,False
TRIUGYN128F422AD58,877,439,True
TRIUHAI128F4262591,56,15,False
TRIUHEG128EF362B82,9,7,False
TRIUHVC128F42753E2,440,135,False
TRIUICN128F4233815,7280,4386,True
TRIUIPA128F931C0F3,1006,653,True
TRIUJNO12903CDD5E9,181,80,False
TRIUJWF128F427176E,2733,1463,True
TRIUKJO128F1456CD1,373,129,False
TRIULBF128F934326D,482,189,False
TRIULBY128F9359821,9,3,False
TRIULGQ128F92D3040,16,13,False
TRIUMKZ12903CC6E73,34,25,False
TRIUNNZ128F92DD51A,3116,833,True
TRIUOHY128F92F1778,3,2,False
TRIUOOJ128F934A868,3,3,False
TRIUOZX12903D12C1E,2073,812,True
TRIURCX128F4274B3A,48,22,False
TRIURLU128E0782628,1541,527,True
TRIURSK128F1458F92,247,109,False
TRIUSZA128F4214A83,4,3,False
TRIUUKZ128E0782F9F,1230,391,True
TRIUULX128F146EC75,963,418,True
TRIUUMK12903CD7712,3,1,False
TRIUUUV128F92FD9E9,10,1,False
TRIUUXZ128F930C3A4,1,1,False
TRIUUZT128F428B83F,44,18,False
TRIUVGX128F148C9F4,27,12,False
TRIUVHG128E0792402,866,557,True
TRIUVNU128EF34DF9B,418,179,False
TRIUVVV12903CEB216,2,2,False
TRIUWQU12903CC69DD,18,7,False
TRIUXCQ128F1485B0C,2328,804,True
TRIUXDJ128F428CB82,4,3,False
TRIUXGM128E0786D5E,70,51,False
TRIUXIN128F92F94E2,10,4,False
TRIUXKY128F42558D8,1,1,False
TRIUYGE128F1492268,6853,2036,True
TRIUYOZ128E07831F2,104,50,False
TRIUYXG12903CE7E10,477,201,False
TRIUZGC128F4286CF0,1,1,False
TRIVAAL12903CF26B4,4,2,False
TRIVALG128F932651C,20,17,False
TRIVAZA128F4234FEC,194,62,False
TRIVBOH128F93475EF,486,207,False
TRIVBWB128F422FCD9,59,28,False
TRIVDKJ12903CBC905,750,225,False
TRIVDKV128F930DB18,7,3,False
TRIVDZY12903CC7671,3317,2296,True
TRIVEDY128F42A279B,55,25,False
TRIVEOZ128F931C202,187,129,False
TRIVEWM128E0792130,819,430,False
TRIVFEJ128EF354117,6131,1805,True
TRIVFOR128F423F5BD,11,4,False
TRIVGDE128F92F8FBD,1971,916,True
TRIVGUV12903CC44F6,85,26,False
TRIVGWU128F9336834,20,8,False
TRIVGYV128F424CFE6,155,76,False
TRIVHEM128F931DBBE,2883,1312,True
TRIVHWE128F92D41F4,8,6,False
TRIVHXY128F933817D,3,3,False
TRIVIKS12903CFFF7C,40,14,False
TRIVIWT128F423EAA7,540,208,False
TRIVJKL128F9320849,3494,1229,True
TRIVJPU128F42AE3C1,430,178,False
TRIVJRS128F92EADEA,13,8,False
TRIVJRW128F92D7E35,690,275,False
TRIVJTU128F930623C,61,11,False
TRIVJXR128F9337C0F,43,22,False
TRIVKAV128F9341502,158,40,False
TRIVKHG12903C9F431,39,17,False
TRIVKIP128F92E5271,21,14,False
TRIVKOU128F9309E40,501,260,False
TRIVLEI128F9329395,442,122,False
TRIVLOP128F1481266,3160,801,True
TRIVLPN128EF35714C,6,5,False
TRIVLPR128F4273F4B,626,425,False
TRIVMLB128E0795324,172,112,False
TRIVNBQ12903CC1157,9,4,False
TRIVNIB128F1499642,22,11,False
TRIVNLP128F92D49E9,742,327,False
TRIVOCL128F9315FCE,493,294,False
TRIVOJW128F9332C0E,2109,684,True
TRIVOTY128E0793421,691,397,False
TRIVOWM128F4262FEE,13,5,False
TRIVQLH128EF35F032,13,8,False
TRIVQYV128F932E968,12,10,False
TRIVSTV12903CAE6BE,135,42,False
TRIVTCX128F425CD8F,115,84,False
TRIVTDF128F4238442,61,19,False
TRIVTSE128F9339DE8,30,19,False
TRIVUMW128F425980E,1372,544,True
TRIVUQL128F428D703,5,2,False
TRIVUXU128F145A60B,256,106,False
TRIVVXX128F932E521,396,205,False
TRIVWFG128F427AF65,46,23,False
TRIVWTZ128E07832E6,1147,417,True
TRIVWYN128F4260BCB,19,10,False
TRIVWYS128F4296D55,9,5,False
TRIVWZY128F42397E8,48,14,False
TRIVXQU12903CBFEEA,13,4,False
TRIVXTN128F42824B8,1728,536,True
TRIVYNB12903CF2478,170,84,False
TRIVYYM128F9329D35,349,249,False
TRIVZDC128F4291680,96,35,False
TRIVZIA12903CE8346,47,27,False
TRIVZPH128E0791257,157,86,False
TRIVZRP128F93068AF,18,10,False
TRIVZXF128F92EA2C1,791,446,False
TRIVZYY128F93110EA,370,113,False
TRIWAFG128F429E96F,26,13,False
TRIWAVI128F92FFAD6,136,37,False
TRIWBDR12903CC71F4,156,67,False
TRIWDDT128F932DF97,580,251,False
TRIWDJN12903CD3BC1,304,174,False
TRIWDWB12903D133AD,906,239,True
TRIWEGG128F92DFC76,288,124,False
TRIWFHO128F426252F,1113,587,True
TRIWFKO128F4264EEF,27,9,False
TRIWFSE128F1469667,6204,894,True
TRIWGJF128F92E042C,173,53,False
TRIWGTO128EF35257E,6,2,False
TRIWHTX128F934A622,64,18,False
TRIWIGI12903CEA787,1082,234,True
TRIWIRY12903CC4DA5,103,62,False
TRIWISI128F42720AD,64,31,False
TRIWITY128F934B95C,11,10,False
TRIWJDF128EF353C20,264,94,False
TRIWJGE128F4258187,100,35,False
TRIWJGQ128F42596FC,229,94,False
TRIWJIQ128F148D19B,422,148,False
TRIWJQX12903CD759A,284,63,False
TRIWKJH128F92F030E,97,47,False
TRIWKKW128F42591B3,565,313,False
TRIWKYK128E07924F5,60,56,False
TRIWLCT128F92FA54C,482,182,False
TRIWMGU128F92F4121,2435,884,True
TRIWMHQ128F9304F35,30,20,False
TRIWOBB128F425D5BB,1595,603,True
TRIWOML128F9325AEC,52,37,False
TRIWOPG128F14632D1,491,210,False
TRIWPXJ128E079379F,279,225,False
TRIWQAQ128F92D261D,2259,879,True
TRIWQBW128F14AD99A,1013,439,True
TRIWRIG128F424CC89,300,105,False
TRIWRJT128F1458645,30,7,False
TRIWRTG128F147C1F9,138,49,False
TRIWRZK128F146BD73,12482,2446,True
TRIWSBV128F14561D2,228,64,False
TRIWSLX12903CF75A1,270,95,False
TRIWUBE128F4276AFF,14,12,False
TRIWUOX128F429F869,669,250,False
TRIWUXJ128F4281B83,66,31,False
TRIWVEJ128F92EB7B1,112,55,False
TRIWVJF128E07863FE,6307,4385,True
TRIWVTW128F4239D58,69,26,False
TRIWVWG128F148F909,136,80,False
TRIWVYJ128F92CF251,4,3,False
TRIWXFO128F92CAA0E,922,479,True
TRIWXFY128F92F90E0,185,129,False
TRIWXYD128F429107F,443,264,False
TRIWYMW128F145E0F9,380,155,False
TRIWZFM128C7196DF5,3084,1244,True
TRIXAMB12903CE74FD,53,18,False
TRIXBLU128F931C21F,269,167,False
TRIXBNT12903CD36BC,7,5,False
TRIXCCG128F42645F4,5,1,False
TRIXDMA128F145267D,1673,659,True
TRIXEIM128F92F1CAE,74,19,False
TRIXEQU128F93078BF,132,32,False
TRIXESR128F1476F37,301,178,False
TRIXETZ128F4230481,4,2,False
TRIXFJA128F9328DAB,1010,248,True
TRIXGGQ12903CEB2DC,16,14,False
TRIXGHS12903CA42EE,84,30,False
TRIXGKV128F146A30A,27,16,False
TRIXHDM128F9344A97,374,130,False
TRIXHLZ128F425B25C,49,31,False
TRIXHOS128E07861A0,33,19,False
TRIXHQA128F4234242,55,18,False
TRIXHYG128F92FB1A6,146,42,False
TRIXIJZ12903D140A5,1095,391,True
TRIXIPX128F42683A1,204,130,False
TRIXIYF128F92FED57,874,520,True
TRIXJSX128E0791734,1434,556,True
TRIXJYT128F4277AC9,1330,553,True
TRIXKCB128F424EA32,5386,1646,True
TRIXKFO128F4262C74,269,96,False
TRIXKKQ12903CCE495,628,386,False
TRIXKUS128F421C244,74,40,False
TRIXLAY128F930C1C0,100,13,False
TRIXLDR128F934B689,1378,463,True
TRIXLQX128F92EEC47,14,11,False
TRIXLSF128F146A5DA,4117,1732,True
TRIXLTW128F9345CA0,2160,604,True
TRIXMLV128F42724B1,666,217,False
TRIXMMD128F14A3AC4,757,383,False
TRIXNII128F426AEA6,179,21,False
TRIXNOT12903CF0C9D,176,95,False
TRIXOHO12903D00E9E,1222,560,True
TRIXOQO128E0781B7B,567,374,False
TRIXPFJ12903CD43C3,251,107,False
TRIXPIQ12903CB7533,68,35,False
TRIXQAE128F4242815,888,151,True
TRIXQTL128F92D3184,4658,2625,True
TRIXRCQ128E0794811,97,22,False
TRIXSKC128F425A9CA,136,83,False
TRIXSMB128F9307414,16,12,False
TRIXSRH128F4226081,24,9,False
TRIXTCU128F4260E00,1507,565,True
TRIXTPK128E0791767,56,28,False
TRIXTPZ12903CD9565,14,9,False
TRIXUDA128F92F6F01,140,20,False
TRIXUDN12903CEC26F,5,4,False
TRIXUXI128E0785F43,6290,2857,True
TRIXUYE128F421C96C,1050,590,True
TRIXVKW128F422BEBB,4,4,False
TRIXWUC128F932BC97,338,108,False
TRIXWVV128F92EC066,41,20,False
TRIXWWP128F92F88BF,8,6,False
TRIXWZL128F42AD8EB,23,12,False
TRIXXYP128C7196826,4213,1432,True
TRIXYES128F92E18CD,91,44,False
TRIXYID128F427B001,14,9,False
TRIXYQV12903CF5AF5,2,1,False
TRIXZFF128F92EC3B5,11,6,False
TRIXZPA128F423442E,3,2,False
TRIXZQR12903CDE9DC,240,40,False
TRIXZUF128F428A82E,3149,1416,True
TRIYAGA128F931C2C1,25,21,False
TRIYASG128F1465698,12,11,False
TRIYBFX12903D10866,3,3,False
TRIYBSB128F14B0259,2041,994,True
TRIYCCW128F92F328C,15,11,False
TRIYCTE128F93196B5,197,103,False
TRIYDEZ12903CF52AA,3893,497,True
TRIYDMV128F933EBD2,5,5,False
TRIYDYH128F9324624,5323,3024,True
TRIYEBY12903CD444C,131,82,False
TRIYEYI12903CA636B,2931,636,True
TRIYHFL128F933C082,72,44,False
TRIYHOQ128F9329DA2,387,172,False
TRIYHUF12903CFAC27,228,137,False
TRIYJEN12903C9BD3D,6,3,False
TRIYJXX128F423ECDF,740,219,False
TRIYKGO128F92C1E65,209,90,False
TRIYKKO128E0783939,658,259,False
TRIYKRR128F92EF9BD,4743,1816,True
TRIYKXW128F92FDF08,4731,1739,True
TRIYLPA128EF3437B9,1051,726,True
TRIYMBD128F931EEE1,3,2,False
TRIYMPP128F931C6F1,7,5,False
TRIYODT128F4291204,27,21,False
TRIYOKK128F427EAE5,8544,1168,True
TRIYOUV128E07877FB,1463,701,True
TRIYOXD128F426439E,38,11,False
TRIYPBB12903CBAE44,888,367,True
TRIYPKL128F4267C2D,2,2,False
TRIYPQC12903CF6A12,2,1,False
TRIYQCB128F428EE5C,470,278,False
TRIYSFC12903CDCEC3,35,22,False
TRIYSNE128F92F8FB5,3542,1292,True
TRIYTDJ128F1470147,5,1,False
TRIYTEH128F422FB61,502,235,False
TRIYTQR128F4257E8E,9,3,False
TRIYUWM128F933DD7E,1,1,False
TRIYVGW128F428DF32,218,98,False
TRIYWML128E07899FF,987,294,True
TRIYWZY128F14AAFA9,294,178,False
TRIYXHB128F426CB8C,1232,386,True
TRIYYFR128F429537F,7455,1989,True
TRIYZAA128F932DDF5,26,21,False
TRIYZPL128F92F920C,55,26,False
TRIZAON128F422A798,40,23,False
TRIZBDE128F42398A8,109,23,False
TRIZBKV12903CE7896,87,45,False
TRIZBVE12903CDBCCF,1045,228,True
TRIZCOL128F932DE15,438,276,False
TRIZDCJ128F14998F7,305,101,False
TRIZDEA128F932FAB2,113,51,False
TRIZDTN128F429EB1D,6732,3149,True
TRIZDUN128F148DCEE,15,9,False
TRIZDZE12903C9E0F2,27,20,False
TRIZENR128F428D64F,71,36,False
TRIZEYC128F42AF34A,146,39,False
TRIZFBD128F422B17D,448,201,False
TRIZFXP128F9306E90,7,3,False
TRIZGAC128F9314CDA,379,97,False
TRIZGVJ128F425A11C,13,7,False
TRIZHQK128F92FE9A4,32,20,False
TRIZHVT128F426F934,221,80,False
TRIZHWZ128F93203F1,55,23,False
TRIZIAT128F9329218,1524,341,True
TRIZINW128F4276706,210,106,False
TRIZJLT128E0781A4D,489,277,False
TRIZJPY128F4265DCA,3751,1385,True
TRIZKGE128F1457420,2089,499,True
TRIZKKG128E07836FB,28,10,False
TRIZKRD128E078A1CB,78,37,False
TRIZKTM12903CC1FAB,402,120,False
TRIZLKC128F1464CA3,146,61,False
TRIZMGA12903CFEC15,36,11,False
TRIZMMD128F423DB62,4,4,False
TRIZMMW128F4278056,66,34,False
TRIZNBL12903CA8C54,173,109,False
TRIZNEP128F93234B2,77,28,False
TRIZNGJ128F1474511,478,199,False
TRIZOSL12903CD2A24,57,21,False
TRIZOYW12903CC71FF,90,35,False
TRIZPOD128F932920F,35,10,False
TRIZQBQ128F92D2DD3,482,149,False
TRIZQTF128F42AE142,481,231,False
TRIZQYM128F93355EF,60,52,False
TRIZRAF12903CA7223,133,6,False
TRIZRJT128F429624C,48,28,False
TRIZROT128F9339973,493,211,False
TRIZRWP128F933BD75,6,4,False
TRIZSCF128EF3439E1,39,16,False
TRIZSFK128F4296295,567,203,False
TRIZSIX128F42796F2,10,9,False
TRIZTHM128F930CB20,40,20,False
TRIZTTJ128F428FB83,33,15,False
TRIZUEO12903C9E0EA,35,23,False
TRIZULQ128F932E773,7185,3607,True
TRIZVQH128F4266BB1,58,25,False
TRIZWMN128F4278406,64,8,False
TRIZWRH128F9313BC9,2,2,False
TRIZWXN128F423C6B4,10526,3938,True
TRIZWXN128F4250A42,59,50,False
TRIZXCW128F92F91DA,1047,521,True
TRIZXOL128E078EF0C,195,119,False
TRIZXUC12903CF1DCD,51,25,False
TRIZXYW128F93337AC,73,40,False
TRIZYCU128F9301621,21,18,False
TRIZYED128F14534E7,801,331,False
TRIZYQS128F423BCC2,499,111,False
TRIZYXW12903CE6921,689,246,False
TRIZZMB128F421399B,125,50,False
TRIZZTO128F4257AB6,163,70,False
TRJAABX12903CFF575,6,1,False
TRJAAFV128F426C35F,7170,3328,True
TRJAAHJ128F933C51D,13,9,False
TRJABQE128EF34B8F4,827,256,False
TRJACBY128F4258536,16,8,False
TRJACFT128F93085F4,18,4,False
TRJAEAB12903CE8809,18,3,False
TRJAEFB128F42644DD,158,62,False
TRJAEHS128F424955F,104,48,False
TRJAEIF128F4234FE8,96,42,False
TRJAFPP128F426AB25,190,71,False
TRJAGVH128F933A57A,382,157,False
TRJAHIN128E0792850,7,6,False
TRJAIDN128F4271D07,591,246,False
TRJAIWN128F4281340,82,32,False
TRJAIXP128F423CBCD,63,41,False
TRJAIYQ128F930A7C5,747,428,False
TRJAJLA128F4262ED7,220,100,False
TRJAKGL128F92FC3B5,44,30,False
TRJAKHQ128E0792BB2,70,37,False
TRJAKOX128F93048F8,2445,1002,True
TRJAKYU128F42579E1,51,17,False
TRJALGE128F92FA754,134,34,False
TRJAMBR128F934D989,565,144,False
TRJAMOR128F9319A5C,906,389,True
TRJAMTL12903CA4516,3116,1220,True
TRJANIC128F4248010,937,292,True
TRJANVY128F427E830,29,7,False
TRJAODA128F148D1A1,247,153,False
TRJAPFB128F422C129,129,40,False
TRJAPJF128F146CB4E,775,343,False
TRJAPSJ128F9322A8C,78,48,False
TRJAPVX12903C9B633,5,3,False
TRJAQBV12903CB0420,84,54,False
TRJAQLF128F4243D6A,3010,2210,True
TRJAQQQ128F421BD3F,105,68,False
TRJARFV12903CE800F,1,1,False
TRJASCD128F147C8FB,71,24,False
TRJATFU128F92E1FE1,2494,819,True
TRJATZC128F421878D,65,26,False
TRJAULL128F4243626,1397,432,True
TRJAUPN128F9345DAD,76,28,False
TRJAUTW128F92F00AE,51,23,False
TRJAUYS128F428A580,920,405,True
TRJAVLN12903CB78A0,47,25,False
TRJAVOR128F9332C49,1081,416,True
TRJAVSK128E0786E8C,1,1,False
TRJAVWR128F1466474,372,193,False
TRJAWQS128F42988C4,924,587,True
TRJAWRE128F429B0AC,221,101,False
TRJAWUY128E078DFB5,2635,1084,True
TRJAYGM128F424CAEB,332,114,False
TRJAYIO12903CDF35A,1283,355,True
TRJAZNO128F92EEB3A,6,6,False
TRJAZZW12903CEC419,4,3,False
TRJBATD12903CDD132,23,12,False
TRJBCYC128F426972A,6,3,False
TRJBDBD12903CA83A3,126,37,False
TRJBEUH128F92D38F8,89,37,False
TRJBFFE128F429A9BE,36,18,False
TRJBFLM128F9304941,26,13,False
TRJBFTE128F148BF90,246,67,False
TRJBFTI128F148B2DC,373,175,False
TRJBGWG12903CFD79D,639,307,False
TRJBGYJ128F935577C,2255,1135,True
TRJBHCQ128F421C4F5,157,102,False
TRJBHPW128F428B53E,321,129,False
TRJBHUB128F429C515,1,1,False
TRJBHWW128E079261C,366,136,False
TRJBIJC128E0782498,413,184,False
TRJBIPH128F932A466,295,99,False
TRJBJFH12903CDFA95,29,8,False
TRJBLDD128F4274769,6,1,False
TRJBLEO128F93231FB,346,196,False
TRJBMAT128F426CCD9,1621,310,True
TRJBMNM128F9326E18,19,9,False
TRJBMXH128F427AFB8,55,13,False
TRJBNKQ128F930E0DE,5921,721,True
TRJBNNG128F9308494,107,50,False
TRJBODG12903CFEAF4,15,7,False
TRJBOKV12903CAEB7A,409,134,False
TRJBPAN128F1497D13,22,13,False
TRJBPJQ128F92F6B33,387,72,False
TRJBPMT12903CA6102,361,207,False
TRJBPWG128F4292C4B,10,3,False
TRJBQPM12903CD4309,559,340,False
TRJBQZP128F9323770,242,104,False
TRJBRMI128F92D1837,85,37,False
TRJBRYQ128F92EF8C5,105,80,False
TRJBVEO12903CF264D,73,32,False
TRJBVQQ128F935A67F,750,164,False
TRJBWMW128F93105CE,15,12,False
TRJBWQZ128F92F9918,3737,1629,True
TRJBWYR12903CC579E,77,32,False
TRJBXPA128F1491209,91,53,False
TRJBXPE128F427FF94,288,79,False
TRJBYPZ128F42832C5,2103,1054,True
TRJBYTB128F42969D8,28,10,False
TRJBZIB128F932DD82,1,1,False
TRJCAPF128F92C7E99,120,71,False
TRJCBAJ128F92D7896,775,264,False
TRJCBGM128F427F0FD,1331,219,True
TRJCBRL128F9311279,465,239,False
TRJCBVC128F42581E1,4120,965,True
TRJCCKX12903CFE464,28,10,False
TRJCDAK128F4234D4E,82,33,False
TRJCDWR128F1462B7D,529,261,False
TRJCFGM128F9303A21,682,196,False
TRJCGAU128F93015DB,3,3,False
TRJCGDH128F14557BF,445,316,False
TRJCGJZ128F93273D3,1,1,False
TRJCGTU128F422C2AB,34,10,False
TRJCGUX128F9328512,8,5,False
TRJCHBW128F9339868,173,44,False
TRJCHUY128F1480AC8,60,25,False
TRJCIAI128F4269964,14,8,False
TRJCISU128F92CCF29,787,318,False
TRJCIVR12903CA5F41,748,214,False
TRJCIYT128EF356B39,789,388,False
TRJCIZO128F424FEF9,7371,4638,True
TRJCJAK128F425CEC1,47,19,False
TRJCJTX128F930CACE,107,24,False
TRJCKDH128F428C725,2808,950,True
TRJCLJC128F930C681,75,17,False
TRJCLOF128F4264CAB,24,12,False
TRJCMBG128F92F8DC6,25,8,False
TRJCMJH128E0790A95,3199,1033,True
TRJCMPD12903CBE056,3,3,False
TRJCMQA128F146374E,735,374,False
TRJCMTT128F42723B1,243,91,False
TRJCNSP12903CAC50C,11,7,False
TRJCOCP128E078CCF4,25,13,False
TRJCOKA128F4242F29,10,8,False
TRJCOTU128F92DC38E,23,9,False
TRJCOZP128F9322F46,268,65,False
TRJCPAB128E07938B2,909,421,True
TRJCPQU128F42B6DF8,41,12,False
TRJCQHR128F92EAEE1,2,2,False
TRJCQNJ128F42912FF,11,9,False
TRJCQYE128F14A00EB,3136,1227,True
TRJCSJU128F429B013,1077,579,True
TRJCSKC12903D0A075,53,32,False
TRJCTIM128F4225177,18,5,False
TRJCTNF12903CF4558,2877,1058,True
TRJCTQH12903CB4221,4,4,False
TRJCUDD128F92E1179,7,5,False
TRJCVFN128E078DF63,6270,1565,True
TRJCVRS12903CD667C,5617,1719,True
TRJCWSS128F1481E40,6,2,False
TRJCWWB128F429106E,1104,491,True
TRJCXNS128F422D96A,5,4,False
TRJCXTT128F14534FE,164,107,False
TRJCXWN128F42B8201,466,155,False
TRJCYFL128F9312EB2,2,2,False
TRJCYMZ128F42696C6,22,15,False
TRJCZAR128F427AC2A,121,62,False
TRJCZAX128F429A102,150,44,False
TRJCZGQ128F4289D52,3309,1349,True
TRJDBHD128F930A9CA,6,4,False
TRJDBUF128F1466868,74,31,False
TRJDCHI128F93180B2,143,80,False
TRJDCYY12903CDEC04,126,46,False
TRJDDAZ128F92D262E,3960,1554,True
TRJDDIY128F93431A3,164,64,False
TRJDDNI12903CB6380,332,167,False
TRJDEHU128F9309928,14,3,False
TRJDFAD128F423A697,254,119,False
TRJDFNA128F931B650,27,15,False
TRJDFZE12903CD202A,2,2,False
TRJDFZW128F930A97D,38,6,False
TRJDGEW12903CE7F1E,60,37,False
TRJDGSU128F4287AFD,64,30,False
TRJDHGS128F423F3F7,555,193,False
TRJDHLP128F14778CB,916,260,True
TRJDHVY128F92CFD7F,117,74,False
TRJDHXD128F14AE29C,830,364,False
TRJDIZB12903CE6C3D,76,40,False
TRJDJAT128F427F24A,1,1,False
TRJDJNK128F14637AA,19,13,False
TRJDKIN128F934FE52,5,4,False
TRJDKQG128F42766A2,343,71,False
TRJDLPK128F4260DD5,2224,823,True
TRJDLQY128F930B48A,209,68,False
TRJDLYE128F426E936,24,11,False
TRJDMBY128F426A668,1685,92,True
TRJDMEC128F92FFF35,54,15,False
TRJDMHS128F92F2A0C,5449,2233,True
TRJDMOY128E079270A,23,19,False
TRJDNQY128F14AB736,3,3,False
TRJDOPT128F930DC39,2,2,False
TRJDPMK12903CF274E,40,13,False
TRJDPQC128F92F993E,8,5,False
TRJDPTO128F92F2FA1,362,217,False
TRJDPXH128F9308AD8,1513,548,True
TRJDQHC128F4268D4E,6,2,False
TRJDQNH128F4252C5E,16,10,False
TRJDRLW128F4276942,7,6,False
TRJDRUB128F92FC0C6,1943,459,True
TRJDRUB128F9316642,100,39,False
TRJDRUY128F421480F,1242,769,True
TRJDTBE128F4289421,3557,2023,True
TRJDTZR128F42AA786,972,561,True
TRJDUBI12903CA8180,216,59,False
TRJDVGN128E078AA9E,4,3,False
TRJDVHB128F4248275,569,249,False
TRJDWDW128E0798A80,62,24,False
TRJDWKM128E07817F1,3121,1581,True
TRJDWNW128F93005C4,304,143,False
TRJDWWF12903D01B24,476,290,False
TRJDYBW12903CDA0CB,2,2,False
TRJDYQQ128F426A942,32,15,False
TRJDYRB128F93328D6,2,2,False
TRJDYRR128F934BD4C,11,6,False
TRJDYZI128F1485051,992,244,True
TRJDZBL128E0798858,1,1,False
TRJDZXH128F932A9EA,10,5,False
TRJEAIH128F92F8EB4,4939,1936,True
TRJEAKJ128F932EFD2,188,77,False
TRJEAQS12903CB5917,1,1,False
TRJEAVP128F42B83F0,37,3,False
TRJEAYL128F427F1D6,53,35,False
TRJEBRJ12903CFEC0B,20,7,False
TRJEBWL128F428A2A1,1731,890,True
TRJECFN12903CF23B1,184,80,False
TRJECHZ128C7196C32,796,463,False
TRJECOL128F932FE18,12,8,False
TRJEEPX128E0789C8C,44,20,False
TRJEETC128F92D1BF9,1184,492,True
TRJEFTQ128F428D5A1,47,23,False
TRJEHHY128F4291EEC,504,229,False
TRJEHOA128E078B490,92,48,False
TRJEJNE128F421CD31,558,226,False
TRJEJNH128F92C455D,18,12,False
TRJEKBW128F4268C79,108,58,False
TRJELXP128F423F08E,35,19,False
TRJEMIL128F932BEA5,290,150,False
TRJEOCX128F14ADADA,10,7,False
TRJEOUO128F426A2FF,1,1,False
TRJEPUI12903D007B5,1513,690,True
TRJEQDT128F9356BCA,172,61,False
TRJEQYC128F931A80E,4,4,False
TRJEROO128F4284A64,3014,821,True
TRJERZV12903CF1E52,187,69,False
TRJESFZ12903CA5AB3,101,61,False
TRJESTC128F934B61A,12,6,False
TRJETCC128F14840CB,282,190,False
TRJEVTR128F429FEF6,1200,491,True
TRJEWBJ128F4294C85,17,12,False
TRJEWDS128F930BA72,1136,388,True
TRJEWIK128F92E4749,8843,3404,True
TRJEWUK128F14602C1,1277,428,True
TRJEYIW12903CA755B,2,2,False
TRJEYRT128E07814D3,101,56,False
TRJEZJN128F421AD62,82,26,False
TRJEZWK128F425B265,136,82,False
TRJEZXN12903C9AF2B,155,82,False
TRJFAJB128F930C746,903,274,True
TRJFBHM128F426712A,6460,2794,True
TRJFBKZ128F934C6C3,7,4,False
TRJFBRW128F425D3A3,1202,547,True
TRJFBYB12903CB08E1,2,2,False
TRJFBZM128F426BA9F,47,19,False
TRJFDGD128EF340E06,344,125,False
TRJFDLS128E07824CD,2698,884,True
TRJFDMQ128F93069DD,383,132,False
TRJFEGC128F931C284,182,108,False
TRJFEJP128F421B854,416,102,False
TRJFELF128F14A9507,527,254,False
TRJFFJI128F92E71E9,1906,1003,True
TRJFFXS128F422F31C,10,3,False
TRJFGFJ128F1486A74,621,334,False
TRJFGKJ128EF365DFC,4,3,False
TRJFGXZ128F427113A,85,32,False
TRJFHFK128F92D9D9B,8,6,False
TRJFIPO128F426EA66,6,5,False
TRJFJEM12903CCA139,38,22,False
TRJFJEQ128F14667DB,494,281,False
TRJFKYG128F4237214,13,6,False
TRJFLCG12903CDCEC6,303,142,False
TRJFLFX128F42771B5,76,29,False
TRJFLVN128F428CEEA,1,1,False
TRJFLXU128F9353C72,78,44,False
TRJFNET12903CEDB79,1,1,False
TRJFNEZ12903CBF6B2,86,35,False
TRJFNJU12903CC2FAA,76,29,False
TRJFNSS128F14721CA,161,8,False
TRJFNUF12903CE6764,7,4,False
TRJFOBA128F422B11C,18,13,False
TRJFOIQ128F9301761,58,29,False
TRJFPYQ128F42AA825,1364,307,True
TRJFQJN128F9342C6A,118,50,False
TRJFQPO128F428B8DC,46,12,False
TRJFQQP128F146A5BF,4771,1815,True
TRJFQQX128F147878D,6828,2018,True
TRJFRCQ128F424CE56,294,91,False
TRJFRRW128F931C249,227,171,False
TRJFRXQ12903CED2D1,1,1,False
TRJFRYG128F147CD2E,4835,1678,True
TRJFSBI128F92E7D20,810,319,False
TRJFTSI128E0781CF3,37,16,False
TRJFVQV128F934AAC3,3,2,False
TRJFYWT128F934BADC,23,11,False
TRJFZAC128EF346003,1,1,False
TRJFZPJ128F1497386,1825,386,True
TRJGAAR128F93009AF,5,3,False
TRJGAOT128F1469AA2,6,4,False
TRJGBPM128F422F8D3,189,40,False
TRJGCVQ128F428C890,341,39,False
TRJGCYN128F9314728,828,292,False
TRJGDRR128F92E08BC,1307,616,True
TRJGDTG128F421CE22,21027,9314,True
TRJGFMN128EF343757,196,101,False
TRJGFPM128F4296AE6,11,9,False
TRJGFUR128F425CEE9,23,14,False
TRJGGAM12903CF931F,202,64,False
TRJGGTT128F42AB2C1,833,456,False
TRJGHQM128F428F5FB,515,175,False
TRJGHTZ128F93513AA,77,38,False
TRJGJTH128F4291A81,1531,680,True
TRJGKHB128F930FDA2,3363,956,True
TRJGKKL12903CE2A08,203,87,False
TRJGLJU128F14AC25B,2598,1438,True
TRJGLLM128F9312963,226,93,False
TRJGLLO128F425B713,382,205,False
TRJGLQC128EF33F517,12,7,False
TRJGLRT128F92EC592,1,1,False
TRJGLXN128F931C2F0,38,24,False
TRJGMHJ12903C95501,47,35,False
TRJGNEC128F4229541,11,6,False
TRJGOLE128F424E679,6,5,False
TRJGOQM128F425E0BA,240,120,False
TRJGOQP128F146EDC2,1995,907,True
TRJGOYW128F14AE256,3,3,False
TRJGPPP128F92ED267,44,21,False
TRJGPVS128F1484180,177,84,False
TRJGRBA128F42A3830,52,31,False
TRJGRFM128F4281AE7,138,79,False
TRJGRQB128F426F5DE,396,112,False
TRJGRYI128F4267D63,199,55,False
TRJGRYZ128EF343350,248,100,False
TRJGSGB12903CACEDA,2328,935,True
TRJGSIT128E0791E62,23,11,False
TRJGSNR128F92FCDCE,213,44,False
TRJGSVW128F9329C43,310,200,False
TRJGTBF12903CB546D,207,89,False
TRJGTKE12903CDBF5E,222,85,False
TRJGUFE12903CE896C,1262,598,True
TRJGUNZ128F930F037,1,1,False
TRJGUOR128F423AEBF,103,66,False
TRJGUSV128F92EA53B,2,1,False
TRJGVKQ128F427C335,2,1,False
TRJGWBI12903CF4653,626,349,False
TRJGWCJ128F92EDE27,131,49,False
TRJGWMZ128F149F0BD,192,88,False
TRJGXEI128F147E695,378,219,False
TRJGXZN128F930A57C,17,5,False
TRJGZCD128E0791819,882,370,True
TRJGZYN128F428B7C9,2049,1155,True
TRJHALL128F92C48B6,4457,1198,True
TRJHBBS128F92C456D,427,171,False
TRJHCON12903CBFA2F,1459,521,True
TRJHCWS128F425D94C,40,18,False
TRJHDRL128F92DC206,78,35,False
TRJHDXL128F9322F45,52,18,False
TRJHERH128F42776E0,102,53,False
TRJHFIP128F92F2630,2032,734,True
TRJHFKH128E0788A28,298,172,False
TRJHFUG128F92DE6B1,416,214,False
TRJHFWJ128F4284F40,78,31,False
TRJHGUB128F427207E,289,86,False
TRJHGWQ128F429485B,4,4,False
TRJHHBQ128F42644D8,1251,289,True
TRJHHFQ128F422DDDF,194,20,False
TRJHJRD128F423AF46,179,90,False
TRJHJTR128F429882C,16,9,False
TRJHKBI12903D0FD6C,845,339,True
TRJHKSL128F92EB4AD,88,41,False
TRJHLTF128F931F1CB,3002,1176,True
TRJHLZR128F149B900,45,23,False
TRJHMHE128F1494352,2,2,False
TRJHNCJ128F934AF42,6,5,False
TRJHNMH128F92CF472,24,10,False
TRJHNTH128F42699AF,25,10,False
TRJHNYK128F42939AF,142,38,False
TRJHPOR128F930E260,94,40,False
TRJHPUC128F4277708,17,10,False
TRJHPUK128F932791F,150,55,False
TRJHPZP128E0789C02,3903,1618,True
TRJHQWM128F423F06E,3624,1441,True
TRJHRCN128F4260D26,446,163,False
TRJHRGI128F149288C,79,23,False
TRJHSBJ128F93290E6,44,19,False
TRJHSBY12903CE2714,933,369,True
TRJHSKL128F92E4EC7,2448,554,True
TRJHTBA128F93586B1,974,478,True
TRJHTEK12903CD9C4A,423,236,False
TRJHUVJ12903CFF678,146,71,False
TRJHVWR12903CD1971,611,302,False
TRJHWUU128F42918AD,307,176,False
TRJHWXA128F4241A77,1371,631,True
TRJHXEO128F425C34E,249,88,False
TRJHXHB128F4279C50,111,17,False
TRJHYFM12903CE3DDF,635,491,False
TRJHYON128F9301354,244,70,False
TRJHZFW128F42827E5,844,288,True
TRJHZQS128F422A5E5,158,49,False
TRJIACG128F42B4559,170,47,False
TRJIAFY128F92EF7D1,155,37,False
TRJIAFZ128E078113C,1108,590,True
TRJIBDX128F4299E1E,5702,1913,True
TRJICIV128F934D99D,45,26,False
TRJICNQ128F4246CEF,18,13,False
TRJICVO128F421A511,499,276,False
TRJIEJX12903CF2202,79,35,False
TRJIEML12903CABB25,49,21,False
TRJIENX128F934AFBE,206,102,False
TRJIFAY12903CF81E2,340,137,False
TRJIFKQ12903CF5BDF,4,4,False
TRJIFTM128F92F5F43,21,2,False
TRJIGXA128EF33FE3D,4,3,False
TRJIHNH128F932A9B0,60,38,False
TRJIHSQ128F9342C96,478,201,False
TRJIIBZ128F148D69A,2343,873,True
TRJIIML128EF345FA5,401,171,False
TRJIJRM128F4293F1E,947,288,True
TRJIKFV128F930AAAE,82,35,False
TRJIKUL12903CB24D7,77,39,False
TRJILDU12903CB07CA,45,25,False
TRJILGN128F9354720,254,125,False
TRJILQW128F42750BE,15,7,False
TRJILZI128F4281E98,28,18,False
TRJIMIE128F932F28F,781,235,False
TRJIMLR128F932B413,4,1,False
TRJININ128F425824A,155,60,False
TRJINSX12903CB9A29,212,96,False
TRJINTI128F149122C,11,8,False
TRJIOIM12903CF5159,377,122,False
TRJIOIT128F934C14D,189,74,False
TRJIOKU128F42AE298,166,129,False
TRJIPFZ12903CFEC10,14,9,False
TRJIPHN128F932DEF4,3,2,False
TRJIPKZ128F42765AF,2158,892,True
TRJIRPQ128F931BD74,247,189,False
TRJISIO128F145549E,1565,702,True
TRJISKV128F423AAF2,300,158,False
TRJISNW128F1485B00,249,113,False
TRJISWY128F931707E,8,3,False
TRJISYX128F93112D5,2846,1382,True
TRJITGN128E078637E,744,408,False
TRJITHC128F4277BA0,584,273,False
TRJITHO128F9316E65,71,47,False
TRJIUMR128F423D3E8,75,37,False
TRJIVGG128F92E63FB,16,6,False
TRJIVTK128F4278186,7,7,False
TRJIVWM128F427FD71,445,199,False
TRJIWJJ128F92FF536,398,87,False
TRJIWUT128F4252268,40,29,False
TRJIXWC128F426AADB,54,17,False
TRJIYFO128F4280F43,155,47,False
TRJIYRZ128F934BCFB,36,19,False
TRJIZIC128F92FA04E,1618,519,True
TRJIZKR12903CDA60F,733,363,False
TRJIZXZ128F426D0A9,449,156,False
TRJJAPQ128F4216B17,508,288,False
TRJJBGR128E0781107,94,59,False
TRJJBKS128F424BD2B,772,156,False
TRJJCFM128F42B8324,308,180,False
TRJJCJQ12903CD2DD3,49119,13910,True
TRJJELX128F9309DCF,484,231,False
TRJJENO128F422AD8F,228,105,False
TRJJFER128F147A333,263,153,False
TRJJFLZ128F422A78A,75,48,False
TRJJGPD128F931A4C5,665,356,False
TRJJHXN128F4217D03,9,5,False
TRJJIPV128F4262DB7,31,19,False
TRJJIYW128F4266DF2,126,44,False
TRJJJJW128F425E8C1,135,98,False
TRJJJRO12903CDFAD3,2,1,False
TRJJKJQ12903D061D3,2087,635,True
TRJJLZH128F14ADCA8,319,148,False
TRJJNWC128F9343EF0,19,7,False
TRJJPOE12903CDBF35,308,157,False
TRJJQNH128F92CEB62,3225,946,True
TRJJQRG128F148B724,4834,1324,True
TRJJRJB128F4286928,50,34,False
TRJJRJI128F1474062,40,26,False
TRJJRPT128F1485055,10,7,False
TRJJSAD128F4256B0D,1142,630,True
TRJJSWA128F42AB507,32,19,False
TRJJTNB12903CF20F5,44,9,False
TRJJUSO128F92F06CB,35,6,False
TRJJVBR128C7196DF6,1290,639,True
TRJJWLJ128F428AD88,2191,503,True
TRJJXHP128E07898C1,145,30,False
TRJJXZK128F423A317,38,15,False
TRJJYEI128E0791261,1809,749,True
TRJJYOO128F428D132,4345,1426,True
TRJJYXI128F4237D5D,67,29,False
TRJJZIP128F934B280,614,258,False
TRJJZVN128F93112C7,2273,1172,True
TRJKAKF128F92F50DF,147,43,False
TRJKAPB128F4259EB3,138,64,False
TRJKAUI128F429873F,1030,390,True
TRJKBEN128F424C62F,1308,454,True
TRJKBJY128F42B507C,5850,1979,True
TRJKBXA128F92C986D,3,3,False
TRJKCWG12903CD94A0,119,73,False
TRJKCXV128F148CCB2,75,44,False
TRJKDIM128F92F2B51,17,13,False
TRJKESG128F422848A,5,3,False
TRJKETV128F4216263,80,36,False
TRJKFEB128EF3582BF,23,15,False
TRJKGCF128E0793F5B,61,28,False
TRJKHDH128F147AEDC,686,285,False
TRJKHEX128F1458AAA,1005,546,True
TRJKHIM128F4284B83,333,171,False
TRJKHPT128F92F434E,246,93,False
TRJKIVU128F9300E1C,157,55,False
TRJKIWX128F92CFE46,184,58,False
TRJKJKM128F92D1374,1186,340,True
TRJKJLX128F935385D,7,6,False
TRJKKAQ128F14B122B,230,55,False
TRJKKIN128F1460DB7,1682,642,True
TRJKLII128F4252E0F,3814,1877,True
TRJKMTV12903CB0388,46,29,False
TRJKNMV128F14778F3,51,16,False
TRJKNRV12903CFF251,495,152,False
TRJKNUH128F42689AD,89,21,False
TRJKOKW128F92E36FB,2234,567,True
TRJKOWS128F14A49C0,577,379,False
TRJKPFL12903CCE490,675,412,False
TRJKQHT128F92EB3C4,1285,553,True
TRJKRBJ12903CF9E3B,24,15,False
TRJKRWX128F423AAF6,4495,1604,True
TRJKTIC128F92F20D7,3090,1097,True
TRJKUDK128F421B7B8,2,1,False
TRJKUUT128F4247F5E,3817,2670,True
TRJKUXJ128F9320128,94,34,False
TRJKXIP12903CF446E,32,20,False
TRJKZHB12903CEC8FE,18,13,False
TRJKZSM128E078D3CB,462,273,False
TRJKZTC128F14676A9,759,473,False
TRJLAGN128F1462B78,8117,1751,True
TRJLAWX128F421449F,484,301,False
TRJLCWM12903D05207,186,112,False
TRJLDGD12903CF5DF6,14,8,False
TRJLEZM128F92E3FF7,538,338,False
TRJLFKN128F425E65A,69,46,False
TRJLGDN128F425DDED,141,33,False
TRJLGKT128F932C1FC,364,199,False
TRJLGXB128F93043EA,6539,4095,True
TRJLHVM128F14844CB,152,84,False
TRJLJHU128F4281C36,3758,1515,True
TRJLKEV12903CC1F99,84,44,False
TRJLKIV128F4291F94,42,24,False
TRJLKMJ12903CB8E1A,12,11,False
TRJLKMS128F1494A77,17,6,False
TRJLKYU128F4250871,16,8,False
TRJLLBZ128F426B94F,31,19,False
TRJLLVG128F424793E,18,11,False
TRJLMOQ128F930C181,795,135,False
TRJLNJC128F92C2955,8,5,False
TRJLOPB128F428CFE4,57,31,False
TRJLORC128F429596A,602,325,False
TRJLQAI128F934C24E,674,188,False
TRJLRCA12903CFB3CD,88,48,False
TRJLRSR12903CF2561,789,231,False
TRJLSHH128E0792FCC,132,94,False
TRJLSMP128F934C3B8,94,33,False
TRJLSSN12903CFD7A1,638,280,False
TRJLTDH128F9309935,3,2,False
TRJLTOB128F92DE249,873,322,True
TRJLTZJ12903CCBC23,1503,719,True
TRJLUDQ128F92FD765,226,131,False
TRJLVEN128F92D5936,30,12,False
TRJLVOB128F931EB19,4135,1605,True
TRJLVQF12903CE32F1,102,51,False
TRJLWLA128F9348777,315,144,False
TRJLXSZ128F428941C,42,25,False
TRJLXWY12903CBBCB0,131,34,False
TRJLZIU128F932B3F2,48,25,False
TRJLZNV128F9306B9A,5,1,False
TRJLZZU128F4291659,5,5,False
TRJMABB128F92DD06A,394,66,False
TRJMBDA128F933D582,23,11,False
TRJMBYN128F93043D9,4382,1429,True
TRJMCHA128E0797554,2185,983,True
TRJMESB128F92F8820,146,68,False
TRJMFWC128F934FA62,6,3,False
TRJMGFY128F92EAC61,249,84,False
TRJMHDP128F4213E25,229,116,False
TRJMHKF128F14692F4,1,1,False
TRJMIEG128F4281E89,232,147,False
TRJMIEZ128F934765F,1026,303,True
TRJMIIA128F42A34AE,35,17,False
TRJMIKI128F92FF771,5,3,False
TRJMIUI128E078129C,370,179,False
TRJMKEU12903CF25E1,291,220,False
TRJMNGT128F14857CE,437,219,False
TRJMNVA128F424883B,60,45,False
TRJMNZM12903CA8DF4,81,41,False
TRJMORX128F92D5941,35,13,False
TRJMOTX128F9340808,87,55,False
TRJMQEA128EF35F63B,370,153,False
TRJMRQA128F42A297A,362,268,False
TRJMRSX128F935AEEE,6,2,False
TRJMUAA128F931A266,1105,625,True
TRJMUOT128F4275ED7,662,278,False
TRJMUVN128F423D014,1953,811,True
TRJMVEJ128F42A6576,121,13,False
TRJMWNO12903CDCF71,128,48,False
TRJMWYR128F9326999,39,20,False
TRJMXMF128F4276F6E,563,263,False
TRJMZAL128F424843A,81,36,False
TRJMZNC128F931626B,537,246,False
TRJNALY128F4265B66,351,111,False
TRJNAOW128F4263BC9,29,14,False
TRJNAXS128F4294767,480,157,False
TRJNBCU128F421B3C1,241,137,False
TRJNBPF128F427E832,8,5,False
TRJNBYE128F428BDD4,8,4,False
TRJNCQD128F429B01E,802,336,False
TRJNCWW128F92C9271,507,332,False
TRJNDPV128F4241A97,471,245,False
TRJNEBY128E0783A4E,1751,613,True
TRJNEFM128F92EF06E,6,6,False
TRJNFGC12903CB3E1E,530,266,False
TRJNFSZ128F4289D53,2564,1026,True
TRJNFUX128F932BF4A,2,2,False
TRJNGBW128F930276C,3721,1346,True
TRJNGCL128F4277494,230,106,False
TRJNHJB12903CE62EC,31,6,False
TRJNHKZ128F4262434,771,308,False
TRJNHPN128F92EF139,79,20,False
TRJNHSX128F9306EBD,16,14,False
TRJNJFN128F147FC38,1,1,False
TRJNLAT128F423B17D,2,1,False
TRJNLCK128F1463E2B,1100,287,True
TRJNMFS128F4284A3A,108,72,False
TRJNMGP128F92E0427,1,1,False
TRJNMNC128F427ED16,805,632,False
TRJNNTD128F92E87CD,127,109,False
TRJNOAE128F92FCE08,406,238,False
TRJNPCW128F9306043,2393,1195,True
TRJNPGF128F427A831,5429,3410,True
TRJNPPQ12903CDF0A8,92,37,False
TRJNPRK128F93011D2,13,6,False
TRJNPRN128F425B41F,36,5,False
TRJNPSI128F14AE7CC,102,25,False
TRJNPZO12903CFEDB9,425,276,False
TRJNQMB12903D0C383,863,322,True
TRJNQXF128F425F0A1,86,31,False
TRJNRAT128F14534F8,41,17,False
TRJNRFL128F1456E5C,159,111,False
TRJNRHN128F92DF828,32,9,False
TRJNRZE128F42A7F0E,138,83,False
TRJNRZQ128F427104C,43,20,False
TRJNSNT12903CB787A,57,35,False
TRJNSRM128F934BBF9,167,74,False
TRJNUOP128F933196D,121,25,False
TRJNUXC128F92EF7CC,173,110,False
TRJNVDT128F4268525,151,52,False
TRJNVMS128E0789E6D,79,38,False
TRJNVNI128F14934F1,5,4,False
TRJNVSA128F422BFD6,44,19,False
TRJNVZY128F9307D1A,8,7,False
TRJNWTR128F9346B8A,10429,3025,True
TRJNXUF12903CF5AAB,83,38,False
TRJNXVK128F934BE00,17,1,False
TRJNXVO128F428BE77,18,16,False
TRJNYKL128F1488552,815,349,False
TRJNYLB128F930640F,8,3,False
TRJNYOP128F426A5F9,26,11,False
TRJNZIZ128E07929A9,453,261,False
TRJOAFC128F426A850,131,89,False
TRJOAKL128F428278E,213,153,False
TRJOANL128F424CB97,73,27,False
TRJOCGY128F930B8E3,95,47,False
TRJODCV128F42625AA,228,117,False
TRJODFS128F424A792,81,37,False
TRJOFKB128F429594A,39,17,False
TRJOFMB128F92E7A90,38,27,False
TRJOFPA128F4263F6D,28,11,False
TRJOFSP128F92F6E41,15,9,False
TRJOGGW12903CEDF84,1,1,False
TRJOGWP128F92D2CB8,1693,536,True
TRJOHJF12903D063CB,4,3,False
TRJOJKW128F429154E,22,17,False
TRJOJTG12903D08195,665,297,False
TRJOKXM128F428CC71,2457,690,True
TRJOLDA12903C9B66F,1,1,False
TRJOLQX128F92FFFA4,7,3,False
TRJOLVL128F4262D6E,5816,2212,True
TRJOMDX12903CA79FA,19,13,False
TRJOMYU128F934B386,6,4,False
TRJONXO12903D00566,762,116,False
TRJONXS128F9314931,52,15,False
TRJOOUN128F4260DF7,13,5,False
TRJOOWA12903CE5B15,16,9,False
TRJOQLY128F425E529,383,62,False
TRJOQMQ128F9353D77,10,5,False
TRJORIW128F14AE2DF,124,78,False
TRJORZE128EF350B98,396,275,False
TRJOSAU128F9326DC2,28,19,False
TRJOSVP128EF3439E4,58,26,False
TRJOTHR128F92FE981,51,30,False
TRJOTPI128F92F0D51,12587,3663,True
TRJOVUZ128F429ADFD,197,83,False
TRJOWFP128F92C3F7E,989,240,True
TRJOYBZ128F92F326F,93,39,False
TRJOYXD128F9311F09,6725,1904,True
TRJOZBA128F9316640,154,58,False
TRJOZKO128E0798848,6396,1991,True
TRJOZPE128F92D5D88,666,471,False
TRJOZYU128F1462C57,23,15,False
TRJPABB12903CF0C88,290,125,False
TRJPALJ128F930CC05,2,2,False
TRJPARF128F428EE13,414,263,False
TRJPAZM128F149F027,240,59,False
TRJPBFD128F427EA58,8,5,False
TRJPBGX12903CA5C70,2,1,False
TRJPEZW12903CE685B,12,9,False
TRJPEZX128F42396D2,5162,2973,True
TRJPFAE128F4239809,54,26,False
TRJPFPE128F429EB46,1969,1426,True
TRJPGCI128F42785F1,2,2,False
TRJPGNT128F422D582,180,56,False
TRJPGRM128F42B7B95,106,56,False
TRJPHBI128F4258D3B,155,24,False
TRJPHGH12903CC1B60,123,39,False
TRJPJZK128F428A3DB,33,18,False
TRJPKFT12903CD8434,55,29,False
TRJPKIO128F92F987D,104,63,False
TRJPKNI128E07937CA,666,458,False
TRJPKOT128F92EA257,12,12,False
TRJPKRI128E0791288,1209,385,True
TRJPLBX12903D075D6,2643,834,True
TRJPLCI128F932BB1F,607,371,False
TRJPLDE128F4290131,181,108,False
TRJPMKH128F42679D2,832,224,False
TRJPMWW128F930868F,2005,1256,True
TRJPOBO128F4262230,104,66,False
TRJPOHQ12903CF5E6C,3,3,False
TRJPOZW128F42668B0,33,11,False
TRJPPCF128E0789761,15,10,False
TRJPPMD12903CF0A90,416,230,False
TRJPPZX128F93359BB,22,8,False
TRJPQCB128F930CADC,24,13,False
TRJPQXG128F421C5A9,47,34,False
TRJPRFU128E07993C5,1127,756,True
TRJPSDQ128F9302A46,4261,1883,True
TRJPSPA128F4262634,2,2,False
TRJPSPY128F42AD8E2,400,140,False
TRJPSUJ128F423C32A,7511,2683,True
TRJPSZM128F92EF90E,1495,1081,True
TRJPVNU128F42B910E,1,1,False
TRJPWPJ128F92FFA90,158,68,False
TRJPWWW12903CA7353,760,341,False
TRJPXDL128F4294E94,225,111,False
TRJPXHA12903CA2CF2,199,49,False
TRJPXNU128F42512AF,51,17,False
TRJPXVK128F425DD62,562,233,False
TRJPXXL128F14AAF76,46,25,False
TRJPYIZ12903CB23F4,74,44,False
TRJPYRO12903CE8278,203,81,False
TRJPZBS128F149798F,201,83,False
TRJPZDN128F931DCAE,5,5,False
TRJPZJR128F92E16B7,1707,1261,True
TRJPZMH128F92E7BE6,170,77,False
TRJPZPS12903CF05E4,86,36,False
TRJPZXJ128EF34E07A,26,13,False
TRJQAEN128F92E0589,2156,1672,True
TRJQAIS128F932A3EE,606,261,False
TRJQAMZ128F934C187,301,133,False
TRJQAWT128F4285816,41,26,False
TRJQCWO128E078199D,439,192,False
TRJQCXU128F4230F9A,84,31,False
TRJQDLX128F42ACFA4,421,168,False
TRJQDSM128F930513D,53,37,False
TRJQEVJ128F9348106,2512,904,True
TRJQFHC128F9338A18,7,4,False
TRJQFPI128F1490E9B,13,6,False
TRJQHJF128F146259F,1858,630,True
TRJQHOS128F4271775,4513,2158,True
TRJQIAS128F424A408,108,83,False
TRJQIEI128F4259ABA,479,219,False
TRJQIUR128E079087D,94,56,False
TRJQIZB128F4248477,98,34,False
TRJQKHX128F932EDCA,2246,1567,True
TRJQKVF128F428671D,281,185,False
TRJQLPV128F934AEF7,1,1,False
TRJQMCI128F92E3F86,63,29,False
TRJQNCT128F4273C73,28,18,False
TRJQNPY128F932E1F7,496,142,False
TRJQNRS12903CC44FE,101,47,False
TRJQNZH12903CDB03A,59,42,False
TRJQOIW128F9329E58,36,17,False
TRJQOXD128F1465A6A,301,116,False
TRJQQHU128F4258641,298,136,False
TRJQRAP128F9314B3F,12422,4895,True
TRJQRHL128F423A68A,119,61,False
TRJQRQK128F14989D9,1002,571,True
TRJQRQO128F4262429,2025,733,True
TRJQSKR128F42A859E,10,7,False
TRJQTJT128F148F423,2487,727,True
TRJQUHB128F424AD55,16,10,False
TRJQVPN128F932BE9C,19,4,False
TRJQWMH12903CF75A2,319,105,False
TRJQXHV128F92CDD92,1081,358,True
TRJQXKS128F934B278,673,269,False
TRJQXOH128F932723A,5,1,False
TRJQXOO128F1475D31,24,23,False
TRJQXYL128F426EC3B,479,207,False
TRJQXZG128F4266DEE,383,135,False
TRJQYRG128F930108B,217,77,False
TRJQYTW128F429871A,788,299,False
TRJRBOJ128F42383E9,2658,1540,True
TRJRBWA128F9317175,1237,1034,True
TRJRBYQ128EF34DB1C,1868,785,True
TRJRDCZ128F427FC25,5853,2464,True
TRJRDNP128F14708B0,4,1,False
TRJREZB128F429528E,3,3,False
TRJRFNN128F429EA32,1706,1369,True
TRJRGKP128F425CF90,145,65,False
TRJRHHD128F1482617,98,73,False
TRJRHVF128F427C237,677,239,False
TRJRIFH128F147F596,112,77,False
TRJRIHX128F147CBC5,1991,946,True
TRJRJFL12903CA8301,123,62,False
TRJRJXY128F42911D4,259,30,False
TRJRKNT128F4219FA8,171,36,False
TRJRKRN128F148CCAA,112,71,False
TRJRKVO128F4226F88,701,290,False
TRJRLBW128F428E45C,38,11,False
TRJRMAE128F423EEE1,2678,1183,True
TRJRMFG128F429E233,154,87,False
TRJRMMB128F9336C93,3237,902,True
TRJRMVM128F4259C12,722,305,False
TRJRNBV12903D038CE,280,108,False
TRJRNQS128F42201EA,745,301,False
TRJROFE128F932C497,73,41,False
TRJROJZ128F422907D,29,14,False
TRJRPKR128F427505D,58,26,False
TRJRQWR128F423EAD3,539,232,False
TRJRQZC128E0789C85,82,33,False
TRJRRMT128F424999E,23,14,False
TRJRSCW128F92FDB4C,4023,956,True
TRJRUJT128F932E1C1,37,24,False
TRJRURF128F423DA73,26,17,False
TRJRVEB128F931EB16,369,230,False
TRJRWQO12903CAFE7E,492,173,False
TRJRXDZ128F933A52C,15,11,False
TRJRXXH12903CA8346,1675,554,True
TRJRYMP128F9316CDC,1,1,False
TRJRYWB128F4236C75,99,39,False
TRJSAHI128EF345D22,100,41,False
TRJSAID128F934D596,1201,520,True
TRJSBCG128F9309677,28,11,False
TRJSBTM128E0793324,2975,1063,True
TRJSCEE128F93419D7,826,196,False
TRJSCUB128F93231FE,750,360,False
TRJSDVW128F1467D54,668,284,False
TRJSENV128F14968A1,75,40,False
TRJSEXD128F423DBC4,13742,5954,True
TRJSFTF128F146825B,4,3,False
TRJSFZJ12903CF96BE,1,1,False
TRJSGCE12903CB5C34,1433,468,True
TRJSGCS128F4239B1F,7,3,False
TRJSGDR128E07889FA,27,12,False
TRJSGIG128F426CCD5,828,249,False
TRJSGYB128F42ACCF1,356,70,False
TRJSHVF128F42812B6,433,224,False
TRJSIOS128F426C137,19,8,False
TRJSKYX128E0798A5C,292,114,False
TRJSLAQ12903CA8E30,130,33,False
TRJSLBG128F428C1C5,3,2,False
TRJSLIQ128F421BD44,220,118,False
TRJSNAT12903CA600E,23,7,False
TRJSNBK128EF343A72,1324,700,True
TRJSPWC128F1476F97,3954,821,True
TRJSQAD128F42963DB,12,9,False
TRJSQEO128F4262ED2,466,274,False
TRJSQQT128F149F9B4,9561,5818,True
TRJSRAV128F931F50F,1,1,False
TRJSRSO128F4256B1B,13,11,False
TRJSRTW128F428B6E9,335,191,False
TRJSTNN128F92E16AE,1506,1222,True
TRJSTRA12903CCA6E9,3897,1454,True
TRJSUPC128F425E8B6,718,250,False
TRJSVLL128F9325171,972,240,True
TRJSVML128E07921B7,535,248,False
TRJSWRB128F92E0895,549,380,False
TRJSXBU12903CB9FE6,755,349,False
TRJSXCO12903CF8E83,850,153,True
TRJSXNV128F932B41E,70,24,False
TRJSXQQ128F429B0A8,453,225,False
TRJSYWK128EF343C87,178,99,False
TRJSZMY128F9341407,8,3,False
TRJTAGK128F4274196,261,142,False
TRJTBII128F935A612,434,186,False
TRJTCUF128F42409CF,78,54,False
TRJTEBO128F4265922,119,51,False
TRJTEQH128F1455563,323,178,False
TRJTFMF128F429E16C,312,180,False
TRJTFPC128E078AA03,75,52,False
TRJTFQP128F4256892,796,479,False
TRJTGGQ12903D1188F,56,30,False
TRJTGSX12903CAF49D,19,8,False
TRJTHQR128F424B26C,16,13,False
TRJTHQT128F4261855,32,4,False
TRJTIRD128F42626F8,153,117,False
TRJTJAO128F42ACE87,2372,894,True
TRJTJQZ128F9327999,383,64,False
TRJTKHV128F9315E3F,3,2,False
TRJTLFJ128F425DD30,37,14,False
TRJTMTR128F933FE19,1,1,False
TRJTOER128F92C5A80,1574,915,True
TRJTPYU128F9314659,398,187,False
TRJTQLK128F427F680,103,21,False
TRJTQTT128F934D622,143,41,False
TRJTRAD12903CC24DB,138,44,False
TRJTROJ128F92FE2C6,188,78,False
TRJTSGS128F4271F6C,163,44,False
TRJTSUF128F93224A6,157,97,False
TRJTTGL128F93126D3,15,2,False
TRJTUJB128F4253082,60,41,False
TRJTVGH128F934BC32,153,69,False
TRJTVOT12903CCC5C9,3921,1558,True
TRJTVPM128F933AE78,9,3,False
TRJTXET128F930C4BF,322,101,False
TRJTXTY128F426AA43,297,108,False
TRJTYHF128F427F58B,1372,849,True
TRJTYIP128E0799043,824,325,False
TRJUAGA128F427D1F9,125,50,False
TRJUAGI128F426177C,5001,1289,True
TRJUAXZ128F426933B,36,26,False
TRJUBBF128F42A604D,21,9,False
TRJUBVQ128F4282114,161,63,False
TRJUCGU128F933DE4E,1610,531,True
TRJUCXU128F4286D11,4,4,False
TRJUDAD128F92E8AB5,959,441,True
TRJUDBG128F930CBE6,27,10,False
TRJUDMR128F92F9569,127,101,False
TRJUDTC128F428194A,104,31,False
TRJUDVF128F425C8D1,666,450,False
TRJUDYM128F92E82A7,39,11,False
TRJUDZI128E0788BB8,9,5,False
TRJUETT128F146EDBA,582,227,False
TRJUEVI128F92EA2F4,213,79,False
TRJUHLS128F42919F1,1116,590,True
TRJUIBE128F149C5AC,386,118,False
TRJUIBH128E0793AF1,14703,2201,True
TRJUIZZ128F4286D08,8,5,False
TRJUKIV128F42919CD,699,450,False
TRJULCT128F42947D1,1677,729,True
TRJUMPZ128F93371C8,42,31,False
TRJUNHB12903CF2D6E,4,2,False
TRJUNKJ128F429B081,742,352,False
TRJUOHR12903CB6559,205,73,False
TRJUPFF128EF35C780,110,59,False
TRJUPJZ128F42722B0,49,11,False
TRJUPMS128F42784C1,468,101,False
TRJUPUJ128F92EB5F7,98,45,False
TRJUPUL12903CDCEFA,13,4,False
TRJUQIB12903CBFD4E,7757,1081,True
TRJUQIJ128F9316B52,6400,3113,True
TRJUQSQ128F92F0715,2015,526,True
TRJURKY128F426A85C,427,282,False
TRJUSDQ12903CE29EC,156,70,False
TRJUSQL12903CC1330,7,5,False
TRJUSRX128F422025C,3,3,False
TRJUVDF12903CB3FB1,457,132,False
TRJUWPS12903CC0961,14,7,False
TRJUXXZ128F9333EBD,1400,548,True
TRJUYBK128F9327FA2,3,3,False
TRJUYHK128F92E73BB,85,32,False
TRJUYRT128F935A63F,1476,604,True
TRJUYTY12903D05DB4,11,9,False
TRJUYZL128F425A747,3797,1340,True
TRJUZQW128F93224D1,469,190,False
TRJVAIW12903CFEBBF,517,231,False
TRJVAMJ128F42557E7,43,16,False
TRJVBKW128F42137C9,45,23,False
TRJVBTW128E078199E,145,93,False
TRJVCDI128F93079E4,423,262,False
TRJVCDM12903CD105A,2,2,False
TRJVCHB128F4292F5E,187,107,False
TRJVCQU128F930032F,34,26,False
TRJVCXB128F42873FE,306,138,False
TRJVDFI128F92E8AC6,42,22,False
TRJVDPD128F4251496,339,244,False
TRJVDSR128F14716CD,4,4,False
TRJVESI12903CF1F6B,6,5,False
TRJVHCG128F42AD91C,1,1,False
TRJVHFX12903CB74BF,1576,560,True
TRJVHHB128F423786F,181,93,False
TRJVJGC12903CC54DE,71,29,False
TRJVJSH128F148CF58,345,199,False
TRJVJYH128E0789677,468,157,False
TRJVNPE128F932ADA5,25,14,False
TRJVNQX12903CBB3EA,1208,590,True
TRJVQBH128F930277C,945,364,True
TRJVQNR128F92DC53D,389,177,False
TRJVSZI128F92FB83E,48,13,False
TRJVTZW12903CFCDE3,357,113,False
TRJVURR128F92F0866,22,13,False
TRJVUYC128F4250728,246,160,False
TRJVVGQ128F93105D1,46,21,False
TRJVVOZ128E0789134,152,59,False
TRJVXSA12903D0C3B5,3,3,False
TRJVYXO128F423A3DA,1233,236,True
TRJVZXB128F4279308,1123,660,True
TRJVZYM12903D09FE9,33,20,False
TRJWADZ128F933D775,4,2,False
TRJWAGV12903CDAF0B,50,29,False
TRJWAOA12903CE4EF6,1948,242,True
TRJWBFA128F149B8FB,446,216,False
TRJWCOA128F149B5C3,6,2,False
TRJWDBG12903CF40AE,112,20,False
TRJWDJV128E0781F36,13,9,False
TRJWDXF128EF3582C0,82,18,False
TRJWEET128E07824D7,920,551,True
TRJWFAY128F92E1C10,37,8,False
TRJWGJE128F92EBF6C,1361,472,True
TRJWGLF128F149960E,12,6,False
TRJWHBW128F14AE347,145,68,False
TRJWHNN128F4264582,47,32,False
TRJWHOV128F426263D,5,3,False
TRJWHQW12903CBADB0,82,37,False
TRJWHTK128F426A4AC,76,31,False
TRJWHZE128F4213D23,470,199,False
TRJWILN128F145E197,1037,489,True
TRJWJZX128F932A3A0,12,7,False
TRJWKTI128F92D3C49,800,285,False
TRJWKWN12903CBCAE1,3,3,False
TRJWKZZ128F148B0E9,689,318,False
TRJWMDD128F425C189,26,9,False
TRJWNUQ128F42427D5,73,47,False
TRJWOFT12903CA50A2,11,6,False
TRJWRCP12903CCC094,1,1,False
TRJWRRU128F42370F8,159,60,False
TRJWTEW128F4288786,83,46,False
TRJWTJV128E07929B0,442,223,False
TRJWTYN128F9307C73,1396,615,True
TRJWUCJ128F9332FB7,240,104,False
TRJWVDL128F4229374,33,15,False
TRJWWDD128F4292F03,105,67,False
TRJWWKQ128F14787E1,324,221,False
TRJWXIA128F426A966,63,46,False
TRJWXRC128F422D99C,19,12,False
TRJWYAD128F1464455,300,109,False
TRJWZII128F92CA924,2890,907,True
TRJXAKS128F428E25D,67,49,False
TRJXBCI12903CEC353,181,83,False
TRJXBXO128C7196DEF,1384,622,True
TRJXCFP12903CF241C,35,14,False
TRJXDKB128F93280DE,500,243,False
TRJXEKH128F4275408,350,113,False
TRJXEMX128F423EE80,126,49,False
TRJXFVO12903CF0402,6,4,False
TRJXFXI128F9310DA3,3329,1761,True
TRJXGOB12903CF5E35,33,11,False
TRJXGPM128F422F3F7,14,5,False
TRJXGQG128F42B5730,5,5,False
TRJXIGI128F9302A5B,10,6,False
TRJXIGZ128F92F481A,281,139,False
TRJXJQQ12903CEF331,2239,857,True
TRJXKCN128F4284A3B,38,19,False
TRJXKPM128F14A895E,11581,4512,True
TRJXKSY128F14525F7,4,2,False
TRJXKXR128F92F6444,6,3,False
TRJXKYX128F424F4B1,12,8,False
TRJXLTW128F933C119,58,42,False
TRJXMAC128F934B741,216,82,False
TRJXNGY128F93319CB,97,53,False
TRJXNTA128F42620ED,114,68,False
TRJXOAG12903CEA55D,28,18,False
TRJXOTB128F4275351,11,7,False
TRJXPGK128F931E8E4,2643,980,True
TRJXPKR128F932BDCC,211,122,False
TRJXQZI12903CBFC4D,3,2,False
TRJXRIL128F146AFCF,89,48,False
TRJXSHB128F42647D4,1206,440,True
TRJXSJK128F4281341,495,276,False
TRJXTQA128F92CA915,71,44,False
TRJXUAC12903CF06A4,1,1,False
TRJXUIK128F427DFA3,130,75,False
TRJXUKG128F4288BF6,532,169,False
TRJXUSM128F422DE0C,20,11,False
TRJXVFS128F14696B2,934,640,True
TRJXVNP128F42969B9,1083,502,True
TRJXWNL128E078B407,317,108,False
TRJXXCX128F429B024,785,349,False
TRJXYIJ128F9317803,40,15,False
TRJXZEZ128F4244FDA,55,23,False
TRJXZFO128F42AC2FF,269,134,False
TRJYAFM128F930497F,62,27,False
TRJYATW128F930750D,5,5,False
TRJYBBZ128F425DD64,330,119,False
TRJYBIE128F146568E,59,41,False
TRJYBRK128F427024D,9,1,False
TRJYDVY12903CB98F7,495,180,False
TRJYECB128F4230F29,111,43,False
TRJYEOI12903CE84B4,15,4,False
TRJYEYR128F1476806,1628,740,True
TRJYFKD128E0793E53,89,47,False
TRJYFRG128F9307148,53,30,False
TRJYGVF128F145E19C,3713,740,True
TRJYIBF128F42A689F,746,373,False
TRJYIES128F934C4FD,42,19,False
TRJYJBL128F9316351,42,22,False
TRJYJSC12903CF2A08,280,104,False
TRJYKDM128F93078F0,138,50,False
TRJYLWK128F92D3E20,2256,523,True
TRJYMBD128F427EDDB,1730,382,True
TRJYMUU128F425C7D6,79,30,False
TRJYNCP128F425C1C9,128,30,False
TRJYPSU128F4265D8D,59,22,False
TRJYPXV128F92E558B,13,10,False
TRJYRCI12903CBAA10,31,12,False
TRJYSIV128F428E271,1393,683,True
TRJYSJS128EF356B75,160,65,False
TRJYSZA128F1489C9A,129,53,False
TRJYTJG128F424847D,32,17,False
TRJYTON128F4293F7B,696,432,False
TRJYTQB128F93169FD,375,192,False
TRJYUJS128F4271ED8,241,179,False
TRJYUXE128F933A34C,16,5,False
TRJYUXS128EF343378,1383,554,True
TRJYXIB128F4255EB0,172,61,False
TRJYYAS128F92EF6FF,23,8,False
TRJYYSD12903D01AC8,222,57,False
TRJYYUM128F933C15D,126,51,False
TRJYZDU128F42BAA54,52,20,False
TRJZAJV128F92CD6D4,7,6,False
TRJZAQO128F92E426B,435,162,False
TRJZASA12903CE47BF,46,14,False
TRJZAXN128F93176B5,671,385,False
TRJZBCT128F1461589,13,10,False
TRJZBLJ128F4233FD8,98,63,False
TRJZDCP128E0791E24,134,79,False
TRJZDTU128F4248A37,23,20,False
TRJZEBT128F92EBF9B,4929,1800,True
TRJZGSO12903CECC6A,6,2,False
TRJZGXV128F92D4C0D,2070,681,True
TRJZIOB128F428194C,99,39,False
TRJZKJB128F93172F4,519,260,False
TRJZKOD128F1462E05,917,492,True
TRJZLOA128F930369C,2150,976,True
TRJZMAH128F145F990,1385,684,True
TRJZMVP128F93475FB,812,232,False
TRJZNJD128F4295607,23,18,False
TRJZNTI128F934826C,56,25,False
TRJZPAG12903D01A16,61,31,False
TRJZPAW128F92E839E,26,13,False
TRJZQRN128F92EB2BC,277,195,False
TRJZRII12903CF74BB,21,10,False
TRJZRTR128F9314B42,24737,9875,True
TRJZRWV12903CF0545,107,80,False
TRJZSDE128E0792A4B,421,216,False
TRJZTJW128F931C120,199,72,False
TRJZVFC128F9339266,23,13,False
TRJZWFS128F425A19C,56,19,False
TRJZXXC128F426B4AC,1,1,False
TRJZYJO128F92CE55E,398,158,False
TRJZYML128F9345157,203,106,False
TRJZZUF128F9332693,160,83,False
TRKAAQX128F92ECA0A,33,10,False
TRKAAWF128F930645A,16,6,False
TRKABMK128F426BF72,6266,3044,True
TRKACKZ128F42397F3,223,113,False
TRKADAQ12903CDF85F,1,1,False
TRKAEUF128F14892F4,1071,424,True
TRKAHAM128E078886F,252,113,False
TRKAIEE128F930F39D,10,5,False
TRKAITB128F1488D29,40,7,False
TRKAIZW128F4246BCB,38,21,False
TRKAKCR128E0791A6B,984,497,True
TRKAKOK128F429DCD8,83,26,False
TRKANZQ128F146BD66,3180,916,True
TRKAONK12903CB13FE,14,7,False
TRKAOOP128F426A9D4,6,6,False
TRKAPYC128F92EF92D,6,2,False
TRKARMP128E0780D7C,358,230,False
TRKAUAK128F9302E53,105,71,False
TRKAUMD128F428CA9C,21,14,False
TRKAWBQ128F9317997,139,60,False
TRKAYOQ128F9312799,8,4,False
TRKAZEF128F92EC17D,184,66,False
TRKAZRI128F931FF5A,913,314,True
TRKBAHH128F4291075,855,418,True
TRKBBAI128F92FD03F,1498,750,True
TRKBBKW128F4267344,559,233,False
TRKBCHZ12903C9DEC6,1,1,False
TRKBCVN128F9332482,246,67,False
TRKBDPX128F423EA9F,298,151,False
TRKBDQY128F92F1457,40,11,False
TRKBDRE128F930258A,590,217,False
TRKBEFY128F42A6C92,411,160,False
TRKBEHR128F933CF04,303,110,False
TRKBEWC128F4266E1F,91,42,False
TRKBFWO12903CEAF7F,221,114,False
TRKBGIX128F4277E8B,206,73,False
TRKBGJQ128F92D7219,625,322,False
TRKBHLZ128F4291BD2,22,17,False
TRKBHQG128F429EB54,1780,1279,True
TRKBHYG128F422ACA7,4,1,False
TRKBIHC12903CCE605,242,119,False
TRKBIUA12903CF447F,135,47,False
TRKBJCQ128E0781BCD,673,354,False
TRKBJDI12903CBFEE9,87,29,False
TRKBJVI128F146048D,18,11,False
TRKBMTW12903CABDE1,7,4,False
TRKBOGQ12903CBDF4E,3558,1474,True
TRKBPCI128F934EC79,111,50,False
TRKBQHD128F92FD2FB,9,6,False
TRKBQYE128F147B08C,12,5,False
TRKBRBA12903D021E4,26,17,False
TRKBRXQ128F934B997,1471,490,True
TRKBSXY12903CE8531,1158,525,True
TRKBTWS128F4241A62,768,409,False
TRKBUIO128F9335C35,163,87,False
TRKBUUS128F93063FD,17,10,False
TRKBUYB12903CF891D,198,75,False
TRKBWKT128F92FAD27,130,50,False
TRKBXIG128E0783B8D,57,34,False
TRKBZZQ128F932CD72,49,14,False
TRKBZZZ128F4272F8D,242,114,False
TRKCBAC128F9326101,2407,777,True
TRKCCSC128F425A29C,108,81,False
TRKCDET128EF356AFB,752,351,False
TRKCDTK128F428191A,6205,1745,True
TRKCFST128F932C072,6,5,False
TRKCFWN128F934CC96,172,131,False
TRKCGMA12903CC9B23,4468,1234,True
TRKCHIY128F42A604F,24,10,False
TRKCJLA128F42621ED,405,204,False
TRKCJQB128F9330EBF,3,3,False
TRKCJUQ128F93297BA,228,124,False
TRKCKCN128F426A9CE,758,418,False
TRKCLGY128F4270381,6,4,False
TRKCMIK128F92FFE9E,3648,1270,True
TRKCPTW128F423051B,909,345,True
TRKCPUS128F42456FE,225,166,False
TRKCQHG128F92E0C1C,10641,3036,True
TRKCQPM12903CC09C1,543,173,False
TRKCTHC128F148570E,151,102,False
TRKCWOV128F930CA8B,148,69,False
TRKCWYJ12903CA15C8,2144,888,True
TRKCYKI128F429C5ED,196,107,False
TRKCYNE128F424754E,4,1,False
TRKDAFD128F9336376,13,2,False
TRKDAFP128F931FB1B,786,238,False
TRKDAFR128F92D8260,355,162,False
TRKDBHF128F14919AA,55,33,False
TRKDDDC128F9339541,7,2,False
TRKDDOG12903CFEAFB,103,42,False
TRKDFFF128F92CBF66,473,310,False
TRKDFQB128F1474A12,1182,434,True
TRKDFSZ128F429480A,197,49,False
TRKDFXB12903CE3C51,63,28,False
TRKDFZL128F92FD2DB,664,203,False
TRKDGNI128F9307D69,107,46,False
TRKDHEQ128E0791264,1799,810,True
TRKDHHI128F422BC66,27,14,False
TRKDHLY128F92FAD25,162,108,False
TRKDHZY128F4275980,136,53,False
TRKDIMX128F428BB9F,70,50,False
TRKDIZF128F4219E51,19,14,False
TRKDKLU12903CF3FC2,42,18,False
TRKDLCR128F92F0E7F,3,2,False
TRKDLSZ128F428A62B,97,34,False
TRKDMDO128F422AC8A,81,48,False
TRKDMJX12903CF5CC8,489,182,False
TRKDMOR128F427BD7F,16,13,False
TRKDNGB128F423EB43,216,141,False
TRKDNLI128F930C40A,349,92,False
TRKDPAS128F42B9156,608,311,False
TRKDQKT128F427C45D,1378,745,True
TRKDRZT128F427930E,2083,964,True
TRKDSPA128F931B492,6,5,False
TRKDSRU128F932FB3A,26,11,False
TRKDSSA12903CB3165,66,46,False
TRKDSWQ128F932F661,214,60,False
TRKDWDF12903CB9E1D,52,22,False
TRKDWWC128F425E033,323,123,False
TRKDXYA128F933A93C,2501,650,True
TRKDYLG128EF3685F4,251,223,False
TRKDZNS128F9329B8B,95,26,False
TRKEAJC12903CB789C,263,44,False
TRKEBSH128EF34C536,87,22,False
TRKEDAE128F428B1B4,1350,467,True
TRKEDJH128F1486DED,4011,2624,True
TRKEDKN128F1499A40,2281,1111,True
TRKEDLE128F934B41C,198,121,False
TRKEEFL128F428E260,80,51,False
TRKEERN128F4221EA9,78,19,False
TRKEESR128F92FAEF0,147,81,False
TRKEETW128F9343A8A,310,146,False
TRKEEZC128F4287E08,297,84,False
TRKEFBT12903CF43C0,135,21,False
TRKEFVT128F932E65D,22,6,False
TRKEGGM128F42900F9,8348,2303,True
TRKEIVB128F930A597,8,5,False
TRKEJDB128F14A5A89,21,15,False
TRKEJDP128F4246AE3,24,10,False
TRKEJHI128F9330307,1,1,False
TRKEJQJ128F1477977,1,1,False
TRKEJSX128F145481D,4513,1665,True
TRKEKIS128F147FA15,721,315,False
TRKEKLH128F428ABD4,2693,1014,True
TRKEKSQ128F424EF5E,57,21,False
TRKEMPH128F148DDE0,50,24,False
TRKENZK128F92F32BD,49,30,False
TRKESML128F9316106,2,2,False
TRKEUNW128F92DE3F6,395,276,False
TRKEWCQ128E0781E2A,73,40,False
TRKEWUX128F428AAD9,8,1,False
TRKEXEC128F4263006,192,144,False
TRKEYNK128F428CE93,41,5,False
TRKEZFJ128F423EEAE,644,423,False
TRKFAJY128F14812CC,37,11,False
TRKFASG12903CB9C64,805,246,False
TRKFAWI128F931F126,47,16,False
TRKFBPS128F429617A,7815,3974,True
TRKFBXS128F9331D3E,12,3,False
TRKFCUT128E078E942,969,383,True
TRKFDQP128F931CFA8,443,157,False
TRKFFEX12903CFD7A5,835,265,False
TRKFFIK128F9351C7F,1,1,False
TRKFGTY128F9346500,202,83,False
TRKFHNM12903D09FEB,66,30,False
TRKFHUC128F933DD47,5,3,False
TRKFHWY128F4272F9A,104,71,False
TRKFIZU128F932D6C9,541,205,False
TRKFJBZ128E079339F,1481,354,True
TRKFJSC128F4260DC2,20,8,False
TRKFKVB128F4249438,72,35,False
TRKFLHS12903CF884E,32,19,False
TRKFLQD128F92F9172,2003,701,True
TRKFMCZ128F92F48B8,302,165,False
TRKFMOB128F42876DD,329,84,False
TRKFNJT128F428A272,328,90,False
TRKFOJJ128EF343BEC,229,134,False
TRKFPFI128F42738E7,39,14,False
TRKFQAT128F933D617,753,210,False
TRKFRPC12903CAD743,2,2,False
TRKFSFL128F930C172,399,136,False
TRKFSLN128F9360EBD,16,11,False
TRKFTEK128F933CDC5,402,164,False
TRKFUJP12903C9E0CD,18,5,False
TRKFUPK128F92EBCBE,63,36,False
TRKFZTX128F42849CB,385,88,False
TRKGABU128F92CC82F,2128,709,True
TRKGAYQ128F42827ED,3187,1952,True
TRKGBHS12903CBCA4C,221,74,False
TRKGBKF12903CE63B8,8,7,False
TRKGCIA128F92C315D,7269,4760,True
TRKGDHG128F145E343,19,14,False
TRKGENK12903CD7EC2,2642,839,True
TRKGGMK128F42286FE,4459,2085,True
TRKGGYN128F428CF13,82,30,False
TRKGHJZ128F92F925B,12,7,False
TRKGJQH128F9337F58,13,11,False
TRKGKDQ128F1476F32,201,148,False
TRKGNFG128E07824B5,102,71,False
TRKGOJX12903CD14FF,33,8,False
TRKGOTT128F148D2FD,85,39,False
TRKGOUE12903CF4702,3892,1089,True
TRKGSES128F4285639,3151,1620,True
TRKGSGG12903CF7595,314,102,False
TRKGSVC128F429D6C2,1230,563,True
TRKGTCD128F42B18AF,1578,289,True
TRKGUDT128F93333D2,18,4,False
TRKGUND128F427D32F,1,1,False
TRKGURP12903D0611B,3,1,False
TRKGUZB128F425EC33,12,4,False
TRKGVCF128F1456E5F,99,76,False
TRKGVRI128F92DF90C,294,73,False
TRKGXDR12903D01788,5,5,False
TRKGXER12903CF4595,7,6,False
TRKGXNU128F92C1E66,125,35,False
TRKGXOU128F425F321,146,72,False
TRKGXSG128F422BD84,155,49,False
TRKGZRA128F42AB59B,65,20,False
TRKGZWS128F9319FCB,229,157,False
TRKHCZD128F42776EC,63,33,False
TRKHDFG128F933A74F,462,265,False
TRKHDGW128F429726D,2573,1080,True
TRKHDJD12903CE5992,362,92,False
TRKHDOC128F93105D4,6,5,False
TRKHDOG12903CADD2B,684,283,False
TRKHEGH128F14AE7C8,83,20,False
TRKHENP128F426300D,460,261,False
TRKHFDL128F4285278,97,36,False
TRKHGDY128F428560E,114,42,False
TRKHHUW128F428ECC3,350,232,False
TRKHJJE128E0780E74,670,439,False
TRKHKDG128F429BB09,782,482,False
TRKHKLO12903CD70D7,43,17,False
TRKHKQO12903CB75E6,4,1,False
TRKHLWK128F92CC927,325,170,False
TRKHNEY128F9318713,1098,426,True
TRKHNVB12903C99C9A,2985,1238,True
TRKHNXW128F42975F7,60,30,False
TRKHOLW12903C9DE49,6,5,False
TRKHPDT128F148F41F,1493,538,True
TRKHPOU128F9312A18,967,468,True
TRKHQQB128F93112EA,3829,1660,True
TRKHTNK128F429834D,878,493,True
TRKHUJI128F146CB4F,289,172,False
TRKHUOP128F42B1B99,6,5,False
TRKHVHL12903D06EC4,225,107,False
TRKHVMR128F934BC28,240,81,False
TRKHVWS12903CD2A45,109,65,False
TRKHXCG128F4295B35,414,172,False
TRKHXUT128EF345433,63,28,False
TRKHXZU128E0783E2A,4945,1738,True
TRKHYKB128E0789D42,4740,1697,True
TRKHYPC128F42829F4,70,27,False
TRKHZGU12903D011D0,11,6,False
TRKIBTJ128F932D16A,828,246,False
TRKICLF12903CA381A,34,9,False
TRKIDHN128F4290FF8,458,225,False
TRKIFUT128F92E58F1,1115,679,True
TRKIHHB128F4264384,838,341,False
TRKIHMV128F42744F7,115,69,False
TRKIHUH128F9306D9A,5,4,False
TRKIJDA128F148BD6D,1375,478,True
TRKIJYX128F92F8FB3,1,1,False
TRKIKPQ12903CEE3BA,1111,243,True
TRKIKVH128F9323E4E,114,59,False
TRKILDC128F426F5D3,9,7,False
TRKINBT128F4263386,274,101,False
TRKINXF128F1456938,556,199,False
TRKIOLX128F42666A9,278,190,False
TRKIOQY12903CF24C5,248,104,False
TRKIPXR128F92FAD26,57,30,False
TRKIQCM128F9337F79,8,4,False
TRKIQGH12903CB5C2F,3944,1215,True
TRKISNB128E0796169,17,8,False
TRKISNW12903CD5206,301,167,False
TRKITCT128EF342E5D,91,36,False
TRKIUJW128F424DA91,55,31,False
TRKIVFP128F422C716,17,5,False
TRKIWCS12903CB07D4,26,17,False
TRKIWQA128F422B2AA,3,3,False
TRKIXZS128F933D2F8,16,14,False
TRKIZAV128F428E9AF,3,3,False
TRKIZWL128EF342C5A,7810,2848,True
TRKJALJ128F42571D0,7,3,False
TRKJBCZ128F9319F5F,381,282,False
TRKJBVF12903CE7407,7,6,False
TRKJCJG128F42A5DD6,4,2,False
TRKJCTX12903D06A0A,22,9,False
TRKJGQY128F930341E,721,299,False
TRKJGRQ128F4231433,7,5,False
TRKJHGG128F4227727,6,4,False
TRKJHOT12903CC3E99,175,73,False
TRKJICK12903D09EDF,337,196,False
TRKJJHU128F92EB73E,48,37,False
TRKJJOL12903D01F31,153,52,False
TRKJKIY128F1452680,174,99,False
TRKJLGV12903CEAA78,63,13,False
TRKJLHT128F1460DC7,538,273,False
TRKJMNS128F423EEA2,2815,1391,True
TRKJNFA128F92CC830,1607,595,True
TRKJNRW128F4297CE1,125,38,False
TRKJNTC128F429DCDF,154,65,False
TRKJOSN128F425416F,73,53,False
TRKJPLA128F427776A,1384,667,True
TRKJPVX128F422526F,11,8,False
TRKJQQI128F427D632,120,30,False
TRKJSPK128F9330F56,1,1,False
TRKJTFB128F14A8958,3961,2072,True
TRKJUCF12903CDE00D,1618,569,True
TRKJUSW128F4257A90,14,10,False
TRKJVEF128F93321ED,1456,532,True
TRKJWBV128F428942B,22,14,False
TRKJWVG128F145713B,33,19,False
TRKJYHD128F931FB01,973,480,True
TRKJZDT128F42752B1,181,96,False
TRKKBJS128F92EF7D2,17103,4716,True
TRKKBLF128F429E941,95,42,False
TRKKBPM128F934B46F,38,26,False
TRKKBQM12903CF68AA,1,1,False
TRKKCCD128F93502F4,19,8,False
TRKKCHY128F92C6AEA,1277,522,True
TRKKDJO12903CF483B,146,30,False
TRKKEGW128F42454D8,111,35,False
TRKKELP128F932DD57,177,71,False
TRKKFES128F92EEFF3,15,9,False
TRKKFQD128F1482B82,16,7,False
TRKKFQF128F92CA686,85,38,False
TRKKGKY128F4230553,19,13,False
TRKKGTY128F14939EF,20,10,False
TRKKIYU128F14721CB,6,2,False
TRKKJFU128F92CB35A,96,44,False
TRKKJTW128F14A2CC9,1298,524,True
TRKKJVM128F9336A07,1561,603,True
TRKKJXZ12903CC2FA2,27,4,False
TRKKKAR128F932210F,7,6,False
TRKKKLM128F4292258,1300,527,True
TRKKLHK128F9304985,52,26,False
TRKKLUL128E078F9E4,36,15,False
TRKKLZC128F4243F39,1,1,False
TRKKMEX12903CFBD30,27,13,False
TRKKODK128F42B9429,537,284,False
TRKKQDK128F4268778,844,414,True
TRKKRFR12903CF68E2,72,47,False
TRKKUXZ128F1499602,14,6,False
TRKKVKS128F14979BD,1707,1352,True
TRKKVLL128F428B988,705,323,False
TRKKZMK128F4257579,9,7,False
TRKKZZG128F932E9D6,117,37,False
TRKLAJR128F934B27C,54,22,False
TRKLANE12903CDE48C,1447,483,True
TRKLAWF128F930DC71,50,10,False
TRKLAWI128F9326DC3,16,10,False
TRKLBDU128F42B8359,15,10,False
TRKLBTZ128F92EEE60,20,16,False
TRKLCVL128EF340D54,250,117,False
TRKLDXG128F92ED2AF,24,9,False
TRKLETD128F425CF02,490,259,False
TRKLFCH12903CE293A,898,318,True
TRKLGIT128E0781CEB,1579,472,True
TRKLHZX128F931C274,21,18,False
TRKLILF128F933364A,41,22,False
TRKLIOF128F933653D,153,59,False
TRKLKCQ128F931F77D,1,1,False
TRKLKTL128F423EE4C,286,138,False
TRKLLAS12903CA739B,8,5,False
TRKLLJO128F9307E25,4074,1496,True
TRKLLMX128F428C44F,37,14,False
TRKLLPA12903CF6EA7,14,12,False
TRKLLTX128F425FD66,1116,702,True
TRKLLUS128E0792717,524,310,False
TRKLMFH128F422B1FE,3,3,False
TRKLNIG128F424FE75,238,148,False
TRKLNTG128F932E1D3,170,63,False
TRKLNTP128F428A42F,752,357,False
TRKLPGQ128E07953DE,4364,1272,True
TRKLQUJ12903CF10BC,7,3,False
TRKLRQQ128F4281BA1,8,3,False
TRKLSCU12903CC2449,12,4,False
TRKLSXM128F1465A66,213,107,False
TRKLTLE128F9337985,30,23,False
TRKLVFL128F932B403,33,21,False
TRKLVUN12903CFE364,877,616,True
TRKLWCM128F424107F,44,17,False
TRKLWVQ128F933AE91,150,65,False
TRKLXCD12903CF3E8D,30,11,False
TRKLXKO12903CC24D9,91,33,False
TRKLXMM128F93583D3,544,286,False
TRKLXON128F931D51A,86,48,False
TRKLXXY128F9309607,1603,405,True
TRKLYKS128F146D28B,201,129,False
TRKLYLN128F934108F,12,6,False
TRKLZDQ128F14595C4,122,73,False
TRKLZSI128F92D71DB,174,89,False
TRKMBIL128F933521F,30,20,False
TRKMBOP12903D0C739,80,20,False
TRKMCSH128F425BD48,18,6,False
TRKMEGQ128F4284795,159,74,False
TRKMGBL128F93475FF,456,178,False
TRKMGGL128F933425F,18,8,False
TRKMGLK12903CBCA80,672,366,False
TRKMGYZ128F92D7FA7,305,133,False
TRKMHMY128F92E95EF,13,5,False
TRKMHOR128F429B2FD,86,42,False
TRKMHSX128E07819A5,2339,934,True
TRKMIIB128E07871BB,10,3,False
TRKMIUJ128F1469571,929,363,True
TRKMLXZ128E07816E1,473,269,False
TRKMLZK128F428ED94,666,356,False
TRKMNUV12903CB66D8,19,12,False
TRKMOIH128F42749EB,127,80,False
TRKMOMH128E079246B,94,51,False
TRKMPTJ128F934EF81,51,28,False
TRKMRET12903CB9FE4,1334,571,True
TRKMREW12903CD9464,471,193,False
TRKMRPY12903CFF296,178,13,False
TRKMUWB128F42B9148,616,347,False
TRKMVBA12903CF3F6B,742,322,False
TRKMWHB128E078ED8A,12660,3564,True
TRKMWQG128F932DC82,14,5,False
TRKMWTB128F42B0BB7,194,79,False
TRKMYLJ128F9331971,123,65,False
TRKMZAL128F14895B3,382,184,False
TRKMZOH128F421C4F7,1556,482,True
TRKNAHU12903CA157F,5,4,False
TRKNBGQ12903CDF722,239,130,False
TRKNBMT128F933A537,3,3,False
TRKNCXI128F145A72F,84,23,False
TRKNDPI128F428C6D0,27,9,False
TRKNDQV128F4250671,174,86,False
TRKNDSE128F9323892,558,177,False
TRKNFHM12903D0741F,87,50,False
TRKNFVE128F92EBD62,28,12,False
TRKNFYB12903D0C3A1,1590,576,True
TRKNGDP128F423FD43,1,1,False
TRKNGKK12903CEE344,618,304,False
TRKNGSW128F932A36C,357,22,False
TRKNGTF128E079237D,919,143,True
TRKNHGE128F931AB25,111,37,False
TRKNNOG128F930D38D,61,28,False
TRKNNQP128EF3570CE,1961,599,True
TRKNOQE128F425BEF5,4995,1490,True
TRKNQAV128F4267DF4,151,96,False
TRKNQIC128EF356B6D,337,122,False
TRKNQRT128E0783EA7,574,194,False
TRKNRZZ128F4286C93,19,9,False
TRKNSSE128F92EF304,113,52,False
TRKNTGR128E078EF06,321,164,False
TRKNTTF128F4272CC4,146,59,False
TRKNTVG128F42A9D59,232,145,False
TRKNUGN128F14938AC,18,11,False
TRKNWGD128F934B6E5,1004,415,True
TRKNWUJ128F42280AC,62,10,False
TRKNWXY128F425B6EB,117,48,False
TRKNXEB128F9329D28,1333,615,True
TRKNXKW128F4233F0E,356,159,False
TRKNXYS128F424CC99,13,12,False
TRKNZDL128F4285F94,1694,697,True
TRKOATR12903CE2BFB,4,2,False
TRKOAYF128F42BA048,967,498,True
TRKOBEU12903D01B23,44,28,False
TRKOBSG128F93293DD,8,4,False
TRKOCDP128F93231F9,1444,735,True
TRKOCNL12903CDF147,139,113,False
TRKOCTA12903CC83C7,491,183,False
TRKOCXI128F9316B54,5208,2780,True
TRKOFOS128F146F6ED,1420,472,True
TRKOFPT128F4282DAF,19,11,False
TRKOGIK128F428A928,69,46,False
TRKOGRM128E078A9FD,96,62,False
TRKOHDE128F429101D,20,16,False
TRKOHVA128F426BF70,4589,2398,True
TRKOJBV128F4286459,16,8,False
TRKOJHB128F4284BAE,154,42,False
TRKOJNE128F9312858,33,13,False
TRKOKJW128F4293539,3877,1336,True
TRKOKQS128F92F9E5B,125,44,False
TRKOMYP128F4226590,14,9,False
TRKOMYY128F423EAEA,560,310,False
TRKONOX12903CB707E,80,56,False
TRKOOHW128F145FAC7,433,205,False
TRKOPFF128F427539F,10,6,False
TRKORTT12903CF2262,8,7,False
TRKOULF128F92EC158,9,9,False
TRKOUYF128F421306A,64,41,False
TRKOVDH128F9318C19,153,53,False
TRKOVPM128F4273C74,127,68,False
TRKOWEN128F42293A9,228,111,False
TRKOXVV128F1479377,61,35,False
TRKOXZQ128F4277E8F,118,22,False
TRKOYXI128F423381A,5298,3704,True
TRKOYZI128F42AED77,83,41,False
TRKOZAA128F9325176,600,189,False
TRKOZVY12903CFDBD0,10133,2676,True
TRKPBZS128F92D602D,19,15,False
TRKPCBB128EF34B5CA,6,4,False
TRKPCZK128F9304D5C,155,82,False
TRKPDOS128F932C28D,1,1,False
TRKPEJA128F42769C8,224,156,False
TRKPENX12903D0C40B,73,37,False
TRKPEVT12903CF9749,10,9,False
TRKPHYM128E0791894,467,225,False
TRKPIRY128F42A01A1,657,293,False
TRKPJWT128F425B708,28,10,False
TRKPKAY128F92ED25B,277,81,False
TRKPLAS128F92EF88A,64,32,False
TRKPLLI128F932F64A,196,59,False
TRKPNCF128E0782828,74,39,False
TRKPONJ128F146D62C,1635,929,True
TRKPOWM12903CF1864,2374,806,True
TRKPPIU128F14AA445,377,75,False
TRKPPKY128F146D28D,129,93,False
TRKPQKW128F426C4E2,115,78,False
TRKPRTA128F42AF990,383,153,False
TRKPSFE128F425A141,10,8,False
TRKPTTT12903CA6DB3,210,69,False
TRKPVKD128F92CA51B,55,32,False
TRKPWGR128E078EE06,10088,4338,True
TRKPWKX128F428E267,92,66,False
TRKPWPT12903D0070B,187,56,False
TRKPWWP128F1491B8D,2917,1003,True
TRKPXPL128F429359A,119,44,False
TRKPXZU128F93079CC,1239,564,True
TRKPYLS128F4250014,8,3,False
TRKPZDU128EF35F869,173,92,False
TRKPZEB128F427BA52,299,46,False
TRKPZLP128F429E944,70,45,False
TRKPZVJ128F4298547,1201,494,True
TRKQAQY128F14938F9,1,1,False
TRKQBSE128F932850B,60,24,False
TRKQDAO128F92F28D5,1016,325,True
TRKQDYJ12903CBCB15,244,77,False
TRKQFHX128F148B334,366,180,False
TRKQHOP128F9305A97,4,3,False
TRKQHWQ128F42A4C3E,58,36,False
TRKQKAQ128F92FECCF,149,97,False
TRKQLRS128F4230F04,1318,728,True
TRKQMZO128F933897D,1565,809,True
TRKQNZA128E0782CD6,1575,624,True
TRKQOUU128EF340A30,1045,364,True
TRKQOXB128F92E54C7,189,107,False
TRKQPDD128F930640C,4,1,False
TRKQPGW128F421933B,374,114,False
TRKQPRA128F148B42B,88,44,False
TRKQPYY128F9307DD5,28,17,False
TRKQQLI128F931C7E2,392,133,False
TRKQRLE128F92CBC73,7774,3134,True
TRKQROF128F1455567,369,153,False
TRKQROM128F92EBCC1,25,14,False
TRKQSFC12903CC5E24,78,26,False
TRKQTSL128F426EC3E,137,72,False
TRKQTTP128EF34337D,4100,1017,True
TRKQTXJ128F425714A,24,10,False
TRKQUGP128F426B2C5,36,12,False
TRKQUKY128F92C1C77,1,1,False
TRKQUXN128F145BA2A,289,201,False
TRKQVFA128E0784AD3,456,170,False
TRKQVTI128E078F61C,209,70,False
TRKQWRJ128F4261B0C,236,127,False
TRKQXCC128F93501B5,4879,2152,True
TRKQYYW128F934B427,44,17,False
TRKQZDA128F426218F,307,96,False
TRKQZJK128F427919D,130,63,False
TRKQZRD12903CE9D68,97,55,False
TRKRADU128F92E17F6,13112,3184,True
TRKRASZ128F42282B8,3913,1047,True
TRKRBIA128F145C03A,1301,474,True
TRKRBMN12903CECC1B,97,52,False
TRKRBYP128F932806B,39,20,False
TRKRCGL128E0789C89,62,27,False
TRKRDKK128F930E307,27,23,False
TRKRDNK12903CBB3EE,1422,650,True
TRKRDSA128F93308B0,12,5,False
TRKRDSM128F93236A2,25,20,False
TRKREDJ128F425BC49,39,22,False
TRKRELX128F1476A26,936,385,True
TRKRETP128F14794BD,39,25,False
TRKRHDB12903CB4224,29,11,False
TRKRICR128F427D31B,265,116,False
TRKRIOP128F14A42DD,1278,779,True
TRKRIWW128F146A478,165,99,False
TRKRJAS128F4240A66,72,33,False
TRKRJDA128F1467E2E,2764,1130,True
TRKRJNE128F429DAF9,1158,616,True
TRKRJXR128F42B7D21,126,55,False
TRKRKGG128F9331034,5291,2750,True
TRKRKNH128F92E507E,50,26,False
TRKRKRJ128F426CEB9,1955,498,True
TRKRKXC128F93034E1,1,1,False
TRKRLAB12903CDF856,6,2,False
TRKRLLQ128F421BB7D,79,26,False
TRKRLXP128F428DFC9,426,244,False
TRKRMSQ128F92D688F,41,13,False
TRKRNUA128E078A1BE,1,1,False
TRKRNZF12903CB52BC,5090,2070,True
TRKROGX128F421D464,57,24,False
TRKRPTX128F4253558,6,4,False
TRKRPYW12903CD5308,18,2,False
TRKRPYY128F4249056,1,1,False
TRKRQHL128F9319F59,474,317,False
TRKRQHQ12903D00965,479,185,False
TRKRQLJ128F9314815,305,110,False
TRKRRIW128F424D7FD,777,418,False
TRKRRRH128F4253615,40,13,False
TRKRSXI128F4259F88,40,17,False
TRKRTDO128F14587BB,26,20,False
TRKRTGT128EF340BAF,121,63,False
TRKRTNP128EF35F648,823,340,False
TRKRUDE128F9335F16,247,94,False
TRKRUFV12903CB7907,4358,1734,True
TRKRWBB128F4235157,12,10,False
TRKRWDG128F9304FDA,417,158,False
TRKRXHH128F1495363,1274,585,True
TRKRXZI128F932061C,2193,969,True
TRKRYYJ12903CD22D6,748,263,False
TRKSAMC128F42663C3,466,184,False
TRKSBDU128F92F888A,17,10,False
TRKSBMC12903C980AC,5951,1432,True
TRKSBTA12903CF2843,451,142,False
TRKSBXZ128F4259809,2263,849,True
TRKSCMF128E07898BB,451,259,False
TRKSDBX128F9345DC9,2457,935,True
TRKSDZM128F9346B87,859,297,True
TRKSEEY12903CCD312,9878,4298,True
TRKSEKJ128F428CBB7,12,8,False
TRKSFEX128F92EC1F4,5,1,False
TRKSFQR128F42267FD,43,24,False
TRKSICH128F4288A9B,176,62,False
TRKSIGJ128F428F423,577,441,False
TRKSIHR128F424C800,37,24,False
TRKSILS128F149F0D6,60,26,False
TRKSIOL128F428256F,28,19,False
TRKSJIU12903CF3905,196,73,False
TRKSKPY12903CDB23A,128,37,False
TRKSMNK128E07816E6,466,276,False
TRKSMNP128F4298B11,4,3,False
TRKSMTF12903CAF686,3964,1311,True
TRKSMZC128F147405A,26,21,False
TRKSODD128F424ABFC,60,33,False
TRKSPFK128F427CFDD,116,47,False
TRKSQAW128F148B2D7,197,107,False
TRKSRBU128F4285CE4,26,6,False
TRKSRBV128F92DE2D2,877,352,True
TRKSRTI128F429F86A,338,182,False
TRKSRYI128F4280AE2,812,510,False
TRKSSDK128F933CDC8,189,108,False
TRKSSGB12903CB8D84,55,43,False
TRKSSKL128F422AD5F,86,30,False
TRKSTHE128F92DC34B,331,153,False
TRKSTJI128F4250E03,36,14,False
TRKSTMP128F92EBCDF,136,80,False
TRKSVIZ12903CCC3F7,100,34,False
TRKSVNA128EF35F4FF,230,102,False
TRKSXHR128F1455E4D,1447,547,True
TRKSXNO128E07937C2,5263,2381,True
TRKSZCW128F4262676,199,80,False
TRKSZOX128F93293EB,789,331,False
TRKSZWD128F932A488,27,15,False
TRKTAWV128F14768A6,6,6,False
TRKTBNN12903CA3E1B,24,16,False
TRKTCDT12903CD6CCE,1,1,False
TRKTCOH128F9316E54,259,117,False
TRKTDXK128E0780E4A,4051,1472,True
TRKTEAX12903D007C0,188,82,False
TRKTFKT128F92CFC0D,2000,946,True
TRKTHKU12903CA636C,845,292,True
TRKTHZZ128E0782083,110,64,False
TRKTIFB128F92CDB11,455,182,False
TRKTIWS128F4271D0B,721,280,False
TRKTJEE128EF345FA4,352,139,False
TRKTLEV12903CF8CD8,19,7,False
TRKTOFX128F427FD09,306,142,False
TRKTQCQ128F4288436,134,74,False
TRKTQDC128F92EA2B4,956,295,True
TRKTQTV128F42996FC,794,374,False
TRKTQXK128E0781AFA,753,283,False
TRKTTHN128F934B55F,59,28,False
TRKTUBD128F92D74CF,31,21,False
TRKTURQ12903D11159,480,200,False
TRKTVAR12903CEEEF4,100,68,False
TRKTVRU128F423AEA6,75,31,False
TRKTVYF128F14979C9,452,225,False
TRKTXCR128F42B8337,277,148,False
TRKTXWP128F1477677,424,172,False
TRKTYVG128F92D74D2,32,22,False
TRKTZMP128F42454DD,42,21,False
TRKUCMM128F92CF277,846,530,True
TRKUCPA12903CA640C,686,234,False
TRKUDTS128F92D08A1,213,69,False
TRKUDYX128F14910A3,2468,402,True
TRKUGTP128F42901AD,149,77,False
TRKUJFP12903CAF672,3945,1031,True
TRKUKHU128F423BB18,3226,1549,True
TRKUKUM128F427CC35,28,12,False
TRKUKYN12903D13D6F,8840,2119,True
TRKUMGM128F424F0DB,1566,603,True
TRKUPQL128E0781D8C,27,21,False
TRKURDE128F9309725,430,264,False
TRKURPD128F4273E2C,575,186,False
TRKUSEJ128F429E9EB,213,143,False
TRKUUNB12903CF4672,423,226,False
TRKUUNR12903CA74F4,497,148,False
TRKUUYV128F425261A,27,14,False
TRKUXLX128E07953CD,315,169,False
TRKUXXS128F42AC969,511,216,False
TRKUYKP128F149BA78,1610,702,True
TRKUYNB128F92F651E,3261,1110,True
TRKVCNA128F425A143,24,15,False
TRKVDGI128F1455B6D,657,327,False
TRKVDLL128F425380D,115,68,False
TRKVEGW128F428B618,8,8,False
TRKVEUO12903C9A50C,15,13,False
TRKVFYV128F9326705,866,248,True
TRKVHLV12903D051C2,2958,1109,True
TRKVHRB128F4265953,40,25,False
TRKVIBU12903CC58E7,31,8,False
TRKVIGY128F9314696,187,123,False
TRKVLBP128F1483C5C,116,81,False
TRKVLFV128F9316659,19,11,False
TRKVMFQ128F4256E00,9,4,False
TRKVNCP12903CFEBF2,67,16,False
TRKVNMY128F932EDC9,1131,638,True
TRKVODI128F931DD3B,77,28,False
TRKVPYH12903CF6F29,617,278,False
TRKVRCD12903CDA46D,11,8,False
TRKVRSN128F429215A,165,63,False
TRKVTIF12903D00719,78,36,False
TRKVTOG12903CD43BC,415,152,False
TRKVTVJ128F425E9DC,3,3,False
TRKVUKL128F932BC07,66,37,False
TRKVVAC128F92C3A0A,351,194,False
TRKVWLU128F92CF47F,260,111,False
TRKVXLA128F427D3FA,354,118,False
TRKVXML128F1460490,288,78,False
TRKVXXA128F14976C4,1061,260,True
TRKVXYH128F92ED0F6,37,18,False
TRKVZNH128F146EC42,622,360,False
TRKWALM128F147CD7F,4,3,False
TRKWALP128F429202D,114,49,False
TRKWBUV128F148FC76,703,336,False
TRKWDCF128F92D1994,59,38,False
TRKWDSW128F428C875,200,88,False
TRKWEAS128F428FF35,495,196,False
TRKWEZX128F424DA8A,50,20,False
TRKWICP128E078A9FB,86,54,False
TRKWKBC128F9306C5E,21,11,False
TRKWLDU128F426EDC2,508,214,False
TRKWMYC128F4246986,15,7,False
TRKWPGK128F428630A,2985,2051,True
TRKWQHO128F423EFEB,538,345,False
TRKWQKG128F934BE03,42,24,False
TRKWQTE128F92ED494,32,22,False
TRKWRKE128F14A23E8,270,89,False
TRKWRMI12903CAA687,325,163,False
TRKWRTZ128F4247A0E,6,6,False
TRKWSHN12903CB7321,46,33,False
TRKWTGX128F92D2DC0,264,123,False
TRKWTYQ128F4273724,30,13,False
TRKWUFI128F42B1B3A,224,98,False
TRKWWHJ128E0791299,641,350,False
TRKWXAG128EF340672,582,341,False
TRKWXET128F149558E,34,29,False
TRKXAWW128F424B61B,45,26,False
TRKXBEZ128E0792FFC,283,162,False
TRKXBXE128F42A1303,83,53,False
TRKXCSC128F147C1E1,1208,632,True
TRKXDCR128F4264EE5,432,226,False
TRKXDDD128F1463E27,90,28,False
TRKXDES12903D110E8,28,8,False
TRKXFGE128F934AD2E,360,186,False
TRKXHBZ128F146BD70,3208,948,True
TRKXHUM128F9309214,132,38,False
TRKXHWT128E078EF15,458,212,False
TRKXIEQ128F4298EE2,2411,294,True
TRKXIHC128F93069CF,133,75,False
TRKXINY128F4289666,14,14,False
TRKXKWO128F14AE22C,42,16,False
TRKXLJV128E0791E67,700,276,False
TRKXMYL128F42A6F0D,268,118,False
TRKXNLQ12903CC6820,1404,514,True
TRKXOPC128F92F8F1D,513,281,False
TRKXOWA128EF3434B2,967,413,True
TRKXQPA128F93030EA,326,162,False
TRKXRPF12903CB9AB8,663,396,False
TRKXRSG128F421CE5D,288,176,False
TRKXRZT128F933145C,14,7,False
TRKXSAV128F934E3CC,75,15,False
TRKXTNL128E0792813,1893,876,True
TRKXTQE128F92FBB14,11,8,False
TRKXUBG128F427FC4F,353,153,False
TRKXULW12903CB73B2,982,451,True
TRKXUTJ128F421C5A1,36,12,False
TRKXVHR128F428B826,54,30,False
TRKXVMJ128F9312F7E,19,12,False
TRKXWLW128F931484E,2302,985,True
TRKXWPO128F934C9C7,98,56,False
TRKXXJV128F4276937,5,5,False
TRKXYEU12903CE7BF1,320,152,False
TRKXYNB128E078F03B,207,129,False
TRKXZCV128F4271F78,147,71,False
TRKXZPP128F932BF55,1,1,False
TRKXZUE128F14922FC,340,234,False
TRKXZYR128F147F576,148,77,False
TRKYABN128F932B155,29,19,False
TRKYCMT128E0781B6F,499,352,False
TRKYCVM128F425AC24,67,26,False
TRKYFKI128E078E83A,1452,642,True
TRKYGDP128F146872B,1300,572,True
TRKYGQE128F4258AF9,1583,857,True
TRKYHKA12903CEE421,20,11,False
TRKYHOT128F428E9B7,47,31,False
TRKYHPX128F14570F3,681,486,False
TRKYIJC128F4267DF8,162,95,False
TRKYJQS128F931AF36,606,447,False
TRKYKCH128F92CB667,1045,612,True
TRKYKRG12903CCCAAB,66,12,False
TRKYKSG12903D0134D,382,188,False
TRKYLDT128F1458071,50,31,False
TRKYLJO128F4296D1E,530,330,False
TRKYLKH128E07925FE,238,143,False
TRKYLWP128F147937C,149,74,False
TRKYMMY128E0782E5E,187,88,False
TRKYMTZ128F92D21EC,25,18,False
TRKYNXQ128F92FB098,498,303,False
TRKYOLE128F93164A3,1258,833,True
TRKYOXT128F9321BB0,24,22,False
TRKYPMK128F931072A,61,18,False
TRKYPPF128F4264CB3,6,1,False
TRKYPZV12903CA1775,1598,492,True
TRKYRGV128F428941E,2493,1653,True
TRKYSKO128F92D2CC8,1092,609,True
TRKYTUX128F14B102C,1201,603,True
TRKYVCE12903CE7DFF,267,157,False
TRKYWIP128F934B6A3,6,4,False
TRKYXWU128F93022FE,78,17,False
TRKYZMG128F92C2534,60,28,False
TRKZAIJ12903D0D37E,18,4,False
TRKZBBK128F424836C,4,2,False
TRKZBFZ128F934A962,16,6,False
TRKZCAA12903CC24F6,17,6,False
TRKZCTV128E0783F29,311,130,False
TRKZCVA128F42AC2D3,5457,1988,True
TRKZCWR128E0785D71,2314,1101,True
TRKZDAG128F426441A,111,47,False
TRKZDBM128C71965AA,216,142,False
TRKZDJY128F9334B06,423,158,False
TRKZEDL128E07937A4,308,262,False
TRKZERK12903CCE52E,73,28,False
TRKZGUO128F92C79FD,14,6,False
TRKZHEM128F145E342,67,44,False
TRKZIIX128F92D0CA6,43,11,False
TRKZIZA128F424C5FD,90,52,False
TRKZLSM128F92DDDD5,3,2,False
TRKZMJP128F92EEFE5,35,23,False
TRKZNBD128F92F4167,809,395,False
TRKZNZS128F424E0E1,444,277,False
TRKZQFR128F42464EA,207,51,False
TRKZQHC128F931E560,80,28,False
TRKZQMX128F14774F1,857,393,True
TRKZRUA128E0793EB0,5557,1998,True
TRKZSNR128F42681DC,45,27,False
TRKZUIA128F4246A7F,317,62,False
TRKZUXG128F4253774,100,53,False
TRKZVHN12903CB9EC3,210,53,False
TRKZVKU128F4265130,21,7,False
TRKZVVI128F14979BC,2240,1554,True
TRKZYXI128F422538D,1,1,False
TRKZZIS128F426F033,323,107,False
TRLABIS128F9311561,130,71,False
TRLACMH128F92F2783,389,157,False
TRLACXI128F932AA19,25,8,False
TRLAEHY128F4262611,508,175,False
TRLAEWG128F4227F4C,18522,5246,True
TRLAFZI128EF342E57,49,25,False
TRLAHEF128F4255BE5,5962,2602,True
TRLAHWP12903CEF07F,21,7,False
TRLAIJE128F42B36E9,194,106,False
TRLAIMM128F9336EFD,15,13,False
TRLAKII128F9341286,125,50,False
TRLAKOS128F42778B1,652,310,False
TRLALHS128F145A70C,422,161,False
TRLALIJ128F42858C4,354,232,False
TRLALLH128E079125D,1402,547,True
TRLAMAD128F424E04B,24,7,False
TRLAMUB128F14664FA,464,112,False
TRLANRU128F4229881,11,8,False
TRLAOEN128F42521AD,132,67,False
TRLAPQJ128F426C1B2,30,17,False
TRLAQDK128F146914D,305,118,False
TRLAQJE128F424709F,76,17,False
TRLAQRL12903CA9DED,231,189,False
TRLAQVU128F4287852,912,442,True
TRLARWF12903CD1735,185,65,False
TRLASRA12903CAD7A3,5918,1912,True
TRLATHU128F92FC275,756,338,False
TRLATZT128F9346143,21,12,False
TRLAUXR12903D036EF,118,48,False
TRLAVKG128F147C8F7,86,36,False
TRLAVSS128F421C5BF,55,24,False
TRLAXNY128F42911F9,53,24,False
TRLAXOZ12903CFF90D,676,366,False
TRLAXYW128F427895E,6,5,False
TRLAYNR128F422A78E,434,159,False
TRLBBAS12903CDD089,26,14,False
TRLBBTE128F42858C1,758,552,False
TRLBBYV128F425726F,74,14,False
TRLBCOM128E0784D4A,5,4,False
TRLBDLO128F4243653,355,223,False
TRLBGIO128F42BC688,1889,752,True
TRLBHAD128F93519FC,2166,982,True
TRLBHNV128F425070F,211,114,False
TRLBHVY128F4242C31,67,44,False
TRLBHYU12903CDD085,386,150,False
TRLBINV128F934AFBF,59,45,False
TRLBITX128F425B77C,440,352,False
TRLBJAY128E07921AB,1054,379,True
TRLBJWG128F4296FC0,3550,1699,True
TRLBLJM128F92F4AAA,95,13,False
TRLBLKI128F42AD924,5,3,False
TRLBLLF128F92FC700,49,31,False
TRLBLLZ128F933E288,127,39,False
TRLBMHY128F424335F,101,44,False
TRLBMPY128F92D2B06,120,57,False
TRLBNRC128E07844B1,312,151,False
TRLBOLI128F148E925,36,19,False
TRLBQWX128F424EAB4,1203,234,True
TRLBTZY128E0783309,380,131,False
TRLBUUH12903CB8D54,3,3,False
TRLBVXG128EF3426EB,119,59,False
TRLBWDV128F92D8274,571,248,False
TRLBWEW12903CFC1B3,1,1,False
TRLBXOA128F932B9A8,53,17,False
TRLBYDM128F42754E3,63,14,False
TRLBYZF128F9344B78,175,107,False
TRLCAON12903CD03E5,535,271,False
TRLCBLO128F92F3150,17,11,False
TRLCBVN128F14A13F8,933,374,True
TRLCDUO128F1481E62,894,413,True
TRLCFIM128F145ACE5,969,512,True
TRLCGKP12903CC65A5,132,49,False
TRLCLLK128F428507D,222,126,False
TRLCLLO12903CB0581,43,18,False
TRLCMDF128F934B09C,30,7,False
TRLCMGN128F92FFA2E,493,194,False
TRLCNCI128F931C24E,136,112,False
TRLCONI128F4255EAC,36,17,False
TRLCOOT128F4252F81,127,59,False
TRLCPPR128F93111E2,15,7,False
TRLCQDM128F9333628,2369,891,True
TRLCQIL128F4251990,19,11,False
TRLCRLL128F148D0CB,32,26,False
TRLCROX128F4295398,648,351,False
TRLCRRV128F4298854,2462,1589,True
TRLCRZL128F932DDBF,20,11,False
TRLCTSY128E079295A,415,188,False
TRLCUBE128F935AEEC,30,12,False
TRLCUUF128E078F97F,227,132,False
TRLCVSD128F935A43F,88,53,False
TRLCXZB128F1469F59,85,34,False
TRLCZHP128F1491228,26,11,False
TRLDBGI128F93440C6,893,270,True
TRLDBMG128F9352F4D,3,2,False
TRLDBUM128F426A55F,31,11,False
TRLDCBJ128F931F0DB,292,93,False
TRLDEBZ128F423ED39,141,63,False
TRLDFAA128F92EC266,104,57,False
TRLDFTK128F427A588,223,106,False
TRLDFTP12903CEE71B,13,6,False
TRLDGUI128F42911EA,432,96,False
TRLDHFZ12903D07387,44,21,False
TRLDHKS12903CD56BE,967,383,True
TRLDIJZ12903CF8922,647,160,False
TRLDIPZ128F426CD58,77,35,False
TRLDJAL128F92FD293,1,1,False
TRLDJWE128F4263763,268,148,False
TRLDLDL12903CC6437,150,39,False
TRLDLUT128F1460499,112,39,False
TRLDNAI12903CB42B4,9,3,False
TRLDNVR128F428AD68,3,2,False
TRLDNWG128E07813ED,608,308,False
TRLDNYQ12903CA41FF,1462,489,True
TRLDPEH128F9325BCE,62,55,False
TRLDPKS128E078DC7F,495,304,False
TRLDPRJ128E0781A98,590,319,False
TRLDQZM12903CD2A1F,79,33,False
TRLDRYJ128F930BBB4,110,58,False
TRLDSJU128F42858C5,758,545,False
TRLDTTL128F422AD7C,130,69,False
TRLDUBX128E078889A,41,22,False
TRLDUCS128F14979BF,2185,1491,True
TRLDUML128F931C2E0,984,643,True
TRLDVOB12903CF7C7E,1017,336,True
TRLDVWW12903CC8822,4,4,False
TRLDWAU128F930AB37,189,109,False
TRLDXGC128F424D809,442,107,False
TRLDXTX128F4281ADF,87,58,False
TRLDYBJ128F93051F5,1,1,False
TRLEAGR128E078114D,714,419,False
TRLEAPM128F425B71F,67,43,False
TRLEAZB128F92F5EB3,1001,353,True
TRLECHY12903CB6CE0,1768,447,True
TRLEDLF128E0799042,1029,336,True
TRLEEAY128F423212F,4,4,False
TRLEEJB128F931201E,9,6,False
TRLEFOG128F148AE60,121,78,False
TRLEFTK12903CD4FF0,29,18,False
TRLEHJP128F4256A06,10,7,False
TRLEIYL128F1465D6C,2,2,False
TRLEJFH12903CB4755,97,40,False
TRLEJGI128F931E481,227,78,False
TRLEJON12903CF840A,338,133,False
TRLELKW128F932952E,3,3,False
TRLELUG128F148B533,9,4,False
TRLENDR128F92F6EFC,244,34,False
TRLENXM128F42829BA,6,3,False
TRLENZF128F932C2C4,519,304,False
TRLEODD128F428CA7D,483,211,False
TRLEOFF128F933FE1E,1,1,False
TRLEOGV12903CEEEEB,288,182,False
TRLEPIS12903CBD612,560,197,False
TRLEQYR128F428878E,278,88,False
TRLERFN128F148536B,4274,1318,True
TRLERKR128F1456BB4,1222,709,True
TRLERUH128F42BCDCE,4,2,False
TRLERYU128F930A86C,34,7,False
TRLESDM12903CA8C93,10,7,False
TRLESML128F145C29B,1,1,False
TRLESSD128F424DA94,44,21,False
TRLETIQ128F931FB91,69,40,False
TRLETMI128E078A47F,5993,1147,True
TRLEUUN128F92F302B,1,1,False
TRLEXWT128F9320692,435,140,False
TRLEZCA128F934BAD7,35,13,False
TRLEZEM128E078EBEC,727,384,False
TRLFAOD128F930CACF,1862,600,True
TRLFDAY12903CA4C8D,24,15,False
TRLFDFV128F428E4AD,577,245,False
TRLFEPH128EF34B3C5,77,24,False
TRLFFGE128F425D42B,7,2,False
TRLFFVK128F1458D58,281,189,False
TRLFGAA128F14681F7,210,178,False
TRLFGIK128E0781699,31,16,False
TRLFGWE128F1454BB3,68,39,False
TRLFISK12903CC0305,42,28,False
TRLFJWL128F146CC1A,1081,410,True
TRLFKUX128F428B6F9,30,11,False
TRLFKYE128F930D2E7,7,5,False
TRLFMXR128F9309380,50,16,False
TRLFNQB128F425C182,5,5,False
TRLFNVN128F931B903,11,4,False
TRLFQEM128F92F070A,4042,876,True
TRLFQYM128F4267F32,6,2,False
TRLFRLW128F1482515,4037,1307,True
TRLFSCJ128F92DC387,29,13,False
TRLFTFC128E0780CEA,9573,2527,True
TRLFTHE128F4287D66,56,29,False
TRLFTJV128F92EBFBD,4,3,False
TRLFTVT128F425BCAE,277,164,False
TRLFUNV12903CE881B,226,108,False
TRLFXVD12903CF3E9F,15,8,False
TRLFZQU128F9302AC4,116,44,False
TRLGAWN128F9346B97,4599,1417,True
TRLGCHU128F4285618,25,14,False
TRLGCKT128F42590FD,236,83,False
TRLGCSS128F42893F6,28,7,False
TRLGDVX12903CD5CCE,11,7,False
TRLGENP128F428DCC4,14,5,False
TRLGFBE12903CD3BE4,3,1,False
TRLGIUY128F9346864,190,82,False
TRLGJHJ128F934651A,17,10,False
TRLGJWG128F930A95D,75,19,False
TRLGKGB128F92C4055,69,22,False
TRLGMVE128EF3675A3,3274,966,True
TRLGMYE128F93475FB,660,261,False
TRLGOKG128F92F6AEA,145,53,False
TRLGOOE128F42530B0,240,151,False
TRLGPBD128F92E6EF6,15,9,False
TRLGQDB128F42397F1,26,11,False
TRLGQHV12903CCC41A,72,40,False
TRLGQSY128F427E88B,696,250,False
TRLGUUU128F92E28DE,2177,871,True
TRLGVGW12903CB6D32,1730,797,True
TRLGVIP128F423AE99,33,17,False
TRLGVRH12903C9852A,802,302,False
TRLGVSL12903CF448D,87,39,False
TRLGWGG128F4290FFF,655,122,False
TRLGXTA128F148B2C5,207,148,False
TRLGYIR128F92E7B60,78,42,False
TRLGYJU128F93161BE,60,26,False
TRLGYKD128EF347225,61,15,False
TRLGYUG128F4276F7C,1518,632,True
TRLGZAI128F931A62E,544,266,False
TRLHBHF128F92EA25F,14,8,False
TRLHBXW128F4281E03,51,15,False
TRLHCDU128F429EFD0,927,457,True
TRLHCGY128F423A40F,338,145,False
TRLHDJV128F427AFAB,27,8,False
TRLHEBK128F425D5B4,1077,463,True
TRLHGAP128F931D055,87,34,False
TRLHGKO128F1476D6F,2,2,False
TRLHIXZ128F4298B12,4,3,False
TRLHKOV128F9341283,80,36,False
TRLHKXL128EF34243A,608,318,False
TRLHMBI12903C92C12,363,147,False
TRLHMWM128F42AA873,93,62,False
TRLHOHV128F92E54FC,227,140,False
TRLHORC128F4213E94,177,88,False
TRLHPVM128F92EF887,95,40,False
TRLHPYP128F4259AB7,9929,1602,True
TRLHQQX128F42800B7,285,206,False
TRLHRKB128F4270DAE,1534,658,True
TRLHROJ128F92FED65,2518,1301,True
TRLHRQJ128F424831C,1484,747,True
TRLHRRR128F4272881,714,121,False
TRLHRWV128F4276B8E,8,6,False
TRLHSQP128F428CAE4,47,40,False
TRLHSSR128F4257654,63,17,False
TRLHSWE128E07925F5,468,278,False
TRLHTER128F4263B9B,163,50,False
TRLHUAC12903CD9313,265,57,False
TRLHUEQ128F933D15D,179,103,False
TRLHVLT128F424E3B9,583,393,False
TRLHWCW128F428BF29,392,222,False
TRLHWWN128F4241AF8,3016,1146,True
TRLHYEF128F42B8640,116,61,False
TRLHZII12903CE599F,639,153,False
TRLHZOW12903CA4C91,13,9,False
TRLIAEU128F42B91E2,667,407,False
TRLIALE128EF34DAC3,172,49,False
TRLIBMM128F92DE95B,65,45,False
TRLIBRT128F932B138,49,23,False
TRLICDM128F93069D2,111,64,False
TRLICQQ128F42BA045,786,416,False
TRLIDCE128F930C32A,482,213,False
TRLIDNO128F4243745,412,158,False
TRLIDNT128F930327C,7827,2835,True
TRLIEJA128F145600A,373,170,False
TRLIFJZ128F9307C6B,1235,552,True
TRLIFQN128F427D1FE,124,45,False
TRLIFYU128F933F17E,22,10,False
TRLIGLF128F9301779,87,32,False
TRLIGMU128F932BC0B,106,46,False
TRLIHKL128F92F5E79,1607,712,True
TRLIHLG128F42A2797,9,6,False
TRLIHMF128F423EE82,1401,706,True
TRLIHUR12903D00639,187,77,False
TRLIIPY128F147EE97,130,37,False
TRLIITO128F92FD05E,6,1,False
TRLIIWI12903CA72B5,27,14,False
TRLIJSY128F4241902,24,12,False
TRLIMHB128F92F9040,8,6,False
TRLIONQ128F424ABFB,22,15,False
TRLIOTQ128F428CFDC,35,10,False
TRLIOYD128F92FEADE,19,6,False
TRLIRCT128F426B326,125,55,False
TRLIRNE12903CC82F8,317,127,False
TRLIRTX128EF35F038,47,22,False
TRLITYJ128F9334D1D,1,1,False
TRLIUIL128F9331968,480,194,False
TRLIVJS128F92FDCBA,12,9,False
TRLIVTV128E0782987,156,35,False
TRLIVZO128F933AF7E,1778,965,True
TRLIWPE12903CE91C4,8384,4189,True
TRLIZMW128F42858B7,1238,714,True
TRLIZQF128F934EEF8,1788,862,True
TRLJAFE128F42926AC,565,351,False
TRLJBGU128F9301DCF,2,2,False
TRLJBWW128F147A02D,3497,743,True
TRLJCJY128F423EE8C,100,55,False
TRLJCWI128F428005A,310,107,False
TRLJDMW128F932D178,190,32,False
TRLJEMO128F4229373,87,33,False
TRLJENR12903CE8925,5,5,False
TRLJEPZ12903CF13B7,15,9,False
TRLJEQV128F9339D7B,47,24,False
TRLJEVL128F4281984,14,7,False
TRLJEYB12903CEA9C3,178,93,False
TRLJFCJ128F422BC54,386,152,False
TRLJFJB128F423ECCA,3,1,False
TRLJFPF128F92DE2CE,313,125,False
TRLJFSF128F933B1CF,15,12,False
TRLJFST128E0793E57,110,47,False
TRLJFXD128F426BB46,95,35,False
TRLJFXQ12903CFCED3,304,128,False
TRLJFZH128F930E0B1,761,359,False
TRLJFZR128F4268457,600,286,False
TRLJGPC128F426EA0A,1011,264,True
TRLJGWY12903CEAF93,7,6,False
TRLJGXE128F933CB28,32,12,False
TRLJHOY128F42AB662,20,8,False
TRLJHQN128EF343BF3,707,211,False
TRLJHXA128F9336080,11,2,False
TRLJHZS128F92FD86A,8,7,False
TRLJIBG12903CA3818,13,2,False
TRLJIIS12903CADBB8,6,2,False
TRLJIVK128F42506DE,1696,653,True
TRLJJCV128F4281A51,602,312,False
TRLJJHV128F92E2334,630,496,False
TRLJJIX128E0788DB2,43,20,False
TRLJJXW128F92EF360,343,63,False
TRLJJXY128F4222084,30,14,False
TRLJJYU12903CB927D,148,31,False
TRLJKGW128F92E741C,336,176,False
TRLJKNE128F42798F1,920,450,True
TRLJKNH128F92CB031,1,1,False
TRLJKTR12903CA2CE9,54,20,False
TRLJLHD128F14A2BDF,3,3,False
TRLJLLI128F42B8816,553,289,False
TRLJLLO128F1477AB9,1,1,False
TRLJLMS128F92E504A,33,23,False
TRLJLSV12903CC53C9,41,19,False
TRLJLZQ128F4254432,13,8,False
TRLJMAM128F42B7EAE,52,24,False
TRLJMGH12903CFCD16,2,1,False
TRLJMPY128F42981E6,284,71,False
TRLJMXH12903CE4286,5,1,False
TRLJMYU128F428931F,56,12,False
TRLJNIV128F93417B3,4,4,False
TRLJNMJ128F429593B,1189,484,True
TRLJNNM128F92C92A9,1462,372,True
TRLJNOY128F145AF91,2,2,False
TRLJNXB12903D09C71,2459,1087,True
TRLJNYC128F148B2E0,317,157,False
TRLJOBB128F92E7247,573,357,False
TRLJOJJ128F42469A0,7,2,False
TRLJOVV12903CD9F18,67,26,False
TRLJOXT128E078FB15,39,10,False
TRLJOYK12903CBB78E,634,274,False
TRLJOZI128F42B5600,96,35,False
TRLJPLY12903D01649,13,5,False
TRLJPOY128F422BC6D,1185,368,True
TRLJQEW128F4260D36,48,26,False
TRLJQLA128F4215DA8,33,11,False
TRLJQMF12903CF2E8A,41,24,False
TRLJQRW128F92F3E43,343,98,False
TRLJQRX128F425F5CB,219,91,False
TRLJQUJ128F42712D9,1763,674,True
TRLJQVJ128F4226777,66,14,False
TRLJQXJ12903D08ECB,1,1,False
TRLJRBW128F934AE0D,478,286,False
TRLJRGB128E078A701,8,5,False
TRLJRLF128F426229C,322,192,False
TRLJRLU128F933B109,52,26,False
TRLJRNT12903CA9427,1475,489,True
TRLJRTA128F9340D7E,61,13,False
TRLJRTB128E0786072,110,66,False
TRLJRXY12903CA5BB6,7016,2709,True
TRLJSMT128E0780D7D,771,406,False
TRLJSVR128F9316694,62,8,False
TRLJSWE128E0781CC1,1329,477,True
TRLJSZJ128F9352184,1,1,False
TRLJTGM128E0789E6F,13,8,False
TRLJTLH12903CE9B5E,6,6,False
TRLJTSR128EF342D0A,193,36,False
TRLJTUS128F4233676,181,37,False
TRLJTWB128F4278B29,3,3,False
TRLJURD128F422F319,291,186,False
TRLJVBP128F92EF1D4,115,53,False
TRLJVJB128F92F3809,2,2,False
TRLJVJC128F9302FC9,2019,1463,True
TRLJVMU12903CE9E1B,649,288,False
TRLJWEB128F425BCA6,166,90,False
TRLJWIE128EF34359B,1231,401,True
TRLJWNM128F147AA35,7,6,False
TRLJXDR128F92DC8C8,11,1,False
TRLJXUO128F4266679,36,19,False
TRLJXYE12903CBE717,507,244,False
TRLJYMG128F42B0B9F,2,2,False
TRLJYUS12903CFF4F8,1,1,False
TRLJYXJ128F148895D,1138,222,True
TRLJZDM128F935C049,30,11,False
TRLJZHN12903CDA834,14,12,False
TRLJZNM128F425A61E,35,20,False
TRLJZVN128EF3435F5,2327,927,True
TRLKABB128F931E3CD,1,1,False
TRLKAHV128F4232C3C,325,55,False
TRLKAKM128F42344B8,315,132,False
TRLKAOE128F93185EC,15,4,False
TRLKAPQ128F92D8945,6036,2777,True
TRLKBDL128E0796891,374,116,False
TRLKBDR128F93174FE,18,7,False
TRLKBHN128F42914B8,1,1,False
TRLKBKB12903CF799C,232,104,False
TRLKBRU128F42B18A3,3034,577,True
TRLKCAF128F422C143,2877,1158,True
TRLKCGY128EF35C462,8,8,False
TRLKCRX12903CC2F9B,49,13,False
TRLKCWE12903CBFF06,34,12,False
TRLKDAB128F42376F5,318,85,False
TRLKDKA12903CADD6E,7508,2414,True
TRLKDKC128F92F99ED,3711,1444,True
TRLKDKF128F42A176F,612,185,False
TRLKDSC12903CF51C0,175,107,False
TRLKEAE12903CA4398,57,24,False
TRLKEBM128E0799ACC,65,39,False
TRLKEEG128F4252100,499,169,False
TRLKEFF128F932ADA2,29,16,False
TRLKEKF128F9303281,2942,1453,True
TRLKELG128F42AF0A2,429,143,False
TRLKEWJ128F9311558,2,2,False
TRLKFDW128F9309ABB,16,7,False
TRLKFEM128F4257BC2,21,13,False
TRLKFOP128F92CA52C,195,108,False
TRLKGMC128F92F6DBE,64,20,False
TRLKGUZ128F930F75D,23,13,False
TRLKHGY128E0795523,966,342,True
TRLKHJS12903CB04D1,36,12,False
TRLKHOO128F92C5A7F,2289,1258,True
TRLKHUG128F9313374,44,18,False
TRLKHYA128F145E8B2,85,22,False
TRLKHYI128F426A243,5906,1135,True
TRLKIGT128F930467F,370,79,False
TRLKIHC128F147F292,27,16,False
TRLKIRF128F4251749,23,13,False
TRLKIRG128F92E61E7,157,26,False
TRLKIUQ128F42720DF,1907,1029,True
TRLKJBA128F932FF5B,18,12,False
TRLKJGQ128F933C639,298,105,False
TRLKJMI128F4244C84,72,46,False
TRLKJNE128F93492ED,53,17,False
TRLKJQF12903CC5BF8,30,13,False
TRLKKHA128F14A4689,180,32,False
TRLKKHA128F92F38F1,66,37,False
TRLKKNC128F14AA17D,273,159,False
TRLKKPV128E0793B3B,43,18,False
TRLKLFX128F1456ED6,87,44,False
TRLKLHH128F425B79D,69,28,False
TRLKMGN128F428B480,13,10,False
TRLKMWH128F146CC1C,813,323,False
TRLKMZU128F422A8B5,8,5,False
TRLKNIB128E0797FAC,35,13,False
TRLKNRM128F92C44CC,1,1,False
TRLKNYV128F4270798,1,1,False
TRLKOIA12903CACB17,15,5,False
TRLKOKT128F930984C,2864,661,True
TRLKPHD128F42AD04B,40,14,False
TRLKQED128F1485B66,609,257,False
TRLKQEZ128F93146DD,183,77,False
TRLKQGD128F9316CAA,301,195,False
TRLKQNI128E078E9E6,17,3,False
TRLKRAA128F42800B4,362,257,False
TRLKRFU128F92D93D7,5,4,False
TRLKRJK12903CDA626,6,3,False
TRLKRKN12903D02798,98,52,False
TRLKRMO128F427F8CD,112,45,False
TRLKRNF128F932BD36,447,69,False
TRLKRTG128F4285C23,4,3,False
TRLKRZS128F424D45B,28,8,False
TRLKSGP12903CF0C97,272,137,False
TRLKSGZ12903CF5944,16,9,False
TRLKSVN12903CA44AB,11,6,False
TRLKSXO12903CB019A,320,95,False
TRLKSZB12903CE5BBE,14,6,False
TRLKTBI12903CD327B,2326,823,True
TRLKTDE128F145EAE3,16,11,False
TRLKTEI128F427855D,7,3,False
TRLKTGJ128F92FAF60,577,129,False
TRLKTUO128F9350CCE,136,70,False
TRLKTWO128F932EDC2,2819,1772,True
TRLKTZI12903CF108D,160,117,False
TRLKUMC128F92F378B,158,34,False
TRLKUND12903CF4541,67,16,False
TRLKUSG128F42520FE,474,166,False
TRLKVBI128E07823D8,1,1,False
TRLKVFW128F934B057,19,16,False
TRLKVRN128F9336989,30,16,False
TRLKVWX128F92DC38F,98,28,False
TRLKVXG128F1485E9E,90,32,False
TRLKWJP128F92D1918,41,11,False
TRLKWLF128F42650F5,1882,572,True
TRLKWOE12903CC8034,38,14,False
TRLKWSN128F4295D0E,259,50,False
TRLKWVB12903CF5998,3,3,False
TRLKXCI12903CB55BD,176,76,False
TRLKXIU128F42BCBE3,1,1,False
TRLKXJC128F148A067,1222,508,True
TRLKXUZ128F14621A8,84,36,False
TRLKYOK128F92F2C84,190,40,False
TRLKYRZ128F933BC0E,4,3,False
TRLKYVP128F933A2F0,5,4,False
TRLKZPJ128E0792BF7,330,127,False
TRLKZQQ128F4265ABE,1,1,False
TRLKZXP128F4251284,34,25,False
TRLKZZK128F4234ADC,11,4,False
TRLLAXT128F1492167,145,83,False
TRLLBBU128F42B1F8C,7,5,False
TRLLBDX128F9333040,8,5,False
TRLLBFK128F1494A93,643,184,False
TRLLBPN128F9344596,931,512,True
TRLLBPV128F428AAF5,19,9,False
TRLLBQO128F42817C3,159,69,False
TRLLBQQ128F92D2470,1,1,False
TRLLBVB128F429E997,1324,587,True
TRLLBVK128F92F5C81,9,8,False
TRLLBYS12903CB653D,3609,1911,True
TRLLCOC128F9315E4F,3,1,False
TRLLCYO128F4294802,118,26,False
TRLLDKZ128E0795636,17,7,False
TRLLDWC128F930FDE3,133,34,False
TRLLDYA128F93278DA,17,13,False
TRLLEDY128F429A960,2965,797,True
TRLLEHD128F4276BA2,110,39,False
TRLLEND128F4231EB9,9,4,False
TRLLERA128F4284DAE,22,11,False
TRLLETI128F93501AD,38,16,False
TRLLFEE128F421A8B2,10,7,False
TRLLFIF128F92F8043,582,176,False
TRLLFMV128F92CC04B,328,259,False
TRLLGGV128EF34EA23,1,1,False
TRLLGIJ128EF34318A,409,211,False
TRLLGIZ128E0793597,5,1,False
TRLLGMF128F427276F,137,59,False
TRLLGPH128F1485B57,2620,444,True
TRLLGUK12903CA1FD8,173,94,False
TRLLHII12903CD63B9,16,4,False
TRLLHJK128F149D9AB,7,5,False
TRLLHPH128F14B137B,62,31,False
TRLLIAB128F424E8C2,418,79,False
TRLLIGO128F9318CA6,3652,958,True
TRLLIHJ128F425C76C,1300,351,True
TRLLIRI128F4239385,342,129,False
TRLLIUN128F425228E,192,123,False
TRLLJJL128F92F4F3C,98,56,False
TRLLJMD128F9329FCF,76,16,False
TRLLKHB128F427AB06,1,1,False
TRLLKOF128F92FCCAE,206,113,False
TRLLKPH128F145F675,141,86,False
TRLLKQR128F930DB99,3,3,False
TRLLKVO128F4243AC7,100,24,False
TRLLLGQ12903D017DC,2,2,False
TRLLLRL128F4295614,12,12,False
TRLLMCB128F9309064,9,9,False
TRLLMIO128F92EB394,47,30,False
TRLLMJN12903D05D0E,4,2,False
TRLLMLM128F4246BB7,10,4,False
TRLLMSF128F145879B,55,28,False
TRLLNNO128F92F3782,74,26,False
TRLLNPH128F1484239,577,171,False
TRLLOMC12903CC45DD,345,145,False
TRLLPGN128F149DA56,18,9,False
TRLLPSF12903CB4808,12,7,False
TRLLQAJ128F932BE08,8,4,False
TRLLQVB128F4291FCF,7,2,False
TRLLQYV128F92E742F,2030,698,True
TRLLRIV128F425131D,1450,705,True
TRLLRPR128F429B073,487,265,False
TRLLRQA128F427C709,186,126,False
TRLLSET128F428A289,223,124,False
TRLLSHY128EF355B03,5,1,False
TRLLSJA12903CD4617,6,6,False
TRLLSNE12903CF243B,2273,617,True
TRLLSRB128F14520BA,1768,590,True
TRLLSXA128F92D04FC,24,8,False
TRLLTHH128F42611E9,44,20,False
TRLLTTH128EF365D4A,46,15,False
TRLLTXF128F42577A2,219,69,False
TRLLTXS128F932E039,2255,817,True
TRLLTZU128F4290E80,801,244,False
TRLLUHB128F934B544,699,343,False
TRLLUSO12903CDE9D7,30,14,False
TRLLUYD128F426947C,29,5,False
TRLLVHK128F14676AE,5508,1942,True
TRLLVOB128F1481CFF,67,23,False
TRLLVXJ128F428AD0B,47,28,False
TRLLWDO128F4243624,363,186,False
TRLLWFZ12903CB623A,21,10,False
TRLLWGJ128F429E9F6,493,305,False
TRLLWOS128F9332861,14,8,False
TRLLWYR128F9338FB7,1519,625,True
TRLLXPW128F421538B,1225,423,True
TRLLYXI128F426FE6B,43,15,False
TRLLYZQ128E07917EA,197,154,False
TRLLZCD128F9322A74,51,16,False
TRLLZWL128F42A0604,32,15,False
TRLLZYQ128F4273A78,224,119,False
TRLMAET128F426376B,104,63,False
TRLMAJQ128F423EAA0,605,360,False
TRLMANG128F9339252,580,258,False
TRLMBEJ128F426A5F2,61,21,False
TRLMCMZ128F149CD98,33,12,False
TRLMDIP128F4257959,141,66,False
TRLMDPW128F1484C9A,1270,493,True
TRLMDTR128F4248B03,3,3,False
TRLMELE128F428FD9E,581,171,False
TRLMFHL128F146A75C,4,4,False
TRLMFKT12903CDB5E7,101,57,False
TRLMFMQ128F423B167,1063,501,True
TRLMFRB128E078E1FA,343,141,False
TRLMFVI128F4281921,1561,634,True
TRLMFZF128F422FD97,32,12,False
TRLMGCQ128F4252F2D,23,4,False
TRLMGFC12903CF16BF,1448,739,True
TRLMGFJ128F146C882,168,83,False
TRLMGFX128F428C4C5,40,18,False
TRLMGLE12903CB42EE,17,11,False
TRLMGUH128F9301533,65,39,False
TRLMHJT128F932D16F,8,6,False
TRLMHRY128F9361850,69,26,False
TRLMHXN128F42311CF,2670,1162,True
TRLMIKF128F934A29A,105,46,False
TRLMINL128F429B2F9,197,67,False
TRLMIOC128F933FDB7,43,11,False
TRLMIXC128F42329D2,22,11,False
TRLMIXW128F42A513C,1,1,False
TRLMJWG128F4235054,39,29,False
TRLMJXF128F9329E6B,298,95,False
TRLMKES128F1482A49,16,15,False
TRLMKHJ128F427ACC5,41,21,False
TRLMKJU12903CB95AD,13,4,False
TRLMKUB128F422A204,3,2,False
TRLMKVI128F92E3F07,29,13,False
TRLMKXV128F9313A30,405,158,False
TRLMLKQ128F92F963C,39,14,False
TRLMLVJ128F423A300,19,9,False
TRLMMAF128F931C26B,101,61,False
TRLMMMH128F930B6B9,18,7,False
TRLMMQH128F934B56B,12,8,False
TRLMMWR12903CF457C,5,3,False
TRLMMYO128F4250DF9,385,223,False
TRLMNEE128F42A52E0,10015,3855,True
TRLMNJB128F92E1154,970,445,True
TRLMNMK128F92D6FA5,161,27,False
TRLMNXV12903CF466E,583,348,False
TRLMOPA128EF34C729,64,34,False
TRLMPMD12903CF2544,55,29,False
TRLMQBL128F1485DD9,6455,2132,True
TRLMRDY128F92E288F,1522,622,True
TRLMRKD128F425DC3E,3710,826,True
TRLMRSS128F42980A1,3,2,False
TRLMRUW128F9330A10,311,52,False
TRLMSHT128F4286255,45,35,False
TRLMSNA128E0799A31,279,174,False
TRLMSSE128F4291629,10,9,False
TRLMTCJ128E0793537,27,19,False
TRLMTGM128F4260158,54,28,False
TRLMTMJ12903CF8152,38,19,False
TRLMTRJ128F933BAD0,110,45,False
TRLMTSL128F93501C4,2581,1323,True
TRLMTYI128F9345804,2,2,False
TRLMUES128F1482482,903,390,True
TRLMUNO128F92F9A36,242,78,False
TRLMVPL12903CDB0DD,7,6,False
TRLMXFW12903D05CEF,91,47,False
TRLMXNR128F42986FB,3041,865,True
TRLMXRL128F424F99A,105,45,False
TRLMXRU128F931A4AC,575,352,False
TRLMYGT12903CBBCEF,587,340,False
TRLMYOC128E0791629,9,3,False
TRLMYPK128F92E9E9A,52,39,False
TRLMYVX128F4230E4F,5,3,False
TRLMYWF128E079316F,2,2,False
TRLMZAU128F425045A,1390,650,True
TRLMZGE128F4281A85,141,80,False
TRLMZYY128F92EF87B,599,276,False
TRLNAOF128F93439C7,11,6,False
TRLNBDH128F92E339C,61,26,False
TRLNBNI128E07822C0,8048,3462,True
TRLNBPN128F92F6FCC,1224,472,True
TRLNCND128F42975FD,9,3,False
TRLNCTW128F1456921,1200,359,True
TRLNDAA128F423C164,58,29,False
TRLNDCF128F92EF799,473,187,False
TRLNDKD12903CB52C2,2585,1333,True
TRLNDQK128F92DE5CD,3,3,False
TRLNEGK12903CE86B0,7,4,False
TRLNFBN128F42695A6,28,14,False
TRLNFFM128F4242EB2,165,73,False
TRLNFJJ128F9322DB1,18,10,False
TRLNFKN128F931BAF2,7535,2534,True
TRLNFYH128F145B03A,319,74,False
TRLNGHY128F92E34F3,108,48,False
TRLNGIB128F9340814,124,74,False
TRLNGMI128F427ECE4,1114,404,True
TRLNGSF12903CEF018,5,2,False
TRLNGUY128F9333AC8,49,25,False
TRLNGXY128F930C626,1268,345,True
TRLNGZD128EF352485,21,9,False
TRLNHKD128F92D6A98,18,8,False
TRLNICN12903CA735F,5033,3007,True
TRLNISN128F4226B57,46,21,False
TRLNISO128F92F9924,2396,1171,True
TRLNIYA128F4292B86,448,241,False
TRLNJFL128F424E01B,2,1,False
TRLNKSV12903CB4508,9487,3895,True
TRLNLIC128F4217B16,1,1,False
TRLNLJW128F426DEA3,215,89,False
TRLNLRD12903CCC9F8,1180,645,True
TRLNLYC128F422B8D2,4590,1758,True
TRLNMFW128EF3456A7,39,28,False
TRLNMUR12903CD7C52,3,3,False
TRLNNQA128F9359119,32,17,False
TRLNNSR128F427EFE0,1814,643,True
TRLNNUF12903CD2DB9,27,15,False
TRLNNVE128F429147C,83,30,False
TRLNOBH128F4235151,18,12,False
TRLNODA12903CE7765,26,10,False
TRLNOHR128F428B49F,525,323,False
TRLNOJH128F93370F6,24,11,False
TRLNOJI128F934C8E9,20,8,False
TRLNONS128F92DB568,1032,193,True
TRLNOVI128F146EEE7,878,266,True
TRLNOYX12903D102F7,10,6,False
TRLNPEQ128F1456B6E,1042,445,True
TRLNPMF128F9301EF4,18,13,False
TRLNPMP128F92CEE26,2,2,False
TRLNPQN128F42623BB,1205,500,True
TRLNPVK12903CA670F,9,4,False
TRLNPZF128F4295010,214,57,False
TRLNQPB128F933DE5B,4,2,False
TRLNQSA128F422A5E7,74,12,False
TRLNQZR128E0792FCB,194,123,False
TRLNRAY12903CF6BE2,2,2,False
TRLNRCC128F92F964E,5,2,False
TRLNRGP128F42633DB,583,337,False
TRLNRIN128F932EAB7,17,9,False
TRLNSPQ128F1469E40,2,2,False
TRLNTHZ12903CF5BDD,159,84,False
TRLNTXI12903CB470F,38,19,False
TRLNTZC12903CB82A5,3,2,False
TRLNUCC128F42925C1,18,15,False
TRLNUMN128F93311F7,100,43,False
TRLNUOM128F9359383,59,23,False
TRLNUPS12903CE03F0,23,15,False
TRLNURL12903CEA9C7,873,344,True
TRLNVRP128F9342C7D,117,52,False
TRLNVSC12903CADD67,11637,4047,True
TRLNWJO128F148916D,2144,943,True
TRLNWWP128F931B491,3,1,False
TRLNXPG128F931B02E,34,23,False
TRLNXQE128F42268DD,14,11,False
TRLNXWT128F424A74B,559,54,False
TRLNYBQ12903CB51A5,16,8,False
TRLNYDF12903CAF6F6,5,5,False
TRLNYNT128F931FDB4,2,2,False
TRLNZSV128F428374E,3503,1806,True
TRLOADA12903D009C6,123,59,False
TRLOAHP128EF34BB51,5,5,False
TRLOAIE128F427E57D,52,4,False
TRLOAMH128F93481CB,1463,354,True
TRLOAQD128F92E87C8,532,150,False
TRLOBFD128F425A74C,817,531,False
TRLOBIT12903CB9FF8,608,281,False
TRLOBSF128F931AA9B,6,2,False
TRLOBUP128F422A596,34,15,False
TRLOCCA128F429F768,4,3,False
TRLOCHT128F92EC1F6,35,17,False
TRLOCIC128F14AEC53,6017,2831,True
TRLODWX128F421C620,53,24,False
TRLODYA128F147EB2B,25,14,False
TRLOEAO128F933FE1B,28,6,False
TRLOEBR128E078EE50,544,282,False
TRLOEEC128F931F54F,354,179,False
TRLOEGT128F421C4ED,249,145,False
TRLOEIJ128F931AD02,1,1,False
TRLOEVR12903CF0C99,216,115,False
TRLOFAO12903CF41CF,39,14,False
TRLOFCI12903CE4267,11,11,False
TRLOFTA128F427EFEA,58,18,False
TRLOFUO128F1455FF7,1902,442,True
TRLOGCF128F424FF3C,18,9,False
TRLOGEG128F421E753,32,11,False
TRLOGEG128F931E04C,113,70,False
TRLOGFL12903CBA5C9,6,2,False
TRLOGUD128F931023F,95,37,False
TRLOHCZ128F4279DF0,2739,1402,True
TRLOHFL128EF3422BA,2,2,False
TRLOHOT128F42631FA,434,186,False
TRLOHWT128F42598CF,3683,1672,True
TRLOIHQ128F93293C9,176,77,False
TRLOIKS128F92C4FDE,4283,1813,True
TRLOIMO128F42AC94F,3259,1273,True
TRLOJGN128F934C05A,67,28,False
TRLOJLF128C719662D,3,2,False
TRLOJQD128F4222CB2,11,6,False
TRLOJQE128F9336EF9,77,32,False
TRLOKQA128F42352CB,5,4,False
TRLOKQR128F9320B9E,38,12,False
TRLOKTR128F9317A1F,139,28,False
TRLOLYX12903CA8867,277,142,False
TRLOMKB12903CEDAB4,13,9,False
TRLONIY128F934ABE8,21,13,False
TRLONQY128E078E9B2,143,75,False
TRLONXS128F42B8BF5,1855,825,True
TRLOOBY128F934B6A5,3,1,False
TRLOPAK128F428E0F8,74,44,False
TRLOPDO12903CFF6A2,1711,508,True
TRLOPFO128F9350F38,17,8,False
TRLOPMM128F1484AB5,28,15,False
TRLOPOT128F14A213D,3,3,False
TRLOPVD128F423D4D2,16,9,False
TRLOQLB12903CA4EF3,12,9,False
TRLOQMD128F429E169,2592,677,True
TRLORHC128F145F867,261,99,False
TRLORLV128F14553F9,610,124,False
TRLOSNI128F92F8FCB,823,434,False
TRLOSUE128F1468957,37,21,False
TRLOSWH128F9323191,364,177,False
TRLOSWY128F4281942,69,34,False
TRLOTHV128F9336AC6,6,6,False
TRLOTLD128F934CBAD,153,20,False
TRLOTQR128F92E1021,152,50,False
TRLOUGL128F42A3B0B,531,165,False
TRLOUND128F4291D95,122,63,False
TRLOUQW12903CF4587,4,3,False
TRLOURL128F92D4F10,15,4,False
TRLOVSO128F4289660,165,122,False
TRLOVTV128F92E846E,25,15,False
TRLOWAL12903CA1A16,80,23,False
TRLOWMJ128F427F191,1,1,False
TRLOWQK128F9309D00,144,50,False
TRLOXDI128F930B492,290,126,False
TRLOXHC128F42736B9,100,32,False
TRLOXPI12903CBA55B,793,156,False
TRLOZQZ128F92E8A3F,2,2,False
TRLOZUM128F428DF43,789,219,False
TRLPADI12903CC6081,9,7,False
TRLPAFT128E0781AF8,4498,2104,True
TRLPAKN128F427CA2B,1656,468,True
TRLPAMG12903D00B34,659,270,False
TRLPANY128F931AC8C,12,3,False
TRLPAOQ12903CC8ED4,10,5,False
TRLPBFL12903CBE814,9,4,False
TRLPBJC128E0791E6F,677,233,False
TRLPBWP128F930416D,1621,659,True
TRLPCKY128F42ACFB8,1538,764,True
TRLPCZC128F427207E,760,299,False
TRLPDDX12903D00D59,44,23,False
TRLPDXG12903CA1EEB,10,6,False
TRLPEBW128F4288432,146,72,False
TRLPFXT128F9303329,22,9,False
TRLPGWD128F4251C95,43,15,False
TRLPGXF128F14A2E24,812,423,False
TRLPHCE128E079183B,110,87,False
TRLPHCQ128F4269033,45,5,False
TRLPHED128F4257FF5,723,246,False
TRLPHKI128F425BB5C,256,121,False
TRLPHMM128F9314FD7,311,58,False
TRLPHOR128F4264ECD,9,9,False
TRLPHTZ128F426266E,41,20,False
TRLPIGH128F423A310,11,7,False
TRLPISH128E0786528,2242,1165,True
TRLPJDE128F92D06EF,14,8,False
TRLPJFZ128F92FD9FF,10,8,False
TRLPJYP128F421B8D9,85,37,False
TRLPKFQ128E0792088,250,140,False
TRLPKGT128F9339CDA,233,66,False
TRLPKXP128F9306E92,733,230,False
TRLPKXW128EF359E1D,933,545,True
TRLPKYL128F92E28A3,23,8,False
TRLPLHL128F4292587,15,8,False
TRLPLRS12903CE3E21,29,11,False
TRLPLUX128E0786B21,728,335,False
TRLPLVQ128F424D007,143,49,False
TRLPMLR128F425D4C2,146,61,False
TRLPNCR128F4262D8E,1014,678,True
TRLPNJT128F92E24E3,14,5,False
TRLPNTL128F92F6E8A,1,1,False
TRLPNUZ128F92F5EBF,6,3,False
TRLPNVE128F426BAB9,54,25,False
TRLPOFY128F425ECE8,297,154,False
TRLPOPW12903CF043E,24,10,False
TRLPOSL128F4269516,3793,1351,True
TRLPPEY128F1453515,28,17,False
TRLPRSE128F4288153,17,7,False
TRLPRXA128F92EF8FA,2890,890,True
TRLPRYG128F92DAAD3,76,11,False
TRLPUCN12903CD22DC,652,218,False
TRLPVAG128F42AC553,4,2,False
TRLPVFV128F931B5BA,18,12,False
TRLPVJP128F9312A33,203,81,False
TRLPVRA128F424D3D6,36,15,False
TRLPWZH128F931E800,323,199,False
TRLPXCB128F4247F62,434,195,False
TRLPXKR128F93432C8,204,67,False
TRLPXNP128F14682B5,359,227,False
TRLPXXR128F932E83A,13,8,False
TRLPYVQ12903CDF2EA,19,6,False
TRLPYWU128F9329D98,405,179,False
TRLPZAI128E0781AB2,336,156,False
TRLQBEN128F92E7415,52,21,False
TRLQBPZ12903CBF36B,10,8,False
TRLQBRC128F147DF71,2784,1344,True
TRLQBZP12903CECC4A,734,123,False
TRLQCZC128F4243FC3,11,4,False
TRLQDAV12903CF23C8,182,86,False
TRLQDPT128F14A4535,27,6,False
TRLQDZO12903CF535C,11,10,False
TRLQDZV128F934EC5B,40,4,False
TRLQEJB128EF34A94C,65,29,False
TRLQFFX128F92F4917,10049,3608,True
TRLQFNL128F4248D60,104,57,False
TRLQFUA128F9347609,496,198,False
TRLQGBQ128F4272DDC,12,8,False
TRLQGHW128F933CEFB,275,123,False
TRLQGIJ128F92E9603,1173,284,True
TRLQGYH128F42684BA,38,16,False
TRLQHPA128F931DDA9,20,10,False
TRLQHZP12903CB4B04,7,4,False
TRLQJJY128F9329C3E,228,169,False
TRLQJMX128F425DCA7,376,151,False
TRLQKKX128F424704F,65,18,False
TRLQKNX128F424D671,103,45,False
TRLQKSR128F92F1B1D,42,13,False
TRLQLBZ128F42A70F4,63,4,False
TRLQLSO128F429E74E,752,257,False
TRLQLWF128F14A46CF,1346,532,True
TRLQMIH128F14733EC,121,60,False
TRLQNAP128F42798E9,1787,691,True
TRLQOAP128F935A692,1,1,False
TRLQOED128F42421E4,8,3,False
TRLQOHU128E0789ED6,264,54,False
TRLQPAX128F4227D67,902,299,True
TRLQPEM128F934BCF9,2,2,False
TRLQPHU128F146B241,50,34,False
TRLQPQJ128F42AA94F,1156,457,True
TRLQPRA128F42696C3,19,14,False
TRLQPTE128F42812B9,409,212,False
TRLQQJO12903CEC439,227,127,False
TRLQRWV128F92ED201,2849,685,True
TRLQSER128F42720A5,461,91,False
TRLQSGU128F425CF9C,36,18,False
TRLQSJY128F4275BA1,95,55,False
TRLQSLM12903CA9475,23,10,False
TRLQSOX128F92EB31F,14,9,False
TRLQTDK128F429C85E,53,10,False
TRLQTVQ128F146EDBE,1686,673,True
TRLQUBI128F92E7449,7,1,False
TRLQUCU128F934B290,12,10,False
TRLQUGG128F4261B0E,3304,1918,True
TRLQUKL128F9301508,108,39,False
TRLQULO128F42BBAEC,2059,597,True
TRLQUYW128F92E4766,166,73,False
TRLQVRY128F4262226,33,15,False
TRLQWBV12903CFF7B2,7,2,False
TRLQWKH128F93306F6,3016,861,True
TRLQWRM12903CE7366,13,3,False
TRLQWWG128F92FF74D,26,10,False
TRLQWWW128F423A4CE,484,133,False
TRLQWWZ12903CB97C2,305,121,False
TRLQXEX128F92C5769,652,295,False
TRLQXKG128F92D5954,9,4,False
TRLQXOF128E078944A,505,181,False
TRLQXVM128F423982A,503,232,False
TRLQYCQ128F14AA985,11,3,False
TRLQYEY128F933BA4E,20,5,False
TRLQYJV128F92E5A60,67,25,False
TRLQYZW128F93110A7,653,201,False
TRLQZLU128F4233828,8,8,False
TRLQZZX128F425241E,702,319,False
TRLRAKP128F428AE0A,19,11,False
TRLRBRX12903CE8FB0,15,9,False
TRLRCFH128F931E1CA,27,9,False
TRLRCHT128F425A245,165,54,False
TRLRCIA128F425ECD7,439,227,False
TRLRECA128F93069F2,2792,907,True
TRLRESR128F92EBC81,13,8,False
TRLRESV128F92F8ABA,92,36,False
TRLREUO128F92EF301,203,65,False
TRLREWX128F426F4FE,2,2,False
TRLRFEB12903CDF202,3,3,False
TRLRFXR128F9326B3E,2,2,False
TRLRGAB12903CE38D4,233,41,False
TRLRGAL128F4272397,226,118,False
TRLRGCZ12903CFCDE1,407,252,False
TRLRGVX128E078EC1B,37130,15304,True
TRLRGZX128F92EC094,152,41,False
TRLRHAI128F9333786,433,191,False
TRLRHQX128E07964F6,2963,1207,True
TRLRIHQ12903CBA6B4,24,9,False
TRLRJGY12903CD435B,400,173,False
TRLRJIT128F14AE31A,1654,477,True
TRLRJMJ128F42AE3A7,628,267,False
TRLRKGZ128F932BC94,356,143,False
TRLRKWX128F426B2F6,165,87,False
TRLRLKK128F92E32E8,180,98,False
TRLRLSX128F930CC4B,17,9,False
TRLRMRJ128F429C7C9,566,87,False
TRLRNAB128F4298744,475,331,False
TRLRNIG128F42B36E2,442,194,False
TRLRNOV128F42BA044,572,319,False
TRLRNTC128F4289AD9,364,120,False
TRLROEV128F92F1826,65,27,False
TRLROFV128E0798B37,47,25,False
TRLROIH128EF3518F5,1133,257,True
TRLROYF128F423DAC9,5,3,False
TRLRPOW128F932DFC3,113,69,False
TRLRPQB128F425EB2C,18,5,False
TRLRQCZ128F424FEBA,9,3,False
TRLRQRS128F14A797D,144,87,False
TRLRRDM128F14815A3,7,3,False
TRLRRPK12903D00598,312,157,False
TRLRRVH12903CBA3AE,209,117,False
TRLRSFG128F4266674,23,17,False
TRLRSLK128F92EC1BF,18,10,False
TRLRTEM128F9331D68,1432,741,True
TRLRTPK128F93141F8,123,49,False
TRLRTUU12903CFF29A,37,15,False
TRLRTZW12903CEBAF8,1981,562,True
TRLRUFJ128F4273AD9,51,14,False
TRLRVJF128F4262FF3,4,4,False
TRLRVKL128F423EFF1,447,307,False
TRLRVQN128F4256A70,189,46,False
TRLRWJE12903D051EE,380,221,False
TRLRXAQ128F9326786,344,197,False
TRLRXAY12903CEFAD3,3,3,False
TRLRXIO128F4276276,139,114,False
TRLRXKG128F4290BB6,169,119,False
TRLRXKI128F92EA27B,859,412,True
TRLRXWV128F92C685C,176,74,False
TRLRYUS128F9313136,105,25,False
TRLRZIN128F14A9316,1,1,False
TRLRZMO128F428CB74,38,17,False
TRLRZXY12903CB2C12,16,12,False
TRLSAAS12903CFE35E,1054,692,True
TRLSADE128F9321896,3683,1519,True
TRLSBGI128F42B8804,568,323,False
TRLSBHU128E0791F07,1144,560,True
TRLSBJQ128F14AE220,304,112,False
TRLSBPS128F14A94EE,1366,600,True
TRLSBXR12903D01A8B,1397,437,True
TRLSBZI128F92C1F65,124,22,False
TRLSCEV12903CC53CD,45,21,False
TRLSCFB12903CE3013,1355,409,True
TRLSCFC12903CD326B,1,1,False
TRLSCHP128F9322AA4,71,37,False
TRLSCIQ12903CFDBEE,4935,1879,True
TRLSCXI128F931D391,6,3,False
TRLSDRQ128F42B1BF7,4,3,False
TRLSDTP12903CC24D6,353,107,False
TRLSDTQ128F428D015,290,241,False
TRLSEKI128F92FF715,16,12,False
TRLSESC128F9317C32,21,7,False
TRLSFGF12903CFD7E5,10,9,False
TRLSFRS128F4285827,5471,2516,True
TRLSGAG128F14564FF,51,27,False
TRLSGMU12903CB5C31,1375,458,True
TRLSIIO128F93233C9,41,3,False
TRLSIKF128E078DF73,550,280,False
TRLSISM128F9352607,54,27,False
TRLSITY128F932698D,29,23,False
TRLSJGH128F42ACA15,232,99,False
TRLSJPW128E0789CDB,83,55,False
TRLSKGG128F423B854,187,59,False
TRLSKRU128F934D620,250,127,False
TRLSLSO128F424BCDA,4,4,False
TRLSMMJ12903CBAAA6,18,11,False
TRLSMMN128F145D223,85,27,False
TRLSMPE128F931027E,975,244,True
TRLSNDQ128F4266BD7,6251,2618,True
TRLSNSV128E0793DC6,164,105,False
TRLSOFK128F1475549,21,20,False
TRLSOQL128F4292EEE,245,142,False
TRLSPMR12903CB3903,29,14,False
TRLSPNO128F92E0A45,6430,3630,True
TRLSQPS12903CC7EE7,6,2,False
TRLSRCL128F4220E21,5,4,False
TRLSSVN128F428B708,139,104,False
TRLSTBS128F931101A,178,46,False
TRLSTLS128F934B62D,72,50,False
TRLSTMQ128F421C972,889,502,True
TRLSTOV12903D0D12E,21,8,False
TRLSTYH128F9306400,6,4,False
TRLSUSW128F425B9B7,2941,1000,True
TRLSUZY128F428821C,1430,902,True
TRLSVAD12903D04B41,20,8,False
TRLSVBJ128F428C8A3,88,15,False
TRLSVUG128F934B6BF,11,9,False
TRLSWEU12903CBAEB3,99,33,False
TRLSWIY128F42AFF28,9,4,False
TRLSWUX128F427205B,15,6,False
TRLSXJB128F429FC40,853,270,True
TRLSXKV12903CFF286,2,2,False
TRLSXNZ12903CDE0D8,1,1,False
TRLSXZJ12903CCDEA2,2424,789,True
TRLSYBO12903CAEB14,6,4,False
TRLSYIO128F92E62BF,6,2,False
TRLSYKC128F92E3478,6,2,False
TRLSYLC128F934D7C7,8,5,False
TRLSYRB12903D016FE,139,45,False
TRLSYSG12903CDCC54,44,14,False
TRLTAJY128F426A2B1,7,3,False
TRLTAJY12903CCD8DE,4,4,False
TRLTAZK128F9320A93,162,95,False
TRLTBAS128F934B97A,11,8,False
TRLTBAY128F92CA4EE,5940,2394,True
TRLTBKZ128F92FF0E8,77,63,False
TRLTBMZ128F4279586,48,22,False
TRLTCCL12903CE439A,225,122,False
TRLTCMF128F147CC9D,946,381,True
TRLTCOJ128F4271762,8280,3280,True
TRLTCRJ12903CA9CEB,5535,2516,True
TRLTDBB128F9312317,10,8,False
TRLTDDH128E07929AE,551,244,False
TRLTDII128F429F4CE,538,273,False
TRLTDUW128F1492267,215,104,False
TRLTEHW128F42B53D6,339,196,False
TRLTFNM128E0782438,7,4,False
TRLTFNM12903CF455B,83,50,False
TRLTFPX128F934C641,76,20,False
TRLTFRQ12903D09FB6,11,5,False
TRLTFWL128F92FD71D,124,59,False
TRLTGSK128F4245682,38,16,False
TRLTGWG128F92F148B,291,83,False
TRLTGZQ12903CE4D4E,38,24,False
TRLTHOH12903CDEC23,48,25,False
TRLTIBG128F149C0AC,90,55,False
TRLTISM128F424FEFB,3286,2186,True
TRLTJIL12903CFF2AC,10,7,False
TRLTJNJ128F92DF5DF,190,70,False
TRLTKBV12903CBD78D,15,14,False
TRLTLQI128F427A4D2,28,15,False
TRLTMLG12903D0652A,53,20,False
TRLTMNY128F92F5E67,30,10,False
TRLTMTL128F4281505,71,31,False
TRLTNLW128F932D53C,159,42,False
TRLTOEL128F931E7B9,494,277,False
TRLTPLP128F92EF82A,2,2,False
TRLTPPL128F428EAE7,59,24,False
TRLTPTG128F93150F2,19,11,False
TRLTPTQ128F930F7B3,2,2,False
TRLTQWS128F427A38A,463,187,False
TRLTRBZ128F42679CC,362,160,False
TRLTRMH128F425B26E,82,20,False
TRLTRRV12903CEE7E3,47,9,False
TRLTRUN128F4262426,2945,1057,True
TRLTSAM128F935A6A7,1025,530,True
TRLTSIK128F428113A,24,14,False
TRLTTAJ128F427E5B2,352,150,False
TRLTTAS12903CB8A77,103,26,False
TRLTTDV128F93365D1,220,37,False
TRLTTKM128F9303419,502,207,False
TRLTUGT128F932A79B,4,2,False
TRLTUIO128F1493A54,3,3,False
TRLTUKJ128F4248436,112,45,False
TRLTUON128F428A4A4,3454,772,True
TRLTVWB128F42709C1,1089,464,True
TRLTVXF128F933F4BD,24,7,False
TRLTWGW128EF3554ED,220,99,False
TRLTWLV128F14958E6,240,35,False
TRLTWUU12903CE051E,1,1,False
TRLTXEQ12903D019EC,3,2,False
TRLTYHT12903CC5A20,615,137,False
TRLTZPT128F427778F,12,7,False
TRLTZTB128F9310435,424,199,False
TRLUATG12903CD7C5E,18,5,False
TRLUBDL128F930A12C,1,1,False
TRLUBXQ128F934A4E4,286,67,False
TRLUCGR128F4277AC1,4224,1486,True
TRLUCXC128F42AA433,11,5,False
TRLUDAN128F933A73D,854,409,True
TRLUDEV12903D09D03,55,28,False
TRLUDHI128F92D538A,88,38,False
TRLUDNG128F428D5C7,6,2,False
TRLUDNV128F427A49B,97,51,False
TRLUEAL128E078E5E6,40,19,False
TRLUEEX128F1499B92,1,1,False
TRLUETT128F145B983,4,3,False
TRLUFZD128F92FF6CE,16,11,False
TRLUGLY128F4274758,7,4,False
TRLUGOR12903CDB355,55,33,False
TRLUGYK128F429EA69,5159,2947,True
TRLUHVF12903CC4B5E,242,157,False
TRLUIAU128F429C859,376,80,False
TRLUIIQ128F9330FBC,209,113,False
TRLUIRK128F425B70A,20,12,False
TRLUIZH12903D0058B,249,122,False
TRLUJRH128F4289DAC,51,6,False
TRLUKKL128F4284EEA,7096,2729,True
TRLULEP128F4250885,117,45,False
TRLULQS128F9333C67,710,297,False
TRLUMJL128F1499844,84,30,False
TRLUMXE12903CBE193,49,25,False
TRLUNBL128F931907A,4,4,False
TRLUNDG128F423DD57,112,35,False
TRLUNGT12903CC1BC0,2,2,False
TRLUNHR128F42BBB5B,735,260,False
TRLUNXV128F1461C4C,38,23,False
TRLUOYM128F9305C8D,1648,571,True
TRLUPET128F93376A7,34,7,False
TRLUPKD128F4263009,118,37,False
TRLUPSJ12903CFF242,2,2,False
TRLUPXV12903CD54AD,4,3,False
TRLUQMG128F92E3B31,207,81,False
TRLUQMQ128F1465352,323,115,False
TRLUROI128F92FFBFD,1469,886,True
TRLURRI12903D00716,37,13,False
TRLURZY128F425C31B,227,118,False
TRLUSFT128F422A4B3,16,6,False
TRLUSIX128F92F1972,34,19,False
TRLUUBM128F427057A,7,5,False
TRLUUXG128F4289A42,21,11,False
TRLUUYM128F1469156,49,30,False
TRLUVEB128F1474B64,563,224,False
TRLUVNY128F4291000,4,4,False
TRLUWUT12903CC7672,18,18,False
TRLUXGO12903C9C79B,78,62,False
TRLUXSK128F14AE297,6504,2058,True
TRLUXWC128F429E9FC,908,522,True
TRLUYDV12903CA9128,21,2,False
TRLUYQQ12903CB3161,185,86,False
TRLUZQN128F934B6E6,15,9,False
TRLUZRD128F1491121,19,12,False
TRLUZVY128F427A42B,1,1,False
TRLVAMG128F4299DB7,21,10,False
TRLVAPC128F146DCB7,9,7,False
TRLVAQU128F423503B,150,68,False
TRLVBDH128F9351DFC,993,204,True
TRLVBXW12903CECC32,198,61,False
TRLVBYD128F9320600,3170,1394,True
TRLVDIF128F146DF00,33,24,False
TRLVDOV128F92E3C05,108,46,False
TRLVFAO12903CC2455,18,11,False
TRLVFLX128F9320FA5,4,4,False
TRLVFOC128F1468924,1,1,False
TRLVGOD12903CE7BEA,1733,528,True
TRLVGOQ128F4275333,4,3,False
TRLVHFI12903CCB769,1143,480,True
TRLVHHG128F42A1249,148,54,False
TRLVIEG12903CCA130,45,22,False
TRLVILD128F933BC9A,1001,344,True
TRLVIOH128F92FD558,878,229,True
TRLVITN12903CA1FB2,20,3,False
TRLVJQW128F146E511,369,134,False
TRLVJWO128F426B41E,5770,1785,True
TRLVKFO128F423FAFF,3,2,False
TRLVKUT128F92F02A0,70,29,False
TRLVKWB128F427C6C1,83,38,False
TRLVKYG12903CB6382,304,162,False
TRLVLJQ128E0794805,63,34,False
TRLVLSN128F92EDBD4,12,8,False
TRLVMBU128F4236C73,19,6,False
TRLVNEU12903CE90F0,21,13,False
TRLVOGK128F92CD9A0,583,185,False
TRLVOJW128F930AB2E,384,166,False
TRLVPIZ128F4247E86,2,2,False
TRLVPSA12903CBEF31,7,4,False
TRLVPTL12903CDBF18,795,384,False
TRLVQLE128F425B22E,952,502,True
TRLVQME128F931BAF3,63937,21813,True
TRLVRBB128E0781E8E,7,6,False
TRLVRQN128F4251317,153,88,False
TRLVRSJ128F148D602,141,64,False
TRLVRUV12903CF1F41,80,42,False
TRLVRVU12903CF2B53,343,162,False
TRLVTYG128F145F98C,1442,727,True
TRLVUGR128F42ABA56,20,7,False
TRLVUWG128EF34A0F3,715,259,False
TRLVUYF12903CE53DA,66,18,False
TRLVVJW128F92ED5AA,151,45,False
TRLVVMJ128F92FA0AE,117,4,False
TRLVVYZ128F92FAABC,33,14,False
TRLVXLE128F425ECD9,3,2,False
TRLVYBN128F42425CA,62,13,False
TRLWAKI128F149273E,10,8,False
TRLWAPH128F930CE1F,4,3,False
TRLWBNQ128F92E210B,15,4,False
TRLWCPA128F92EF0A8,37,9,False
TRLWCXZ128F422678E,13,12,False
TRLWCZN128F147AA04,43,16,False
TRLWDKJ128F4288302,4,4,False
TRLWEGM128F14632D6,159,73,False
TRLWEJM128F932DC6E,27,14,False
TRLWEJX12903CA6B94,8,8,False
TRLWEQT128F42768DE,182,98,False
TRLWEZV128F9355B61,1639,615,True
TRLWFCL128F92F90C6,204,109,False
TRLWHCN128F92ED3BE,258,96,False
TRLWHDO128F92C1CB2,10205,2930,True
TRLWHJN128F428ECBD,13,4,False
TRLWHZP128F932BC70,76,16,False
TRLWIUQ128F934DDE0,33,17,False
TRLWJIJ128F42A4C91,1005,485,True
TRLWJVP128EF343BF5,37,20,False
TRLWKDL128EF34DCAE,11,3,False
TRLWKFT128F4216E3B,25,15,False
TRLWKFY128F429F7EC,476,240,False
TRLWKIP12903CE3643,1,1,False
TRLWNGL12903CA5B28,242,111,False
TRLWNME12903C954B2,43,19,False
TRLWNSD12903CC251A,6,3,False
TRLWOFB128F1463C15,128,17,False
TRLWOZC128F92E4053,18,13,False
TRLWOZO12903CE853B,81,30,False
TRLWPAP12903CB4A9E,172,22,False
TRLWPDY12903D021DA,220,118,False
TRLWPRD128F424FF0B,145,61,False
TRLWQMX128F424CE27,60,14,False
TRLWRBK128F426DD92,2,2,False
TRLWRXI128F92D8944,2007,1290,True
TRLWRXM12903CEA831,5,3,False
TRLWSIT128F9330FD3,460,210,False
TRLWSPX128F92FF8EB,17,12,False
TRLWSUA128F149EEFF,330,153,False
TRLWTAG128E0789037,7316,2801,True
TRLWTGG128F42AE85A,2360,846,True
TRLWTKJ128F930ED4D,13,6,False
TRLWTNJ128F42620E8,95,57,False
TRLWUXR128F4280AA9,7,6,False
TRLWUYX128F14A46D1,565,287,False
TRLWWBR128F934B05A,185,57,False
TRLWWCT12903CE64C9,202,122,False
TRLWWIM128E0789BA2,2225,903,True
TRLWWXL128F933D0C1,596,185,False
TRLWXQV128F149120E,326,224,False
TRLWZHN12903CE9412,2,2,False
TRLWZRM128F92EDC64,295,128,False
TRLXAJT128E078F9DC,168,104,False
TRLXAOG128F42AA457,159,52,False
TRLXBNL128C719679F,636,368,False
TRLXCEF128F9304164,2891,895,True
TRLXCEO12903CE4098,818,296,False
TRLXCYP12903CE3DFC,6,5,False
TRLXDBE12903CF107C,393,215,False
TRLXDGD128F426A88A,10,5,False
TRLXDIE128F4285759,382,244,False
TRLXFKL128F426BF75,8664,3475,True
TRLXGFQ128F427B270,25,9,False
TRLXHIH12903CD4E1F,42,27,False
TRLXHJM128F424A420,244,167,False
TRLXHKD12903CE7FBE,90,42,False
TRLXHKK128F93149C2,23,16,False
TRLXHWG128F429342E,3,2,False
TRLXIGZ128F932B3FE,413,119,False
TRLXJCK128E0786B98,905,518,True
TRLXLRN128F422E57E,6,4,False
TRLXMDB128F930991E,6,4,False
TRLXMFO128F4241AF0,10597,3251,True
TRLXMJS128F1466CCD,122,21,False
TRLXMNU128F42678FC,74,52,False
TRLXMRJ128F9341AB1,57,25,False
TRLXNHH128F92F20AE,8,7,False
TRLXNQD128F428B5F2,550,211,False
TRLXOOL128EF34A948,5,5,False
TRLXOQO128F4289799,10,4,False
TRLXPJJ12903CA11B8,1,1,False
TRLXPMB128EF342C12,11196,3448,True
TRLXPNG12903CBD77E,154,58,False
TRLXPOH128F429DC14,419,120,False
TRLXQQL128F4291A8F,266,84,False
TRLXRBO12903CF59DE,6,3,False
TRLXRIE128F92E17AB,9,5,False
TRLXRNL128F932681F,14,11,False
TRLXSKP128F934B843,20,11,False
TRLXSNE128F92F3B61,12,5,False
TRLXSNR128F429361D,3871,1955,True
TRLXTGH128F4214ABF,41,26,False
TRLXTNA128F933B51A,4232,1686,True
TRLXTZO128F92E6EF8,47,27,False
TRLXVQA128F92F2640,12,8,False
TRLXVQP12903D06ECA,220,97,False
TRLXWBG12903CF1CC9,301,207,False
TRLXWJY12903CCE727,7,3,False
TRLXWMF128F14A381D,4,3,False
TRLXWYI128EF342433,1221,522,True
TRLXXCC128F92EABC3,1714,846,True
TRLXXII12903CFA052,262,191,False
TRLXXNZ128F4288BEF,64,32,False
TRLXYVK128F4255DEF,1505,784,True
TRLYAKC128F422D843,4,4,False
TRLYATC128F9311186,2900,1289,True
TRLYAWC128F4298F17,1543,734,True
TRLYBBZ128E07898BD,59,28,False
TRLYBIO128F92CC923,296,92,False
TRLYCGO128F145678D,5559,1758,True
TRLYCHI128F425C037,6,2,False
TRLYDQS128F931A36B,285,168,False
TRLYEHP128F9300BF1,35,12,False
TRLYEUJ128E0783BC6,169,90,False
TRLYEXS128F931470D,12,2,False
TRLYFDL128F932DFF5,342,173,False
TRLYFFC12903CE666A,10,1,False
TRLYFTD128F4241A60,1081,598,True
TRLYGCZ128F1469DA6,2393,771,True
TRLYHDW128F9316A83,98,34,False
TRLYHLE128F145CABA,20,3,False
TRLYHQL12903CDE9D0,86,24,False
TRLYHSZ128F42824C0,397,91,False
TRLYHXF128F9343D15,7,5,False
TRLYHZH128F9327F6E,3,2,False
TRLYITS128F932D250,114,12,False
TRLYJDJ128F4267E1A,126,17,False
TRLYJOJ128F427FF8E,210,86,False
TRLYJQO128F14525BD,330,154,False
TRLYJRK128F42923A6,2246,560,True
TRLYLUS128F934B539,813,119,False
TRLYLWL128F92E1CA3,35,25,False
TRLYMUS128F425B347,189,58,False
TRLYOEW128F9320D07,56,49,False
TRLYPCX128F9322331,40,13,False
TRLYQAA128F92F9A62,7,2,False
TRLYQCH12903CDECAC,70,14,False
TRLYQCK128F14AF51E,3,2,False
TRLYRFK128E0783A36,406,166,False
TRLYRMT128F9327BF5,18,16,False
TRLYRYY12903CFF072,6,4,False
TRLYSOR128F4281B48,560,285,False
TRLYTBE128F42597A9,118,28,False
TRLYTBH12903CE8802,226,106,False
TRLYTPU128F4276BB3,17,6,False
TRLYTVK128F146BA50,41,25,False
TRLYTZU128F930135F,140,67,False
TRLYUFJ128F42ACE9F,53,29,False
TRLYUZQ12903CF471C,341,45,False
TRLYVHC128F428A291,1054,614,True
TRLYVKH128F9317996,91,53,False
TRLYVQS128F429EA2F,1460,1243,True
TRLYVSK128F9310BE3,46,8,False
TRLYZGB128F421B78B,4,3,False
TRLYZHH128F934C4F7,44,18,False
TRLZAMG128F42681F0,696,371,False
TRLZBCJ12903CB07AC,572,209,False
TRLZBHB128F4274B48,134,33,False
TRLZCFS128F42B282B,113,65,False
TRLZCRH128F422508C,23,11,False
TRLZCUK128F4250B21,75,22,False
TRLZEWJ128F935AAFB,10,5,False
TRLZEWW128F9327F7C,555,211,False
TRLZFAE128F42655DC,14,7,False
TRLZFBX128F1489B07,33,20,False
TRLZFCW128F42B807C,26,15,False
TRLZFIS128F1495059,15,10,False
TRLZFVF128F145BA27,278,199,False
TRLZGBW128F9337DF5,29,22,False
TRLZGFK128F4235BCE,1324,586,True
TRLZGTJ128F933043A,12,7,False
TRLZHAB128F4277ACB,1605,635,True
TRLZHFM12903CAEBEB,28,12,False
TRLZHME128F421A87A,18,11,False
TRLZIRJ128F42814D4,2813,1393,True
TRLZJAZ128F42775EF,2,1,False
TRLZJCP128F931F5A7,274,143,False
TRLZJQS128F9325AD7,126,69,False
TRLZJVM128F933F17B,3,3,False
TRLZKLS12903CD2A1E,66,29,False
TRLZLFK128F4269F92,32,16,False
TRLZLMG128F4214AC7,90,39,False
TRLZLQE128F9309A50,17,7,False
TRLZLSE128F426D191,138,42,False
TRLZLUI128F933E342,70,26,False
TRLZMMY128F4226425,89,34,False
TRLZMQK128F4284DC8,9,3,False
TRLZNYG128F42724BA,48,23,False
TRLZOCN128F931A590,92,38,False
TRLZOFF128F930D386,233,103,False
TRLZOGD128F92FDA25,18,11,False
TRLZOHJ128F14A46A5,21,1,False
TRLZOPS128F931472A,343,128,False
TRLZOSW128F14522AA,185,74,False
TRLZPSW128F145A631,625,226,False
TRLZQUS128F92E58B3,7566,2602,True
TRLZRYF128F92CAA15,441,139,False
TRLZSSC128F42577AF,627,283,False
TRLZTAO128F934C516,48,14,False
TRLZTBM12903CA4C8F,16,11,False
TRLZTSE128F4249552,195,67,False
TRLZUEF128F426424F,43,26,False
TRLZUPA128F92D8239,99,48,False
TRLZVHH128F9313935,1,1,False
TRLZWKH12903CB1647,83,35,False
TRLZWMC128F147359C,30,16,False
TRLZXHE128F92DE621,69,38,False
TRLZXQC128F425198A,1,1,False
TRLZXWB128E078393E,1304,437,True
TRLZYBV128EF34569C,7,6,False
TRLZYLH12903CBDB80,125,33,False
TRLZYNT128F422A5D4,106,47,False
TRLZYPG128F42252F6,566,175,False
TRLZYTY128F931E018,1,1,False
TRLZYYR128F42671E1,945,449,True
TRMABDB128F42644C7,76,53,False
TRMABFS12903CA9D0E,4084,2070,True
TRMABIF128F9308692,290,125,False
TRMACQT128F9326D6D,38,2,False
TRMADBK128F4270FCB,417,227,False
TRMADCW128F42AA78B,14188,1985,True
TRMADRF128E07937C9,799,486,False
TRMAEHV128F427ECE6,5335,752,True
TRMAHBW128F9300F6D,1106,387,True
TRMAIKH12903CC4F8C,10,4,False
TRMAIWL128F14AE782,191,82,False
TRMAIXJ128F9326717,346,152,False
TRMAJWD128F42BA91A,336,133,False
TRMAKCO128F9346FAF,32,12,False
TRMALID128E0791E5C,1132,578,True
TRMALIN128F92F673F,14,3,False
TRMALTT128F92CB677,1574,814,True
TRMAMKW128F934B486,2,2,False
TRMAMPJ128F93226EA,134,47,False
TRMANQW128F9305CA2,40,4,False
TRMANWO128F428D0D1,167,127,False
TRMAPGU12903CD06BD,162,68,False
TRMAPMM128F1451DA7,9,5,False
TRMAQCM128E078998C,3899,1629,True
TRMAQPW128F42437B7,902,480,True
TRMAQWJ128F427EC70,3547,1937,True
TRMARAE128F92F0F61,113,61,False
TRMASJS12903CCBB76,29,19,False
TRMATIZ12903CA7203,9287,2792,True
TRMAUAW128F426E54C,237,117,False
TRMAUOW128E078F921,373,188,False
TRMAVXK128F4281241,2007,964,True
TRMAWNA128F93268CF,1760,284,True
TRMAWNW128E0781B77,500,336,False
TRMAWWQ128F427B799,55,14,False
TRMAWZQ128E07915C5,45,24,False
TRMAXVS12903CB06A9,33,21,False
TRMAZFQ128F9328FAB,118,44,False
TRMAZHI12903D0E5C8,75,28,False
TRMAZLJ128F93304CF,173,72,False
TRMAZQJ12903CDE9E2,56,19,False
TRMBALI128F4263C1B,40,22,False
TRMBARA128F4288751,65,10,False
TRMBAXZ12903CF4300,37,25,False
TRMBBAL128F92E4B44,4615,777,True
TRMBBMX128F92E7A5C,9,7,False
TRMBBYQ128F4269619,19,6,False
TRMBCRG12903CA9B29,15,9,False
TRMBDHG128F933F2EF,21,7,False
TRMBDIR128F4279C1F,97,52,False
TRMBDNK128F9316B08,57,13,False
TRMBEUS128F4277BF9,120,36,False
TRMBGAO128F4258045,143,54,False
TRMBGTQ12903CC8218,95,61,False
TRMBHFS12903CA98CC,65,5,False
TRMBHVY128F429D876,665,500,False
TRMBIJT128F427997E,226,71,False
TRMBIVB128F92F8F1C,353,226,False
TRMBIZX128F9302775,1494,538,True
TRMBKKP128F932EF9F,11,6,False
TRMBKSK12903CE414E,1,1,False
TRMBLBR128F145F66C,732,249,False
TRMBLIU128F92D163C,38,7,False
TRMBLKZ128F429538B,2731,971,True
TRMBLVA128F93075E6,2056,625,True
TRMBLYH128F92F9F8A,11,9,False
TRMBNER128F426603A,1320,708,True
TRMBNER128F9311106,68,31,False
TRMBNUB128F426848E,228,145,False
TRMBOXI128F42623A7,64,34,False
TRMBPYG128F424BE07,15,10,False
TRMBQUY128E0787D4B,16,11,False
TRMBQZP128EF3449A9,38,18,False
TRMBRHA128F1469CBE,10,6,False
TRMBRKN128F427B6F3,2258,878,True
TRMBSJT128F4289E1F,641,123,False
TRMBUII12903CC53C9,1285,428,True
TRMBVAW128F9335A10,430,274,False
TRMBVEZ12903CE041E,6,6,False
TRMBVUY12903CE0CF3,5920,1617,True
TRMBWAG128F1485B05,704,410,False
TRMBWIQ128F9325179,901,193,True
TRMBWXW128F1452C8E,1724,736,True
TRMBXHE128F14AE25D,67,32,False
TRMBYNG128F931C350,128,51,False
TRMCAEN128F146ECB5,442,206,False
TRMCBEE128EF344C05,28,15,False
TRMCCNW128F425157A,5,2,False
TRMCCNY128F93237D6,138,70,False
TRMCDFI12903CBAEAF,28,16,False
TRMCDJF128E0781AFC,236,203,False
TRMCDWI128F92CC89B,504,187,False
TRMCDYI128E078BE17,803,217,False
TRMCEJS12903CAC331,831,254,False
TRMCEVH128F92FB497,17,9,False
TRMCGLK12903CE7B9E,7,5,False
TRMCGSH128F4272541,215,104,False
TRMCGYB128F92FACD0,871,257,True
TRMCIGC128F933CA16,70,31,False
TRMCIXG128F92E36EB,3967,2202,True
TRMCJAY128F92FE619,58,27,False
TRMCJBZ128F93505A1,78,35,False
TRMCJEN128E079388C,318,198,False
TRMCJHF128F42131F2,6,3,False
TRMCJOH128F1458D79,63,34,False
TRMCJQB128E0781032,1661,523,True
TRMCKDQ128F149E218,11,4,False
TRMCKRR128F4244361,2,2,False
TRMCKSK128F14825F0,316,129,False
TRMCLAD128F92F163E,59,10,False
TRMCMIC128F4261074,242,67,False
TRMCMPE128F147281D,396,169,False
TRMCNKI128E078966F,38,24,False
TRMCNPY12903D00EDE,21,15,False
TRMCNSM128F4287AD9,36,10,False
TRMCOJO128F9330F7C,6842,3235,True
TRMCPVR128F9309A62,2615,1765,True
TRMCRJT128F4254260,3395,1969,True
TRMCRNC128F424BEFB,7,5,False
TRMCSDZ128F424C5AA,1275,657,True
TRMCTNM128F429358E,1573,286,True
TRMCTQN128E079352B,177,112,False
TRMCVKX128F92FB824,13,7,False
TRMCVSI12903CB6233,16,8,False
TRMCXIT128F4292510,164,77,False
TRMCXTX128F930498C,94,43,False
TRMCYSB128F932A096,56,20,False
TRMCYTP128F9335323,41,20,False
TRMCZDG128F934994B,6,3,False
TRMCZWO128F422F61E,220,153,False
TRMDAXF128F92E0A53,579,346,False
TRMDBEE128E0798845,707,219,False
TRMDBEZ128F425B81C,16,12,False
TRMDBHV128E078A1ED,63,39,False
TRMDBUA128F14A13EE,1060,385,True
TRMDBUU128F429696D,1456,666,True
TRMDDDG12903CB7319,209,105,False
TRMDDJN128F14823EF,229,130,False
TRMDDOB128F147587F,1,1,False
TRMDDXV128F422B8FD,77,50,False
TRMDEYZ128F425EB41,3,2,False
TRMDFYF128F9312B46,1,1,False
TRMDGOX12903CEC8EF,97,35,False
TRMDHPB128E0781F0E,34,15,False
TRMDISG128EF341CBC,2,2,False
TRMDIXL128F934C33E,165,64,False
TRMDJJC12903CA0EE6,1,1,False
TRMDJXN128F148AD8F,17,5,False
TRMDKOD128F148CCAE,283,118,False
TRMDKOF128F92EA9C3,32,21,False
TRMDLDM128F42626A5,603,132,False
TRMDLXF128F428B757,431,179,False
TRMDMGP128F92FAE61,10,7,False
TRMDMNP128F4296EFB,70,17,False
TRMDPGW128F426038E,42,24,False
TRMDPID128F429B0B4,497,241,False
TRMDQDH128F42344B2,317,122,False
TRMDQZW128F42694B4,360,91,False
TRMDRFL128F932B40D,17,6,False
TRMDUQD128F427D46F,34,19,False
TRMDVNU128F145805E,523,183,False
TRMDVZU12903CF5E3E,181,101,False
TRMDWCR128F427F0AD,39,16,False
TRMDWTO128F4269C7C,831,341,False
TRMDXHY128F9337390,1,1,False
TRMDYBW128F14A17E8,363,120,False
TRMDYIV128F9349DB3,786,408,False
TRMDYNB128F933A746,766,457,False
TRMDYOC128F9309825,570,209,False
TRMDYOO12903D07645,187,67,False
TRMDYQL128F92F8F4F,589,114,False
TRMDYYD128F934B27E,506,214,False
TRMEBST12903CA5F35,379,105,False
TRMEBVU128F92F64DB,10041,5490,True
TRMECYL128F92E2434,590,127,False
TRMEDJO12903CBFEA2,21,8,False
TRMEEEI12903CCDBA2,26,15,False
TRMEEJE128F1475D2C,89,36,False
TRMEFGN128F14AE2E6,46,23,False
TRMEFLU128F932292A,41,18,False
TRMEGSY128F9329C69,174,109,False
TRMEHFD128F92E4557,42,13,False
TRMEHFY128F1465A62,475,199,False
TRMEHHR128F428EDF5,115,45,False
TRMEJIH128F425DE31,1009,674,True
TRMEJWK128F92D10E1,191,38,False
TRMEKAO12903CE6BA2,53,25,False
TRMEKRF12903CC80A6,28,19,False
TRMELBC12903CE44FC,4416,2309,True
TRMEMER128F427995A,193,88,False
TRMENFP128F42912C7,1392,377,True
TRMENOM12903CB5C57,235,162,False
TRMENQP12903CC4D2B,57,25,False
TRMEORW128F92F5F4B,2,1,False
TRMEPEN128F425CDFD,185,70,False
TRMEPEU128F9338979,3327,1552,True
TRMEPQD128F429DDDC,1612,252,True
TRMERFX128F931F755,337,135,False
TRMERUX12903CDB65D,2,1,False
TRMESJE128F1454187,70,47,False
TRMESOP128F934B46D,125,50,False
TRMETFQ128E078AA9A,81,37,False
TRMEUCA12903CF9BFE,126,21,False
TRMEULX12903CA4C93,51,22,False
TRMEUZU12903C9C7A4,81,52,False
TRMEVOC12903CB2879,340,132,False
TRMEWHI128F422AD5B,89,58,False
TRMEYJP12903CC3357,3,2,False
TRMEYMO128F930A571,7,2,False
TRMFAFU128F14632DC,63,19,False
TRMFANB128F9356836,2821,964,True
TRMFAWD128F932B11D,2353,754,True
TRMFBUD128F92F6265,41,24,False
TRMFCAR128F1468ED0,37,28,False
TRMFCNV128F92E8B76,12566,4967,True
TRMFCST128F93437CC,211,91,False
TRMFCWJ128F9301774,101,39,False
TRMFDCT128F428C190,668,355,False
TRMFDDI128F1499EF8,792,402,False
TRMFDZH128F426ADF5,1,1,False
TRMFENK12903CC085E,8,5,False
TRMFERO128F147F595,65,39,False
TRMFETD128E0793B93,1301,629,True
TRMFFAD128F930EE13,53,20,False
TRMFFMV12903D07DD1,11,5,False
TRMFGCW128F93273BD,773,266,False
TRMFGQF12903C95498,23,15,False
TRMFGXC128F933B0F0,823,377,False
TRMFHJC12903D0C8D4,136,87,False
TRMFHJY128F9305AF2,593,272,False
TRMFHKK128F4270628,190,83,False
TRMFHKP128F426A36A,1067,539,True
TRMFICM128F149B8F6,310,99,False
TRMFITQ128F425DC36,2815,1148,True
TRMFIUI128F4258B16,1577,829,True
TRMFJGV128F149A138,45,35,False
TRMFKZF128F92F485E,172,79,False
TRMFMFJ128F9322F4B,11,8,False
TRMFMJT128F148B848,17,9,False
TRMFMMC128EF34D8F2,41,13,False
TRMFMUD128E0780CEE,1914,793,True
TRMFNAM128F423B0BF,27,24,False
TRMFNEH128F426DD1B,2,2,False
TRMFONA128F92F91AD,5436,2133,True
TRMFOOR12903CBB886,1764,499,True
TRMFPGN128F9338C1E,441,103,False
TRMFPUC128F42800B9,316,225,False
TRMFQSS128F1485B08,2573,970,True
TRMFRTV12903CC55A4,1,1,False
TRMFSFU128E0783E3D,276,84,False
TRMFTFY128F1496B64,621,244,False
TRMFTGZ128E0793B0F,715,482,False
TRMFTNP128F428E2BA,237,114,False
TRMFURU128F423C174,174,48,False
TRMFVKK128F9324704,1,1,False
TRMFVLK128F426A78A,1,1,False
TRMFVOW128F9317999,370,172,False
TRMFWUA128F423EBD4,45,23,False
TRMFWYK128F92CFF7A,575,222,False
TRMFXAY128F92F27DF,2016,537,True
TRMFXMQ128F4259B01,879,390,True
TRMFXQR128F92D3D28,1559,550,True
TRMFYJI128E078132D,2708,1392,True
TRMFYRW128F425C1C8,792,261,False
TRMFZBQ128F4258B9E,118,62,False
TRMFZDD128F92E572F,6,2,False
TRMFZVQ128F426714D,7,5,False
TRMFZYH128F42A6ACE,952,378,True
TRMGAAO128F145A556,1386,579,True
TRMGARQ128F9329D85,440,185,False
TRMGBNU128F4278587,7,3,False
TRMGCZS128F933049B,555,205,False
TRMGDDY128F1462AD5,68,29,False
TRMGDFA128E0798B3E,36,21,False
TRMGDVF12903D12FE0,78,29,False
TRMGETY128F14768A5,1,1,False
TRMGEUL128F9303BD2,1211,418,True
TRMGEVT128E0792657,60,30,False
TRMGFVP128F4269F84,63,36,False
TRMGGAJ128F428BDA9,16,12,False
TRMGGGR128F42889D4,6687,2713,True
TRMGHDK128F42891A9,461,176,False
TRMGIQS128F428CE91,20,4,False
TRMGJIA12903CBEA22,13,10,False
TRMGKZL12903CB80DB,1745,589,True
TRMGLIT12903CE8397,43,14,False
TRMGMBM128F92F7380,12,6,False
TRMGMNX128F42744FB,51,12,False
TRMGNXI12903CBC037,457,85,False
TRMGNXO12903D061CA,7,4,False
TRMGNXY128F9336554,443,129,False
TRMGOFF128F1458362,488,126,False
TRMGOTN128F92C1F72,459,39,False
TRMGPML128F92F456C,142,66,False
TRMGPPZ12903C9F473,85,34,False
TRMGPXD128F9314FCC,8776,3553,True
TRMGPYG128F93203C4,8,4,False
TRMGQCJ128F146647B,74,22,False
TRMGQGN12903CA5E2E,3,2,False
TRMGRZD128F426C48A,7,3,False
TRMGSCT128F9336C96,2166,778,True
TRMGSDX128F148C5BD,23,13,False
TRMGTTD12903CE0302,23,6,False
TRMGTWK128F4271E2C,1465,387,True
TRMGUFM128F92E4276,277,108,False
TRMGVXA128F147A025,6240,1645,True
TRMGWIZ128F4263D54,289,125,False
TRMGWLI128F931AF22,859,516,True
TRMGWRE128F429FEF5,4069,1186,True
TRMGWWU128F427253A,151,64,False
TRMGYHR128F92F9039,6543,1231,True
TRMGYOL12903CAD442,264,107,False
TRMGYRY12903CA9B19,31,8,False
TRMGYTZ128F4281923,2549,612,True
TRMGZAX12903CDB16C,463,305,False
TRMHAXN12903CD4357,404,211,False
TRMHAZP128F147F3D2,58,30,False
TRMHCRZ12903CAFC33,288,189,False
TRMHCYH128F42A60EB,202,94,False
TRMHDFF128F425A5D5,13,5,False
TRMHDIV128F933E2F5,356,104,False
TRMHFDD128F931D724,439,169,False
TRMHHXS128F931EB97,59,24,False
TRMHIXI12903CD1D4A,800,295,False
TRMHLGM12903CA7C7A,13,10,False
TRMHNKW128F42918B1,51,22,False
TRMHOEP128F92D739D,105,39,False
TRMHOWV128F933D1FF,4,3,False
TRMHPSI128F424F4A6,29,10,False
TRMHPVS12903CE1043,59,15,False
TRMHQMH128F423EB56,957,511,True
TRMHRKX12903CA1809,2,2,False
TRMHRXU128F4298351,108,69,False
TRMHSTZ12903D036FB,248,128,False
TRMHTFD128F4258E26,61,21,False
TRMHTJF128F932698A,27,21,False
TRMHUMP128F92F6E43,994,496,True
TRMHUPX128F4286774,2414,888,True
TRMHUUF128F42A5D83,76,41,False
TRMHVHW12903CE43B3,21,16,False
TRMHVLA128F9308B44,2,1,False
TRMHVMD12903D080C9,86,53,False
TRMHWIM128F92F0215,3,3,False
TRMHWQG128F422D972,138,65,False
TRMHXIU128F92DF173,262,51,False
TRMHXOO128F429E96A,786,418,False
TRMHYGB128F42661B4,82,31,False
TRMHYNK128F932BC12,60,12,False
TRMHZDA128F42950E1,9,2,False
TRMHZLT12903CEA646,894,378,True
TRMIAPD128F930FD4F,34,17,False
TRMIAQM128F4277AC3,2624,926,True
TRMIBTR12903CF9BF8,39,12,False
TRMICXH12903CE4283,44,20,False
TRMICZD128F92EB080,339,135,False
TRMIDUU128F42B0DD5,2988,1229,True
TRMIDXM128F1463E2D,382,108,False
TRMIFBS128F4240E04,1021,328,True
TRMIFMQ12903D07F50,280,24,False
TRMIFNP128F92C6909,20,14,False
TRMIGCH12903CE7E06,261,140,False
TRMIGJN128F427B2BE,340,100,False
TRMIGOQ128F934B424,72,40,False
TRMIGVC128F93035C9,4,3,False
TRMIHEH128F428E2BD,283,131,False
TRMIHFB128F92E01CE,1792,844,True
TRMIHFS128F92F2A01,2774,1274,True
TRMIHMF12903CF4481,130,56,False
TRMIHRM12903CAFC49,130,48,False
TRMIINJ128F4284E0B,1,1,False
TRMIJFJ128F92E4322,23,14,False
TRMIJNN128F4271CA5,511,170,False
TRMIJQB128F92F5DE4,3858,1299,True
TRMIKES128F92FFBF4,3280,2346,True
TRMIKQE128F930A91C,2,2,False
TRMILJR128F932A7A5,49,27,False
TRMIMLC128F93308E2,808,345,False
TRMIMNU12903CFB6DC,236,97,False
TRMINWY128F425829E,51,35,False
TRMIOOX128F93069F5,101,17,False
TRMIPLA12903CAEB98,73,31,False
TRMIQXP128F427ACCF,57,13,False
TRMIQXY128F427CA14,243,93,False
TRMIRMS12903C9B79D,146,59,False
TRMIRSR128F422BB24,11,7,False
TRMIRUL128E0793989,19,7,False
TRMIVAI128F9311EC1,457,262,False
TRMIXFB12903CF9CB5,4119,1344,True
TRMIYSR128F92F90E3,64,26,False
TRMIZAY128F9320D37,56,11,False
TRMIZRU128F423F040,629,315,False
TRMIZSV12903CB3167,292,129,False
TRMJAIB128F426578A,27,14,False
TRMJAPH128F42B0DE0,942,344,True
TRMJBTF128F424FBC1,39,13,False
TRMJCHK128F9333F42,159,39,False
TRMJCWE128F42396CD,7039,3645,True
TRMJDMJ128F14697E8,20,8,False
TRMJDPK128F145CE10,1062,215,True
TRMJEGT128F429E9EE,462,324,False
TRMJEJO128F9310FFE,144,39,False
TRMJEPW128F422A4AE,22,10,False
TRMJEWR128F148931C,350,47,False
TRMJFDC128F9326B6B,83,19,False
TRMJFUQ12903CC5956,688,308,False
TRMJGKQ128F147C8FF,1,1,False
TRMJIAK128F92E1875,1,1,False
TRMJIAR128F93586B0,1649,715,True
TRMJIFW128F92FD29A,91,38,False
TRMJILC128F4230F46,1132,329,True
TRMJIPW128F14B04FB,2636,976,True
TRMJIQW128E079250A,534,328,False
TRMJJUA128F4215E16,1181,754,True
TRMJJUO12903CF23CE,5,3,False
TRMJJZK128F425F1C3,1750,780,True
TRMJKTS128E078EDDD,2465,1371,True
TRMJKUM128F42B87E7,34,11,False
TRMJLOX128F92F17BB,2,2,False
TRMJMBR128F4244FEC,99,50,False
TRMJMDS128F421A0DD,44,20,False
TRMJMNU128F1460DC3,498,258,False
TRMJNFH12903CDECCE,99,55,False
TRMJNVG128F4257BAF,326,187,False
TRMJOVU128F429DAD1,405,165,False
TRMJOZD12903CFE323,4625,2156,True
TRMJPEI128F92F4F4A,6,6,False
TRMJQIP128F92F9A30,12,7,False
TRMJRTT128F932724C,1577,660,True
TRMJRUG12903CB81E3,129,70,False
TRMJRVT128F1482521,1183,665,True
TRMJSHT128F422A802,3638,1081,True
TRMJUWQ128F4233CC2,632,240,False
TRMJVTF12903CEA9BB,55,20,False
TRMJXBQ128F14B127A,168,48,False
TRMJXHK128E0782FA2,584,269,False
TRMJYRY128F42972AE,1013,369,True
TRMJZTN12903CBE89E,2,2,False
TRMKAZB128F92F2F3E,2363,732,True
TRMKBUP128F14721C4,19,8,False
TRMKBWK128F92F480E,215,59,False
TRMKCCV128F92EB22E,3359,904,True
TRMKDEZ128E078F13A,37,20,False
TRMKDRJ128F424D812,162,81,False
TRMKDZY12903CD9F3E,46,23,False
TRMKEDF128F9306BA8,1606,503,True
TRMKEGP12903D14037,203,90,False
TRMKEKM12903CFA065,545,294,False
TRMKEPL12903CB6237,48,8,False
TRMKFCL12903CD0A70,323,145,False
TRMKFCS128F422B2A0,20,9,False
TRMKFPN128F42858C3,465,350,False
TRMKFVB12903CA5CFA,252,124,False
TRMKGGZ128F426265A,1478,420,True
TRMKGQL128F425A995,266,77,False
TRMKGXJ128F423A067,952,198,True
TRMKHFU128F4276159,709,278,False
TRMKHHL12903D01DB5,14,11,False
TRMKHYJ128F931117D,2852,884,True
TRMKIMZ12903CDCFE4,9,4,False
TRMKIVC128F4298716,369,173,False
TRMKLSS128F4248270,565,164,False
TRMKMCU12903CB1968,25,8,False
TRMKMDV128F146B23C,128,61,False
TRMKMXU128F92F4AE6,12,10,False
TRMKNPZ128F4229075,115,39,False
TRMKOKS128F42B9FD8,120,102,False
TRMKOQF128F42A6E4A,6545,2183,True
TRMKOST128E079939B,1436,876,True
TRMKOWT128E0791F09,2565,1099,True
TRMKQSX128F42A04F3,2717,943,True
TRMKRLX128F92EB2DF,49,30,False
TRMKRXD128F429F7EF,328,207,False
TRMKRXO128F9339628,234,96,False
TRMKSLC128F92FEB67,5,2,False
TRMKTDF128F4282540,156,66,False
TRMKTPH128F4260D14,36,15,False
TRMKUKB128F428BA89,278,143,False
TRMKUOZ128F14AF417,24,15,False
TRMKVIP128F934B515,83,43,False
TRMKXON128F1463E2C,984,362,True
TRMKXUR12903CE6C3B,58,18,False
TRMKXXU128F9302683,45,7,False
TRMKYAH12903CCB964,138,30,False
TRMKYDP128F42298B6,63,30,False
TRMKYLY128F421B405,503,198,False
TRMKYZN128F93421D3,128,52,False
TRMLARL12903CF09C1,3,3,False
TRMLAVO128F1469D94,81,38,False
TRMLBCX128F429BB07,1437,601,True
TRMLBHR128F4273030,3,3,False
TRMLBXM128F42134D1,1811,638,True
TRMLFBV128E078E209,439,263,False
TRMLFLB128F428ED38,383,175,False
TRMLFST128F14ACED7,100,32,False
TRMLGGZ128F14633C3,3823,1784,True
TRMLGMX12903CC2785,63,31,False
TRMLHMG12903CE0217,15,4,False
TRMLHXD128F422872B,10,4,False
TRMLJAE128F932624E,19,2,False
TRMLJFK12903CB00CF,22,13,False
TRMLJJH128F92F29BF,15,8,False
TRMLKRR12903CE7950,195,43,False
TRMLMVS128F4262614,116,69,False
TRMLNFY128F92EC90E,14,4,False
TRMLNIE128F429FEFA,1994,633,True
TRMLNTN128F9330FC7,1069,455,True
TRMLOAZ128E07929AB,793,384,False
TRMLOUZ128F4246936,68,50,False
TRMLQWX128F4258243,17,17,False
TRMLRCU128F92EB2C5,349,234,False
TRMLRZX12903CC3FE2,39,8,False
TRMLSCK128EF3672F4,25,3,False
TRMLSEE128F424D67D,899,377,True
TRMLSGG12903CBD1A1,1216,575,True
TRMLTLC128F427F7CF,51,32,False
TRMLTNL128F427C7F4,88,37,False
TRMLTQI128F93115BD,1688,609,True
TRMLUFM128F4293B01,171,75,False
TRMLUXK128F92E7F4E,562,255,False
TRMLVAE128F92D1833,27,15,False
TRMLVKW128F423F08D,53,22,False
TRMLWKP128F92FC5DF,70,32,False
TRMLXJP12903CF5DEF,15,8,False
TRMLXNN128F9320611,4337,1670,True
TRMLYDE128EF34DF9A,592,228,False
TRMMABF128F425862B,5890,1921,True
TRMMAIV128F92E7F55,554,268,False
TRMMAZT12903CF5EE5,180,69,False
TRMMBOJ128F429DAF3,491,302,False
TRMMBXD128F1477148,644,324,False
TRMMCDR128F423AB03,3992,1484,True
TRMMDVB12903CE2FF6,4755,1545,True
TRMMHDI128F42442F4,212,101,False
TRMMIUT128F932DE69,41,19,False
TRMMJHB128F42411E8,1068,523,True
TRMMMQY128F92F0EA3,86,33,False
TRMMMTK128F424EF7C,332,150,False
TRMMQFP128F92F0413,1211,615,True
TRMMQME12903CD2B9D,7,5,False
TRMMTYK12903CF82DC,191,47,False
TRMMUBQ128F42B81FD,3650,2369,True
TRMMUDB128F422B2A9,18,7,False
TRMMUJQ128F9344164,742,194,False
TRMMVUG128E078A24A,3201,1404,True
TRMMWCX128F92EF4C8,159,22,False
TRMMWJD12903CC0F05,1,1,False
TRMMWJS12903CBB7F5,221,112,False
TRMMXPR128F4272AB0,105,54,False
TRMMXSA128F1468B12,72,13,False
TRMMYNY12903CBAACE,630,130,False
TRMNBPI128F1456931,24,13,False
TRMNCGB128F4281AD5,360,164,False
TRMNCGC128F93363B2,313,71,False
TRMNCWN12903CC8E35,35,23,False
TRMNDLK128F42AF309,1700,451,True
TRMNDNW12903CD1871,53,21,False
TRMNEAZ128F42A6C97,201,119,False
TRMNFJY128F427C314,42,6,False
TRMNGOR128F42317E9,5,3,False
TRMNHDM128F42AD03F,1262,557,True
TRMNKEI128E0798B38,280,119,False
TRMNKFF12903D06EB6,441,186,False
TRMNKTF128F933F2AF,57,29,False
TRMNKYL12903CDDE81,2,1,False
TRMNLCK12903D09EEE,33,15,False
TRMNLFN128F14979C4,185,123,False
TRMNLLW128F92F80BB,1920,473,True
TRMNLOT128F1473B10,3056,750,True
TRMNMEE128F92CB358,71,12,False
TRMNNGC128F4254B3B,1213,596,True
TRMNODY128F93142C8,31,14,False
TRMNPNZ128F9346B9B,1672,645,True
TRMNPSG128F93453DD,77,30,False
TRMNPZR128F931DE31,1,1,False
TRMNQBQ12903CA2CF3,319,100,False
TRMNQOH128F92C6908,39,15,False
TRMNRHK12903CE5DBF,5406,2012,True
TRMNSIV128F4297CDD,115,48,False
TRMNSOZ12903CF8CD0,711,191,False
TRMNSRB128F42B861F,9,4,False
TRMNTBT128F933F931,14,11,False
TRMNTCB128F92CA4ED,610,281,False
TRMNTMP128F423DF9A,824,271,False
TRMNUDR12903CF9BF6,98,28,False
TRMNVDO128F92CF44C,21,10,False
TRMNVIH12903CF5162,142,50,False
TRMNVLK128F930F4AF,3871,2099,True
TRMNWMU128F148DCEF,8,4,False
TRMNWUU128F92C5B02,32,22,False
TRMNXTB128F93003DD,47,27,False
TRMNXTT128F1492957,402,76,False
TRMNXUT128F429BEFF,3285,2479,True
TRMNYUG12903CD1A11,16,10,False
TRMNZBR128F424EF16,175,106,False
TRMNZNA128F934C632,68,23,False
TRMOAHE12903CDCF81,1,1,False
TRMOBLC128F428AEE0,740,235,False
TRMOBOG12903CE3961,233,145,False
TRMODDC128F92EA2E4,225,82,False
TRMODZM12903CF81DC,1405,359,True
TRMOEEC128F1473596,83,30,False
TRMOEGT128F146A42D,54,17,False
TRMOEQX12903CB10B1,30,14,False
TRMOEYS128F9339DD7,10,4,False
TRMOFZF128EF343501,1287,625,True
TRMOHOM128F92F4345,307,133,False
TRMOIRF128F9302F2E,211,87,False
TRMOJVU128F92F6071,326,25,False
TRMOJWO128F42480DA,29,20,False
TRMOKGY128F429555F,15,11,False
TRMOKSX128F42397F5,11,7,False
TRMOMKT128F933675E,34,18,False
TRMONWS128F148916C,1806,875,True
TRMOOPG12903CA5D90,2345,1060,True
TRMOOUK12903CA74FB,941,275,True
TRMOPKM12903CA186A,515,236,False
TRMOPNL128F92FD758,318,178,False
TRMOQBU128F1497D9F,60,31,False
TRMORYM12903CA73CA,4,2,False
TRMOSYZ128F42B53F0,454,246,False
TRMOTDB128F1458F33,886,388,True
TRMOTJA128E078199F,1895,408,True
TRMOUYN128F93368B5,6,2,False
TRMOVNI12903CBD580,965,452,True
TRMOVZV128F4271E5C,463,186,False
TRMOWAO128F424E0E4,418,259,False
TRMOWGQ128F1485B0A,721,369,False
TRMOYRX128F92E4339,21,13,False
TRMOYZS128F9345F2C,139,56,False
TRMOZCY128EF356B43,252,92,False
TRMPBAZ128F428476A,92,65,False
TRMPBFA128EF33FB7E,299,164,False
TRMPCAK128F93357CA,540,211,False
TRMPCGW128F92E0670,3179,1816,True
TRMPCUJ128F931C1D5,172,87,False
TRMPCVB128F42B261E,147,31,False
TRMPDAT128F42368E5,913,347,True
TRMPFGP128F146A63C,1711,550,True
TRMPGIW128F9330A28,6250,2330,True
TRMPGPC128F42AF55E,380,164,False
TRMPHDY12903D0B91D,90,24,False
TRMPICS128F422AE3B,90,57,False
TRMPIGM128F4291EEE,326,187,False
TRMPIOZ128F931D519,4865,2449,True
TRMPITA128F422EC5F,1,1,False
TRMPIVF128F931D016,5,4,False
TRMPJCP128E0792212,6502,2320,True
TRMPKTQ12903CAF5C1,1670,765,True
TRMPLQW128F93465FA,2365,898,True
TRMPQFE128E0791E64,510,256,False
TRMPQWC128F93504E6,214,129,False
TRMPQWJ128F933A56B,254,113,False
TRMPRHP128F932273C,93,45,False
TRMPROY128F933EBE1,67,23,False
TRMPRYZ12903CFEBBD,410,195,False
TRMPSSG128F148DF84,1,1,False
TRMPSSY128F428D398,1208,640,True
TRMPTXE128F9303E92,614,290,False
TRMPUFN128F92D592A,253,90,False
TRMPUUH128F92DF27D,1081,296,True
TRMPWRX128F9317A40,102,27,False
TRMPYAM128F429B7E2,3,2,False
TRMPYGB128E0789F79,156,56,False
TRMPYRH12903CC5840,3,2,False
TRMPZGD128F427E8FE,27,12,False
TRMQCGU128F42722AF,551,37,False
TRMQCLQ12903CD1EB4,138,57,False
TRMQCXI128F930FDBF,4,4,False
TRMQDAT12903CF5C39,1,1,False
TRMQDIA128F427CFDB,101,44,False
TRMQDOM12903CA9D30,3908,1971,True
TRMQEYI128F1485B6A,169,152,False
TRMQGCD12903CD8664,119,52,False
TRMQHMM128F92DE5DA,4,4,False
TRMQHPE128F92E7F3D,628,214,False
TRMQHRY128F425E8B4,754,279,False
TRMQIHA128F9326A6F,1035,291,True
TRMQJPY128F4232F24,107,46,False
TRMQLJG128F42ADCCA,39,16,False
TRMQLKH128F4266AD9,1,1,False
TRMQLOF128F934AB26,590,330,False
TRMQLUZ128F427ED78,35,20,False
TRMQNGD128F1499C16,160,42,False
TRMQOCY128F42407FC,127,50,False
TRMQOGJ128F4295A6C,680,310,False
TRMQOOQ128E07813AB,2884,1486,True
TRMQORG12903CE6C6C,1327,627,True
TRMQPSV128F421A079,443,168,False
TRMQQZF128F932EEA5,1277,473,True
TRMQRCY128F423A3D2,1475,398,True
TRMQSGV128F149295D,91,42,False
TRMQSUQ128F92F06B2,155,67,False
TRMQVVI128F4272712,52,38,False
TRMQWMY128F426F4E6,26,16,False
TRMQWXM128F92FCE2A,516,88,False
TRMQYXN128F425B98A,7,7,False
TRMRAHR128F428ABA2,3321,1335,True
TRMRAWI128F428CE07,17,11,False
TRMRCYK128F1476A09,1,1,False
TRMRDDH128F427B045,1,1,False
TRMREQA12903CF6EA8,15,13,False
TRMREZU12903D01A91,317,141,False
TRMRFHM12903CA8E18,942,283,True
TRMRGQX12903CA5DFA,419,136,False
TRMRGTC128F426A792,1,1,False
TRMRHPL128F42890D1,9360,2838,True
TRMRICK128F92F9523,432,81,False
TRMRKSY12903CE1C08,16,4,False
TRMRLAW128F424C5EA,137,56,False
TRMRLXM12903D0A00A,276,139,False
TRMRNDW128F4292475,118,50,False
TRMRNML128F42AD938,45,27,False
TRMROPN12903CC685A,61,22,False
TRMRPPS128F92EAF99,6,6,False
TRMRQAJ128F424223B,5,4,False
TRMRQFY128F9325887,107,56,False
TRMRQMQ128F42AA222,1161,506,True
TRMRSTA128F931B0A6,2357,725,True
TRMRTJG128E0781535,49,24,False
TRMRTWW128F92C455F,200,58,False
TRMRUDG12903CBD7B8,1472,517,True
TRMRWUR128F4263D65,94,49,False
TRMRXRL128F42339D8,40,24,False
TRMRXWM128EF345F94,340,85,False
TRMRYQI128F92EAF7E,7,3,False
TRMRZAE128F92E3698,1165,534,True
TRMSABF128F42754E5,392,84,False
TRMSAYW12903CDA5E1,1042,588,True
TRMSBOA128F42800B3,417,291,False
TRMSBSS128E0798916,4451,1104,True
TRMSCJB128F424816A,372,176,False
TRMSCJM128F427537E,6,3,False
TRMSDIK128F9300AC0,539,267,False
TRMSGHZ128F42835D5,237,33,False
TRMSHPF128E07889CE,2217,1423,True
TRMSIRD128F427EEFD,510,294,False
TRMSIXA128F14563A8,4089,2169,True
TRMSJGQ128F4263CA6,146,38,False
TRMSJHT128F93373D9,2,2,False
TRMSKUO128F1461C50,67,32,False
TRMSLJD128F1463757,172,19,False
TRMSLLX12903CB3170,56,34,False
TRMSPDS128F932C84E,33,21,False
TRMSPFP128E0781BB4,96,59,False
TRMSPUF12903CE8512,31,15,False
TRMSQJS128F424D54F,758,329,False
TRMSQRN128F932DFA3,738,288,False
TRMSRZL128F9303BB5,2,2,False
TRMSSAZ128F9337D71,191,107,False
TRMSSEH128F149B8E9,368,114,False
TRMSSJC12903CE63C3,17,12,False
TRMSUVF128F9348F45,138,39,False
TRMSVAA128F42647A9,1126,748,True
TRMSVOJ128F9316F9D,540,259,False
TRMSWRQ128F4276BA9,59,36,False
TRMSXJT128F424454C,2540,524,True
TRMSXUF128F930E441,180,35,False
TRMSZVZ128F148A1AC,139,115,False
TRMSZXT128F92F7816,6699,2712,True
TRMTABS128F4264966,478,200,False
TRMTAHI128F4297752,691,264,False
TRMTCYQ12903CE7FC0,119,39,False
TRMTECD128F931C2E3,23,16,False
TRMTFFM128E0788F81,99,68,False
TRMTFVY12903D02CEA,96,56,False
TRMTFXD128F92F4416,81,51,False
TRMTGGR12903CD43E4,530,224,False
TRMTGIN12903D00EBC,24,20,False
TRMTGPY128F1453AD5,926,295,True
TRMTGRC12903CAC603,731,172,False
TRMTGVM12903CF0578,167,32,False
TRMTHVV128F92FD9F2,2,2,False
TRMTIEX12903D073B0,10781,1655,True
TRMTJLV128F1497D9B,79,33,False
TRMTJNH128F932F628,120,28,False
TRMTKCK128F146C6BD,637,419,False
TRMTKVM12903CF42B1,65,36,False
TRMTLQB128F145AD2C,9,5,False
TRMTLQZ128F423B117,31,14,False
TRMTLRY128F4221C8E,1663,330,True
TRMTLUF128F42261D2,25,4,False
TRMTMBO128F148AD6A,638,246,False
TRMTMKG128F1456CBC,1489,571,True
TRMTOHF12903CC8083,4,4,False
TRMTOHX128F147FC83,1085,494,True
TRMTPFZ128F934B6A6,6,3,False
TRMTPJF128F428F617,244,143,False
TRMTPKD128F424DA93,64,25,False
TRMTQEK128F92F030D,303,137,False
TRMTRBG128F934B6BA,141,66,False
TRMTRUX128F146ECC6,18,9,False
TRMTRWS128F421A472,28,17,False
TRMTRXD128F14A8848,119,25,False
TRMTSNX128F933B0EB,80,33,False
TRMTSOP128F4236D00,83,44,False
TRMTTHA128F42633D7,876,397,True
TRMTYCD128F4252264,151,91,False
TRMTYUA128E0788C64,253,127,False
TRMTZAM128F424FE76,262,144,False
TRMTZGI128F1478064,928,256,True
TRMTZOH128F92FE2CA,406,170,False
TRMUAEA128F92F170A,13,6,False
TRMUAQL128F14664A7,37,13,False
TRMUBHH128F424ECCC,355,149,False
TRMUCCD128F426272E,49,43,False
TRMUCIJ128F932BD8C,148,54,False
TRMUCLR12903CD43B7,562,202,False
TRMUCTI128E0793566,114,56,False
TRMUECU128F92FF235,19,9,False
TRMUEIV128F92FDEA9,573,177,False
TRMUFZB128F426BE48,8,6,False
TRMUGCH128F4281378,3,3,False
TRMUGVE12903CF24D9,31,17,False
TRMUGVZ12903CE60CD,414,197,False
TRMUHLR128F92C4065,34,16,False
TRMUIEQ128F92DAD0A,151,43,False
TRMULJW128F934B097,125,22,False
TRMUMHF128F427FE34,518,93,False
TRMUNAY128F9342D23,184,89,False
TRMUNHH128F9309795,15,11,False
TRMUNHX128F14B139D,142,43,False
TRMUNKH128F145876F,273,151,False
TRMUNOP128F428CB1D,45,19,False
TRMUPAX128E07819DC,312,118,False
TRMUPGC128F92D826D,120,56,False
TRMUQBS128F427FBA5,114,60,False
TRMUQDF12903CB520F,198,72,False
TRMUQKQ128F421C5B3,248,59,False
TRMUQNC128F14B1237,1512,198,True
TRMURVV128F4263BB5,874,325,True
TRMUTAM128F42AD8C1,125,45,False
TRMUTFB128EF35C782,119,78,False
TRMUTRM128F42720DC,92,29,False
TRMUTWV128F932BC0A,89,47,False
TRMUUDG128EF362238,39,24,False
TRMUUPI12903CDCFA8,420,59,False
TRMUVAH128F425802F,109,54,False
TRMUVTF128F42B8335,244,134,False
TRMUWHR128F92FF11A,116,78,False
TRMUWLD128F4260CFF,25,11,False
TRMUXDF128F92FCF48,105,17,False
TRMUXEX128F4255FA4,90,51,False
TRMUXLE128F934C50C,54,21,False
TRMUXNA128F42770EE,50,28,False
TRMUXZH128E0794B4E,15,9,False
TRMUYWQ128EF365E5D,55,30,False
TRMVAFP128F14563A9,2109,1572,True
TRMVBVF128F4262729,195,98,False
TRMVCUH128F92D1373,1149,644,True
TRMVCVS128F1468256,747,304,False
TRMVFTQ128EF342439,805,377,False
TRMVFXN12903CF3B6B,201,69,False
TRMVGGQ12903CB00C9,29,17,False
TRMVGKO128E078552F,65,23,False
TRMVHFP12903CBAF5D,163,87,False
TRMVHHY128F935046D,3213,1646,True
TRMVHND128F425ECE5,160,106,False
TRMVHXA128F92F4679,11,9,False
TRMVHYS128F423C6A8,5119,1784,True
TRMVJAX12903C99C91,4679,1810,True
TRMVJCE128F9316349,94,40,False
TRMVJDE128F4284B8D,4,3,False
TRMVJYF12903D0C39C,838,435,False
TRMVKUO128F424D4B0,437,161,False
TRMVLDJ12903CF1343,3,2,False
TRMVLJI128F429946C,1488,746,True
TRMVLKH128F4267E48,32,7,False
TRMVMRX128F428F633,990,514,True
TRMVMYE128F4249A0F,53,41,False
TRMVNED128F42911FB,263,86,False
TRMVNEL128F9339E9A,637,277,False
TRMVPAP128F4267DF0,767,299,False
TRMVPDH128F4281925,3557,1041,True
TRMVQBH128F4253914,564,206,False
TRMVQCY128F422C0E5,2,2,False
TRMVQGE128F42601EF,17,10,False
TRMVQXD12903CD42F5,46,22,False
TRMVQZD128F931E7AC,122,83,False
TRMVRMW12903CDB7CE,210,57,False
TRMVSDI12903CA83A6,222,64,False
TRMVSRH128F9306404,8,4,False
TRMVSVG128E0783BCA,110,61,False
TRMVTXJ12903CAFAD1,176,48,False
TRMVVDP128E0787806,3344,1125,True
TRMVWMZ128F92F23AC,17008,6508,True
TRMVWNV128F42A04E9,2366,880,True
TRMVXJM12903CB45A1,1533,521,True
TRMVXUR128E0782492,1235,499,True
TRMVYXS128F92F48BB,542,215,False
TRMVZPR12903CF7C23,2981,1434,True
TRMVZXF128F4256563,4,4,False
TRMVZXP128F428BE38,104,50,False
TRMWAQV128F931CFDC,249,89,False
TRMWBBZ128F9345DBB,1173,524,True
TRMWBLU128F423423C,27,13,False
TRMWCEE128F426D0AE,5,1,False
TRMWCIG12903CE3968,127,75,False
TRMWDDD128F92E1ECF,1966,490,True
TRMWDOC128F4249028,427,129,False
TRMWEDG128F932AC43,236,103,False
TRMWFKH128EF3437B4,1145,782,True
TRMWGCR128F14A6BBF,773,308,False
TRMWHIU128F9324B3A,118,65,False
TRMWHOA128F934C3C2,70,26,False
TRMWIFN128F42A6663,70,38,False
TRMWIYC128F92FD106,86,19,False
TRMWIZU128F4241C50,48,17,False
TRMWJGD128F1455E91,1461,514,True
TRMWJPG128F92FE419,93,61,False
TRMWKVQ128F92F8F56,13,8,False
TRMWLYF12903CD3617,56,26,False
TRMWLZA128F42626FC,161,130,False
TRMWMHV128F4239383,604,202,False
TRMWPBQ12903CAF710,608,281,False
TRMWRKZ12903CBDF67,619,209,False
TRMWRSL12903D0195E,382,256,False
TRMWSBM128F428D305,2686,1284,True
TRMWSFE128F42483FE,1555,515,True
TRMWTBL128F42ACFCA,984,168,True
TRMWUVA128F423EE9F,63,46,False
TRMWUVG12903CD43B9,485,152,False
TRMWUYB12903CFA28B,41,12,False
TRMWWFJ128F9325CEE,2288,903,True
TRMWXEG12903CDE1AD,8595,2450,True
TRMWYCI128F92CB637,1444,800,True
TRMWYLN128F422D9F8,13,7,False
TRMWYSV128F42293C2,103,58,False
TRMWZLS128F42503CA,1769,548,True
TRMXAMM128F931465D,580,242,False
TRMXAVE12903CF4050,163,48,False
TRMXBRC128F9332485,91,30,False
TRMXCGJ128F9349FA4,7,5,False
TRMXCGS128F4246A93,58,23,False
TRMXCTH128F930D6B3,7,6,False
TRMXDQL128F42318F4,16,3,False
TRMXDYD128F934B6A2,14,7,False
TRMXIJB128F931C2DE,937,597,True
TRMXIMQ128F1491222,612,131,False
TRMXIPI128F930F536,2,2,False
TRMXIUW128F427E8D6,556,380,False
TRMXKOV128F42B8BFA,1489,651,True
TRMXKPR128F148EAC9,12,7,False
TRMXLNV128F931B65B,94,24,False
TRMXMDR128F424D0FC,24,16,False
TRMXNSW128F42B7AFA,901,324,True
TRMXOMP128F427ECE8,422,144,False
TRMXPHI128F930B49E,168,56,False
TRMXPLP128F427FF9D,2061,505,True
TRMXPQY12903D0A06E,32,16,False
TRMXPZD128F4291E46,796,402,False
TRMXQAB128F931641B,413,220,False
TRMXQES128F934C4F5,34,18,False
TRMXQMC128F428CCDF,24,13,False
TRMXREA128F423C33A,4468,2070,True
TRMXRQS128EF3460BF,14,8,False
TRMXSJZ128F4268825,17,10,False
TRMXUBR128F4236590,183,85,False
TRMXUSU12903CAF386,2,1,False
TRMXWFH128F422B29B,32,10,False
TRMXWPT128F4295A1C,141,73,False
TRMXWRK128F93193A7,69,47,False
TRMXZMN128F425980B,1780,709,True
TRMYAYJ128F934D0AF,7108,3361,True
TRMYBCM128F92CFA57,1607,692,True
TRMYBXE128F4276BBB,323,112,False
TRMYCWF12903CC43B1,166,72,False
TRMYDOH128F92F7D44,1383,463,True
TRMYECS128F92DE4B4,48042,16559,True
TRMYEVK12903CC024B,1,1,False
TRMYHWP128F932B3F6,37,16,False
TRMYILB12903CF5BDB,3,3,False
TRMYIOE128F933D402,8,7,False
TRMYIPB128F148A1AB,151,109,False
TRMYJUA128F428A590,1127,600,True
TRMYLSN128F4253E9D,592,205,False
TRMYNLJ128F933A7D2,3612,1447,True
TRMYNMB128F4270201,1236,337,True
TRMYODU128F424D669,284,106,False
TRMYOQF12903CB422B,10,3,False
TRMYOTO128F92FD66C,95,42,False
TRMYOWE128F14587B9,4,4,False
TRMYPGG12903CC832C,388,142,False
TRMYQER128F92C41BC,327,128,False
TRMYQFT128F4235681,698,327,False
TRMYRGX128F425BDD3,1526,818,True
TRMYSMG12903CE76B3,1572,636,True
TRMYSSQ12903D0C39F,715,424,False
TRMYTWI12903D063C3,6,3,False
TRMYUSE128F1473261,57,40,False
TRMYVMN128EF349B6E,37,16,False
TRMYVVM128E078A9B8,489,231,False
TRMYXEL128F4295390,947,439,True
TRMYXLU128F4259F8F,215,122,False
TRMYXXZ128F4262583,1256,507,True
TRMYYFP128F934B966,9,8,False
TRMYZFA128F146DE4E,8989,2481,True
TRMYZIK128F93278EF,45,20,False
TRMYZMN128F425B71A,2112,646,True
TRMYZPS128F1461E03,104,58,False
TRMZARW128F424D0A5,32,13,False
TRMZBMQ128F42AF0A5,134,75,False
TRMZBNM128F427ED36,19,9,False
TRMZBSF128E079260A,319,191,False
TRMZCVW128F92FFE99,5779,1835,True
TRMZCYX128F4295E50,73,31,False
TRMZCYY128F4246C57,58,25,False
TRMZEXY128F93104A6,1408,506,True
TRMZHPK12903CFA463,415,245,False
TRMZHZG128E0785D74,13,8,False
TRMZKKP128F425BA62,344,141,False
TRMZLRH128F4296758,39,16,False
TRMZMPL128F1490F27,97,33,False
TRMZNDR128F92FBF2B,2,1,False
TRMZNZV128F92E1705,14,9,False
TRMZOOD12903CA4C98,12,10,False
TRMZPXZ128F92F3495,4328,1096,True
TRMZRDN128F428CF14,6,5,False
TRMZTCG128F428A9AD,477,274,False
TRMZUFN128F4276D67,741,280,False
TRMZUMM12903CE52E2,742,235,False
TRMZUUW128F425DD4E,14,14,False
TRMZUXV128F9342EDC,229,90,False
TRMZUYC12903CF9319,67,36,False
TRMZVUS12903CBBB60,25,15,False
TRMZXLF128F4260DEA,1376,392,True
TRMZYRP128F9326829,2307,1303,True
TRMZZAN128F92F0313,303,131,False
TRNAABY128E078E759,4212,1273,True
TRNAADD128F93032A7,3784,1342,True
TRNAAEF128F931C254,123,97,False
TRNABJO128F428ADEF,71,45,False
TRNADLI12903CE2947,349,157,False
TRNAFBM12903CDCB1C,13,4,False
TRNAFHZ128F4214818,1208,674,True
TRNAFPU128F4252958,54,27,False
TRNAFVT128F92FF84A,9,7,False
TRNAGUC128F930D70D,84,39,False
TRNAHLG12903D05979,1227,463,True
TRNAIFM128F1494318,83,52,False
TRNAIUO128F42144B3,82,49,False
TRNAJNC128F92EA2DF,493,329,False
TRNAKXB128F93501B8,3414,1676,True
TRNALGP128F427EC81,5101,2339,True
TRNAMFY128E0781A95,1819,836,True
TRNAMIE12903CB316E,487,222,False
TRNANKM128F42610B3,3,3,False
TRNANNX128F92FA642,3,3,False
TRNANOB128F93539B3,2320,1120,True
TRNANSV128EF345F9F,1285,337,True
TRNAOGP128F931A4B8,431,248,False
TRNAOVZ128F92D14D8,23,15,False
TRNAPHO128F425C1E0,17,13,False
TRNAPQH128F422798E,1,1,False
TRNAQBJ128F42B87E9,11,4,False
TRNAQTZ128F4253078,123,74,False
TRNARHO128F92E01ED,57,25,False
TRNARJE128F4282550,1822,784,True
TRNASTS12903CE1D8D,33,17,False
TRNASXE12903CE6DC5,338,167,False
TRNATRX128F930847B,92,39,False
TRNATXG128F932FE1D,24,4,False
TRNAUTZ128F9336564,220,103,False
TRNAVDC128F429834B,801,313,False
TRNAVKC128F93294B9,126,16,False
TRNAVUA128F423EE88,16,12,False
TRNAVXC128F423DB96,1499,445,True
TRNAXST128F92F8913,80,46,False
TRNAZRP128F4261C08,458,272,False
TRNBAVB128F92F5F45,15,3,False
TRNBDEW128F92D21EE,25,17,False
TRNBDXU12903CC6415,97,21,False
TRNBEHQ12903CF5C00,21,10,False
TRNBFPR128F92E38A1,359,165,False
TRNBFRU128F93269F5,3101,1932,True
TRNBHHV128F149270C,1363,622,True
TRNBHXU128F92E7F49,1434,575,True
TRNBIKS128E078A324,285,115,False
TRNBJGO12903CF1C4C,54,18,False
TRNBLEC128F9351730,82,21,False
TRNBLLH128E078286C,521,323,False
TRNBLOO128E079181C,1531,752,True
TRNBMJP128F93433D8,5038,1773,True
TRNBNUB12903CD1975,629,300,False
TRNBOGV128F931B105,443,257,False
TRNBPKL12903CD5AFB,88,77,False
TRNBQKL128F42AE06F,2,2,False
TRNBRKS128F4292FB0,522,190,False
TRNBSCH12903CF2633,55,21,False
TRNBSEU128F92E2354,70,30,False
TRNBSQY128F147CC71,2358,901,True
TRNBUYH128F4288925,114,34,False
TRNBVLL128F428B763,42,19,False
TRNBVXM128F92FE57D,143,64,False
TRNBWBQ128F429C9F6,68,27,False
TRNBWUX128F932FC1D,68,34,False
TRNBXHF128F42752E6,9,5,False
TRNBXHG12903CC814C,51,29,False
TRNBYAC128F92C685B,146,63,False
TRNBZKH128F4290361,1302,630,True
TRNBZMV128F42B261C,24,15,False
TRNBZNG128EF359E1A,905,520,True
TRNCALM12903CDB2E7,1571,729,True
TRNCBXW128F423E181,1082,578,True
TRNCDBJ12903CA5BCD,4745,2265,True
TRNCDMH128F92DC6D8,186,72,False
TRNCDNC128F42488C0,27,14,False
TRNCDRG128F42BAA35,221,84,False
TRNCDUD128F9315FE1,58,32,False
TRNCDZX128F428A93E,166,95,False
TRNCEUK12903CCC629,4553,1447,True
TRNCFBM128F934B49B,1,1,False
TRNCGMU128F9332A1A,1,1,False
TRNCLJK128F424DA26,310,183,False
TRNCLUR128E07836F5,44,21,False
TRNCNMF128F4238221,647,255,False
TRNCODV128F9341410,16,11,False
TRNCPDG128F930CB43,28,13,False
TRNCQOH128F148297B,119,62,False
TRNCQQG128F934B962,8,7,False
TRNCRDU128F42A5667,180,64,False
TRNCRGQ128F1474A55,349,216,False
TRNCRWQ128EF35E2C6,183,73,False
TRNCSEZ128EF35F02F,59,23,False
TRNCSGC128F92F548A,15,11,False
TRNCSIE12903CAFA9B,5,1,False
TRNCSKU128F4265639,6124,2511,True
TRNCSYX128F930D2B8,25,17,False
TRNCSZU128F427264C,501,330,False
TRNCUAO128F42427FC,160,56,False
TRNCUEJ128F42A06AE,2,2,False
TRNCUYS128F429980E,6,6,False
TRNCVAM12903CC50A7,239,93,False
TRNCWGO128F92C910B,11,5,False
TRNCWPT128F932316A,4,2,False
TRNCYCW128F9345BC7,41,10,False
TRNCYEJ12903D09168,536,250,False
TRNCYQU128F9305C1F,2310,1094,True
TRNCZRR128F92DE764,310,76,False
TRNDBDE128F934B533,46,13,False
TRNDBHA128F428F420,778,548,False
TRNDBHH128F42912BF,1177,589,True
TRNDCGX12903D0C735,168,70,False
TRNDCWD128F4246C00,6,5,False
TRNDDEH128F92D04F9,336,166,False
TRNDEEY12903CA6DAE,440,129,False
TRNDEIU128F932F95C,76,11,False
TRNDEMF128F9314E78,64,36,False
TRNDFLV128F9359DCB,98,28,False
TRNDFXW12903CFD7A4,431,186,False
TRNDIMV12903CE57EF,63,15,False
TRNDIWO12903CFEAED,12,9,False
TRNDJOL12903D0198B,104,32,False
TRNDKAM128F92F32D4,178,44,False
TRNDKAT128F145AF8D,113,30,False
TRNDKAY128F92FC855,3,3,False
TRNDKPU128F92D44D3,75,34,False
TRNDKQV12903D051C9,2857,1016,True
TRNDKRX128F14525CF,621,257,False
TRNDLCL128EF343C82,640,274,False
TRNDLDZ128F42707C5,1,1,False
TRNDMSY12903CF1311,67,33,False
TRNDNAR128F42525AF,190,99,False
TRNDNFK128F931B595,1309,407,True
TRNDQIM128F9344A61,192,59,False
TRNDQZM128F9326A6D,10,10,False
TRNDSLJ12903CF81C8,336,166,False
TRNDSWX128F42370DE,419,284,False
TRNDUHD128F933CE67,39,8,False
TRNDWHO128EF359E19,753,496,False
TRNDWTW12903CACEDE,706,319,False
TRNDYQB128F930ED91,12,2,False
TRNDYXV128F92DE2D0,503,204,False
TRNDYZC12903CEBC9A,434,211,False
TRNEADH128F425DA45,667,366,False
TRNEAUD128E07915CA,14,7,False
TRNEBFG128F425BD3B,242,133,False
TRNEGYK128F42720D5,5762,3271,True
TRNEHWU128F930026D,61,27,False
TRNEIBT12903CC71F9,762,188,False
TRNEIDS128F932A7A8,2277,1045,True
TRNEIEC128F428CAE5,39,25,False
TRNEITZ128F92F29EA,3724,1575,True
TRNEIYO128F92E743E,2,2,False
TRNEJRG128F425FD88,2389,1782,True
TRNEKIO128F426B4A0,6,3,False
TRNEKUY128F92F268B,158,91,False
TRNELFO128F4272016,383,254,False
TRNEMMX128F936184D,59,32,False
TRNENLP12903D01B93,291,135,False
TRNEOFF128F146B95A,12,7,False
TRNEOHC128F4289D51,1719,821,True
TRNEOIW128F93437D7,132,49,False
TRNEOMZ128F92D739F,119,40,False
TRNEPIK128F9308A22,45,23,False
TRNEPMW128F93500FA,747,278,False
TRNEQCX128F1476898,3,3,False
TRNEQHI128F92EFFC5,20,9,False
TRNEQNY128F42413E1,92,47,False
TRNEQST12903CE4665,434,118,False
TRNERXS128F423ED51,2,2,False
TRNETFO128F42877E7,1,1,False
TRNEUWS12903CB923A,21,11,False
TRNEWWX128F9336A1F,12851,3533,True
TRNEYTO12903CBB4A7,681,155,False
TRNFBEV128F42598BC,1319,440,True
TRNFCNU128F427AAFC,302,158,False
TRNFEAJ128E0798849,457,246,False
TRNFEAL128F4215B49,277,140,False
TRNFFNE128F422BEFF,125,33,False
TRNFHVS128F4265CAF,88,55,False
TRNFIKK128EF350B92,1481,663,True
TRNFJZV128E0793E88,174,139,False
TRNFKBM128F422EF42,1072,573,True
TRNFKIY128E0799A37,476,256,False
TRNFKNK12903CBB9CA,217,89,False
TRNFKOT12903CA0ACF,67,36,False
TRNFKWB128F425BD6F,81,43,False
TRNFKXJ128E0788C61,2088,700,True
TRNFLIS128F425A045,38,20,False
TRNFLSQ128F429EFDA,301,210,False
TRNFLXR128E0793B8A,752,498,False
TRNFMBG128F4291032,94,66,False
TRNFNDQ128F422ABE1,2245,404,True
TRNFOXF12903CF8189,280,88,False
TRNFPNV128F42339D2,24,19,False
TRNFPZQ128F1459914,97,25,False
TRNFRSG128F92EB31C,8256,1484,True
TRNFRWB12903CD4582,28,12,False
TRNFSIF128F4241A6A,516,296,False
TRNFUYI128F9351D4F,2014,529,True
TRNFVBM128F425DD55,235,117,False
TRNFVQI128F931BAEA,18902,6105,True
TRNFWLE128F9327A95,34,14,False
TRNFWUZ128F92D49E0,1500,504,True
TRNFYBM128EF362D27,123,67,False
TRNFYNT128F427F015,197,81,False
TRNFZPR128F93231E9,401,198,False
TRNFZYK12903CCC445,832,162,False
TRNGADF128F148AD99,13,10,False
TRNGADZ128F4271EE0,89,41,False
TRNGAEZ128F931FB6F,22,8,False
TRNGAJS128F9305B10,2493,1034,True
TRNGANC128F4255F56,583,252,False
TRNGAQJ12903CB5519,1024,450,True
TRNGAUB128F92E65FF,113,29,False
TRNGBWE128E0791E57,1051,497,True
TRNGCLL128F4248439,93,39,False
TRNGCNY128F92DFC78,30,22,False
TRNGDLL128F4291F3C,3,1,False
TRNGFLA128F4247F69,318,143,False
TRNGFOR12903CA6809,95,51,False
TRNGHNU128F424D66B,72,32,False
TRNGIYA128F146949F,273,130,False
TRNGJCJ128F429A6C0,586,203,False
TRNGJFS128F426E353,1,1,False
TRNGJUU128F1476F38,446,198,False
TRNGKOQ128E0780DAC,2535,1562,True
TRNGLKU128F42771F0,40,13,False
TRNGOAL128F425B25A,47,27,False
TRNGPQR128F9302E1A,31,21,False
TRNGQCW128F427B6E7,3222,1328,True
TRNGQOB128F935A643,500,313,False
TRNGQXQ128F93234BD,99,37,False
TRNGSGQ128F92F3037,1,1,False
TRNGSJP128F92CB35D,53,21,False
TRNGSYJ128F93127C2,215,80,False
TRNGTUI128F9332C1D,1643,452,True
TRNGUYF128F426A817,22,20,False
TRNGVDX128F425F0B4,162,45,False
TRNGWSJ128F425DD98,28,6,False
TRNGYJH128F931B4CF,2600,1083,True
TRNGYQB128F930D3E6,101,7,False
TRNGZEG128F4252936,22,13,False
TRNGZVQ128F92CC8B3,5,4,False
TRNGZYF128F148D1BC,275,108,False
TRNGZYL128F145E9C2,371,145,False
TRNHBBZ12903CF0439,8,5,False
TRNHCIP128F42ADA54,97,34,False
TRNHCKX128F92EC53A,224,64,False
TRNHFWC128F934B642,32,21,False
TRNHHNM128EF3663B0,94,50,False
TRNHIQM128F93092EC,327,93,False
TRNHIZO128F9350104,252,175,False
TRNHJCQ128F147CC85,1555,723,True
TRNHKGL128E07912F9,1304,729,True
TRNHLYA12903CEC6AB,368,110,False
TRNHMKF128F429C6A9,485,282,False
TRNHMYU128F4281B42,643,337,False
TRNHOBF12903CB3E12,3321,1211,True
TRNHOHV12903CFFA2E,33,23,False
TRNHPZM128F4284B7E,690,496,False
TRNHRCV128F42411E6,154,89,False
TRNHRIY128F9358398,378,241,False
TRNHRRE128F934B687,1121,514,True
TRNHRUA128F147733B,2289,1123,True
TRNHSAG12903CF5E10,22,15,False
TRNHWOW128F4295C33,203,93,False
TRNHWPM128E0795F90,68,26,False
TRNHWSA128E0787D07,93,54,False
TRNHWSL128F429258A,121,47,False
TRNHZBM12903CAC383,96,35,False
TRNHZEQ128E0782869,520,294,False
TRNIBCG128F92E4555,12,6,False
TRNIBKO128F4257374,74,34,False
TRNIBVC12903CF8151,54,22,False
TRNIDDR128F932A7B7,737,474,False
TRNIDEU12903CAA865,26,15,False
TRNIDOB128F4281CF7,309,149,False
TRNIEHB128F427AAF9,305,103,False
TRNIEJJ128F421A7EA,97,21,False
TRNIFPX128F14B0F4A,307,206,False
TRNIHLU128F9305124,65,45,False
TRNIHPF12903CF170E,145,51,False
TRNIIAQ128F426376F,828,261,False
TRNIIFM128E078E1CD,3656,1295,True
TRNIIMI128F42BB6C0,2889,889,True
TRNIIQI128F426B20A,1354,456,True
TRNIJWW128F92F024E,118,42,False
TRNIKTC128F4291C47,107,39,False
TRNIKUC128F9344C36,712,289,False
TRNILHV128F92CB2A8,2616,1896,True
TRNILOC128F422F24E,711,281,False
TRNIMCC128EF3680B8,10,2,False
TRNIMCJ128EF34C0FD,152,73,False
TRNIMDO12903CB9FF6,324,191,False
TRNIMFC128F4291CA0,3,2,False
TRNIMNB128F1466DC9,629,319,False
TRNIMRY128E0793303,593,249,False
TRNINPZ128F9320188,1152,563,True
TRNIOZF12903CC71EF,200,81,False
TRNIPAI128F93297B3,282,145,False
TRNIPEZ128F14ADCA4,265,117,False
TRNIPNT128F4259A31,24,22,False
TRNIPVG12903CFEA5B,231,81,False
TRNIQAO128F92EA2AB,220,82,False
TRNIQFN128E0793E85,529,282,False
TRNIQWF128F4251027,15,13,False
TRNIQYK12903CCD224,24603,7455,True
TRNIRAP128F93233B9,29,8,False
TRNIRCQ128F429F741,59,24,False
TRNIRDR128F427FF76,231,83,False
TRNIRRY128F4242F2A,401,135,False
TRNISEE128F933908A,1798,719,True
TRNISFB128F1458D56,125,80,False
TRNISPQ12903CF142D,38,18,False
TRNITCM128F933CDC7,193,107,False
TRNIUDR128F42B98DB,19,8,False
TRNIUTO128F4286AE9,690,222,False
TRNIVWM12903D01A13,62,27,False
TRNIWKL128F92D8272,528,210,False
TRNIWNC128F932531D,1872,678,True
TRNIXHU128F428EDDA,27,14,False
TRNIXKE128F42750BD,18,9,False
TRNIXMN128F4295F70,404,214,False
TRNIXOY12903CD4455,42,27,False
TRNIXUL12903CB7860,77,45,False
TRNIYPI128F426BD61,6723,2506,True
TRNIZGP128F932657E,99,51,False
TRNIZPW128F42779A1,232,75,False
TRNJAEM128F146EC6C,863,490,True
TRNJAMX128F427078A,2478,921,True
TRNJCOK128F9301A8E,50,15,False
TRNJCXF128F92E8AC5,126,78,False
TRNJDIW128F148D5FC,86,49,False
TRNJDQF12903CABDD6,23,19,False
TRNJDTT128F427D87E,2830,1166,True
TRNJEOK12903CEA9C6,48,29,False
TRNJESY128EF3470EF,8,4,False
TRNJFXW128E078967C,1461,377,True
TRNJGXP128F428F408,9270,3955,True
TRNJJSM128F1476902,82,73,False
TRNJKAV128F92DD0B5,631,240,False
TRNJKDX128F4229778,35,11,False
TRNJKSR128F149EFB8,85,53,False
TRNJLKP128F427CE28,10688,4343,True
TRNJMFF128F9333FCC,20,7,False
TRNJMXC128F42329D7,128,39,False
TRNJNGM128EF359E21,647,443,False
TRNJNLN12903CE466D,259,84,False
TRNJPQO12903CAEB74,129,58,False
TRNJQGL128E0794E28,18,12,False
TRNJQIM128F4259EC7,157,37,False
TRNJQOC128F931C2D5,1310,694,True
TRNJREZ128F422DE6D,653,220,False
TRNJRJQ128F4281F5F,1224,460,True
TRNJSWD128F424A55D,729,305,False
TRNJUDJ128F934E60E,52,29,False
TRNJUIU128F93271FF,59,29,False
TRNJUSJ128F92FED88,13,9,False
TRNJWOS128F92CC833,2393,720,True
TRNJZCA128F930D7B5,6481,1450,True
TRNKAEK128F428FC4F,3,1,False
TRNKAEL128F4258232,57,41,False
TRNKAJQ128F42344BC,530,171,False
TRNKBFF128F934C3BC,169,74,False
TRNKBJE128F4245103,73,27,False
TRNKCZJ128F93480C0,1291,629,True
TRNKDHE128F147937D,195,68,False
TRNKEQL128F4291D53,515,179,False
TRNKFHB128F1496ACA,4,4,False
TRNKFQL128F92E1547,212,107,False
TRNKGRG128F4248421,332,70,False
TRNKHDH128F14ADCA1,3,2,False
TRNKHHL128F9313165,37,21,False
TRNKIGV128F4262643,11,5,False
TRNKIVI128F4263C2E,5,1,False
TRNKIXQ128F145304D,184,75,False
TRNKJWY12903CDB1AE,105,49,False
TRNKKCT128F931431F,58,32,False
TRNKKOL12903CE60D1,259,143,False
TRNKKZK128F92F9187,663,242,False
TRNKLSY128F92E3707,2482,805,True
TRNKPBQ128F92E8C65,1132,350,True
TRNKQOE12903CF0FF8,50,27,False
TRNKQRT128F147281F,426,190,False
TRNKSUI128F933665A,3,2,False
TRNKTGM128F930D2FB,14,9,False
TRNKTSH128F934C911,21,5,False
TRNKVVC128F4256ADB,391,214,False
TRNKWAI128F1463583,399,114,False
TRNKWGC128F92F02AB,46,22,False
TRNKXNH128F42999D2,48,22,False
TRNKYRM12903CA5D00,124,57,False
TRNLAKU128F93566D1,6,3,False
TRNLALU12903CF43BC,386,104,False
TRNLAVE128F42753AA,7,5,False
TRNLBHN128F4235B6B,993,367,True
TRNLBQO128F92E38A6,806,346,False
TRNLCEN128F428AFE6,524,380,False
TRNLCHM128F9316B77,36,20,False
TRNLDUO128F931DCF7,476,91,False
TRNLDVW128F422AFB5,2,2,False
TRNLDYQ12903CDCF4E,484,169,False
TRNLETP12903CA436B,34,29,False
TRNLFGL128F424F4B6,9,5,False
TRNLGVZ128F4219FD9,116,36,False
TRNLINY12903CFAADC,103,34,False
TRNLNUD128F42607D0,2343,770,True
TRNLOBL128F931D72F,562,249,False
TRNLOZZ128F4268C73,15,11,False
TRNLPOR128F427F305,1,1,False
TRNLPSQ128F4268D65,15,8,False
TRNLQRS128F92F54D1,119,52,False
TRNLTBQ128F428B8EE,3340,1149,True
TRNLTYD12903CEE4AD,27,18,False
TRNLVUR128F42918AA,1789,561,True
TRNLWWR128F93231F7,281,135,False
TRNLXDT128F428237E,1,1,False
TRNMAED128F426AA9A,727,253,False
TRNMAEG128F427155D,408,182,False
TRNMAYU128F429B908,352,197,False
TRNMAYZ128F92D7E33,405,179,False
TRNMCTG128F427FD0A,278,187,False
TRNMCVP128F93365DC,203,79,False
TRNMDSQ128F427EF15,1044,411,True
TRNMECG128F92FE281,8,6,False
TRNMFJN12903CB5398,789,289,False
TRNMFPH12903CDCDB7,288,105,False
TRNMGWH128F4250694,490,264,False
TRNMIOB128F9324AE3,1006,274,True
TRNMJVM128F4291661,6,6,False
TRNMKPS128F425A349,44,20,False
TRNMKVY128F429D6E6,184,142,False
TRNMNDT128F14850DB,16,4,False
TRNMNNG12903C9CF30,6,5,False
TRNMODM128E079125E,888,437,True
TRNMOOD12903CCC606,520,177,False
TRNMOVV128F426909D,909,321,True
TRNMPBI128F9351BAF,351,113,False
TRNMPOL128F424A103,811,451,False
TRNMQGB128F9330889,52,31,False
TRNMQOD128E0784828,4354,1397,True
TRNMQVI128F1469833,11,5,False
TRNMQYB128F9335569,45,23,False
TRNMSBG128F422A877,441,156,False
TRNMSFM128F42849D0,171,73,False
TRNMSOB12903CACDB1,359,208,False
TRNMSZY128EF356B59,69,56,False
TRNMTZP128F936733B,2,2,False
TRNMULE12903CB30CE,1,1,False
TRNMVJH128F423A7D5,280,99,False
TRNMVOG128EF35F997,1201,467,True
TRNMVZV128F423ECE0,73,44,False
TRNMXJQ128F146A24E,1423,112,True
TRNMYSN128F9300B5D,327,201,False
TRNNCVZ128F4265F90,9,5,False
TRNNDCO128F42812B7,703,271,False
TRNNDFE128F931FB02,2517,982,True
TRNNFLB128F425DA3D,523,223,False
TRNNGKH128F931A4BF,353,194,False
TRNNGMK128F423F034,32185,9881,True
TRNNGON128F9310C7D,2081,1277,True
TRNNHET128F934BC5E,305,117,False
TRNNHMV12903CB480D,3,2,False
TRNNIAB128F1464F43,9,8,False
TRNNKGR128F93030D4,22,8,False
TRNNKWM128F934AB1B,395,202,False
TRNNLYM128F92EDE7F,2002,809,True
TRNNMPZ128F9335219,148,56,False
TRNNNSF128F42792AC,1939,435,True
TRNNNUI128F4256F30,36,9,False
TRNNQLZ128F426E6AA,163,81,False
TRNNQXJ128F42732DF,29,13,False
TRNNRDC128F423A43F,52,17,False
TRNNSVD128F42866F3,96,32,False
TRNNSWU128F425B41D,7,5,False
TRNNTLI128F93051BC,104,32,False
TRNNTPS128F4281B3C,875,452,True
TRNNTPX128F427F01A,93,47,False
TRNNUHP128F4296751,50,10,False
TRNNXDI128F930415B,1689,665,True
TRNNYXO128F9344431,978,274,True
TRNNZJN128F4273403,661,375,False
TRNOATJ128F4281CFB,290,159,False
TRNOCDH128F42812B2,413,214,False
TRNOCDJ128F9320A91,624,253,False
TRNODTB128F42186B3,2,2,False
TRNOEDP128F930540D,2,2,False
TRNOEHF128F421D0D4,157,50,False
TRNOEST128F422AD89,90,35,False
TRNOFEO128F933A752,561,338,False
TRNOFPJ128F42A10AC,15,12,False
TRNOGCQ128F422F7CD,79,52,False
TRNOGGS128F426CD4E,343,161,False
TRNOGOB128F931B222,1,1,False
TRNOHFS128F92E0F00,15,5,False
TRNOHQH12903CC8217,8,6,False
TRNOKAE128F932E1F4,290,103,False
TRNOMGC128F932C83A,176,92,False
TRNOMXN128F92DF469,327,138,False
TRNONGZ128E0792610,218,114,False
TRNONRP128F93269E9,2686,1750,True
TRNOORP12903CE893B,503,313,False
TRNOOYD128F42819D0,42,14,False
TRNOPJB128F428B75D,52,22,False
TRNOPJD128F42980B9,138,62,False
TRNOPRC128F93467E9,7,5,False
TRNOSGM128F424AD7A,10,7,False
TRNOSOV128F92E844D,34,18,False
TRNOVYA128EF3685F6,334,270,False
TRNOWLQ128F4213982,146,55,False
TRNOXEJ128F4271E68,394,161,False
TRNOXZV12903CB804A,5,4,False
TRNOYMC128F429570C,79,43,False
TRNOYPM128F9301948,508,336,False
TRNOZPT128F4297440,397,196,False
TRNOZVE128E0786327,183,84,False
TRNPBRZ128F42484AB,142,75,False
TRNPCOO128F92E7E3A,6,4,False
TRNPCUI128EF34A946,34,19,False
TRNPCYC128F14A46C3,6,6,False
TRNPEXS128F1460294,4702,1478,True
TRNPFCR128F932F1E6,394,150,False
TRNPFGQ128F4259E9F,242,132,False
TRNPGSD128F423EE44,231,98,False
TRNPJJC128F9322C78,5311,2011,True
TRNPJPA128F1456E62,516,303,False
TRNPJTP128F14A770D,505,193,False
TRNPJVK128F147F588,420,174,False
TRNPKRK128F429831C,29289,10173,True
TRNPLOO128F146CA04,101,22,False
TRNPMCZ128F9332C82,928,411,True
TRNPNNF128F9316AF7,11,6,False
TRNPNTB128F424D808,318,98,False
TRNPOMO12903CF5CA7,17,6,False
TRNPOOD128F426953C,48,30,False
TRNPPNY128F4248485,12,5,False
TRNPQBF128F932C492,74,50,False
TRNPQKK128F932BC0E,115,61,False
TRNPQNA12903CF10C0,39,20,False
TRNPSCB128F92EFC31,1578,770,True
TRNPUBM128F429E966,903,565,True
TRNPVZD128EF3570CD,5687,1808,True
TRNPXSW128F425A683,9182,2061,True
TRNPZDI12903CF3D09,14,6,False
TRNQAUW128F930A77C,139,49,False
TRNQDPE128F93164FF,1654,874,True
TRNQDUD128F425A570,8,3,False
TRNQEIW128F92FED6F,2524,1004,True
TRNQEOR12903D053FA,1108,306,True
TRNQFVE128F934C056,5706,2059,True
TRNQGMS128EF343C0B,166,53,False
TRNQHGL128F4289D56,3621,1394,True
TRNQISM128F932348B,6,1,False
TRNQKFJ128F427561F,4631,3410,True
TRNQKVH128F934C343,107,28,False
TRNQLJQ128F4293F70,852,417,True
TRNQMCJ128F92F011B,680,154,False
TRNQORH128F92D1A41,22,17,False
TRNQOVC128F427A835,1460,801,True
TRNQQFE128EF34AB75,1980,569,True
TRNQQWE128F42650BD,1,1,False
TRNQRCA12903CF27F4,3,2,False
TRNQRFF128F1480175,362,200,False
TRNQSKJ128F428A4A5,253,160,False
TRNQSNI128F93158EB,152,140,False
TRNQSYC128F422E064,2109,625,True
TRNQTGL128E07937A5,1147,749,True
TRNQTTD128F9312834,62,24,False
TRNQUDL128F9310C3E,127,69,False
TRNQUIT128F428A0BD,6550,2033,True
TRNQYLV128F4217C93,2727,517,True
TRNQYWK128E0794C61,1641,397,True
TRNQZWN12903CAF436,125,38,False
TRNRCHB12903CABDE8,1,1,False
TRNRCSJ128F424A4F6,3,2,False
TRNRDZO12903CCFA51,587,238,False
TRNREDD128F92DEA72,127,32,False
TRNREHW128E078ECD1,460,245,False
TRNREQP128F425E4FB,420,139,False
TRNRESO128F42792E0,3,1,False
TRNRFFC128F423AC6C,130,16,False
TRNRFHP128F14850D7,28,3,False
TRNRFJU128F1468B8E,44,17,False
TRNRFXQ128F932BC10,3,3,False
TRNRHIX128F930328C,3401,1687,True
TRNRHKV128F4278B0F,14,10,False
TRNRHTX128F4285264,1,1,False
TRNRIHU128F4262FEF,55,18,False
TRNRJLV128F42912FB,52,30,False
TRNRJYD128F935096A,35,18,False
TRNRKNO128F425824F,21,17,False
TRNRKSU12903CDE919,43,18,False
TRNRKTX12903CD9FE0,32,15,False
TRNRKXL128F9300D5B,26,12,False
TRNRLGP12903CDB601,29,22,False
TRNRMGS128F4267019,12,8,False
TRNRNKU128F4269C8D,347,254,False
TRNRNSB128F934C3D8,1085,224,True
TRNRPJH128EF3439E0,125,67,False
TRNRQDY128F9344C41,661,305,False
TRNRQSS128F4257C0B,109,53,False
TRNRTQT128F4259F55,905,517,True
TRNRURF128F149EFE9,270,55,False
TRNRVDS128F4257E8D,479,320,False
TRNRVGZ12903D01659,20,14,False
TRNRVZU128F424843E,117,39,False
TRNRWEA128F4228B24,504,157,False
TRNRXFI128F4261339,1032,519,True
TRNRYAK128F423EAC4,452,184,False
TRNRZPS12903CD5F4C,206,97,False
TRNSAWT12903CA71CF,46,37,False
TRNSAXS128F427EF31,3267,746,True
TRNSCMO12903D05B8D,327,86,False
TRNSCVW128F426A847,62,32,False
TRNSDHI128F426FB20,568,283,False
TRNSFHV128F93298F7,292,139,False
TRNSGHG128F9312063,612,276,False
TRNSHYK128F42178DA,40,22,False
TRNSIAD128F92D7E36,402,191,False
TRNSIHD12903CCDE9E,17,14,False
TRNSJJZ128F42ABA64,8,8,False
TRNSJWR128F427E84F,367,151,False
TRNSJYL128F93261D4,581,357,False
TRNSKDK128F424EF14,1852,696,True
TRNSKPR128F146339E,39,14,False
TRNSKTG128F9312AD6,3,3,False
TRNSLWT12903D051C8,2459,902,True
TRNSMEH128F428B6CD,96,41,False
TRNSMFA12903CC8DA9,911,101,True
TRNSNAS128F92FFE51,37,21,False
TRNSNVV128F4294B3F,1,1,False
TRNSORF128F427B9F9,67,27,False
TRNSPDW12903CE60CE,643,228,False
TRNSPRN128F934C694,181,62,False
TRNSQPL128F424EA5B,1085,404,True
TRNSRHM128F4248474,150,60,False
TRNSSLK128F93038F1,11,8,False
TRNSTLC128F931A455,477,268,False
TRNSTRE128F423B111,20,11,False
TRNSTRI128F42702C9,38,11,False
TRNSUEO128F932381D,126,57,False
TRNSWTR128F4273CA9,31,9,False
TRNSYBJ128F9304DC4,119,41,False
TRNSYRQ128F930FEEC,25,14,False
TRNSZPM128F429F7EE,402,206,False
TRNTABF12903CDD000,78,24,False
TRNTAMK12903CF22C4,255,113,False
TRNTAXV128F92F9042,378,242,False
TRNTDGO128F92EA2E9,116,37,False
TRNTDIL128F427FE51,157,58,False
TRNTDYD128F426D343,2345,994,True
TRNTFHO128F92DF135,421,214,False
TRNTFIG128F9300AA1,392,136,False
TRNTHUN12903CD96C6,10,6,False
TRNTJGO128F92F5DB1,12,7,False
TRNTJOK128F92E7F17,210,58,False
TRNTLCT128F148FF2E,44,15,False
TRNTNAV128F148EF3D,148,64,False
TRNTNBP128F9338148,1630,885,True
TRNTNNL128F4276155,2151,615,True
TRNTNZL128F4259856,1306,447,True
TRNTPDO128F4256E01,7,3,False
TRNTQZY128F426999A,57,30,False
TRNTSRU128F9332458,336,117,False
TRNTSSU128F423ED54,780,238,False
TRNTTYH128F931C1B0,56,32,False
TRNTUYB128F14AA17B,345,177,False
TRNTWQS128F149EEEA,46,34,False
TRNTWRX12903CF75A8,280,92,False
TRNTYBZ128F930C4AA,61,28,False
TRNUBEN12903CB7896,60,21,False
TRNUBPI128F14A4A1C,792,396,False
TRNUBWP12903CDDE9D,459,85,False
TRNUCGA128F4282875,13,5,False
TRNUEJJ128F933DF32,48,24,False
TRNUION128F4295850,13,4,False
TRNUISP128F1471005,299,104,False
TRNUJTY12903CB3CBD,7,5,False
TRNUKLZ128F92CEE5A,157,91,False
TRNUKPK128F42AC766,190,70,False
TRNUKPZ128F92FEE45,63,29,False
TRNUKTM128F92D74CD,44,29,False
TRNULEC128F9331D34,12,6,False
TRNULFY128F4291E48,300,190,False
TRNUMBG128F424D08E,24,12,False
TRNUMRY12903CB6530,24147,6613,True
TRNUNLZ12903CFEBDB,23,12,False
TRNUNQL128E078ECEB,562,278,False
TRNUOTM128F422B898,7,5,False
TRNUPGL128F4223073,4,3,False
TRNUQBW12903CB4F0E,8,7,False
TRNUQCB128F4293B51,751,346,False
TRNUQVE12903CA60FF,498,250,False
TRNUQZU128F428BAC5,6,4,False
TRNUSNC128F429D6B2,293,159,False
TRNUTJX12903D0192B,20,4,False
TRNUTRG12903CF1312,6,5,False
TRNUUTL128F92DE5EA,10,9,False
TRNUUYM128F4242120,132,83,False
TRNUVHC12903CE42A8,271,137,False
TRNUVPD128F42B83F6,483,228,False
TRNUVRG12903D0603B,197,62,False
TRNUWBF128F1484156,21,5,False
TRNUWEI128F9330AA4,31,14,False
TRNUWKT12903CBB785,315,156,False
TRNUXCF12903D03DEE,113,67,False
TRNUXUA128F4268105,731,264,False
TRNVAFX128F92C813F,13,7,False
TRNVBHQ128E0781A9B,742,453,False
TRNVBKC12903D0B91B,52,17,False
TRNVBYK12903CAE350,937,437,True
TRNVCJE128F4239FB6,190,55,False
TRNVCTS128F92F035F,87,34,False
TRNVDKE128F148EBC8,4968,1640,True
TRNVEKY12903CEA551,111,51,False
TRNVHMG128F92FAEB1,321,118,False
TRNVIQB128F426A0EC,377,95,False
TRNVKVA12903CF5C2E,8,6,False
TRNVMNI12903D021C4,130,59,False
TRNVMZY128F148696A,1515,558,True
TRNVNDH128F429E90A,245,120,False
TRNVOBZ128F933EDB9,15041,2303,True
TRNVRCH128F1465A71,877,605,True
TRNVSCX128F934C247,541,159,False
TRNVSPF128F934B5BA,714,277,False
TRNVTFB128F146B95E,195,76,False
TRNVTJP12903CA2E84,1,1,False
TRNVTKI128E0792632,350,181,False
TRNVULM128F42AD71E,55,6,False
TRNVUNS12903CA5CFE,89,43,False
TRNVUQA128F9336A7D,38,13,False
TRNVUQR12903CF4354,33,23,False
TRNVVRZ12903CC67C9,576,290,False
TRNVXOM128E0791E0B,327,76,False
TRNVYHC128EF3685F7,376,261,False
TRNVZEE12903CB652D,486,282,False
TRNWAEF128F429CD76,60,25,False
TRNWBBY128F427CFD8,311,115,False
TRNWCEW128E07912C6,232,123,False
TRNWCWS12903D03707,43,27,False
TRNWDFM12903D01B74,49,26,False
TRNWEQM128E0786376,59,36,False
TRNWEYN128E0793C6E,6451,1951,True
TRNWFWR128F93501AC,7527,2781,True
TRNWFXV128F930D2D0,6,5,False
TRNWGDY128F9300883,2541,663,True
TRNWGKH128F4291A3F,13,4,False
TRNWISU128F42720AB,46,26,False
TRNWJBH128F4258D16,725,230,False
TRNWLEN128F42626F9,167,123,False
TRNWMET12903CEDF7A,9,8,False
TRNWNRN128F92E3DDA,1433,466,True
TRNWPWD128F428B013,3,3,False
TRNWRAW12903CACB8D,295,137,False
TRNWRGX128F42622DF,56,29,False
TRNWRZQ128EF34373C,187,78,False
TRNWSDY128F42442F1,176,92,False
TRNWTIV128F426C4AF,16,13,False
TRNWUZD128F9311197,81,28,False
TRNWWMH128F9316357,115,54,False
TRNWXNV128F427EC79,6142,2888,True
TRNWXUS128F145B791,1666,775,True
TRNXADC128F4296254,57,21,False
TRNXBBR128F425ECE3,593,208,False
TRNXBGU128F4241BBC,18,14,False
TRNXBPM12903CAFE89,113,62,False
TRNXDPM12903CF42A5,59,33,False
TRNXDRC128F424D108,10,8,False
TRNXEGP128F423DF4B,7,5,False
TRNXEPE128F9339E47,11459,4707,True
TRNXFFD128F9345DAA,1210,651,True
TRNXFMV12903CD4460,32,16,False
TRNXFNB128F933C950,56,15,False
TRNXFWP128F429E9C8,770,372,False
TRNXGFP128F9318EDE,1348,488,True
TRNXHKI128F9334786,181,86,False
TRNXIPI128F93038E3,29,17,False
TRNXJER128C7196BC3,152,112,False
TRNXKBJ128F1496267,280,110,False
TRNXKFF128F931E492,60,35,False
TRNXKZO12903CEF01D,11,7,False
TRNXLMY128F42A3FF2,1141,472,True
TRNXNHF128F421A08F,270,99,False
TRNXOLR128F4257BAD,137,94,False
TRNXOLU12903CF98D5,66,43,False
TRNXOQU128F42610BE,114,34,False
TRNXOYI12903CFCECD,214,103,False
TRNXQHX128F42BC26B,94,37,False
TRNXQOG128F92E01F0,486,207,False
TRNXRCR128F92F1FA9,167,83,False
TRNXRET128F148D5FD,57,26,False
TRNXRFD128F92D71CF,179,84,False
TRNXRUA128F428DF45,1645,348,True
TRNXSEO12903CFFE82,1,1,False
TRNXSGA12903CBB78B,242,67,False
TRNXUED12903CE60D5,132,74,False
TRNXUOU128F427EC80,1530,825,True
TRNXUST12903CB5A56,77,10,False
TRNXVGO128F9330A9A,43,15,False
TRNXXWD128E078270F,279,176,False
TRNXYNQ12903CB8D1B,450,244,False
TRNXYXB128F42623A9,36,7,False
TRNXZHW128F934B958,5052,2658,True
TRNYAMN128F4237FDF,477,75,False
TRNYCAH12903CB19F2,4237,1227,True
TRNYCUN128F426A2B4,9,4,False
TRNYDLQ12903CB28AD,8,7,False
TRNYEJR128F931464E,9,7,False
TRNYGCP128E0793B87,4856,2255,True
TRNYHEH128F4262D8B,1723,927,True
TRNYILG12903CDE93B,2531,768,True
TRNYJWD128F425BB56,24,18,False
TRNYLUK128F425757E,11,2,False
TRNYMUN128F1493E52,345,149,False
TRNYNSM128F427A82B,5545,3636,True
TRNYNYB12903CF8C0F,18,6,False
TRNYPCA128F4292F89,373,140,False
TRNYPYE128F935383F,710,134,False
TRNYQZQ128F4262D84,4006,1795,True
TRNYRUC12903D0C555,103,43,False
TRNYVZM12903CB653B,454,253,False
TRNYXJB12903CC681A,1954,582,True
TRNYZQE128F42811F7,5927,3005,True
TRNZBGX128F1497DA1,23,19,False
TRNZBJO128F4272708,18,9,False
TRNZBZN128F426975E,171,56,False
TRNZCVL128EF3437B1,379,170,False
TRNZCVP12903CAF70D,855,402,True
TRNZDXM12903D01607,25,14,False
TRNZEBQ12903CCD4E8,19,8,False
TRNZEEL128EF33FE47,225,90,False
TRNZEFS12903CC67D1,359,232,False
TRNZEUA128F1468671,59,11,False
TRNZGGA128F92D28A4,500,194,False
TRNZJMP128F92C3A5F,212,113,False
TRNZKLM128F42AB558,568,154,False
TRNZKRV128F92E9B55,1090,602,True
TRNZMLR12903CBDF38,769,255,False
TRNZMOB128E0797573,1002,534,True
TRNZOUD128F42BAA2E,161,71,False
TRNZPIU128F425A2E4,356,75,False
TRNZQCJ128F92F2197,1,1,False
TRNZSYO128F931025B,9,7,False
TRNZTBB128F428E26E,431,241,False
TRNZTWZ128F92C7D4B,301,138,False
TRNZUPS128F92FF243,33,20,False
TRNZUTZ128F42BCEA5,1656,659,True
TRNZVBG128F930962E,178,57,False
TRNZVQE128F92E7B68,154,34,False
TRNZWGO128E07815D9,121,54,False
TROAAHH128EF34606E,31,16,False
TROAAQP128F4257C14,55,30,False
TROABHR128F429596B,261,89,False
TROAEGJ128F92F02B1,174,123,False
TROAFCQ128F426A2B3,56,37,False
TROAFDA128F4281AD8,92,49,False
TROAGIZ128F4266810,529,117,False
TROAGYR128F9300F88,698,177,False
TROAKTT128EF3523E2,14,4,False
TROAKXG128EF35FBD1,1377,403,True
TROALIE128F4266153,1056,579,True
TROALIF12903CC78CC,718,258,False
TROALPX128F4259E2E,4,2,False
TROALWX128F4271831,2,1,False
TROAMFR128F425C4E3,1,1,False
TROAMHL12903CFB2D4,33,17,False
TROAMSN128F428CE5F,235,137,False
TROAMVV128F14917EE,32,16,False
TROANBF12903CB297A,210,58,False
TROANRC12903CB316D,190,75,False
TROAOIG128F93201F8,26,16,False
TROAOOX128F9322089,11,9,False
TROAPHC12903CF8CCB,203,79,False
TROAPYG128F92FBB7B,50,14,False
TROAQKM128F426CD9C,12,6,False
TROARLU128F930BE43,148,62,False
TROARQY128F9336E53,1,1,False
TROARTG128F42732C6,42,27,False
TROASVI12903CF4308,55,25,False
TROAVKE128E0792349,1277,549,True
TROAVNM128F92E120C,908,657,True
TROAWBA128F93028FD,84,17,False
TROAWBE128F4263539,2595,1192,True
TROAYMF12903CB786C,74,45,False
TROBASK128F9326607,11,8,False
TROBCFE128F426F5D2,27,13,False
TROBHNG128F934B68A,886,414,True
TROBIHZ128E07925F6,672,331,False
TROBIIE12903CE1716,1159,437,True
TROBKBE128F931EF44,70,45,False
TROBKEV128F92EADFE,32,12,False
TROBKTP128C7196B57,653,386,False
TROBNAU128E0780BD3,651,472,False
TROBNEK128F148AE08,2320,936,True
TROBNKJ128F4284E25,427,124,False
TROBOUM12903CDF36D,1188,361,True
TROBPFV128F427C2C2,477,180,False
TROBQCR128F933E6AD,342,151,False
TROBQGE128F1480915,1578,514,True
TROBQWG12903CEDF71,8,7,False
TROBRHM128F92E5264,399,215,False
TROBSUH12903CDCE6C,14068,2694,True
TROBTQV128F92E3F8A,61,28,False
TROBUCE12903CDF6A9,174,90,False
TROBUUZ128F4263002,15918,3797,True
TROBVAL128F93028CB,2,2,False
TROBVUA128F1463E23,414,163,False
TROBXLZ128F42829F1,161,71,False
TROBYMT128F4270956,53,20,False
TROBYPP128F932E740,430,256,False
TROBYUK128F9335CA7,2757,2200,True
TROBZBP128F42BAE60,2,2,False
TROBZDH12903CB5DBA,74,24,False
TROBZMW128F423EEA9,221,129,False
TROCDNI128F425AC1A,66,31,False
TROCDQG128F14A4669,8,5,False
TROCDVA128F93317C6,6,4,False
TROCFRL12903CB9FF3,703,336,False
TROCGNI128F4291E40,330,192,False
TROCHHB128F14A664A,2112,648,True
TROCLDO128F9316FA4,216,94,False
TROCLEA128F934B281,520,234,False
TROCLSI128E07926FB,714,361,False
TROCLWN128F92EB284,825,297,False
TROCOHX128F92E2B5F,1815,870,True
TROCQZC128E0781F18,9,6,False
TROCRXD128F424F095,1651,784,True
TROCSFT128F423E59A,46,36,False
TROCTNJ128F423B163,1471,536,True
TROCUEF12903CDF0C1,30,13,False
TROCVHU128E0781F0D,86,37,False
TROCVJH128F4230F41,763,158,False
TROCVOO128F425E8FD,64,4,False
TROCWEX128F931B097,494,345,False
TROCWEZ128F930F6F7,132,82,False
TROCWOL128F4281A84,54,34,False
TROCYJD128F148FE32,444,254,False
TROCZGW128F4268664,856,356,True
TROCZRE128F92CB682,2140,1073,True
TRODAGE128F92EF850,654,268,False
TRODBAZ12903CE41EA,677,282,False
TRODBMM128F4242209,10,8,False
TRODCHT12903CBD57B,844,423,True
TRODEHM128F92D5074,29,16,False
TRODELG128F931C2CF,54,32,False
TRODELU128F1472A2C,345,130,False
TRODEUO128F92E5043,76,34,False
TRODEUX128F423B162,1400,603,True
TRODFDZ128E0789BA4,869,448,True
TRODHDR128F92DCDF3,680,439,False
TRODHQG128F931BADA,443,255,False
TRODILI128F4266756,786,409,False
TRODIQK128F9322F3D,88,47,False
TRODJUM128F934D21C,3552,996,True
TRODKBD128F931FAD4,2,2,False
TRODKDS128F4272987,1518,607,True
TRODLMH128F424883F,102,69,False
TRODMCN128F9352A66,1,1,False
TRODMDB128F93320BB,1,1,False
TRODNCQ128EF342E37,4919,1926,True
TRODPHH128F4254AC7,58,36,False
TRODQAH128E0780CAF,1345,1053,True
TRODQGV128F425FD7E,2658,1866,True
TRODSAL128F42855B4,15,11,False
TRODUOA128F427C808,3,2,False
TRODVKZ128F426D462,3585,936,True
TRODWJW128F9300E1D,542,176,False
TRODWVS128F42AE3AE,788,263,False
TRODXPJ12903CCF52B,25,4,False
TRODYLV12903CB08DB,178,86,False
TRODZHN128E0788C54,22,12,False
TROEADC128F4214FDE,256,121,False
TROEAFF128F145555B,962,437,True
TROEAVW12903CDD833,230,95,False
TROEBDN128F92E7B69,32,21,False
TROECNM128F92CB78C,25,10,False
TROEDVL128F428649A,2211,730,True
TROEEDJ128F42597A1,2,2,False
TROEEMQ12903D01991,143,33,False
TROEERQ128F424884F,57,44,False
TROEFBK128F147FD04,1790,790,True
TROEFFS12903CF0B77,6,2,False
TROEGNO128F92F4B79,4269,1187,True
TROEGQQ12903CCD316,7430,3319,True
TROEGUU128F1494363,2936,1412,True
TROEHPR128F429486A,396,59,False
TROEIEB128F427AFB7,55,30,False
TROEJUM128F92ED29B,973,309,True
TROELTN128E0795CD1,1026,362,True
TROELXR128F4248273,183,96,False
TROEMNZ128F4259D2B,111,52,False
TROENFE128F932DFBB,522,215,False
TROEPSN128F934B763,13,6,False
TROEQRS128E078FB3F,3046,1226,True
TROETPL128F425999E,644,249,False
TROETZH128F146C778,535,237,False
TROEVVZ128F422933C,189,38,False
TROEWXC128F148C83E,20587,5654,True
TROEXOK12903CAA2E3,6,6,False
TROEYFL128F14681F3,258,201,False
TROEYTB128F4272F02,33,16,False
TROEZYL128E0792844,446,100,False
TROFAEA128F932BD93,609,208,False
TROFCAS128F931C26C,766,284,False
TROFCTO128F425BF57,27,14,False
TROFDWQ128F42AE755,373,86,False
TROFEHI12903CC582C,24,9,False
TROFEOJ12903D08CE9,53,25,False
TROFFIV128F4276077,19,11,False
TROFGIL128F930A96E,19,10,False
TROFHRM128F92DE785,29,15,False
TROFJHL128F92EC281,1006,240,True
TROFJJY128F428E19B,88,33,False
TROFJXZ128F93069FE,2783,974,True
TROFKBC128F92CC7E7,110,84,False
TROFKRA128F4259B35,976,250,True
TROFKWM128F9365C06,5,3,False
TROFLBL128F147E694,556,270,False
TROFNUY128F42958F0,2,2,False
TROFPJT128F424F9AA,114,50,False
TROFPLC128F933CB27,39,26,False
TROFQTD128F932BC05,183,83,False
TROFQTG128E0791F3F,365,227,False
TROFRQR128F930D3A8,101,35,False
TROFSVV128F9309739,16,10,False
TROFTGV128F1458F77,120,49,False
TROFTNI128F146C777,1068,552,True
TROFVOI128F426AFB0,851,283,True
TROFXUY128E0787CF5,282,114,False
TROFXWO128F422DF27,679,318,False
TROFYNN12903CDD5F6,126,59,False
TROFZHX128F92FD2ED,352,79,False
TROGBEQ128F92CC838,538,236,False
TROGCTW128F428BE8A,166,93,False
TROGENL12903CC7843,111,48,False
TROGEPI128F429AEA3,21,14,False
TROGIKB128F92D1643,36,6,False
TROGJFL128F934DF5C,638,262,False
TROGJUO128F42A8E36,108,48,False
TROGKHK128F4249433,176,95,False
TROGKMP128F428FB7F,107,33,False
TROGLQO128F4247D66,54,22,False
TROGNBC12903D0D3B2,22,6,False
TROGOTM128F92F80D5,3835,969,True
TROGQFC128F930AAB0,159,68,False
TROGRKN128F429E9F0,1559,755,True
TROGSFM128F1468937,53,28,False
TROGUQC12903CE95AF,38,15,False
TROGUVR128F9336E7D,6,4,False
TROGVEN128F14AE349,39,15,False
TROGVJU128F4270333,862,389,True
TROGWRI128F4272C5E,1428,853,True
TROGWYM128F4292B95,62,36,False
TROGWZR12903CCC99B,1397,579,True
TROGYGJ128F92F1D38,279,196,False
TROGZPW128F9316AF8,524,312,False
TROHAIF128F92D547C,58,7,False
TROHAZZ128F4267B10,7,3,False
TROHBAB128F1466D85,1,1,False
TROHBCJ128F14A2186,578,322,False
TROHBEE128C71964AB,414,221,False
TROHBFJ128E0798CDD,7,7,False
TROHBKC128F934ADAE,14,1,False
TROHBTQ128F427ECF2,301,134,False
TROHBUC128F428A44A,218,37,False
TROHCBT12903CDC9EA,80,21,False
TROHCCX128F425CEC0,2,1,False
TROHCDR128F422B4D0,289,98,False
TROHCDV128E078E60A,1,1,False
TROHCFN128F424BE2D,1,1,False
TROHCFR128F92DDDA9,5389,3656,True
TROHCQJ128F9335BBC,18,11,False
TROHDEA12903CE32F1,34,17,False
TROHDFD128F148DAC1,3845,1432,True
TROHDWP128F422F047,1,1,False
TROHEDQ128F42495EB,14,12,False
TROHERR128F4216B2E,356,233,False
TROHESG128F93124DB,884,194,True
TROHEVE12903CAC0F0,74,30,False
TROHEYS128F14622DE,205,107,False
TROHFHI128F4281BC4,9,9,False
TROHFML12903CC514E,306,63,False
TROHFSC12903CAF5E7,3,2,False
TROHGGR128F9312780,240,64,False
TROHGIG128C7196617,414,164,False
TROHGXO12903CB56A1,36,26,False
TROHHFF12903CC6E0D,5055,2331,True
TROHHGI128F426456F,2,1,False
TROHHIQ128F428C410,72,25,False
TROHHRT128F423F3E1,3,1,False
TROHHTD12903CC55E7,32,11,False
TROHHYU128F4284FFB,2,1,False
TROHHZR128F9340448,27,18,False
TROHIBS128F4281FFB,6,3,False
TROHICI12903CB0FE8,34,25,False
TROHICK128F422B92E,86,28,False
TROHIGD12903CEA46C,106,60,False
TROHIHD128F9314B12,23,17,False
TROHIRM128F145C8F1,398,157,False
TROHISK128F93663B8,52,16,False
TROHJBH128F422984F,1692,812,True
TROHJED128F1463754,374,232,False
TROHJFY128F147E504,21,5,False
TROHJJE128F148C5D8,1125,488,True
TROHJOQ128F9311141,1937,657,True
TROHJRQ128F933A30A,514,302,False
TROHKCJ12903CCE601,118,50,False
TROHKHH12903CE2A21,1,1,False
TROHKJO12903CDE079,1,1,False
TROHKLC128F425924E,115,29,False
TROHKTF128F933BA43,70,37,False
TROHLFA128F145CFB4,601,268,False
TROHLGB128E0789D32,107,50,False
TROHLKW128F146B3D3,877,152,True
TROHLQH128F425B984,14,10,False
TROHLVI128F425A2CF,4,3,False
TROHLXP128F147F99F,25,6,False
TROHMDY128F42344BF,466,151,False
TROHMGT128F425A9E2,21,13,False
TROHMME128F42B4736,13,8,False
TROHMSX128F421BD45,158,96,False
TROHNAJ128F145AFF7,57,23,False
TROHNHN128F92E7CF2,777,295,False
TROHNTI128F1490EB4,1003,228,True
TROHNVE128F92E85A5,31,10,False
TROHNWC128F92E327D,78,32,False
TROHODA128F932BCBF,1,1,False
TROHOFX12903CB587D,65,14,False
TROHOGT12903CEBC27,3,2,False
TROHOIJ128F92CE222,382,181,False
TROHONR128F93457E3,2,1,False
TROHOWX128F93264DF,119,48,False
TROHPBC128F4260EAB,148,71,False
TROHPQU128F1478485,1,1,False
TROHPUY128F147E691,299,121,False
TROHQDS128F428AB5D,6,5,False
TROHQIL128F93016FC,4,3,False
TROHQNA128F147A599,594,185,False
TROHQNO128F146ECCB,1252,525,True
TROHRAE128E07908F5,34,5,False
TROHRHL128F42640AF,13,2,False
TROHRPK128F930281F,379,135,False
TROHSNA128F425A29A,176,132,False
TROHSPK128F930CFD3,1115,833,True
TROHTAX12903CEA9CE,1057,371,True
TROHTFF128F92CD96D,585,269,False
TROHTIX128F4262348,70,59,False
TROHTPQ128F428B7A6,2089,701,True
TROHTVJ128F9326368,5,4,False
TROHTXC12903CEB997,1,1,False
TROHTYA12903CDFE4F,139,67,False
TROHTYS128F9329D2A,1269,571,True
TROHUDY128F147A029,768,326,False
TROHUNJ128F932C215,70,16,False
TROHUWY128F930C090,98,72,False
TROHVAM128E0789004,645,266,False
TROHVKD128F426CEA4,4,3,False
TROHVWM128F9331992,257,132,False
TROHWTE128F933A74D,15,8,False
TROHWZM128F148251B,404,311,False
TROHXCJ128F935A6AC,236,169,False
TROHXGW128F4257BA9,236,128,False
TROHXGW12903CACDCE,4,4,False
TROHXSH12903D09FE7,28,14,False
TROHXVY128F930F2C9,70,39,False
TROHXWL128F425BF50,45,32,False
TROHYKR128F9317025,23139,8552,True
TROHYSX12903CF9FE8,194,71,False
TROHYVC128E0791822,1203,696,True
TROHZDI128F933E904,8,4,False
TROIAAV12903CA62EF,48,17,False
TROIAGW12903C9ED54,51,33,False
TROIAYD128E07920D6,304,100,False
TROIBCX128E07984B8,153,106,False
TROIBHC128F14958FC,12950,4389,True
TROIBTY128F9348464,80,24,False
TROICCH128F92E59DE,1,1,False
TROICCL12903D0D0D8,5,1,False
TROICIN128F42A2991,31,7,False
TROICNM12903CB3402,3432,1025,True
TROIDAY128F42B9251,5611,2291,True
TROIDDH128E0786BC1,1024,407,True
TROIDJV128F4299E39,4,3,False
TROIDLH12903CDB03E,3,2,False
TROIDPM128F4250AB3,3,3,False
TROIDWU12903CC5167,236,64,False
TROIEBX128F147A678,1504,604,True
TROIEMF128F4234FDE,53,32,False
TROIERE128F92FBD53,2,2,False
TROIERI128F425F681,4,3,False
TROIESH128F422EEA3,16652,6350,True
TROIEWP128F14A14F9,73,36,False
TROIFHF128F4233162,654,294,False
TROIFMI128E0792EF6,170,49,False
TROIFMO128F429F7FB,59,15,False
TROIFNH128EF34DF5F,95,56,False
TROIFQS128F4242CC5,13,7,False
TROIGJU128F14A4373,33,10,False
TROIGLT128F14710D7,49,17,False
TROIGZW128F421BD4D,45,30,False
TROIHBO128F42613D7,1166,389,True
TROIHJV128F932BEBD,51,17,False
TROIHPD12903CD6D13,202,141,False
TROIHSE128F14ADED0,114,72,False
TROIJHL128F932BE95,30,12,False
TROIJHP128F4298755,2682,1244,True
TROIJIL12903CE297C,1617,587,True
TROIJUX12903D06EC9,280,138,False
TROIKIX128EF3627EC,594,168,False
TROIKKM128F9326C1D,76,18,False
TROILMJ12903CF2562,14,8,False
TROILSF128F935AAF3,24,9,False
TROILSM128F930F6DB,194,81,False
TROIMCR128F148DED3,119,26,False
TROIMFV128F42344AD,532,150,False
TROIMUV128F429491C,8,7,False
TROIMVV128F42873FC,151,68,False
TROINBI12903CDB2D8,2427,950,True
TROINIY128F424C9F9,7,5,False
TROINLA128F4276DFF,5,5,False
TROINZB128F932F740,2736,610,True
TROIOGI12903CE858F,6,5,False
TROIOPS128F146EC5D,2620,1215,True
TROIOXL128F425A9EC,157,114,False
TROIPAS128F92FFC35,3410,2393,True
TROIPBF128F9315844,104,44,False
TROIPBJ12903CB665D,966,333,True
TROIPWL12903CB89F2,298,27,False
TROIQMT128E0792994,1450,790,True
TROIQNZ128F4279351,4099,1504,True
TROIRNJ12903CEE65F,45,19,False
TROIRNT128F92ED644,3391,1057,True
TROIRNZ12903CE5D91,4268,1470,True
TROIRQA128F1465045,144,53,False
TROIRRZ128E0793B39,13,6,False
TROIRSS128E07933FB,119,51,False
TROIRUG128F427B9B5,12,9,False
TROIRUU128E079355B,164,86,False
TROIRVF128F4266157,3740,1263,True
TROIRZW128F93323D5,645,255,False
TROISGI128F4266028,1247,645,True
TROISOS128F42BA050,1,1,False
TROISPD128F932010B,87,37,False
TROITAH128F145D4E9,1,1,False
TROITAN128F92F2918,15,4,False
TROITAX128F429E9FD,2782,1184,True
TROITCW128F42BA28C,4,3,False
TROITRR12903CB28A8,4,2,False
TROITTS128E0782490,334,146,False
TROIUMZ128F428CB7E,3,3,False
TROIVXO128EF3426E8,96,46,False
TROIVZG128F9326122,1468,604,True
TROIWAS128F92E426E,1387,512,True
TROIWFL128F92C7D49,144,44,False
TROIWFM12903CAB006,3,3,False
TROIWJE128F932A2A8,3106,1335,True
TROIWLP128F428ECC7,1749,875,True
TROIWZJ128F424E15B,1000,420,True
TROIXIC128F427B6F6,7956,2550,True
TROIXJD128F4279769,126,91,False
TROIXTN128EF3409B4,67,39,False
TROIXZN128F930387C,9,3,False
TROIYYE128F42B8B7B,350,162,False
TROIZFW128F92F0243,1046,622,True
TROIZPM12903CE1E18,462,147,False
TROIZWN12903C9AF37,110,67,False
TROJAFA128F42B9B22,3,1,False
TROJAXH128F424C5E2,43,20,False
TROJBDI128F934CB04,2,2,False
TROJBDW128F92E3DA7,52,21,False
TROJCMX12903CC9100,4,3,False
TROJCQH12903CDAB88,1,1,False
TROJCRC128F92D5D2D,39,12,False
TROJCWN12903D01660,17,10,False
TROJCWP128F1481DF0,126,87,False
TROJDLJ128E0793B90,589,424,False
TROJDMP128F4272C1F,8,6,False
TROJDSM128F9304E70,61,36,False
TROJEBH128E079251B,938,445,True
TROJECD128F9338CBE,32,11,False
TROJEMV128F932D251,46,9,False
TROJEVW128F423CC18,9,4,False
TROJFDJ128F92EC4E7,4,2,False
TROJFKL128F425E0C3,255,116,False
TROJFKM12903CAF838,145,66,False
TROJFPG128F92EC591,4,3,False
TROJFQN128F4281CB4,1348,582,True
TROJFWL128EF3523D4,168,49,False
TROJGCC128F9345F2D,92,25,False
TROJGKM128F428BB89,10,6,False
TROJGLV12903CA438A,530,75,False
TROJHGF128F14AC261,1314,595,True
TROJHLB12903CD4307,848,517,True
TROJHNN128F423477E,609,346,False
TROJHSW128F92F2E87,20,14,False
TROJIKA12903CFA605,17,10,False
TROJIRA128F932B5F0,3,3,False
TROJITY128F42233E9,82,36,False
TROJJKH128F425C8D8,651,488,False
TROJJST12903CB8BE1,82,28,False
TROJJYV128F92D25FA,509,417,False
TROJKDM128E078A59E,17,8,False
TROJKMD128F427EF07,484,251,False
TROJKSF128F9329ECB,28,10,False
TROJKXT128F149078E,16,11,False
TROJLLU128F93443B3,859,201,True
TROJLPO128F14651AD,69,25,False
TROJLSU12903CA547A,159,80,False
TROJLVT128F42AE85F,757,278,False
TROJLZA128F42594A5,128,54,False
TROJMKE12903CEF307,28,12,False
TROJMRE12903CA5D0F,1,1,False
TROJMTH128F933B45B,431,158,False
TROJNLD128F92EF0D8,337,89,False
TROJNMT128F4279AF7,2,2,False
TROJOFW128F4235E4F,675,215,False
TROJOFY128F933A9E1,40,20,False
TROJOPF12903CA8DF0,105,48,False
TROJOWC128F933A330,660,32,False
TROJPLY128F148A581,61,26,False
TROJPWV128F9337986,40,23,False
TROJQDL128F92CA511,121,68,False
TROJQFE12903CA50D5,2294,876,True
TROJQKX12903CDCEF6,5,4,False
TROJQNA128F427C429,747,320,False
TROJRJL12903CDCFF6,51,27,False
TROJRSR128F146394B,15,6,False
TROJSAF128EF34318B,1806,493,True
TROJSCO128F42705B2,196,61,False
TROJTFH128F42A9DB2,184,97,False
TROJTUM128F92F99F0,5617,1995,True
TROJUAG12903CAF47C,1372,379,True
TROJUAJ128F4267C24,4,4,False
TROJUDY128F9339983,1824,420,True
TROJUGD128F14632D5,250,96,False
TROJUKA128F4238372,225,116,False
TROJUPV128F1452C06,4,4,False
TROJVOC128F92EC9F4,11,9,False
TROJVUK128F147E92A,554,355,False
TROJWAR128F932EDCC,2037,1408,True
TROJWID128F932BBB9,330,90,False
TROJWMQ128F930C3A8,189,69,False
TROJWNO128F423776A,2,1,False
TROJWRC128F931C26D,203,89,False
TROJXCL128F4259F65,463,210,False
TROJXUU128F4284216,61,28,False
TROJZBL128F92C49D9,168,69,False
TROJZQU128F4248269,4,3,False
TROKACW12903CE321F,13,6,False
TROKAGO128F42835E4,7,3,False
TROKAPE128F427ED1E,79,24,False
TROKATR128F934B9C7,17,10,False
TROKBGS128F423B2A1,115,19,False
TROKBQH12903C9D506,136,68,False
TROKCSG12903D12C28,579,337,False
TROKDIO128F42704A8,287,214,False
TROKDMN128E0781155,1258,589,True
TROKDTN128F93318A2,27,12,False
TROKELP128E0792EB0,70,50,False
TROKEVL12903CD9B62,89,56,False
TROKFAQ128F9326909,46,21,False
TROKFIL128E0782EF9,2048,655,True
TROKFNY12903CFA1CE,56,39,False
TROKFQB128F42752E5,64,25,False
TROKFUS128F92E399D,74,39,False
TROKFWT128F1461F0B,2011,654,True
TROKFZE12903CB636B,3957,1897,True
TROKGCB128F4246945,86,48,False
TROKGEJ128F92F40F5,99,50,False
TROKGHQ128F9353CAD,167,85,False
TROKGJK128E078EEFB,109,78,False
TROKGJS128F425A1A3,5,2,False
TROKGKM12903CC7ADC,3,2,False
TROKHJC128F42A37CF,20,9,False
TROKHNJ128F14594D7,25,4,False
TROKIEG128F1458335,86,23,False
TROKIEW128F42485B8,240,110,False
TROKJBG128F4256B4B,12,6,False
TROKJJJ12903CDB242,24,17,False
TROKJNK128F92F2532,6151,2837,True
TROKJPX128F14958A7,1450,570,True
TROKJRN128F14683A2,1910,869,True
TROKJXM128F424F9A5,41,24,False
TROKJYS128EF355C84,82,22,False
TROKJZW12903CE4DA8,3293,617,True
TROKKUM128F4268326,3041,597,True
TROKLRI128F92EBF98,1363,797,True
TROKLRX128F1464C3B,323,50,False
TROKLYS128F14A5A8D,17,10,False
TROKMIF128F9332FBF,104,55,False
TROKNBR128F92D2B04,510,192,False
TROKNJC128F42918B0,560,257,False
TROKNMA128F93257D4,3542,837,True
TROKNQT128F9317990,336,164,False
TROKNXI128EF35224A,25,22,False
TROKONF128F935A85E,9,6,False
TROKPAZ128E078114A,1583,751,True
TROKPXO12903D063C5,11,3,False
TROKQVH128F148D1C3,257,115,False
TROKRAL128F934B395,333,137,False
TROKRSJ128F92E08D5,57,31,False
TROKSOL128F145B03E,8,5,False
TROKSQM128E079234A,603,357,False
TROKTNE128F4294792,1,1,False
TROKTQI128F42ACDF4,150,19,False
TROKTQM128F930AF77,30,20,False
TROKTWH128F4215DA3,471,108,False
TROKUAR128EF3453C0,1832,1097,True
TROKUMJ128F422FD82,3925,1586,True
TROKUMQ128F42807F3,10,4,False
TROKUQB128F1474A07,9,6,False
TROKUWD12903CA5452,129,29,False
TROKVIZ128F149A326,129,73,False
TROKVKA128F92DE706,34,15,False
TROKXPK12903CDECCB,89,25,False
TROKXSF128F92F2F45,1212,641,True
TROKYBP128F425BBF0,8,5,False
TROKYPX128F92E20D4,23,10,False
TROKYVE128F1461E5D,4475,999,True
TROLAEO128F1482150,252,103,False
TROLAQR128F934B394,256,118,False
TROLARL128F428EE18,413,243,False
TROLASE12903CF23C1,2,1,False
TROLBWM128F426129D,75,21,False
TROLBXB128F93358D7,17,7,False
TROLBZW12903CF1367,801,299,False
TROLCBH128F92F672F,370,137,False
TROLCCV128F428CE1F,6,2,False
TROLCCZ128F932EC00,4770,1378,True
TROLCEJ128F4284281,5035,386,True
TROLCOJ12903CB59F4,13,2,False
TROLCRG128F92E6578,56,27,False
TROLDFD128E0792799,980,359,True
TROLDGV128F146B44A,11,3,False
TROLDHW128F426934C,24,6,False
TROLDIA12903D0165C,40,21,False
TROLDMK128F1464CD2,23,14,False
TROLDUA12903D0617D,1394,454,True
TROLDVG128F4260AA5,17,10,False
TROLEAC128F42677A2,233,88,False
TROLENM128F930D73A,537,103,False
TROLENX128F9330D31,2317,909,True
TROLEXN128F92E450A,761,228,False
TROLEZE128F147C1E2,2263,908,True
TROLEZU128F92E93C1,219,52,False
TROLFDJ128F933416C,32,17,False
TROLFVX128F426A30D,12,6,False
TROLGCY128F932BDA0,355,211,False
TROLGFM128F932BC66,32,13,False
TROLGUD128F4246BEA,58,19,False
TROLGYQ128E0791D88,354,139,False
TROLGYU128F14AE3D4,2,2,False
TROLHBT12903CD4FA4,34,13,False
TROLHDV12903CCCF93,945,463,True
TROLHHT128F92D967D,1,1,False
TROLHQU128F934B53E,484,278,False
TROLIEA128F92F3A76,11,10,False
TROLIFB12903CC4944,295,175,False
TROLIFF128F4270EF8,54,34,False
TROLIVY128E0781EBA,805,433,False
TROLIZK128E0784C18,23,8,False
TROLJJU128F427C426,374,124,False
TROLJKM128E07911F2,2974,1082,True
TROLJNH128F1452027,193,124,False
TROLJRF12903CBB8A5,24,7,False
TROLKCW128E078F4BD,668,305,False
TROLKMA128F4274A30,4784,2066,True
TROLKOL128F425F71F,1426,610,True
TROLLAB128F4248731,121,94,False
TROLLLH128F42633E8,3153,1073,True
TROLLPV128F428C475,10,7,False
TROLLVB128E078AD03,107,16,False
TROLLVN128F930022F,30,13,False
TROLMFE128F934FB53,28,12,False
TROLMYP128F428CFD5,10,5,False
TROLNNC128F934E62E,49,31,False
TROLODU128E078EFD0,1880,428,True
TROLOJG128EF363E11,7,4,False
TROLOMI12903CB2CE7,3638,1921,True
TROLONO128F934B697,111,58,False
TROLPAC128F932694C,145,54,False
TROLPUB128F42BB925,590,140,False
TROLPZW128F4291011,12,8,False
TROLQFA128F92F7AAA,245,111,False
TROLQMF128EF3426E5,176,62,False
TROLQOE12903CD3731,32,28,False
TROLRCW128F933DDCD,7,2,False
TROLRKO128F4241A52,52,28,False
TROLSBW128E0792A43,4912,1614,True
TROLSGS128F9330E8C,76,48,False
TROLSHN128F424DA30,29,10,False
TROLTIA128F4262730,154,80,False
TROLTLW128E0791EA6,427,245,False
TROLTRT128E07923EC,56,37,False
TROLTXX128F428F992,60,27,False
TROLTYN128F425099F,247,106,False
TROLULN128F42781CA,13,8,False
TROLUMV128F426347E,70,35,False
TROLUYY128F4282832,716,319,False
TROLVGB128F42BA8D3,468,92,False
TROLVIX128F42894FF,154,39,False
TROLVPE128F425607E,103,56,False
TROLWCN12903CB5DD6,7,3,False
TROLWLU128F92E8455,14,10,False
TROLWOI128F425EF06,3831,884,True
TROLWXE128F421C736,15,6,False
TROLXIH128F92F6737,447,278,False
TROLXIP128F92CE671,5,2,False
TROLXKA128F4276D81,210,132,False
TROLXNM128F145310A,22,7,False
TROLXWL128F93481BC,258,50,False
TROLXWR128F4241636,47,23,False
TROLXYT12903D0708D,133,42,False
TROLYAE128F934C593,755,325,False
TROLYIO128F934BC9D,65,42,False
TROLYVC128F4233CBF,666,149,False
TROLYZF128F1452048,187,76,False
TROLZDG128F146990E,95,50,False
TROLZNQ12903CF5569,2688,1005,True
TROLZNS128F42A01F4,157,60,False
TROLZRB128F14A77B6,8,4,False
TROLZXD128F42689B0,14,14,False
TROMABL128F9306089,32,10,False
TROMAET128F424FB1B,35,16,False
TROMAEZ128F9355BCF,690,358,False
TROMAMC128F934C282,217,108,False
TROMAPV12903CC5054,166,119,False
TROMBXB128F4226F4E,14,8,False
TROMCAM128F1464D44,2022,556,True
TROMCGO128F92F6E2C,164,112,False
TROMDMC12903CE3041,3664,1232,True
TROMEPT12903CE2637,121,54,False
TROMFYO128F1473C56,77,12,False
TROMGCB128F1482511,1155,740,True
TROMGCY128E0789A00,995,460,True
TROMGKD128F4294977,10,6,False
TROMGYS128F930BCDB,75,32,False
TROMHWT128F92F9BEA,52,22,False
TROMIEM128F14554D8,1169,306,True
TROMIIH128F145C1F2,133,106,False
TROMIRY128F930AEEF,301,140,False
TROMJIM128F145ABF2,531,413,False
TROMJWF12903CBD7CC,524,371,False
TROMKCG128F9320C09,87050,28735,True
TROMKQU128F4265B34,9,3,False
TROMKRY128E078957D,2488,541,True
TROMMBJ12903CC6883,13,3,False
TROMMMK128F92F7623,7,7,False
TROMMRU128F4250C74,650,202,False
TROMMSG128F92CD1D3,2347,1482,True
TROMMVH128F92C3BB9,692,374,False
TROMMZU128F427E2A2,557,223,False
TROMNDX128E0793A0A,23,3,False
TROMNLZ12903CCC6F7,898,223,True
TROMNMH128F1459DF2,169,65,False
TROMNMZ128F9333C06,2,2,False
TROMNVI128F14979B9,2125,1531,True
TROMNZL12903CA2590,88,45,False
TROMOBK128F92FE2F1,78,36,False
TROMOPU128F42950E0,6,2,False
TROMOTR128E078DF27,66,21,False
TROMPCE128F93512A2,2,1,False
TROMPEV128F92D2BEB,451,90,False
TROMPMN128F93063D0,12,6,False
TROMPZO128F421CBFC,95,40,False
TROMQBP128F4279306,6806,2427,True
TROMQDF128F4284E36,374,164,False
TROMQUY128F1492C83,382,206,False
TROMQWX128F9337E34,9,4,False
TROMSBJ128E0789D6E,11,7,False
TROMSDB128F92D1AEE,8,6,False
TROMSKF128F4289BE4,96,54,False
TROMSKI12903CD9FEC,6,2,False
TROMSUJ128F428F616,326,182,False
TROMSXK128F9318EAB,111,74,False
TROMTCD128F423612E,67,37,False
TROMTHP128F92FA781,69,27,False
TROMTJJ128F42B32F8,35,16,False
TROMUNM128E07990C7,192,93,False
TROMUNV128F4289241,131,28,False
TROMUUH128F92C7D43,25,16,False
TROMVKD128F92F89EA,9,6,False
TROMVLJ128F932C530,2,2,False
TROMVPB128F4233637,8,8,False
TROMWDE128F42994CA,128,53,False
TROMWEL128E0793B96,427,323,False
TROMWFM128F9303270,72,46,False
TROMWIN128F4236863,268,61,False
TROMWIV128F429E3CE,116,36,False
TROMXCF128F428E03F,395,198,False
TROMXJQ128E0791204,101,47,False
TROMXXS128F9310F97,93,27,False
TROMYMM128F42132A8,11,7,False
TROMYWA128F92ED44E,39,15,False
TROMZMS128F933EA43,5,4,False
TROMZSY128F92F2F41,550,311,False
TRONAFN128F930F048,4,4,False
TRONAHV128E078A9C2,139,90,False
TRONAMK128F934B776,134,23,False
TRONAQN128F932F931,80,26,False
TRONAVJ128F421A40F,3,2,False
TRONBXB128F93292C4,17,11,False
TRONDEW12903CE8800,306,120,False
TRONDEY128F4292309,12,8,False
TRONDNQ128F426E3BE,1,1,False
TRONDPJ128F93481D0,23,14,False
TRONECR128F92ECDB8,93,38,False
TRONEIG128F422D991,16,13,False
TRONEPF12903CAF70E,749,340,False
TRONETX12903CE75A6,26,12,False
TRONFBK128F9329E54,101,32,False
TRONFEZ12903D09FE1,75,38,False
TRONFJS128F428979F,2867,782,True
TRONFLL128F4277E99,288,65,False
TRONGJW12903CE7FC2,366,60,False
TRONGPP128F1489165,794,482,False
TRONGWF128F93499A9,16,6,False
TRONGYV128F9320834,67,14,False
TRONHPC128F42884E1,1332,523,True
TRONHZY128F427C2C8,370,126,False
TRONIFO128F4262360,577,359,False
TRONIHB12903CB652A,1720,591,True
TRONIIG128F93091B2,328,169,False
TRONIJH128F92EF294,559,200,False
TRONIUS128F14530CF,34,26,False
TRONIZE128F930831B,31,4,False
TRONJKE128F4263BB4,8932,2497,True
TRONJUZ128F427B8D7,2934,1537,True
TRONLNI128E0783BC8,201,92,False
TRONLPW128F9305DEF,464,143,False
TRONLXI128F935AAF8,11,6,False
TRONMVT128F42480DF,68,39,False
TRONMVZ128F4285939,19,15,False
TRONNPF128E0784637,728,267,False
TRONODB12903CC509D,52,40,False
TRONOPB128F4258191,800,199,False
TRONOWP128F42559B5,2175,1342,True
TRONPIZ128F1454219,11,5,False
TRONQGZ128F42376DB,183,72,False
TRONQYP128F14AC8AB,722,159,False
TRONRAH128F93236A2,32,10,False
TRONRBU128F422A4DB,60,11,False
TRONRYM128F425B4FD,6,6,False
TRONSAX128F935A9C6,8,5,False
TRONSLT128F424BA95,44,23,False
TRONTYT12903CB19C9,19,8,False
TRONUGZ12903CDA9F8,630,135,False
TRONUII12903CD8645,18,10,False
TRONURT12903CA8DF6,144,34,False
TRONVCF128F4299A22,24,17,False
TRONVML128F428A0BD,15,15,False
TRONVVA128F425BDC2,1073,545,True
TRONVVO128F92FD7D7,986,602,True
TRONWBE128F931B5FE,1267,738,True
TRONWUX128F4248896,920,387,True
TRONWWI128EF354F4B,393,149,False
TRONXNA128F93257A6,12,5,False
TRONXNW128EF33FC4E,42,19,False
TRONYHY128F92C9D11,527893,80656,True
TRONYNA128F42660E1,10148,2917,True
TRONZCE128F42621A6,107,46,False
TRONZHO128E078377F,215,135,False
TRONZVK128F423F46A,504,204,False
TROOAJL12903CEA88C,3,3,False
TROOAOM128F421BA26,41,14,False
TROOAOS128F429832D,141,41,False
TROOAXS128F92D02B7,122,82,False
TROOAYJ128F428AE64,45,14,False
TROOBJY128F4240F2C,5,3,False
TROOBQK12903CA884F,1036,354,True
TROOCBB12903CDCCC2,1589,990,True
TROOCSG128F934AB6E,18,10,False
TROODYK12903CB5C2C,18402,3619,True
TROOESA128F92F8C56,4,4,False
TROOFVQ12903CD07F8,6,5,False
TROOFYR128F4287B19,39,8,False
TROOHTM12903CA7502,765,283,False
TROOHYP128F4263C1E,13538,2785,True
TROOIAM128F93332D5,329,175,False
TROOISA12903CB8C50,35,25,False
TROOJGT12903CB706F,179,75,False
TROOJUG128F9336CAC,4739,1216,True
TROOJWQ128F1468EB4,84,41,False
TROOJXN128F93443EC,348,34,False
TROOKDD128F424B33E,71,19,False
TROOLBQ128F92C6AE4,1755,725,True
TROOLCA128F9322737,773,258,False
TROOLEI128F42A5204,1,1,False
TROOLIT12903CAEB7B,49,21,False
TROOMIS128F427AAE9,2203,930,True
TROOMUK128F42BA19C,3425,1342,True
TROONPH12903CE5A95,122,29,False
TROONUM128F428BAB8,11,6,False
TROOOEJ128F429D59C,60,42,False
TROOOIK128F146A4A0,27,14,False
TROOOQV128F424A068,4007,1224,True
TROOOWR128F4280C34,913,381,True
TROOPMV128F421C4EE,191,125,False
TROOQGW128F425708E,20,6,False
TROOQTV128F92FED1F,20,6,False
TROORPQ128F93367B8,29,7,False
TROOSSU128F4291A7D,513,317,False
TROOSTO128F428B6F2,115,73,False
TROOUJU128F424719F,7,3,False
TROOUSN12903CA3664,37,21,False
TROOVOP128F421BAC0,212,103,False
TROOVXG128F930829B,14,9,False
TROOWJF128F422B28A,75,37,False
TROOWRU128F423EDF8,335,100,False
TROOWWE128F4232468,440,209,False
TROOWWQ128E0786B91,1413,660,True
TROOWZY12903CF2D6B,4,2,False
TROOXHJ128F934B393,234,95,False
TROOXPD12903CF297A,12,10,False
TROOXSL128E07938D0,2230,1489,True
TROOXWK12903CA0E31,74,26,False
TROOYSD128F92CC7FB,33,16,False
TROOZUA128F148836E,24,12,False
TROPAIQ128F14B0717,16,12,False
TROPBDM128F92D5C2C,95,46,False
TROPBKG128F426E27B,1,1,False
TROPBXY12903C99C98,3767,1504,True
TROPCYL128F92E528C,3,3,False
TROPEIV128F428F5A8,693,181,False
TROPESU128F145E198,1050,495,True
TROPFGM128F9344168,416,165,False
TROPFRH128F14610CA,1162,286,True
TROPFWK128F428CDE2,82,12,False
TROPFXM128F9300AFD,253,134,False
TROPGRT128EF3582C2,8,5,False
TROPGXS128F4221DEE,8,6,False
TROPHMF128F1460F39,136,82,False
TROPHUH128F42987DE,56,23,False
TROPHXR128F92CA507,787,263,False
TROPIIL12903CDD939,40,26,False
TROPIOW128F42BA654,40,17,False
TROPJFT128F42732DE,12,8,False
TROPJGN128E07989DC,2593,1584,True
TROPJIL128F92FE610,33,15,False
TROPJSR128F930C393,24,9,False
TROPJXS128F4292456,93,46,False
TROPKIQ128F421BB84,134,60,False
TROPLRI128F428E41E,13,9,False
TROPLWL128F934BE0C,42,27,False
TROPMFH128F1464D1E,95,42,False
TROPMFX128F42322A6,19,5,False
TROPMMK128F4285AC8,29,15,False
TROPMOC128F427AF98,6976,1222,True
TROPNKC128F42A52DD,6816,3401,True
TROPNMN128F9326626,5,4,False
TROPNQY128F933AF7B,1633,857,True
TROPOGX128F42B9D0D,80,24,False
TROPORD128F932D6D5,390,165,False
TROPOWY12903CB745A,120,34,False
TROPPCQ128F92FCB61,207,34,False
TROPPKD128F4280F39,14,12,False
TROPPYE128F14845BF,666,210,False
TROPPYG128F934B838,34,15,False
TROPQZQ128F4288434,182,76,False
TROPRJW128F1482481,696,359,False
TROPROO12903CB00D9,12,10,False
TROPROY128F4258528,2,2,False
TROPRQP128F426223C,139,45,False
TROPRRB128F93390C3,19,4,False
TROPSQM128E0789EDB,50,27,False
TROPSRH12903C9AF3D,263,111,False
TROPSSP128F934C69E,6,4,False
TROPSZC12903CE8913,10,7,False
TROPTCQ128F425F1A0,5321,2457,True
TROPTOS128F92F8F21,236,134,False
TROPUTE12903CAF437,40,20,False
TROPVWF128F427D088,524,265,False
TROPWBK12903CD521F,812,322,False
TROPXGV128F4284E3E,354,177,False
TROPXRT128F92E723A,1932,854,True
TROPXUM12903CD6CF3,294,203,False
TROPYHV128F9329F1D,27,18,False
TROPYIR128F4269975,4,3,False
TROPYKF128F424BDE0,48,17,False
TROPYNK128F4259830,95,59,False
TROPYPJ128F931CBA1,19,11,False
TROPYRX128E0788DAA,430,109,False
TROPYXQ12903CF241B,109,37,False
TROPYYY128F421B484,132,39,False
TROPZDV12903CDFF36,16,9,False
TROPZSL128F9335007,11,7,False
TROQAAO128F42978C1,31,15,False
TROQAQO128F426BFE5,716,315,False
TROQBGX128F42981CE,1,1,False
TROQBKE128F93461C3,15,8,False
TROQBOH128F9308FBF,501,139,False
TROQBTM128F9333661,32,19,False
TROQBUB12903CF200B,54,35,False
TROQBWG128F425B713,1,1,False
TROQBYP128F425EB88,47,11,False
TROQBZM128F932ACCD,48,6,False
TROQCJZ128F9337DEA,75,24,False
TROQDOP12903CEF552,1,1,False
TROQDZL128F4270EF6,5,5,False
TROQEAN128F933E6BE,203,87,False
TROQEFI128F92F8978,14,10,False
TROQENI128F424AFE1,93,36,False
TROQETL128F4267337,749,565,False
TROQEWL128F930B61D,225,92,False
TROQFIU128F93178EB,158,66,False
TROQFJJ128F429237D,580,107,False
TROQFQI128F93239D5,803,279,False
TROQFSN12903CA1863,4828,1947,True
TROQFYY128F429DBA0,23,7,False
TROQGDA128E078F153,87,75,False
TROQGJG128F422DB2C,1,1,False
TROQGSX128F1458AAF,2502,809,True
TROQHJN12903CBDAAB,805,261,False
TROQJDN128F92D16C5,34,5,False
TROQKHA128F92E7468,1970,900,True
TROQLRQ128EF35F612,19,11,False
TROQMDI12903CDDF4E,25,14,False
TROQNER128F92DC536,17,11,False
TROQPQN128F428C26D,47,33,False
TROQQRS12903D0A076,15,7,False
TROQQSQ128E07938D3,183,102,False
TROQRBI128EF34B3C2,29,13,False
TROQRCJ128F4289F88,653,362,False
TROQRCK128F930C6C2,4,4,False
TROQSTM128F428B4E5,16,6,False
TROQTGM128F426733C,883,594,True
TROQTJO128F930FE7D,31,13,False
TROQUMH128F428AE36,35,17,False
TROQUUQ128F9309978,34,21,False
TROQVGV128F147405C,103,44,False
TROQVLL128EF3454A1,40,27,False
TROQWCW128F4283F40,4483,2983,True
TROQWFB12903CB2B16,1,1,False
TROQWMK128F92E92A8,4,4,False
TROQXBV12903CA43A5,64,24,False
TROQXEU128F428B0A7,1271,365,True
TROQXMX128F92F8B80,48,19,False
TROQYMP128F9326785,88,43,False
TROQYQZ128F92EE687,15,6,False
TROQYRZ128F422306D,119,27,False
TROQZGZ128F145CAC2,871,157,True
TROQZQM12903C98DBF,9,4,False
TRORAJA128F4241777,34,21,False
TRORASW128F4257BA7,188,118,False
TRORAZA128F427DFA1,7,4,False
TRORBHC128F42AD0F4,3141,1319,True
TRORBSB12903CD4358,781,373,False
TRORBTT128F1469EEF,28,19,False
TRORDNM128F427560D,10486,4942,True
TROREII12903CC71E3,74,40,False
TRORERE12903CE4677,242,99,False
TROREVF128F422D9ED,6,3,False
TRORFFE12903CA5071,80,35,False
TRORFLA128F428194A,444,165,False
TRORFNG128F1475D34,44,22,False
TRORFWA128F425ACC9,79,38,False
TRORFXZ12903D03CDB,6,6,False
TRORGHU128F931AD9B,11520,3913,True
TRORGNF12903CB426C,21,4,False
TRORGZI128F93583C7,736,379,False
TRORIDZ128F42B70B3,44,26,False
TRORIUQ128F42620A3,21,10,False
TRORJRP128F9318C80,11,8,False
TRORKCI128F9345DCD,49,27,False
TRORKFK12903CA2760,6201,3341,True
TRORKYY128F424B2EB,289,80,False
TRORLCG128EF3439DA,87,28,False
TRORLRD128F429DD0D,306,163,False
TRORLRH128F42890DE,2735,1263,True
TRORLST128F93412D9,3,3,False
TRORLVL128F92FD745,2,2,False
TRORLYQ128F92CC986,710,354,False
TRORNCZ128E0799924,70,25,False
TRORNFU12903CFEC07,116,55,False
TRORNTH12903CC53F0,108,12,False
TROROAP128F930A84F,44,21,False
TROROCA12903D139C0,5,5,False
TROROLJ12903CE6C8B,136,45,False
TROROQA128F92CA86B,26,10,False
TRORPEN128EF36315F,7,4,False
TRORPHO128F93177FF,56,30,False
TRORPMZ12903CC5697,35,17,False
TRORPTJ128F9309465,799,340,False
TRORPWW12903CCE48E,1364,698,True
TRORQKF128F9344428,170,82,False
TRORQSD128F148B266,220,72,False
TRORRAY128E07945F4,254,122,False
TRORRYB128F427B0FA,901,255,True
TRORSAJ12903D00D97,223,88,False
TRORSDO12903CE3966,253,148,False
TRORSKR128F4232F25,101,26,False
TRORSQT128F1452177,563,260,False
TRORSZI128F4236A6D,15,7,False
TRORTZV128F14649BD,3214,1620,True
TRORUMT128F934B67E,73,41,False
TRORWUF128F14618E9,11,5,False
TRORWWJ128EF345D29,20,8,False
TRORXXO128F4260B6D,57,25,False
TRORYGR128F4272118,37,9,False
TRORYMK128F148996F,608,199,False
TRORYTJ128F4279534,276,148,False
TRORYTM12903CDB479,139,60,False
TRORYZK128E078F42B,1123,466,True
TRORZRQ128F1470017,5,5,False
TROSAAG128F92E01E2,77,27,False
TROSADI12903CA2763,333,192,False
TROSASO128F92FCF32,40,5,False
TROSBCR12903CD45A8,3,2,False
TROSBFZ128F92DE6D8,54,14,False
TROSBHA128F92EE37F,32,10,False
TROSBQV128F4238A77,10,1,False
TROSBSJ128F427CE2C,3210,1752,True
TROSCLM128F92F1205,11,6,False
TROSCTL128F423EAF8,59,17,False
TROSDGM128F92DC5EC,187,49,False
TROSEDG128F930C78A,81,22,False
TROSESB128F425EE8C,355,171,False
TROSFAR12903CD1245,36,10,False
TROSFEC128F4260F79,27,5,False
TROSFUQ128F92EE7FC,1871,822,True
TROSFXN12903CD9B36,61,17,False
TROSGHV128F4257D4D,16,7,False
TROSGIT128F4285C53,164,69,False
TROSHAQ128F92CFFA6,3611,942,True
TROSHOM12903CDA211,103,44,False
TROSHOP128F931664A,432,215,False
TROSHYL128F93391F3,13,3,False
TROSICE128F93505B7,21,9,False
TROSICW128F933ADB8,38,23,False
TROSIKA128F92F914C,95,83,False
TROSIST128E0798A28,188,64,False
TROSJGC128F92F7033,71,33,False
TROSJXV128F42905C0,51,1,False
TROSJZC128F428DEC0,954,398,True
TROSKLK128F145806A,187,113,False
TROSKTA128F425941D,44,22,False
TROSLWJ12903CF96FE,114,50,False
TROSMJN128EF33FE51,178,84,False
TROSMVI12903CDCD56,1192,415,True
TROSNGI12903CB17D9,346,164,False
TROSNPZ128F4247F5F,244,158,False
TROSNSP128F424BF34,3,1,False
TROSOFF128F1485710,73,59,False
TROSOMP128F4295A65,280,159,False
TROSORZ128EF343746,177,96,False
TROSOVG12903CDDA7C,27,9,False
TROSPER128F9328FE8,7,2,False
TROSQDS12903CDF55D,4,2,False
TROSQKR128E078ECCB,2779,1242,True
TROSQNP128F92C5073,10877,4168,True
TROSQVO128F933E4F7,4,3,False
TROSQYZ128F92DACFC,308,88,False
TROSSSY128F145FCA5,30,17,False
TROSTOS128F92CECA4,14,4,False
TROSUBZ128F932319A,4,2,False
TROSUEQ12903CFCB23,20,7,False
TROSUNC128F427E889,5640,1269,True
TROSVCA128F428E239,3,2,False
TROSVGN128F149122B,25,22,False
TROSVJR12903CC2775,75,39,False
TROSVKH128F425FAC7,69,27,False
TROSVOH128F42704ED,1061,141,True
TROSVZK128F427C003,290,96,False
TROSWGZ12903CB4C27,22,10,False
TROSXRU128F4220586,91,18,False
TROSYWU12903CC9AF1,203,128,False
TROSZAD12903CA1FD2,249,146,False
TROSZDT128F9339965,653,306,False
TROTAIC12903CEDAFE,64,61,False
TROTAJR128F146707B,6,2,False
TROTARP128F4259F40,770,344,False
TROTAVX12903CDEF2D,7,5,False
TROTAYO12903CCC37B,59,29,False
TROTAZA128F421C4EB,241,158,False
TROTBAZ128F14782F4,3355,1452,True
TROTBDR128F423F2BB,57,30,False
TROTCDB12903CEAB1D,640,98,False
TROTDAO128F9300AF7,2,2,False
TROTDNK128F428BA56,141,50,False
TROTEOG128F934317A,10,2,False
TROTEQW128F9343650,18,7,False
TROTEUD128F425BD71,271,144,False
TROTFCN128F934AF5F,8,2,False
TROTFGL128F931A403,418,224,False
TROTFHX128F1497D99,19,17,False
TROTFYK128F42704C3,272,205,False
TROTHQC128F428AF65,33,18,False
TROTIIQ128F425D3B5,29,21,False
TROTJAW128F1466DCE,15013,2962,True
TROTKPU128F4216F10,165,86,False
TROTKVE128F9326B5C,281,80,False
TROTLOB128F1453462,902,327,True
TROTLXH128EF34A947,38,11,False
TROTLYR128E079486B,51,24,False
TROTMVQ128F42464FC,167,44,False
TROTMWL128F1452CAE,146,63,False
TROTNOB12903CC9B05,119,51,False
TROTNWZ12903CA5BD4,16,11,False
TROTOFI128F148B148,3180,1512,True
TROTORQ128F92F0D23,624,172,False
TROTORZ128F42484AE,96,57,False
TROTPFC128F93182CD,496,221,False
TROTPPJ128E07984A3,1269,760,True
TROTPTT128F14686FB,14,9,False
TROTQJT128F42AF567,116,63,False
TROTQKE128F92DE628,49,33,False
TROTQMA128F42389EC,23,16,False
TROTQTB128F4289500,102,47,False
TROTQVJ128F14528BB,429,218,False
TROTRZN128E079188F,1784,655,True
TROTSCX12903CB48F4,53,27,False
TROTTXD128F42B863E,108,49,False
TROTUBL128F4248854,92,60,False
TROTUTC12903CBD0CA,304,75,False
TROTUWT128F93234B9,324,119,False
TROTVFA128C7196A4F,279,66,False
TROTVOA128E0793EB5,526,118,False
TROTWJJ128F14554AC,106,51,False
TROTWJL12903D06BFB,1922,1018,True
TROTWMO128F42B9238,5579,2276,True
TROTWOU12903CFE310,576,343,False
TROTWUP128F424C9FE,17,12,False
TROTWZW12903CEDD92,9,4,False
TROTXGT128F424E90B,189,74,False
TROTXRW12903CCD510,2,2,False
TROTYIF128F1461B9D,9,5,False
TROTYMS128F4261A6E,1238,706,True
TROTYPC128E07940AB,1226,633,True
TROTZEL128F147F7F1,19,13,False
TROTZQH128F145AFB4,315,123,False
TROTZZN128F424CD0A,63,30,False
TROUAEG128F429354A,1089,389,True
TROUASH12903CEC699,330,105,False
TROUAUU128F92E3B4C,20,15,False
TROUAYH12903CF2557,8,6,False
TROUBOX128E0781922,56,19,False
TROUBVX128F9324516,10080,3174,True
TROUBZI128F935061B,18,9,False
TROUCAJ12903C9539F,848,504,True
TROUCKC128F92F9AA1,18,4,False
TROUCRR128F425B164,350,133,False
TROUCXO12903CE56ED,66,24,False
TROUDRM128F427F588,617,350,False
TROUDVB128E0780D97,642,247,False
TROUDXZ128F427BDBE,479,135,False
TROUEMR12903CF3B4E,1217,373,True
TROUEOJ128F42792A7,30,18,False
TROUFKO128E0782D97,1666,892,True
TROUFLP128F421A5B6,19,11,False
TROUHVZ128F425F8B5,20,12,False
TROUIBB12903D036F1,85,44,False
TROUJOO128F92D826E,66,30,False
TROUKBS128F4267312,9,4,False
TROUKEH128F9303449,630,270,False
TROUKKW128F4279282,3427,1052,True
TROUKLP12903CB6364,12821,5959,True
TROUKLV128F4286194,6,6,False
TROULFL128F92DF941,456,99,False
TROULTP12903CF8919,36,15,False
TROUMHD128F9355B89,3350,981,True
TROUMTC128F9318EE9,1829,615,True
TROUNHA12903CBA92F,908,345,True
TROUNMK128F42B91A6,395,123,False
TROUOYL12903CDDF57,1098,423,True
TROUPIM128F426D497,20,10,False
TROUPOT128F14A67F9,107,50,False
TROUQCL128F4258051,247,63,False
TROUQMP128F930C0A4,7,7,False
TROUQUF128F149B9D9,158,89,False
TROURMI128F92D21EF,27,19,False
TROUSDM128E0791FA3,52,18,False
TROUSYB128F42AFD78,1022,287,True
TROUTTW128E0781726,1065,636,True
TROUUFG128F4268FFB,12,6,False
TROUULU128F42AC252,58,44,False
TROUVCH12903D02F5B,10,5,False
TROUVFD128F146DF4C,580,334,False
TROUVGA128F145BC90,12,7,False
TROUVVZ128F425FD4D,3360,2114,True
TROUWXO128F425ACDC,1645,519,True
TROUXLI128F92F8C07,23,14,False
TROUYMF128F932BD8E,66,36,False
TROUYPJ128F425E4EB,502,146,False
TROUZDZ128F1456CBB,1153,543,True
TROUZEX12903CAF69C,4335,1409,True
TROUZEZ12903CBEDB8,114,85,False
TROUZGP128F14A2182,1194,518,True
TROUZVR128F423EEFD,630,319,False
TROVBCL128EF356B63,209,64,False
TROVCFB12903CF7425,152,62,False
TROVDFQ128F9322F3F,255,64,False
TROVDPH128F4291078,408,120,False
TROVDXA128F9307DA9,127,40,False
TROVEHI12903CBAEB4,20,10,False
TROVEVL128F932A447,19898,5385,True
TROVEVR128E0791E1E,609,328,False
TROVFSX128F4213071,93,66,False
TROVGAI128F426BC88,132,78,False
TROVGLQ128F4262EBD,3273,1101,True
TROVGXW128F92F9B1D,1885,820,True
TROVHGG128F93181C9,2236,580,True
TROVIAL128F92FB05B,19,5,False
TROVIQE128F930BBE1,76,39,False
TROVIQH128F42B91A1,577,346,False
TROVIRT12903CEED92,263,206,False
TROVISC128F4274B46,24,15,False
TROVIUK128F145A17F,10538,3712,True
TROVIXS12903CDB4A4,22,16,False
TROVJMZ128F4282544,41,21,False
TROVKCT128F930BACE,15,10,False
TROVKZW128F42624B5,12,7,False
TROVLEP128F428BDA0,251,89,False
TROVLMK128F425E2B8,43,14,False
TROVLUV128C719660F,61,37,False
TROVMQV128EF345F93,70,44,False
TROVNMT128F92EFF28,77,46,False
TROVOXR128F92F98ED,53,23,False
TROVPQY128F92FF220,63,35,False
TROVQAK128E0781B79,237,198,False
TROVQCE12903D051C1,4788,1537,True
TROVQHL128EF3439DE,273,169,False
TROVQKM128F9316E59,145,66,False
TROVQLD128F4235152,37,10,False
TROVQTF128F148BD36,197,100,False
TROVRCQ128F428A97B,39,19,False
TROVREP128F931C21C,263,178,False
TROVSDF128EF35C76B,9,8,False
TROVSGI12903D027B6,78,47,False
TROVSNM128F9325D18,543,226,False
TROVTES128F4236A50,4,3,False
TROVTFK128F423334F,44,13,False
TROVUBN128F426BD03,40,31,False
TROVULS128F934B333,24,13,False
TROVVZA128F426222B,131,83,False
TROVWAO128F1496371,556,299,False
TROVWLB128F92DF5DE,332,137,False
TROVWMK128F42616C4,138,56,False
TROVWUX128E0792E95,217,106,False
TROVWYF128E078B492,300,100,False
TROVXZS128F92FCE22,420,157,False
TROVYFC128F42912E4,8,4,False
TROVYRQ128F425FF58,542,202,False
TROVZNI128F9341E81,1,1,False
TROWAAH128F93357D7,163,89,False
TROWAFD128F932678A,40,22,False
TROWBAZ12903CF85D9,7,3,False
TROWBBZ128F4276E15,7570,3205,True
TROWBSD128F4257BA8,23,13,False
TROWCIP128F147A97E,211,86,False
TROWCNV128F4280B85,66,13,False
TROWDFZ128F424BFDA,5,3,False
TROWDGY12903CA5F63,105,50,False
TROWEAA128F92DE5DE,7,4,False
TROWEIE128F934AF4F,46,15,False
TROWELY128F427F1E0,1,1,False
TROWFMN128F4268150,612,359,False
TROWGKZ12903CAC734,21,9,False
TROWHLF12903D01B43,20,16,False
TROWHTE12903D09577,70,39,False
TROWIDE128F92F90B6,10,9,False
TROWIDS128F4291A7D,61,24,False
TROWKCN128F4291C3C,112,46,False
TROWKCW12903CBAD9B,20,12,False
TROWKSS128F934B7D8,527,219,False
TROWKTF128F42344B5,820,309,False
TROWKUP12903CFA4DB,16,10,False
TROWLLD128F4259DEA,37,19,False
TROWNWP128F428CB91,21,9,False
TROWPKD128F42891CC,31,14,False
TROWPPR128F428BA55,636,216,False
TROWPYA128F427BD4F,4,4,False
TROWQFI128F93258CD,44,29,False
TROWQGL128E0784BAA,21125,7403,True
TROWQYL128F42730EF,32,9,False
TROWSEJ128F426F4DF,29,12,False
TROWSEU128F931F4D6,6,2,False
TROWSNO128F4262A5B,5,5,False
TROWSTW128F9315206,29,24,False
TROWSYG128F425EC92,1027,439,True
TROWUOG128F4241027,71,17,False
TROWUTN128F930CAD5,61,21,False
TROWUZD128F1465363,538,303,False
TROWVQD12903CC17DE,2253,1052,True
TROWVZL12903CCB41A,3,3,False
TROWWPS12903CB4147,126,42,False
TROWWSN128F9327F01,315,138,False
TROWWZL12903CD4445,166,113,False
TROWXJW128F14682FA,1401,469,True
TROWXOQ12903CFB59C,7,3,False
TROWYPZ128F92FF8C9,43,14,False
TROWZSQ128F42BA363,32,23,False
TROXAFO128F92EB063,437,244,False
TROXBMX128F92EEC6D,3,2,False
TROXCOZ128F4278D8D,37,15,False
TROXCTT128F933AE0D,52,33,False
TROXDTJ128F92F6EAD,13,8,False
TROXDXO128F425673E,186,112,False
TROXEKZ12903CD53FC,225,137,False
TROXEYH128F42278AB,38,26,False
TROXFES128F424A78C,42,27,False
TROXFVJ128F1465265,4210,1930,True
TROXGBH128F92F626D,233,143,False
TROXGHD128E079296B,2531,883,True
TROXGJI128F14B0B48,16,7,False
TROXHEA128F146EC58,13616,4190,True
TROXHNP12903CDC696,2079,751,True
TROXHOI128F42A5B8D,52,30,False
TROXHPC12903CEAA49,10,7,False
TROXHQI128EF3495D6,1261,426,True
TROXHZW128F427B6F7,1400,690,True
TROXIIS12903CB426A,32,6,False
TROXJXR128F4281948,170,89,False
TROXKBT128F93135C3,85,35,False
TROXKLV128F429203D,42,24,False
TROXKRN12903C9F46C,117,24,False
TROXLAJ128F426496D,462,52,False
TROXLCI128F92F25A7,1297,752,True
TROXLVM12903CDF148,280,176,False
TROXLXH128F4289FD7,2595,1175,True
TROXMUA128F1491A41,3513,1360,True
TROXNJV128F93502ED,13,7,False
TROXNON128F92FFA96,878,291,True
TROXNYL128F1461E6B,24,13,False
TROXOIZ128F428B70E,8,6,False
TROXOMM128F934D01C,22,9,False
TROXOYL128F92DC6CB,109,57,False
TROXPIE128F932DC5D,12,6,False
TROXPJR128F4236C87,22,16,False
TROXPQJ128F42625AE,217,134,False
TROXPSZ12903CD2ECD,198,62,False
TROXQDB12903CF4580,7,5,False
TROXQFQ128F92E6364,333,244,False
TROXQHT128F932680E,6172,2051,True
TROXRVD128F933F176,903,125,True
TROXRVT128E079650A,1666,824,True
TROXTHX128F424F0E8,868,376,True
TROXTXQ128F92EA102,1810,702,True
TROXTXS128F9331D60,2463,1176,True
TROXUMX128F148880E,1690,788,True
TROXUYC12903CD28DF,28,9,False
TROXVFQ128F930BD41,1661,568,True
TROXVJF128F930344B,2894,679,True
TROXWBT128F9305E67,12512,2060,True
TROXWUZ128F9327976,31,15,False
TROXXBO12903CFE73B,35,17,False
TROXXOQ12903D00590,200,78,False
TROXYRJ128F932C6EF,2387,413,True
TROXZKM128F92F222F,15,6,False
TROYAIL128F931CF93,259,111,False
TROYAMI128F92E0AF3,46,22,False
TROYAQA128F148D1AF,534,304,False
TROYBBR128E0791837,35,15,False
TROYBVX128F9358422,27,15,False
TROYBWS128F92DD8D8,58,27,False
TROYCBR128F42BCA45,13,7,False
TROYCDC128EF35FCA3,6,4,False
TROYDJJ12903CEC2D0,3,3,False
TROYEAI128F92F4843,230,79,False
TROYEVK12903CD9521,1,1,False
TROYEWO128F92E4AA9,29,4,False
TROYFEE128F421A2D3,31,17,False
TROYFVN128F1463E29,196,70,False
TROYHAW128F1452C84,18,14,False
TROYHCA128F423EF5B,130,67,False
TROYHKD128F92F3EDD,3350,1601,True
TROYIRM128F425C183,212,86,False
TROYJJR128F4278BB0,243,70,False
TROYKCI128F1468D95,3655,1232,True
TROYKCY128F425F042,43,15,False
TROYKFQ128F934D9C0,6,6,False
TROYKUG128F92FB094,392,252,False
TROYKWP128F9336656,3,2,False
TROYOBX128F426B08F,26,14,False
TROYOJI128F4275506,12,5,False
TROYOPF12903CAE4E7,5,4,False
TROYORO128F92EA2C6,1072,576,True
TROYOSL128F92E71B6,49,28,False
TROYOWO12903CACF51,7295,2091,True
TROYOZV128F1489B00,81,40,False
TROYPMK12903D0CAF3,16,1,False
TROYQLT128F14850D2,2,1,False
TROYRGI128F14988FF,62,25,False
TROYRRV128F9341CEB,252,60,False
TROYRZJ128F426459C,142,50,False
TROYSIC128F92F4465,3,3,False
TROYSNV128F427A38B,37,21,False
TROYTEP128F92DE2D5,1603,365,True
TROYTPH128F932494A,58,21,False
TROYTWW128F428CB7F,6,6,False
TROYUHQ128F427FEAC,890,487,True
TROYUKD12903D00815,1,1,False
TROYUYP128F92EBF75,853,385,True
TROYVFC128F145BB9A,263,154,False
TROYVGN12903CE95A9,64,26,False
TROYWEO128E0788C65,341,189,False
TROYWGF12903CB73AB,474,250,False
TROYWHR128F9310E03,253,83,False
TROYWPR128F42B3F1D,325,136,False
TROYXLJ128F92F0710,632,295,False
TROYXRI128F425772F,708,275,False
TROYYDZ12903CEC34F,397,166,False
TROYYPC128F146DD2D,2398,842,True
TROYYZW128F42A68BA,901,203,True
TROYZBY128E0792640,163,115,False
TROZAEJ128F42644CC,53,40,False
TROZALR128F4296C9A,325,88,False
TROZCCN128F4279280,1117,548,True
TROZCDY128F4295712,112,53,False
TROZCFF128F1468251,193,91,False
TROZEFI128F421E0D8,40,18,False
TROZEMR128F931D52A,758,259,False
TROZEPU12903D01E2C,3048,1053,True
TROZFDE12903D09C82,1152,595,True
TROZFHD128F422AD48,61,20,False
TROZFID128F42286F4,42,24,False
TROZFMA12903CF8CD2,16,10,False
TROZGGP128F930DE8E,692,534,False
TROZGMS128F429DB1C,486,383,False
TROZGQT128F14649C2,1635,1148,True
TROZHHA128F9317992,820,328,False
TROZIAD128F932CD70,219,65,False
TROZIOU128E078167B,700,202,False
TROZJBF128E07940AA,405,200,False
TROZJLA128F42491EB,62,35,False
TROZJQZ128F9334B0C,566,342,False
TROZJWS128F4288AA3,1171,282,True
TROZKPM128F42840FD,939,228,True
TROZKQW12903CF42FC,593,192,False
TROZLTG128F425761D,12,8,False
TROZLWP128F931AB4A,27,11,False
TROZMZV128F42935B1,34,17,False
TROZNEO128F427B070,26,15,False
TROZOHH128F14910A0,213,116,False
TROZOLY128F4256ADA,56,21,False
TROZQDF128F92E38C6,494,243,False
TROZQMJ12903CFA461,411,234,False
TROZQWX128F930DAF5,2,2,False
TROZRFR128E07912F4,3409,1434,True
TROZSRW128F4259F9C,46,25,False
TROZTEN12903CE4349,323,113,False
TROZTPN128E07932A4,1,1,False
TROZTYE12903CE8595,3,2,False
TROZUTS128F934CD0E,6,2,False
TROZVGY128F425A54E,402,243,False
TROZVPC128F9330AA6,75,25,False
TROZXSP12903CE09F2,18,6,False
TROZYFO128F9332357,21,6,False
TROZZNY128F14782F7,3560,1599,True
TROZZPQ12903CDF0BE,39,15,False
TRPAACZ128F934B13E,3,1,False
TRPAAGT128F935A6B9,245,87,False
TRPAAME128E0791267,1292,621,True
TRPAAPI128F92E1704,52,11,False
TRPABDP128F426F3BF,61,34,False
TRPACQM12903D07450,20,7,False
TRPADHY128F92F60D4,12,5,False
TRPADKM128F425EE88,512,198,False
TRPAEKT128E07840C5,4195,1972,True
TRPAFCY128F931119B,9336,4038,True
TRPAFHL128E078F18B,416,266,False
TRPAGOK128F4268FCE,11,9,False
TRPAGYA128F934B10A,409,175,False
TRPAHRZ128F427EC71,2814,905,True
TRPAHVT128F930C4E4,291,98,False
TRPAICU128F1453ADA,4375,1758,True
TRPAJIA12903CE956A,112,60,False
TRPAJZZ128F146289E,24,18,False
TRPAKOW128F4281F5A,631,285,False
TRPAKZB128F9329D21,150,71,False
TRPALHJ12903CDAAA4,108,73,False
TRPALZZ128F4259396,36,15,False
TRPAMDB128F42935DD,293,117,False
TRPAMDW128F429D225,611,323,False
TRPAMSS128F1458B53,2187,754,True
TRPANGB128F934B956,25,9,False
TRPANMJ128F425BFB7,1819,800,True
TRPANMR128F422D944,17,10,False
TRPANNX128E07900D2,229,147,False
TRPANOW128F42781E4,2,1,False
TRPAOJR128F42876CA,194,62,False
TRPAOPQ128F426A0DA,124,55,False
TRPAOVZ12903CAC4AC,254,122,False
TRPAPJA128F933CF0F,184,106,False
TRPAPPB128F146A5E1,1720,750,True
TRPAQIY128F426272D,110,82,False
TRPARVK128F4245FA9,378,179,False
TRPASUN128F14B1385,39,22,False
TRPATHZ128F4242033,978,279,True
TRPATTF128F9316B5F,1569,1113,True
TRPATYP128F145A887,450,141,False
TRPAUEV12903CC2F9A,96,29,False
TRPAUEW12903CB5459,1469,498,True
TRPAUIB128F932D183,85,24,False
TRPAUNF12903CC505A,189,131,False
TRPAVCK128E0781F47,396,225,False
TRPAWAH128F428EA57,38,18,False
TRPAWCG128F933C00B,1,1,False
TRPAWIA128F422EBCA,69,33,False
TRPAWPV128F426625E,34,7,False
TRPAWQI128F933479A,98,41,False
TRPAWQK128F428FEE6,41,21,False
TRPAWZM128F42B36E8,304,125,False
TRPAYRK128E0792986,1267,649,True
TRPAZDJ128F93294F2,1,1,False
TRPAZLR128F426245A,8,8,False
TRPAZUX128F4248272,762,286,False
TRPBAWJ128F4220E24,23,21,False
TRPBBKP128F42A03E2,3,3,False
TRPBBKY12903CC2431,4,3,False
TRPBCPV128F9302770,6821,1985,True
TRPBCYZ128F1464A3A,15,2,False
TRPBDHO12903CB3551,4,3,False
TRPBDNM128F932BD72,1835,894,True
TRPBEJD12903CC26E6,1,1,False
TRPBFIJ12903CF8C7D,13,7,False
TRPBGDM128F4298B0D,24,9,False
TRPBGJR128F92FA7FE,5269,2349,True
TRPBIJU128F42B1B42,4,4,False
TRPBKCD12903CB07AF,5,4,False
TRPBKVU128F42436C0,35,18,False
TRPBLHD128F4264439,994,258,True
TRPBMVB128F930A82C,292,72,False
TRPBNAZ12903CA4A37,1078,425,True
TRPBNIY12903CEC436,1075,362,True
TRPBNOT128F1485B0E,1064,537,True
TRPBOGH128F14861AC,233,120,False
TRPBOOS128F14698AC,175,30,False
TRPBORP128F92E9D90,1,1,False
TRPBPNB128F14B06C2,2,2,False
TRPBQHS128F92FFE14,50,29,False
TRPBQOD128F934B750,27,7,False
TRPBRVR128F92EAFFF,83,33,False
TRPBSNS128F932EC0D,2450,819,True
TRPBSTR128F428A520,212,61,False
TRPBSUJ128F146C9FC,62,28,False
TRPBTWT128F9331938,80,25,False
TRPBUIB128F4270EF5,144,46,False
TRPBULA128F14B0847,1541,370,True
TRPBUOF128F4299403,1,1,False
TRPBUVE128F9301FEC,5923,1766,True
TRPBUVI128F425E680,899,408,True
TRPBUYW128F9320A42,1767,1059,True
TRPBUZQ128F92FFC28,4054,2635,True
TRPBVLF128F42AD8CD,105,47,False
TRPBVPX12903D1673E,100,47,False
TRPBWHX128F933F338,3516,812,True
TRPBXFO128F4262610,17,9,False
TRPBZTE128F148696F,929,414,True
TRPBZTF128F92FA03E,507,222,False
TRPBZVI128F423EE33,196,103,False
TRPCAAH12903CEA5A7,1913,940,True
TRPCACM128E078FDE0,57,32,False
TRPCAZF128F4214DB5,1255,657,True
TRPCBEB128F9320403,138,78,False
TRPCBKH128F931B241,3,3,False
TRPCBVF128F42752F2,42,15,False
TRPCCPV128F4292152,157,35,False
TRPCDKJ128F4226F8C,208,105,False
TRPCDXS128E0798A70,73,57,False
TRPCEDK12903CBD9B6,724,284,False
TRPCEKB128F92C73A2,5675,1941,True
TRPCFMI128F92FFEB2,74,29,False
TRPCGJZ128F92D4E17,217,76,False
TRPCHLZ128F149FA83,22,7,False
TRPCKXD128F42A4934,13,7,False
TRPCLKQ128F423EAE3,719,404,False
TRPCMIB128F9338981,2260,1168,True
TRPCMIM128F14721BE,168,32,False
TRPCMTB128F9330B48,5,3,False
TRPCMXL128F92E835E,124,41,False
TRPCNEJ12903CEA9BD,112,58,False
TRPCONI128F42AD92D,77,38,False
TRPCPCW128F4269098,141,64,False
TRPCPUK128F934B699,54,22,False
TRPCQES128F4243365,78,46,False
TRPCQIM128F932CC9F,2,1,False
TRPCQKO128F930C5D6,64,34,False
TRPCQLP128F92C469F,20,11,False
TRPCREI128F429106F,787,387,False
TRPCREW128F934C50F,25,15,False
TRPCRGW128F92F0BF3,376,229,False
TRPCRIF12903CCCFB6,7,5,False
TRPCRUY12903CA9205,128,49,False
TRPCTHY128F930370E,67,6,False
TRPCTNN128E07899A6,3280,1400,True
TRPCTOB128F92F9676,129,53,False
TRPCUBL128F4298B13,3,2,False
TRPCWFY12903CAFAA7,393,147,False
TRPCXHB128F146EDB4,26,16,False
TRPCYGA128F42858BF,1075,662,True
TRPCYLP128F42565ED,2,2,False
TRPCYWH128F421936B,17,13,False
TRPCZDY128F424D55E,1636,760,True
TRPCZPC128F42858B0,1011,651,True
TRPCZPE12903CAF5BD,3185,1241,True
TRPCZWR128F92F4129,8372,2605,True
TRPDACN128F14721FF,482,272,False
TRPDACR128F9326164,133,17,False
TRPDADB128F427263F,517,156,False
TRPDAWE128F1476578,852,349,True
TRPDBAB128F4263859,25,15,False
TRPDCFV12903CAC3A5,87,32,False
TRPDGFD128F92F8FC5,52,22,False
TRPDGLH128E0784BC7,145,81,False
TRPDHIY128F4275767,154,64,False
TRPDHYJ128F14A5A82,163,47,False
TRPDIJL128F145C25D,12369,4533,True
TRPDIVK128F425A09B,321,238,False
TRPDJPD12903CF6FE8,173,83,False
TRPDJQO128F9312ABB,54,21,False
TRPDKNL128EF34334D,704,240,False
TRPDLCM128F4281AA4,12,10,False
TRPDLUI128F428473B,424,155,False
TRPDLUO128F93124AB,13,12,False
TRPDLYS128F145312D,1,1,False
TRPDMID128F427ED07,967,361,True
TRPDNXG128E0792502,42,33,False
TRPDNZQ128F92C1E98,7312,3867,True
TRPDOIW128F1467354,10,5,False
TRPDOWW12903CDDD52,40,28,False
TRPDQTF128F92D3C11,584,299,False
TRPDQTT128F1455835,40,5,False
TRPDQYX128F4281B1F,136,83,False
TRPDRGB128F147B8D2,62,13,False
TRPDRWH128F148DAC3,4377,1555,True
TRPDTCK12903CACE45,6,4,False
TRPDTXU128F930A83F,1054,535,True
TRPDTZK128F424D881,27,14,False
TRPDUDU128E07836C7,38,14,False
TRPDUMR12903CAF58E,1096,563,True
TRPDUVQ128F4280342,4956,2367,True
TRPDVBK128F92FFEA1,2655,1035,True
TRPDVMD128F146C5AB,8,3,False
TRPDVOC12903D0F809,33,8,False
TRPDWAO128F146B1AA,4,4,False
TRPDWYO128F422EF38,1313,549,True
TRPDXAY128F42480D8,38,17,False
TRPDXDJ128F92EC1FB,34,16,False
TRPDXOE128F92E7476,2857,948,True
TRPDYUX128F425991C,1286,897,True
TRPDZOW128F42996F5,1184,468,True
TRPEAEF128E0785D4C,2942,1684,True
TRPEBIM12903CEE505,3,2,False
TRPEBMY12903CBD7B6,548,333,False
TRPECMX128F4286189,67,24,False
TRPECXR12903CF88F5,3,3,False
TRPEDMG12903CBCA66,198,49,False
TRPEDRA128F9329096,5,4,False
TRPEDVE128F931113D,1373,538,True
TRPEEJJ128E0792EF5,138,45,False
TRPEEPS128E078F4C7,170,115,False
TRPEFKP128F42782E1,34,13,False
TRPEGBA128F429E9A3,302,155,False
TRPEGDQ128F423B914,993,565,True
TRPEGHZ12903CCB7B2,1061,464,True
TRPEGMA128F42826CC,2558,1262,True
TRPEGWU128F9333626,1761,761,True
TRPEGXI128F9327AB5,952,385,True
TRPEIIB12903CC58BE,2,2,False
TRPEJFC128F1468C59,373,127,False
TRPELZW128E0792A47,620,300,False
TRPEMNF128F4235041,70,38,False
TRPEMRH12903CD2D3F,8,4,False
TRPENKN12903CA7C84,21,8,False
TRPENPQ128F146BD65,2649,832,True
TRPENTN128F14A3A51,28,9,False
TRPEOSK12903CF42B4,61,30,False
TRPERAV128EF34C102,15,10,False
TRPERCG12903CF5CA8,231,105,False
TRPERIU128F425BD76,893,371,True
TRPERTE128F14AA185,2153,913,True
TRPETPY128F428BB4D,861,486,True
TRPETXU12903CE4B04,1,1,False
TRPETYY128F427C411,98,41,False
TRPEVGQ128F426812A,107,51,False
TRPEWCM12903CC23D0,176,52,False
TRPEWCY128F427AAF4,6005,1789,True
TRPEWGV128F42796E2,84,55,False
TRPEXFK128F428BB72,304,94,False
TRPEXGX12903C9E165,112,66,False
TRPEXKD12903D12558,146,54,False
TRPEXTI128F4248D64,106,67,False
TRPEXXA128F93590AB,4,4,False
TRPEZDA128F423DD27,181,135,False
TRPEZXO128F428A29A,418,193,False
TRPEZXS128F4222734,358,190,False
TRPFADP128F428EA6F,80,33,False
TRPFAKB12903CB1F28,116,60,False
TRPFBCA128E0798963,73,41,False
TRPFBUJ128F4235054,51,32,False
TRPFCIU128F9343304,3,3,False
TRPFCMM128F9305133,49,28,False
TRPFDBP128F421C4DE,148,41,False
TRPFEGB128F9326A65,87,13,False
TRPFFAK128F9327829,215,97,False
TRPFFRX128F427553F,28,16,False
TRPFFVC128E0780CA1,2123,836,True
TRPFGGH128E078638E,126,60,False
TRPFGJC128F92F1B49,574,279,False
TRPFGUI12903CBE262,831,385,False
TRPFHAU128F931112D,23,12,False
TRPFHNA128F931EB07,804,491,False
TRPFHTQ128F9345DB6,1267,603,True
TRPFIBA12903CAAF9C,1,1,False
TRPFIGZ128F92F0315,164,87,False
TRPFIVD128F93308BE,169,57,False
TRPFJFR12903CDD67E,145,24,False
TRPFJPH128F427A71D,19854,8249,True
TRPFKZM12903D11317,22242,8592,True
TRPFLFA128F428D258,3362,1179,True
TRPFLRB128F14A895D,20450,7823,True
TRPFLVP128F146E14D,4831,1933,True
TRPFMHR128F4299D78,27,5,False
TRPFNAM128F427BFF8,65,23,False
TRPFOYR128F14682FE,321,167,False
TRPFPEX128F4281C41,576,331,False
TRPFPPQ128F92E668A,31,8,False
TRPFQNN128F92D7F8C,5,4,False
TRPFSJI128F422F31A,935,425,True
TRPFUWC128F9342CEA,1432,553,True
TRPFVOR128F14554DE,1105,501,True
TRPFVSE128F423AC6E,87,46,False
TRPFVVD128F4287A67,1,1,False
TRPFVYH128F145676D,68,22,False
TRPFXCO128F4291A6E,196,99,False
TRPFXJN128F1459AE1,1911,587,True
TRPFXLZ128F42AF4E1,125,44,False
TRPFXPK128F92F8FC1,1207,632,True
TRPFXSQ128E0786B2C,124,28,False
TRPFYYL128F92F7144,85079,28412,True
TRPFYYP128F4253E91,339,139,False
TRPFZBG128F933E797,5,4,False
TRPGAHM12903CB4250,59,47,False
TRPGATO128F933CF53,119,45,False
TRPGAVV128E07844DE,87,32,False
TRPGBFZ128F9316A0C,364,193,False
TRPGBZV128F92F419D,343,75,False
TRPGDRT128F4290F8F,122,70,False
TRPGDSD128F932B63A,1302,373,True
TRPGDSP128F931DD22,214,49,False
TRPGEQG128F92E5266,131,98,False
TRPGEYJ12903CE19B3,130,100,False
TRPGFHX128F933894C,9,5,False
TRPGGKF128E078185E,2,2,False
TRPGHIS128F932A4AA,3254,1685,True
TRPGIAC12903CCCCA7,943,451,True
TRPGJCP128F426062D,73,34,False
TRPGJDH128F931E750,1181,536,True
TRPGJER12903CA8DD8,24,16,False
TRPGJIO128F4261B53,31,16,False
TRPGJNW12903CF5CAC,119,81,False
TRPGJXT128F92F281B,207,101,False
TRPGKSO12903D0E5AD,9,5,False
TRPGMHB128F92FFD24,2,2,False
TRPGMWX128F423710A,193,93,False
TRPGMXJ128F92E3831,1381,465,True
TRPGOAL128F423C167,14,11,False
TRPGOJN128F146F566,83,37,False
TRPGPDK12903CCC651,91448,27276,True
TRPGPEJ128F92F9624,79,19,False
TRPGPOK128F932E465,29,7,False
TRPGQRQ12903CB424C,153,50,False
TRPGQWM128F9337D06,414,221,False
TRPGRBC128EF34014E,1449,449,True
TRPGRKH128F423A319,5,4,False
TRPGRPJ128F4281E88,66,14,False
TRPGRUZ128F42269BC,88,42,False
TRPGTLT128F42AF1F8,883,223,True
TRPGUBQ128F422C137,469,113,False
TRPGUOH12903CBE6D6,22,14,False
TRPGVLY128F1486981,19,7,False
TRPGWGZ128F92CD6E2,16,11,False
TRPGXZU128F4294634,88,17,False
TRPGYLT128F428AD02,1456,501,True
TRPGYPV12903CCF530,1624,237,True
TRPHAIU128F92CD6B5,1,1,False
TRPHBBW128F4268C7A,125,68,False
TRPHDFT128F92C5A75,2174,1003,True
TRPHDLW12903CE840F,403,154,False
TRPHDMY128F4284C74,17,13,False
TRPHDQE128F935ECCC,150,52,False
TRPHELB128F930CF1A,7,5,False
TRPHFNB128F93141E7,1775,520,True
TRPHGVN128F92DEF7F,131,59,False
TRPHHNH128F92CD91E,295,187,False
TRPHHVY128F4215386,1473,386,True
TRPHIIA12903D10E46,2,1,False
TRPHIIE128F932E037,2914,1071,True
TRPHJJJ128F428B9EA,827,376,False
TRPHKVG128F92FF51D,37,17,False
TRPHLST12903CF4226,20,10,False
TRPHMFR128F4235153,36,19,False
TRPHNOY128F9308525,1,1,False
TRPHOWP128F92CC572,682,198,False
TRPHOZZ128F1469573,213,136,False
TRPHPFV128EF35EF1A,259,164,False
TRPHPKY128F428D304,1240,734,True
TRPHPTK128F9312D2D,21,6,False
TRPHPUD128F92ECE7E,118,39,False
TRPHPVY128F423CFC2,54,28,False
TRPHQZY12903CF2381,1198,548,True
TRPHRUQ128F422557E,5,5,False
TRPHSJU128F424831A,749,450,False
TRPHTQP128F4214AC4,51,28,False
TRPHTZZ128F429349E,246,111,False
TRPHUBJ128F42B9959,3932,1901,True
TRPHUHH128F427F009,290,118,False
TRPHUVK128F1462E3E,233,133,False
TRPHVIO12903CE4855,329,111,False
TRPHVTR128F42B7C9B,313,105,False
TRPHWIR128F422C0F7,20,11,False
TRPHWZR128F4251569,15,7,False
TRPHYWD128E0786D57,77,56,False
TRPHZJN128EF34C20F,653,222,False
TRPHZPY128F1486771,4,4,False
TRPHZXV128F4259B7B,424,110,False
TRPIAHX128F9315052,5260,3382,True
TRPIBPP12903D06387,402,201,False
TRPICGB12903CD43C0,184,83,False
TRPIDAD128F429EA66,3999,2675,True
TRPIDKP128F4261E91,6,3,False
TRPIDQM128E0784421,89,51,False
TRPIELK128F931F06C,704,201,False
TRPIEOT12903CD68B0,226,118,False
TRPIGDW12903CDEB2D,93,23,False
TRPIGMI128F424949A,44,13,False
TRPIGND128F426CD57,263,138,False
TRPIIFN12903CF1F3C,168,73,False
TRPIIWD128F4250A0A,2,2,False
TRPIKHE128F425DCA8,481,169,False
TRPIKYH128F92C7011,135,62,False
TRPIKYJ128F1488C8D,50,26,False
TRPILBJ128E0780F64,28,20,False
TRPILET12903CEA571,117,52,False
TRPILRT12903CE794D,196,119,False
TRPIMEY12903CC907C,7,6,False
TRPIMFA128F426EC1B,254,133,False
TRPIMSG128F4281C40,775,407,False
TRPIMUT128F92D32E3,62,41,False
TRPINEW128F1474064,51,39,False
TRPIPBJ128F4261F55,598,174,False
TRPIPJP128F421E1AB,1,1,False
TRPIRJJ12903CFF2AB,4,4,False
TRPIRZT12903CBE3D5,241,113,False
TRPISSR128F14768B6,137,124,False
TRPIULU128F4243652,425,265,False
TRPIUMU128F42AC504,268,66,False
TRPIVTE128EF356B45,2608,789,True
TRPIWAI128F4246974,96,42,False
TRPIWRS128F147790E,177,27,False
TRPIXDE128E07836F2,430,277,False
TRPIXDK128F92FAD24,200,75,False
TRPIYMO128F92D2DDC,60,37,False
TRPIZYO12903CBF3B2,4533,1919,True
TRPJADI128EF3563A7,1,1,False
TRPJAIM128F9359568,261,65,False
TRPJARH128F426E340,498,156,False
TRPJBHT128F428B485,123,47,False
TRPJBMG128F92D164E,83,27,False
TRPJCEM128F424ECC8,117,46,False
TRPJCPW128F4271CA6,287,121,False
TRPJCQT128F4288C20,75,34,False
TRPJDIG128F42668D3,17,3,False
TRPJFAV128F4259EB6,1223,483,True
TRPJFDM128F933363D,1,1,False
TRPJFMJ128F9328FAC,100,40,False
TRPJFNT12903CCE921,1194,405,True
TRPJGAF128F9346536,16,8,False
TRPJGOU128F931FC3E,31,12,False
TRPJHAC12903C9852C,515,188,False
TRPJHBC128F4249431,157,56,False
TRPJHTP128F428B761,264,54,False
TRPJIEC128F9332C18,1285,362,True
TRPJIKC128F425A3DB,214,77,False
TRPJIOC12903CE95B9,8,6,False
TRPJJHC128F9346331,6,5,False
TRPJJST128F148AE40,1132,560,True
TRPJJUF128F933FE56,603,214,False
TRPJKLX128F4298FA1,114,82,False
TRPJKNS128F428A861,20,15,False
TRPJLLA128F427B0F5,18,10,False
TRPJLRF128F424D004,167,62,False
TRPJNLM128E0793B11,558,383,False
TRPJOKO128F421B8CE,159,62,False
TRPJOPR128F92E7AD2,81,46,False
TRPJPTD128F14A46D3,972,390,True
TRPJQIK128F1484151,13,7,False
TRPJQNJ12903CB9C0B,10,5,False
TRPJQYF128E0781B76,474,339,False
TRPJRGE128F9309E8E,38,4,False
TRPJRIT128F426AAA3,350,125,False
TRPJRLJ12903CF3E97,33,17,False
TRPJRSO128F425EA31,415,198,False
TRPJSJF128F14525B7,1022,340,True
TRPJSLZ128F9312D52,548,212,False
TRPJULJ128F931B4D5,1252,656,True
TRPJVAT12903CE95B5,2,2,False
TRPJVPH128F424DA84,7,6,False
TRPJVST12903CB3CB8,5,3,False
TRPJWMR128EF353C31,336,101,False
TRPJYUW128F42A6E03,552,283,False
TRPJZMZ128F146A476,799,345,False
TRPJZVG12903CC5574,6,3,False
TRPJZYA128E0796500,295,127,False
TRPKAIG128F429C103,5,1,False
TRPKAQW128F1488A78,73,33,False
TRPKBDJ128F421397C,171,47,False
TRPKBWQ12903CB8E1D,7,7,False
TRPKDVQ128F92CDAF4,58,28,False
TRPKFAE128F148C48C,11,7,False
TRPKFNY128F9312E08,19,11,False
TRPKFPV128F1467D67,116,34,False
TRPKGDB128F425A546,10,8,False
TRPKGGA128F92EA2FF,116,63,False
TRPKHLT128F931D051,353,138,False
TRPKHSW12903CF5D1D,65,27,False
TRPKKNQ128EF3663BB,113,59,False
TRPKKZG128F92E495A,4326,2142,True
TRPKLLI128F92FE414,437,167,False
TRPKMRX128F9331D1F,45,11,False
TRPKNJH128F4237D94,10,4,False
TRPKOGH128F932D5D8,1575,577,True
TRPKOJI128F92EE158,29,24,False
TRPKPCB12903CB4AB9,31,20,False
TRPKPQQ128F93069CE,93,56,False
TRPKPQX128F930057B,599,267,False
TRPKPRJ12903CDFA98,23,11,False
TRPKPWN128F92FC26E,168,60,False
TRPKQEL128E0795771,20733,5749,True
TRPKQPH128F42753B4,20,13,False
TRPKRJG128EF34722B,29,14,False
TRPKROE12903CC854F,19,9,False
TRPKRZN128F931072F,24,12,False
TRPKUHT128F92D4F46,11,6,False
TRPKUMW12903CEA9C0,1642,580,True
TRPKVKN128F4276BAD,50,29,False
TRPKXQA128F92F434A,361,136,False
TRPKYFD128F4267B85,117,45,False
TRPKZBR128F93600A0,131,49,False
TRPKZEI128F4283CA5,782,267,False
TRPKZKY128F1491733,152,79,False
TRPKZWR128F931240B,3223,1095,True
TRPLADB128F4256AD3,138,86,False
TRPLAED128F934B621,15,6,False
TRPLAIE128F4222753,146,64,False
TRPLAMH128E0784ACE,629,294,False
TRPLASV128F932939B,497,205,False
TRPLBAO128F92E71EB,1336,796,True
TRPLBHX128F93176C8,986,442,True
TRPLDRC128E078F978,1429,611,True
TRPLEBC128F147717D,788,302,False
TRPLEOW128F4241AD6,1499,550,True
TRPLEXK128F92FFEA8,30,12,False
TRPLFFW128F4291A08,3576,1628,True
TRPLFMY12903CFF5AF,3,3,False
TRPLFQC128F92F8912,58,38,False
TRPLFQD12903CBEA21,52,21,False
TRPLGEC128F427B36D,33,8,False
TRPLHEC128F934AB1F,10,8,False
TRPLHYR128F423A3CA,28,11,False
TRPLJOL128E0789ED5,373,88,False
TRPLKBK128F9302CA6,495,161,False
TRPLLHM128F42873F7,702,216,False
TRPLMMT128E07844C1,216,126,False
TRPLNCC128F9326788,60,30,False
TRPLOFI128F934D47E,320,103,False
TRPLPCI128F931C6AB,6,3,False
TRPLPIN12903CE9E20,1819,603,True
TRPLQWD128F422BDA8,567,276,False
TRPLRBT128F93338AC,32,11,False
TRPLRVY128F1473EBE,816,303,False
TRPLRYQ12903CE3C50,144,60,False
TRPLSGR128F930135B,151,53,False
TRPLSJT128F422C10C,10,9,False
TRPLSRF128F92EBCBB,911,444,True
TRPLTOV128EF362B0D,1376,553,True
TRPLVBM128EF35F4F8,504,188,False
TRPLWPA128F92FBA21,32,14,False
TRPLWUJ128C71968DF,642,240,False
TRPLWVM128F932DDB9,30,12,False
TRPLWVR128F1465D9D,12,7,False
TRPLXDV128F14659F0,177,83,False
TRPLXFD128F1454961,5147,2138,True
TRPLXGS128EF340B64,546,138,False
TRPLYMZ128F4266161,1075,603,True
TRPLZYJ128F930856C,25,13,False
TRPMABN128F4259CEE,3005,1012,True
TRPMAYA128F4282B1B,8,5,False
TRPMBBD12903CDD716,57,27,False
TRPMBIX128F932DE0D,381,244,False
TRPMBMM128F145282B,596,324,False
TRPMBRI128F42620EC,153,79,False
TRPMBVI128F92EFA59,1166,686,True
TRPMEHJ128F428C4D0,62,26,False
TRPMGDU12903CF3068,815,298,False
TRPMGVG128F92CEE1C,3,3,False
TRPMHFJ128F933F176,2,2,False
TRPMHKN128F934415C,2233,502,True
TRPMHWC128C7196709,79,51,False
TRPMIQP128E078632C,128,73,False
TRPMIXZ128E0781F0C,47,18,False
TRPMJBK128F426347D,22,15,False
TRPMJNQ128F93017A3,702,335,False
TRPMLMI12903C9B27C,65,25,False
TRPMMIU128F9317197,31,13,False
TRPMMJU128F4233425,510,117,False
TRPMMWC12903CF2223,114,53,False
TRPMNLR128F1468C5B,1742,687,True
TRPMOXL128F4248486,10,4,False
TRPMPGM128E0781902,90,46,False
TRPMPHZ128F92D895B,261,118,False
TRPMQBX12903CB1024,68,31,False
TRPMQDF128EF33E04D,32,13,False
TRPMQXV128F92E53D3,8,3,False
TRPMRUH12903CF43BD,47,15,False
TRPMTDD128F931F02E,2914,620,True
TRPMTIC128F92E8AC4,119,62,False
TRPMVEK128F92E7CFB,231,79,False
TRPMWJF128F4292372,1,1,False
TRPMXOT12903CB80CF,1289,481,True
TRPMYYT128F42733FC,193,106,False
TRPNAQJ128F427AFD3,109,66,False
TRPNBOB128F9337DF8,58,32,False
TRPNBWU12903CF107A,695,248,False
TRPNDUZ128F932DDEA,1,1,False
TRPNDZB128F9306724,212,43,False
TRPNEAP128F92EC18D,217,72,False
TRPNEIU128F424C3E4,4,4,False
TRPNEYK128F4258695,7,2,False
TRPNFID128F42761DD,60,21,False
TRPNFIE128F427FB7E,152,84,False
TRPNGNR128F4259F66,269,142,False
TRPNGYP128E07920E8,439,222,False
TRPNHQL128F4292D76,119,35,False
TRPNHRZ128F427F13A,258,168,False
TRPNIEV128F1464D46,733,428,False
TRPNIOO128F42663FD,193,108,False
TRPNIRE128F932F8DD,10813,2781,True
TRPNKUC128F427C427,678,365,False
TRPNKXE128F933B0D1,696,339,False
TRPNMUA12903CB637F,132,80,False
TRPNNET12903CF4484,126,52,False
TRPNNFA128F428E269,257,95,False
TRPNPVV128F4276D65,379,168,False
TRPNQDX128F4233429,136,53,False
TRPNQTO128F92D8269,308,86,False
TRPNRQR128F1476F3E,234,149,False
TRPNRVO128F932BCEA,17,11,False
TRPNRZD128F4230EFE,1338,729,True
TRPNSOE128F427CCDF,691,288,False
TRPNSPP128F42AC325,229,98,False
TRPNSQT12903D0CEC0,403,188,False
TRPNSZA128F1462B85,1797,578,True
TRPNTHF12903CC1FA5,93,49,False
TRPNTIZ128E0789AD6,87,11,False
TRPNUJY12903CDB254,163,42,False
TRPNURC128E0792A2D,1033,413,True
TRPNVYJ128F9336E42,52,27,False
TRPNWWX128F92DE2D3,328,153,False
TRPNWZZ128F424DF8D,204,128,False
TRPNXLE128F9326A5E,5,5,False
TRPNXRO128F93113FA,2352,690,True
TRPNXWA128E0789EA4,6,4,False
TRPNYBV12903CB9A11,254,95,False
TRPNYIF128F4283353,41,9,False
TRPNZMJ128F149C86D,19,17,False
TRPNZPG128F149BCE8,5892,2823,True
TRPOAAL128F145693F,78,30,False
TRPOBJB128E078ED68,3092,1767,True
TRPOCEV12903CBA78B,60,21,False
TRPODGH128F4294F3B,10,8,False
TRPOEXQ128F934B65F,19,10,False
TRPOFLE128F424F32D,30,9,False
TRPOGSK128E0788538,5,3,False
TRPOHCT128F42396B9,172,83,False
TRPOHJA128F149CB45,96,66,False
TRPOHNA128E0791780,64,34,False
TRPOHOB128F930A873,1,1,False
TRPOHZN128EF3426E9,257,119,False
TRPOIDL128F9329CD4,923,298,True
TRPOISD128EF3436C4,4203,2518,True
TRPOJIO128F425976D,10,8,False
TRPOJNO128F42AE435,379,126,False
TRPOJOX128F42322CB,39,16,False
TRPOKET12903CB2D00,331,164,False
TRPOKJT128F4291350,1,1,False
TRPOLFA128F4233185,19,11,False
TRPOLSO12903CF241E,104,27,False
TRPOMAV128F92CA91A,21616,6076,True
TRPOMJY128F1486DEC,5908,3064,True
TRPONOG128F4275608,5767,3773,True
TRPOOWE128F92F32A8,18,14,False
TRPOPOU128EF3439DD,215,103,False
TRPOQMW128E0785CC7,294,142,False
TRPORHV128F9322512,3704,1633,True
TRPORLF128F426A718,361,150,False
TRPOSKG128F9335F6A,1837,704,True
TRPOSLZ128F4269E37,100,51,False
TRPOSPL128F933FA0C,90,40,False
TRPOTDA128F14683A3,24673,5600,True
TRPOUCL128F92DE3E9,62,22,False
TRPOUNO128F934CB00,3,3,False
TRPOUVF128F92F44DA,194,63,False
TRPOUVL128F428A485,2994,1427,True
TRPOWKU128F4275EFB,41,24,False
TRPOWMN128F4281456,83,67,False
TRPOXMV128F428965C,149,119,False
TRPOYGT128F92F9132,61,17,False
TRPOZXU12903D07616,1993,614,True
TRPPACA128F92F401C,93,68,False
TRPPADF128F9312962,182,87,False
TRPPALK12903CC23E7,18,11,False
TRPPAOD128F92F1F77,99,28,False
TRPPAUX128F9311D2D,6,5,False
TRPPAYQ128F428CCD3,2945,640,True
TRPPBTP128F930BA7A,210,89,False
TRPPDDH128F422C0FB,46,12,False
TRPPDNX128F92D28A6,672,266,False
TRPPDOY12903CA66F5,105,45,False
TRPPEAP128F92FE544,681,445,False
TRPPEVN128F149F0CF,13,10,False
TRPPGTC12903CE2D5D,12,7,False
TRPPHDJ128F4283860,2,2,False
TRPPHMA128F1469661,1070,412,True
TRPPKYB128F930DD95,1176,451,True
TRPPLTG128F427FE65,278,95,False
TRPPMRE128F428FA14,4,4,False
TRPPNCC128F426EC26,128,75,False
TRPPQZW128F92C48BC,274,95,False
TRPPRVP12903CF41BE,25,11,False
TRPPSMR128EF34C104,8,7,False
TRPPTLI128F92F8FB9,1549,727,True
TRPPUKT128F42912FC,50,22,False
TRPPUVJ128F93259A2,4922,2948,True
TRPPVBJ128E0791302,574,210,False
TRPPVQB128F148A5FE,150,63,False
TRPPWCR12903CE570C,15,6,False
TRPPWKM128F42322C8,36,13,False
TRPPWPV128E0781160,12,8,False
TRPPWRK128F4246AA5,18,9,False
TRPPXBT128F931711C,858,378,True
TRPPZKC12903CF81E1,282,127,False
TRPQAOK128F429C7E3,829,321,False
TRPQBCX128E079437C,173,122,False
TRPQBJI128F42752B4,200,119,False
TRPQBKC128F92D8276,725,300,False
TRPQCSR128F422310F,876,333,True
TRPQCUJ128F1459DED,965,273,True
TRPQEDO128F934B6A0,31,8,False
TRPQEIC128EF33EF36,23,7,False
TRPQFJE128F933647B,168,32,False
TRPQFKA128F422A881,259,121,False
TRPQFPG128F424A09A,75,56,False
TRPQHGL128F92F9E77,17,7,False
TRPQHOC128F92CCF1F,7,3,False
TRPQIMT128F42BAA3A,38,19,False
TRPQJYM128F428D016,266,206,False
TRPQKOC128EF34C3C4,164,53,False
TRPQLGQ128F426D417,5,1,False
TRPQMXA12903CE6ACB,11,4,False
TRPQMYY12903CEA782,88,38,False
TRPQNIU128F429DA6D,2055,916,True
TRPQOKX128F9319E2F,454,224,False
TRPQOPK12903CAFC3A,1,1,False
TRPQPTG12903CF5BCD,119,54,False
TRPQPVO128F1460295,5229,1916,True
TRPQQMO128F423AEEB,237,141,False
TRPQRKU128F93357DB,342,149,False
TRPQRTT128F93284CD,23,5,False
TRPQSAJ128F4292154,553,227,False
TRPQSOG12903CC51EB,12,3,False
TRPQSVD128F424382D,20,9,False
TRPQSYC128F425FE69,17,14,False
TRPQSYN128F42A4C34,14,12,False
TRPQUBP128F4262879,1,1,False
TRPQULA128E0786DE4,198,99,False
TRPQVHM12903CA5090,15,7,False
TRPQWHE128F930D3AE,6,5,False
TRPQWHY12903CD94FB,850,335,True
TRPQWUR128F4238377,336,126,False
TRPQXNT128F423E184,1381,616,True
TRPQZDD128F42397CC,7,2,False
TRPRAED128F429CBD4,1485,675,True
TRPRAGD128F422A87C,1051,221,True
TRPRANX128F424C9C8,343,152,False
TRPRAXN128F92FB7C6,2,1,False
TRPRCKV128F427AB69,133,57,False
TRPRCRM128F4290F82,190,31,False
TRPRCWH128F149BA6E,2389,930,True
TRPREKE128F427B75E,6,4,False
TRPRFGB12903CE827D,565,235,False
TRPRGAC128F428D310,1831,970,True
TRPRGEV12903CCC776,15,8,False
TRPRGGE128F42B7BBE,99,48,False
TRPRGND128F935A6E5,4,3,False
TRPRHNH128F934B354,67,18,False
TRPRHPA128F145CEEA,8,5,False
TRPRINK12903CF2636,8,6,False
TRPRIPV128F427719A,149,63,False
TRPRIZQ128F931B066,26,17,False
TRPRJKU12903C95282,143,31,False
TRPRKFS128F9335626,185,60,False
TRPRLYK128F42AF55F,273,129,False
TRPRMHT128F14AE34D,169,57,False
TRPRNHC128F92F0201,3,2,False
TRPRPBH128F429B5FD,323,190,False
TRPRQIJ128F9329D37,552,334,False
TRPRQMI12903CE8294,31,23,False
TRPRQXU128E0789D38,4640,2428,True
TRPRQZV128F4294283,361,87,False
TRPRRMV12903CE52DE,1501,337,True
TRPRRUV128F425E92B,1986,505,True
TRPRSLZ128E0792DF1,564,344,False
TRPRTJL128F426AB22,956,261,True
TRPRTTV12903D06BFA,1768,893,True
TRPRUME12903CFE793,7696,2510,True
TRPRWQH128E079355C,43,22,False
TRPRYRQ128F1498B45,1,1,False
TRPRYRR128F42963B3,439,192,False
TRPRZEC128F1486DD8,3977,2323,True
TRPRZRL128F428F5EB,46,9,False
TRPRZUD128F93322CB,700,150,False
TRPSAGZ128F425A0AD,521,191,False
TRPSAZY128E0784488,1772,831,True
TRPSBBO128F92F8FF8,192,88,False
TRPSBSF128F92F6AD8,307,133,False
TRPSCWF12903CC232B,25,16,False
TRPSDZS12903D036F4,57,38,False
TRPSEIF128F931E58B,65,25,False
TRPSFMW128F42AE12A,8330,2615,True
TRPSFOM128F145C792,98,39,False
TRPSGHI128E0793B94,450,325,False
TRPSHKK128F4270EF0,58,39,False
TRPSIHO128F933E7A1,4,3,False
TRPSIZV12903CAC9F2,71,22,False
TRPSNIP128F4255EAE,15,10,False
TRPSOIT128F147A026,1059,501,True
TRPSPVD128F1458A14,454,208,False
TRPSQKH128F92F6284,5,4,False
TRPSRIX128F4242738,82,42,False
TRPSRPT12903CDC670,3426,1192,True
TRPSSCT128F4299E38,1511,750,True
TRPSUST12903CF5C0C,61,33,False
TRPSVBZ128E0789412,748,484,False
TRPSVEL128F4258B40,137,73,False
TRPSVTL128F936017F,39,13,False
TRPSWIA128F1465A73,735,468,False
TRPSWIE128F4258B45,1055,459,True
TRPSWRH128F42B1B4C,2,2,False
TRPSXAI12903CDD3CC,429,94,False
TRPSXRU128F93146DE,128,74,False
TRPSYWE128F9316B81,1500,1101,True
TRPSYXI128F4264F20,214,122,False
TRPSZSI128F423F041,1080,520,True
TRPSZWH12903CF053F,257,100,False
TRPTCCO128E0786B36,546,204,False
TRPTCMZ128F9340B09,4860,1931,True
TRPTCOJ128F149EF78,32,15,False
TRPTDIX128F427FE80,121,50,False
TRPTGJX128F1497DA3,2,2,False
TRPTGVL12903CB0301,203,58,False
TRPTHBX128F1467237,3,2,False
TRPTIGH128C71968FA,11158,3681,True
TRPTIVU12903CAF5D2,1598,739,True
TRPTJXL128F934AC11,519,262,False
TRPTKEV128F427B69C,60,25,False
TRPTLBS12903D0C6F2,911,448,True
TRPTMSH128E078EC8F,14,10,False
TRPTNBX128F4261038,968,303,True
TRPTNMS128F4299268,3168,1094,True
TRPTOCR128F42694AA,184,90,False
TRPTOXK128F424A083,162,69,False
TRPTPIY128F92D8B40,35,2,False
TRPTPZS128F92DE61C,33,25,False
TRPTQTR128F428AA0B,332,80,False
TRPTRAY12903CC4F48,3,1,False
TRPTRKP128F4298704,4506,1918,True
TRPTSBY12903CC2797,54,35,False
TRPTSTE128F42812BA,248,139,False
TRPTSWJ128F932AD14,2,2,False
TRPTTRV128F429EB30,3870,2204,True
TRPTUID128F92E7431,1216,482,True
TRPTVFZ128F92FE293,93,32,False
TRPTVNY12903CF2253,106,36,False
TRPTVTR128F93450C6,17175,6580,True
TRPTWJT128F422F239,52,28,False
TRPTYYL128F429F8DD,163,76,False
TRPTZCO12903CEA9A4,164,67,False
TRPTZLC128F92EC211,252,134,False
TRPUASK128E078A756,10,7,False
TRPUBDK12903CF1DC9,218,95,False
TRPUBJK128F14ADE4D,115,47,False
TRPUBYK128F14587A1,297,76,False
TRPUCIV128F425F116,68,19,False
TRPUCMJ128F424FAD0,124,70,False
TRPUDDH128EF34A949,40,13,False
TRPUDFB128F4276D44,150,49,False
TRPUDUW128F427777F,7881,1722,True
TRPUEHR12903CE32F7,79,49,False
TRPUFBK12903CA6370,175,71,False
TRPUFWK128E0786B9C,1514,762,True
TRPUGKZ128E0792988,974,544,True
TRPUGLX128F145C03B,5158,2205,True
TRPUGUW128F426BF6F,8986,3937,True
TRPUHCO128F92F5E8A,876,418,True
TRPUIDY128F92F0234,1921,1034,True
TRPUJIV128F4256071,10,9,False
TRPUJSV128F146A412,6,4,False
TRPUJVX128F92D12DB,131,68,False
TRPUJWS12903C9C652,161,58,False
TRPUKOU128F422AD8A,311,78,False
TRPULKW12903CDDD8B,31,17,False
TRPULYY12903CFA45C,396,211,False
TRPUMHL128F4248D3E,60,37,False
TRPUOAR128F4246928,221,99,False
TRPUOFO128F92FE295,1168,564,True
TRPUOLY128F421C4E9,401,207,False
TRPUOXV128E0789501,1,1,False
TRPUQYG128F42A51EB,606,282,False
TRPURDV128F932FC31,42,17,False
TRPURXR128F936106C,8,5,False
TRPUSIM128F146976D,63,31,False
TRPUSMF128F427804A,9,6,False
TRPUTUB12903D06FEE,294,135,False
TRPUUEC128F428B4E1,1,1,False
TRPUVKW128E0791C24,2814,676,True
TRPUVPH128F4263CB2,428,159,False
TRPUWYK128F146B23D,273,99,False
TRPUXCZ12903C99C90,15647,4133,True
TRPUZPS128F932C84A,441,103,False
TRPVAJS128F932A089,2202,468,True
TRPVALN12903CCC029,24,11,False
TRPVBBO128F92FFE24,101,52,False
TRPVBNJ128F42425F8,218,59,False
TRPVBOB128F92F9479,457,260,False
TRPVCRJ12903CCC3DB,89,25,False
TRPVEJP128F9330A1C,513,225,False
TRPVFMG128F42AE3E4,13,6,False
TRPVFYU128E07984B4,507,225,False
TRPVHKH128F42506B6,650,400,False
TRPVHRA12903CFE8AF,277,78,False
TRPVJFT128F427E82A,34,15,False
TRPVLDG128F92EE15D,25,22,False
TRPVLKD12903CB0390,75,35,False
TRPVMGZ128F428C921,13,3,False
TRPVNPN128F1488F1C,4537,1691,True
TRPVNZF128F92E323C,13,6,False
TRPVPHH128F4263794,40,17,False
TRPVRMV128F92EB2C4,166,140,False
TRPVSZX128F428C6A4,8,4,False
TRPVTPD128F145E9C1,626,185,False
TRPVUCC128F930F514,27,17,False
TRPVWWE128F1479376,34,22,False
TRPVXIN128F92F434D,152,68,False
TRPVYGG128F93127B3,553,170,False
TRPVZZT128F423EEA5,552,347,False
TRPWBYX12903CF4708,1570,509,True
TRPWBZI128F4279380,27,12,False
TRPWCCX12903CDCF18,50,11,False
TRPWCQZ12903CF0FFF,33,18,False
TRPWDXC128E0781A49,1999,789,True
TRPWEAT128F92CA72E,339,183,False
TRPWELL128F427078B,543,258,False
TRPWFJX128F42911E2,88,18,False
TRPWFQZ128F92EFBA7,7606,2625,True
TRPWFXB128F93323BA,215,137,False
TRPWHPE128F932DC0C,484,182,False
TRPWHTJ128F4277ACE,1513,551,True
TRPWIGO128F931BAEB,7176,2817,True
TRPWKGF128F93250AE,62,38,False
TRPWLDL128F932DA77,63,58,False
TRPWLKQ128F1468938,155,51,False
TRPWMRA128F92F2F4A,145,106,False
TRPWNHL128F429102F,115,57,False
TRPWPFX12903D079EF,2331,967,True
TRPWPTX128F42AD934,121,52,False
TRPWPYK128F4259F5A,55,31,False
TRPWSNA128F9344112,39,29,False
TRPWULK128EF33FA0F,402,241,False
TRPWVIK12903CF7B4C,266,90,False
TRPWWEH12903CEA9C5,118,57,False
TRPWWNM128F9311565,50,25,False
TRPWXRI128F92F4556,354,130,False
TRPWXXX128F4214A8A,620,288,False
TRPWYIE128F932E2EF,3,2,False
TRPWZWO128F4281B35,601,361,False
TRPXBJB128F426F2D8,254,90,False
TRPXBMS128E078113F,851,575,True
TRPXCDV128E0793E60,303,168,False
TRPXFJP128F93351EA,18151,4497,True
TRPXFTX128F429B601,213,121,False
TRPXFZS128F4271CCB,226,124,False
TRPXHFV128F148247B,971,393,True
TRPXHQK128F92FA0EC,55,37,False
TRPXIWX128F429831F,15370,6838,True
TRPXJMS128F930867C,1368,308,True
TRPXJQZ128F9309157,471,133,False
TRPXJRZ128F145AC94,654,355,False
TRPXJUI128F426B288,69,36,False
TRPXJWW128F930C09A,35,25,False
TRPXKJY128E0791263,1181,541,True
TRPXKSS128F93357CC,584,222,False
TRPXLER128E07819D1,1212,395,True
TRPXLVY128F425A9DB,21,9,False
TRPXMXN128F428C996,217,45,False
TRPXNIP128F425DCF2,916,292,True
TRPXPEI128F42AFF2B,5,1,False
TRPXPEW128F1486213,966,476,True
TRPXPKZ128F4263A05,4205,1976,True
TRPXPOV128F93475DB,459,218,False
TRPXQDS128E07923CF,481,254,False
TRPXQKE128F4264D87,24,15,False
TRPXRIO128F92E805C,1673,886,True
TRPXRLI128F421B85F,57,38,False
TRPXRWT128F930714A,144,75,False
TRPXRYO12903CFEC0E,41,4,False
TRPXSLE128F930B4A2,191,64,False
TRPXSQK128F93014F0,288,155,False
TRPXTDY128F4257BED,10,7,False
TRPXVJJ128F422F075,120,95,False
TRPXVJJ12903CE52E8,3837,1507,True
TRPXVMC128F42987CC,1101,354,True
TRPXVTD128F93411C4,803,451,False
TRPXWYY12903CEA77A,14,8,False
TRPXXIO128E0795033,3028,1453,True
TRPXYJB128F42A3DC7,88,46,False
TRPXYVF128F4224C9B,35,11,False
TRPXYXU128F428AE4B,311,154,False
TRPYADX12903CDE9D5,12,7,False
TRPYAWD128F92F9139,106,49,False
TRPYCWL128F9310417,19,10,False
TRPYDLI128F93022FC,49,18,False
TRPYEIS128F92F85B8,3431,1190,True
TRPYEIY128F4246700,370,130,False
TRPYEXQ128F93211E7,714,197,False
TRPYGBW128F426CD87,7,7,False
TRPYGWH12903CAC3E3,206,111,False
TRPYHNL128F42464EB,126,31,False
TRPYIKK128F932B961,956,336,True
TRPYJPV128F92F1202,397,134,False
TRPYJUI128F92F2D36,370,119,False
TRPYLDX12903CF250E,4,4,False
TRPYLPO128F934C11E,880,331,True
TRPYLWI128F92EF3D8,20,12,False
TRPYLYF128F92E748B,2,2,False
TRPYMYK128F932E4E9,76,20,False
TRPYPDN128E0781E8D,56,44,False
TRPYPDT128F428B358,51,32,False
TRPYPFK128F933DF84,26,14,False
TRPYQDZ128F92F1FAC,218,98,False
TRPYRGV128F4295A1D,501,127,False
TRPYRQE128F92EF857,95,45,False
TRPYSVW128C7196A51,680,127,False
TRPYSXL128F149B8F8,431,176,False
TRPYTKN128F1490251,113,49,False
TRPYUHI128F92D026D,266,116,False
TRPYUUR12903CCC421,39,23,False
TRPYVRZ12903CECC40,517,107,False
TRPYWQA128EF348613,153,90,False
TRPYXAO128F4295558,400,217,False
TRPYXJU128F92EA2FE,495,219,False
TRPYYZN128F9304FBA,6951,2061,True
TRPYZUR128F427CFDE,94,40,False
TRPZASU128F427DF85,172,109,False
TRPZBNR128EF34DF92,515,229,False
TRPZCLK128F425F72D,400,210,False
TRPZDNK128F42AC2F6,841,493,True
TRPZDPB128F93123BF,746,310,False
TRPZEJS12903CDD12B,7,6,False
TRPZEWS128F92F585E,5181,1776,True
TRPZEZP12903CF25E9,143,54,False
TRPZFAL128F427F058,26,19,False
TRPZFRA128F146956E,1096,411,True
TRPZHFN128F149F0DA,2,2,False
TRPZHTR12903CCDABF,1917,746,True
TRPZHYT128F93253C4,76,18,False
TRPZIII128F92D5420,2552,967,True
TRPZIMH128F42480D9,33,21,False
TRPZJGK12903CE759D,176,70,False
TRPZKNH128F9313030,1519,391,True
TRPZKSP128F92F25B1,83,26,False
TRPZLXO128F42865C5,1343,314,True
TRPZMCK128F934C24E,1380,487,True
TRPZMIP128F9338B3F,13,7,False
TRPZNIC128F4281231,487,299,False
TRPZOHA128F4289F81,1000,439,True
TRPZOLS128F427EEFB,1124,666,True
TRPZQFE128F92F06FE,3447,700,True
TRPZSJG128F145FF03,381,161,False
TRPZUFJ128F4265E86,34,15,False
TRPZUNA128F92FCDB2,5061,1907,True
TRPZUUW128F4259D47,1195,693,True
TRPZWUZ128EF34C3A6,409,117,False
TRPZXTD12903CD42F6,79,33,False
TRPZYIE12903CDBF39,312,88,False
TRPZYKR128F932CF39,6,5,False
TRPZZQV12903CF470C,1964,606,True
TRQAANA128F426CA43,948,391,True
TRQABFF128F932FC13,40,23,False
TRQABTN12903CEA62F,707,355,False
TRQABWL128F427A7B6,123,35,False
TRQACCD128F422AE34,99,70,False
TRQACQT128F9316E5E,77,33,False
TRQADGW128F9326FF0,85,31,False
TRQAERL128F9329C70,299,128,False
TRQAEYS128F9337AF5,49,23,False
TRQAFCZ128F42A52C8,2219,1503,True
TRQAGBF128F42A8E3A,799,290,False
TRQAHMF12903CDBF20,3876,1772,True
TRQAHYJ128F4251DC6,1,1,False
TRQAJJS12903CCBA4E,1129,294,True
TRQAKWP128E079183F,2751,1315,True
TRQALBH128F4281A52,555,298,False
TRQALQB128E078FA07,231,48,False
TRQALXE128F424DEEC,143,50,False
TRQALZJ128F935C053,25,7,False
TRQAMMR128F932558B,18,7,False
TRQAOKJ128F93501BB,4177,1791,True
TRQAOVK128F931A46A,221,93,False
TRQAOWZ128F93000A4,3,2,False
TRQAQXO128F427CC73,4,4,False
TRQARLV12903CD6D5A,1288,200,True
TRQARNE128F425B707,5,1,False
TRQATBZ128F9329C5C,407,146,False
TRQAWJD128F93158EF,108,91,False
TRQAWOH128F92E1A17,87,18,False
TRQAWUT128F148AA09,739,210,False
TRQAXAB128E078E82D,391,180,False
TRQAYYK128F933E2F3,435,184,False
TRQAYYP128F149CB38,791,327,False
TRQAZHE128F930F1E2,22,12,False
TRQAZKK128F42672BC,84,30,False
TRQBBOF12903CC538D,46,31,False
TRQBBVM128EF346069,49,19,False
TRQBDDA128E0786B12,177,98,False
TRQBDGH12903CA8DCB,493,217,False
TRQBDJZ128F145E9BE,197,100,False
TRQBFBN12903D00D96,188,75,False
TRQBFOA128F4279197,2047,885,True
TRQBFPM128F92F8FD3,12,4,False
TRQBFYU12903D0C8CD,190,123,False
TRQBGFW128F9312D15,1854,500,True
TRQBGQI128F4267F9B,17,8,False
TRQBGZR128F4229F91,4,4,False
TRQBHBG128F422FD85,2468,1246,True
TRQBIBE12903CE0261,159,48,False
TRQBJLH128F14686F6,20,13,False
TRQBJOY128F930DDCD,7,5,False
TRQBJRS128F146ECBB,190,134,False
TRQBKJD12903CDD12E,7,7,False
TRQBKTE128F92D74C1,37,25,False
TRQBLMK128F422DE5F,311,146,False
TRQBMNV128F14AAFA8,365,213,False
TRQBNDM12903CD5241,168,88,False
TRQBNQV128F423EEA4,1946,891,True
TRQBOVM128F42572D4,26,14,False
TRQBPEC128F92FF8B1,17,12,False
TRQBPNY128F422B1C8,93,53,False
TRQBQFN128F931EAA8,512,326,False
TRQBQJV128E0782494,327,161,False
TRQBQYZ12903CEB4EF,14,3,False
TRQBRMG128F426DC33,113,39,False
TRQBSJT128F9305F22,230,88,False
TRQBSKE12903CB0694,4,3,False
TRQBTEQ128F934BC55,407,168,False
TRQBTLI128F934CF8D,74,33,False
TRQBUQQ128F1458F34,141,85,False
TRQBUXT128F92F06FB,427,217,False
TRQBWRE128F930DAAB,2,1,False
TRQBWTL128F42980B8,84,51,False
TRQBXCL128F428BE7E,15,14,False
TRQBXKD128F42590F4,33,16,False
TRQBYCP128F423CF99,531,256,False
TRQBYSS12903CE832A,13,10,False
TRQBYUL128F934C12D,405,159,False
TRQBYVM128E0795425,671,340,False
TRQBYXA128F14A3B9C,110,33,False
TRQBZHI128F4274856,193,29,False
TRQBZSQ128F42782DC,873,439,True
TRQCAIL128F425F0B0,185,54,False
TRQCANC128F930B786,137,48,False
TRQCASO12903CB545A,54,24,False
TRQCBAG128F4259F68,151,81,False
TRQCBKB128F92FA029,669,332,False
TRQCBNV128F14587A6,213,88,False
TRQCBZC12903CDB2EC,1771,765,True
TRQCCRU128F426205C,431,214,False
TRQCELS128EF35F034,23,11,False
TRQCHYC12903CDF6B3,288,91,False
TRQCIVV128F9329E69,46,14,False
TRQCLXN128F425F0A9,59,27,False
TRQCNJR12903D01C0F,6,4,False
TRQCNLJ128F92F624F,4,4,False
TRQCOUF128F424398F,30,21,False
TRQCPFS12903CA8B06,3,2,False
TRQCPTC128F4294C52,265,156,False
TRQCRCF128F425E0F4,8,7,False
TRQCREX128F92CF020,11,9,False
TRQCSQG128F4277E2B,134,62,False
TRQCTNY12903CF3CDA,175,56,False
TRQCTSK128F425995E,775,217,False
TRQCTSL128F428476F,90,34,False
TRQCUUA12903D0055F,174,23,False
TRQCWYF128F931EAF0,42,19,False
TRQCXKR12903CA3D7A,14,5,False
TRQCYVO12903CF225F,8,6,False
TRQCZHG12903CF3910,30,20,False
TRQCZQF128F1469938,1,1,False
TRQDAGB128F148FC75,536,264,False
TRQDAUX128F425A74A,1112,614,True
TRQDBFR128F4230C30,5,4,False
TRQDCRF12903D0311C,6,3,False
TRQDCYE128F92F7B3B,380,149,False
TRQDDDH128F427AFCF,151,83,False
TRQDDKR128F423F035,3610,1535,True
TRQDDXI128F4265E88,9,7,False
TRQDEYR12903CBF9A3,74,47,False
TRQDFRG128F92E9B5A,769,378,False
TRQDGCO128F429E9BF,286,209,False
TRQDGGD12903CF3922,20,14,False
TRQDHRF128F42B8B7C,1078,521,True
TRQDIUU128F92F6202,22,15,False
TRQDJCR128F14A94E8,1350,614,True
TRQDJQD128EF3426EC,145,68,False
TRQDKBK128F42B91C0,364,259,False
TRQDLBI128F42759CA,7,3,False
TRQDLLD128F423EE2C,784,266,False
TRQDMNR128E0781926,882,485,True
TRQDMOQ128EF345430,5,5,False
TRQDQAR128F4280D0C,10,3,False
TRQDQUN128EF367142,10,4,False
TRQDRBA128F429DB02,1588,729,True
TRQDRCC128F1462E42,158,86,False
TRQDROZ128F428F0CC,46,14,False
TRQDRWP128F425CDF7,112,59,False
TRQDRZO128F933D411,53,23,False
TRQDTCB128F424ABF0,25,17,False
TRQDUKK128F424D5CF,4015,1465,True
TRQDUQY128F4265391,80,25,False
TRQDUXB128F42279D6,13,3,False
TRQDYLN128F92EF084,3,3,False
TRQDYPW12903CCBC1E,1922,854,True
TRQEBOU128F425D087,1417,480,True
TRQEBRP12903CADD6C,10902,3875,True
TRQEBZQ128F4241BBE,138,76,False
TRQECGL128F42437B6,952,572,True
TRQECWH128F42267FC,19,7,False
TRQEHGK12903CD20E3,474,197,False
TRQEHPO128F934B1DE,26,11,False
TRQEHWY128F92E525E,802,308,False
TRQEIBX12903CDE81B,15,7,False
TRQEIMY128E07924D3,59,41,False
TRQEJQM128F42899B0,15,6,False
TRQEJYF128F146830E,280,140,False
TRQEMRN128F933B4B2,12303,5368,True
TRQENHK128F42178FE,71,21,False
TRQEOJR128F92D21F1,16,12,False
TRQEOMM128F427BF96,1135,360,True
TRQEPKX128F426F278,4,4,False
TRQEQHL128F426615A,1119,575,True
TRQEQTW128F4254178,119,77,False
TRQEQWU128F4226092,112,41,False
TRQERAH128F1486DEA,4725,2930,True
TRQERIW128F9322F5B,108,22,False
TRQESCM12903CABDDF,2,2,False
TRQETZY128F9300ADA,146,90,False
TRQEUWH128F42775E1,762,434,False
TRQEVLB128F9326520,14,13,False
TRQEWTG128E07929FE,42,23,False
TRQEXMO128F42269E2,79,41,False
TRQEXVY128F14676B3,810,252,False
TRQEYLA12903D01E22,5335,1989,True
TRQEYOA128F427ABDF,237,99,False
TRQEYZY128F92E3882,835,333,False
TRQEZBQ128F4272086,5092,1578,True
TRQEZSL12903CB5079,670,478,False
TRQFACI12903C98AE9,1,1,False
TRQFAIB128F4262D85,1833,1136,True
TRQFAVM128F1496F6B,21,16,False
TRQFBGN128F425A7EB,191,63,False
TRQFBUZ128F932B9FB,396,164,False
TRQFBXP128E0781A50,456,256,False
TRQFBXW128F42912B7,610,181,False
TRQFBYY128F92FD763,499,183,False
TRQFCTU128F92E8BA3,103,60,False
TRQFFIZ128E078EEF8,1253,557,True
TRQFHSW12903CF7E43,2976,602,True
TRQFICK128F92F5190,11578,3274,True
TRQFIKC128E0782FC3,5614,2181,True
TRQFLSV128F427EC6B,16256,5931,True
TRQFNOO128F42883E9,1381,763,True
TRQFOCQ12903C9CF16,53,17,False
TRQFPPA12903CA557A,516,164,False
TRQFQBK128F92CF855,527,379,False
TRQFQFI128F42817AB,162,66,False
TRQFQGI128E0786420,1,1,False
TRQFQTD128F427024B,242,64,False
TRQFREN12903CAFAD4,156,40,False
TRQFSXV128F4258464,11,7,False
TRQFTMW128F92E7F53,863,383,True
TRQFUHH128F429F767,160,90,False
TRQFVEP12903CD061B,213,46,False
TRQFVYX128F9360DC6,37,27,False
TRQFYOA128F4295077,61,27,False
TRQFYWI128F92FBE63,485,150,False
TRQFZGK128F42914AC,56,28,False
TRQGACT128F933AB97,13,8,False
TRQGAWG128F4254C8B,26,10,False
TRQGCUA128F934A4DA,109,46,False
TRQGDQT128F9329F11,14,5,False
TRQGFEI128F4285D33,40,19,False
TRQGFHN128F428643E,1246,652,True
TRQGGAJ128F9336D33,63,34,False
TRQGHHV12903CF58E6,31,17,False
TRQGHWL128EF33FB48,5531,3550,True
TRQGIDD12903CEB74E,213,24,False
TRQGIOA128F425FD6D,3718,2179,True
TRQGIPJ128F425B722,126,71,False
TRQGMKO12903CC50A2,45,19,False
TRQGMLX128F92E89CD,75,34,False
TRQGMQM128F426B5E4,227,118,False
TRQGNPZ128F9346000,1611,582,True
TRQGOQH128F933D3FD,14,8,False
TRQGRVO128F422B296,8,4,False
TRQGTBK128F425A57A,13,10,False
TRQGTEB12903CCE732,1485,327,True
TRQGTHG128F423239E,381,181,False
TRQGUCL12903CE5BE0,3,3,False
TRQGWKV128F14844CE,161,88,False
TRQGXCZ12903C9DE6B,9,8,False
TRQHABC12903CA42A5,11,7,False
TRQHADV128F42AE3AB,926,359,True
TRQHBAT128E0786278,1281,773,True
TRQHBGV128F9322129,19,11,False
TRQHCBJ12903CAB21C,4057,2289,True
TRQHDIM128F92D2C32,437,217,False
TRQHDLH128F42814FC,84,38,False
TRQHDVI128F931C24F,140,118,False
TRQHGCH128F92DDE82,447,289,False
TRQHHCV128F92EEFEC,45,11,False
TRQHHJK128F92F12C2,711,275,False
TRQHHWX128F931EC9A,134,52,False
TRQHIIR128F145A190,1499,863,True
TRQHIYD128F4268081,4,1,False
TRQHJQU128F42752A7,175,101,False
TRQHKNI128F92FD969,3,3,False
TRQHKTC128F425BD39,127,58,False
TRQHLSO128F146EC68,2066,1000,True
TRQHMCE128F1462E3D,1034,404,True
TRQHNWQ128F9335D09,12,4,False
TRQHOOI128F423625C,85,38,False
TRQHPTI128E0786BA5,799,476,False
TRQHRLR128F92FA44B,466,159,False
TRQHRSV12903CE72CD,1,1,False
TRQHRUR128F92FCFF3,718,339,False
TRQHSEW128F4277209,30,14,False
TRQHSNY128F42902A6,136,64,False
TRQHTJV12903D044B2,16,6,False
TRQHUBC128F4262920,2,2,False
TRQHUSI128F4240E0E,327,121,False
TRQHWNK128F930850C,153,100,False
TRQHXAL128F42915DB,3097,1071,True
TRQHXVE12903CCDE9F,2455,899,True
TRQHYEL128F424D801,1521,778,True
TRQHYFX128F92EB2E1,23,14,False
TRQHYVA128F42941E6,454,150,False
TRQHZGX128F933D656,634,308,False
TRQHZTH128F425E107,126,64,False
TRQIAQA128F92E3CF0,1859,627,True
TRQIBCQ128F931C2D9,1346,722,True
TRQIBME128F93173C5,11395,4551,True
TRQIBSI128F146632B,761,240,False
TRQICYN12903CC78E3,1032,403,True
TRQIEGE128F425BEA4,72,24,False
TRQIELA12903CC0234,232,100,False
TRQIICN12903CB5377,49,19,False
TRQIIIN128F4253B25,69,19,False
TRQIKBV12903CBF03D,80,15,False
TRQIKFA128EF3625EA,9,8,False
TRQIKOE128F42B7AB4,3,2,False
TRQIKOL128EF35EB5F,26,14,False
TRQIKQQ128F4291A88,38,16,False
TRQILOP128F92CFDD5,171,113,False
TRQILZX128F42A4CDC,438,162,False
TRQIMHF12903CC9BE1,3,2,False
TRQIMHG128F14681F8,220,181,False
TRQIMKV12903D0195D,679,342,False
TRQIMNM128F933376E,571,268,False
TRQIMXK128F424DD03,29,14,False
TRQIPME12903CFDBB6,1969,1454,True
TRQIRAK12903CDF09C,33,15,False
TRQIRVX128F92CD960,54,32,False
TRQISDM12903D0762E,1022,358,True
TRQITJI128E0791F02,2345,996,True
TRQITWF128F1459DDF,17,13,False
TRQIUJX128F42198EC,146,42,False
TRQIULA128F4281936,8109,3644,True
TRQIVMA128F426A5F5,281,147,False
TRQIXFR128F92F0115,5,2,False
TRQIXPI128F1459AFE,4532,1338,True
TRQIXWO128F9334746,17,11,False
TRQIZHO12903C9E669,418,231,False
TRQIZVH128F428075C,3402,1189,True
TRQJABG128E0797559,284,185,False
TRQJBTP12903CDB5FE,66,49,False
TRQJBXM128F424A413,162,125,False
TRQJDSY128E078433F,10,6,False
TRQJEGR128F429554B,13,8,False
TRQJFSO128F147A54B,866,388,True
TRQJFZK128F14812CB,12,7,False
TRQJGOJ128F1466AA7,309,190,False
TRQJHUK128F4291040,6,6,False
TRQJIGW128F4297265,961,354,True
TRQJIHH128F931B0BE,670,293,False
TRQJJSV128F932E733,1173,561,True
TRQJJWA128EF33DE61,24,14,False
TRQJLCO128F42BCC0A,3835,1782,True
TRQJLEY128F92D0380,112,60,False
TRQJMXF12903CDF0C0,114,55,False
TRQJODU128F14541C1,846,272,True
TRQJOLY128F148EBCD,2996,1049,True
TRQJPNM128F933AD34,662,197,False
TRQJPSL128F92F0280,388,139,False
TRQJQHC128F92E7534,173,54,False
TRQJRFC128F92EBAC8,63,23,False
TRQJRVQ128F92F7248,7,7,False
TRQJTMF12903CB80DF,1808,609,True
TRQJUCR128F42AC2CD,1703,746,True
TRQJUMI12903CE3F77,1014,375,True
TRQJUTI128EF3460B3,845,249,True
TRQJUVK128F9323E5D,1058,441,True
TRQJUXE128F429165A,6,3,False
TRQJWOS128E0781EDF,206,100,False
TRQJYWZ128F92E5518,345,111,False
TRQJYXN128F425DC39,334,171,False
TRQJYZZ128F93204C9,37,14,False
TRQJZDI128F429E9A9,757,245,False
TRQKBTO128F42999C2,605,125,False
TRQKDGG128F92CF7A2,319,211,False
TRQKFDF128F4262358,703,345,False
TRQKFZH12903D00701,200,86,False
TRQKHHD12903CBC062,106,59,False
TRQKHJS128F429D655,132,64,False
TRQKHNL128F149A816,79,24,False
TRQKHSU12903CF6FE7,308,56,False
TRQKJKH12903CDDC68,11,5,False
TRQKJRU128F4249DE7,710,168,False
TRQKLTK128F4264770,4,2,False
TRQKMIK128F935AEEF,2,2,False
TRQKMMC128F933ABAD,12,9,False
TRQKMQW128F425B704,10,3,False
TRQKMRR128F931A421,781,406,False
TRQKNBN128F4248267,182,81,False
TRQKNOS128F9310736,40,16,False
TRQKNUJ128F93069C7,121,72,False
TRQKNWV128F92D1028,28,15,False
TRQKNYE128F425DC02,51,27,False
TRQKOBU128F9300E22,243,87,False
TRQKOYC128F92E4945,8318,3679,True
TRQKPMK128F9351BA6,294,114,False
TRQKRJD128F9321991,630,305,False
TRQKROW12903CFABF6,283,145,False
TRQKSWX128F426B1DD,243,90,False
TRQKVGZ128F92E3DFF,226,154,False
TRQKVKR128F9322154,164,47,False
TRQLAKM128EF34C269,1838,704,True
TRQLAZH128E0793E55,123,79,False
TRQLBET128F427EDC7,319,211,False
TRQLCBM128F92DC640,1958,902,True
TRQLCIR128F9343193,5365,1372,True
TRQLFUT128F428136B,1,1,False
TRQLHQE12903CC0005,444,117,False
TRQLHSJ128E078F981,314,178,False
TRQLIVU128F92F977B,128,93,False
TRQLJDE128E078DF33,2684,1035,True
TRQLJHO128F9300351,360,152,False
TRQLJOY128F42397F6,395,96,False
TRQLKZO128F932DBA2,235,119,False
TRQLLDZ128F149F0D2,19,10,False
TRQLLGJ128F1491224,13,9,False
TRQLMNR128F4289843,401,139,False
TRQLMQS12903CCC2DB,38,13,False
TRQLNDX128F93236A6,51,38,False
TRQLOHS128F42435AE,6882,2182,True
TRQLOHX128F9301F1B,8452,1656,True
TRQLPBT128F1491226,15,12,False
TRQLPHT128F427A495,7467,3585,True
TRQLPYF128F4298F1E,1826,777,True
TRQLPZN128F93041FA,51,32,False
TRQLQHI128F428BA84,812,400,False
TRQLSAN128F429100D,3,3,False
TRQLTQM128F425C1A2,10,4,False
TRQLUEM128F149F0D0,37,14,False
TRQLURA128F428CB27,20,18,False
TRQLVOA128F9303E8D,655,278,False
TRQLWDC128F42396CF,5980,3401,True
TRQLXLM128F427CA0D,78,11,False
TRQLYMS12903CDF854,3,1,False
TRQLZPK128E078BE0A,561,356,False
TRQLZRM12903CF7419,510,293,False
TRQMAGT128E0785D5C,2261,1291,True
TRQMAJC128F4285821,6385,2731,True
TRQMAUR128F427563B,4795,3571,True
TRQMBJO128F9303F66,14,2,False
TRQMBNX128F932BEBA,500,223,False
TRQMDHQ128F42A6B5C,2162,1045,True
TRQMEEP128F4266F1A,3838,808,True
TRQMGLT128F932699A,27,20,False
TRQMHSF128F42B8954,56,26,False
TRQMHWS128F421B33F,207,35,False
TRQMIAZ12903CD8A2E,33,17,False
TRQMIHX128F92D0CB8,185,95,False
TRQMIKB128F42460ED,17,10,False
TRQMIKK128F426FFFB,76,53,False
TRQMIYS128F42590FC,35,13,False
TRQMJOF128F92C96BC,27,21,False
TRQMKAA128F426474F,148,58,False
TRQMKTH128F92FCF28,5,5,False
TRQMKYO128F14A03D2,124,57,False
TRQMLAA128EF35F638,34,18,False
TRQMLZG12903CF45B7,23,13,False
TRQMLZK128F1464DC1,87,37,False
TRQMNKZ12903D00E5B,38,4,False
TRQMONP128F92C6A47,42,32,False
TRQMOUX128F14901AA,4456,1225,True
TRQMPCP128F931C26E,67,7,False
TRQMPLW128F92D181B,432,191,False
TRQMQSP128F931E186,196,62,False
TRQMRDN128F932B401,248,75,False
TRQMREG128E079380F,445,246,False
TRQMSHM128E078E1D1,3221,1278,True
TRQMSQK12903CAF42E,2943,641,True
TRQMSZY128F1458A18,90,61,False
TRQMTKB128E078ECEE,151,103,False
TRQMTNC128F933A53F,22,15,False
TRQMVMN12903CFA1C9,54,41,False
TRQMVNE128F931F4A3,12,9,False
TRQMVON128F9328FAA,66,28,False
TRQMWGL128E079126A,799,405,False
TRQMXMX128F4248268,450,205,False
TRQMXPF12903CD43DE,104,51,False
TRQMZCQ128EF3453BF,1416,922,True
TRQMZFZ128F931641E,478,200,False
TRQMZIM128F93298E4,9,6,False
TRQMZWR128F425640C,585,157,False
TRQNADG128F4292452,121,51,False
TRQNAFR128F4246890,314,148,False
TRQNBJV128F42972BF,1867,576,True
TRQNCGE128F146A759,5,3,False
TRQNCRJ128F4294EAD,1190,480,True
TRQNDWC128F92D21EA,33,22,False
TRQNEDX128F9325BAF,20,13,False
TRQNEFB128EF356B35,1820,771,True
TRQNHUV12903CE60FD,198,80,False
TRQNIBQ128F934C334,102,21,False
TRQNLUK12903CCE56F,2,2,False
TRQNLWU128F4266563,81,47,False
TRQNLXS128F428CB25,72,28,False
TRQNMPI128F149F0D3,623,286,False
TRQNMRQ128F42A5410,36,22,False
TRQNMUE12903CCF8DF,1,1,False
TRQNNJI12903C9528A,38,13,False
TRQNOTZ128F4299E2E,1732,854,True
TRQNOUX128F42436FF,340,145,False
TRQNPCV128F14AA984,28,15,False
TRQNPVP128F4241B9C,6,6,False
TRQNQFU12903CE7F14,5,4,False
TRQNQZY128F930CD76,159,58,False
TRQNRTL128F9315FD3,340,249,False
TRQNSDH128F9334FB3,2603,983,True
TRQNSIF128F9337F45,24,11,False
TRQNSIQ128F92FED86,112,49,False
TRQNSPZ128F92C4289,919,485,True
TRQNSSP128F147182B,1754,791,True
TRQNSUX12903CB2CD1,2243,1180,True
TRQNUSM128F148570B,99,60,False
TRQNVEJ128F92EBCAE,147,65,False
TRQNVSC128E0781AF9,5174,2416,True
TRQNWNF12903CF455C,7,3,False
TRQNWVG128F4243790,55,24,False
TRQNYDQ128F93069E6,664,336,False
TRQNYYJ128F9310ED5,815,359,False
TRQNZBN12903D0F9FF,4878,1457,True
TRQNZED128F42968DB,138,81,False
TRQOCDP128F931C23D,252,182,False
TRQOCVX128F9308567,21,12,False
TRQODDZ128F14922F9,431,286,False
TRQOEMN128F426E599,1400,440,True
TRQOFFY128F423EE12,1,1,False
TRQOFKH12903CEB575,257,199,False
TRQOHGT128F932BD95,322,191,False
TRQOISI128F4246B15,10,4,False
TRQOJUO12903CA280A,13622,4287,True
TRQOMKT128F92D7216,3137,1057,True
TRQOMQY12903D06371,77,18,False
TRQOMTS128F423AB0A,6,5,False
TRQONHF128F932F091,6,2,False
TRQONYD128F92F41A0,237,121,False
TRQOOAE12903CEB708,1417,644,True
TRQOOPG128F4262700,90,62,False
TRQOOUE128E078253D,2292,1552,True
TRQOPEG128F421C5B6,19,9,False
TRQOQCV128F42957CA,201,93,False
TRQORYN128F92FA355,485,278,False
TRQORZJ12903CAB9FA,86,70,False
TRQOSGI128F4291A83,2265,811,True
TRQOTWX128F92D041B,694,286,False
TRQOUMO128F9324F05,6535,2086,True
TRQOUXL128F426756E,1497,701,True
TRQOVSC128F1459C3A,1807,712,True
TRQOWPB128F428CDCC,91,46,False
TRQOYJW128F9307EFA,98,32,False
TRQOYSU128F932EC09,1757,670,True
TRQOYUE12903CD7EC5,5494,1430,True
TRQPBSP128E0795FFC,28,13,False
TRQPCKC12903CF8894,995,349,True
TRQPEEH128F429CBE3,1134,499,True
TRQPFCH128F427500C,75,56,False
TRQPGSS128F93144DD,60,24,False
TRQPJRL128F930F4B6,2670,1758,True
TRQPKLE12903CDDDEC,9,7,False
TRQPMHV128F932F5F1,603,153,False
TRQPMSA12903CF23CF,79,3,False
TRQPNLU12903CFF34E,69,25,False
TRQPOOC12903CB7862,65,43,False
TRQPOQI128F92E901D,8,5,False
TRQPQEN128E0780CC4,815,476,False
TRQPRLN128F14593A1,14,7,False
TRQPRNO128F145202C,170,116,False
TRQPRPK12903CCF3B6,86,33,False
TRQPSHM128F92F29ED,2318,1044,True
TRQPTZH128F932BD99,398,240,False
TRQPVGW128F42753B1,4026,1314,True
TRQPVIR128F425FE1A,389,214,False
TRQPVLH12903CC4D2A,85,34,False
TRQPVPV128F92FFEA5,1776,767,True
TRQPXCL12903CDEA91,138,68,False
TRQPXIO128F429100C,35,17,False
TRQPXXG128F421B4F9,279,98,False
TRQPYPV128F92D4264,2114,1026,True
TRQPYWK128F4289D59,2285,971,True
TRQQADL128F4238BBE,12,4,False
TRQQAWO128F92E3657,85,34,False
TRQQBBL12903CFCDE4,2282,781,True
TRQQCLV128F92D7F68,962,471,True
TRQQDTN128F92F9B18,1927,890,True
TRQQDXS128F425CD89,208,63,False
TRQQEOX128E0792846,374,142,False
TRQQGNY128F92E7F58,1190,493,True
TRQQHBE128E0794366,90,27,False
TRQQHVW12903CF05DC,210,178,False
TRQQJHF12903CE58E1,54,23,False
TRQQKQO128F9301364,427,134,False
TRQQKVY128F4287BC7,174,54,False
TRQQLDY128F422318E,1603,631,True
TRQQLEP12903CF2684,2,2,False
TRQQLZD128F425E9BC,1850,800,True
TRQQMLU12903CB24DB,56,27,False
TRQQMXK128F932A086,370,136,False
TRQQOGQ128F92D49F5,787,330,False
TRQQOIJ128F429322F,289,98,False
TRQQORS128F930B14D,1842,705,True
TRQQOVX12903CF0A2B,313,147,False
TRQQPAK128F4249A02,8,5,False
TRQQPRX128F1494362,337,119,False
TRQQPSB128F423E178,3,3,False
TRQQPXU128F428C881,75,15,False
TRQQQKL128F426EC13,209,118,False
TRQQQMR128EF343568,97,49,False
TRQQQSY12903CCE493,501,300,False
TRQQSPY128F4235150,33,14,False
TRQQSQW128F421B34D,22,14,False
TRQQTJX128F427F0EE,334,214,False
TRQQUXK12903CB63E8,18,10,False
TRQQVBA12903CF9FEA,851,403,True
TRQQVMX128F4258AF5,1439,764,True
TRQQVRO128F92DC356,217,63,False
TRQQVYY128F427FEDE,143,77,False
TRQQWIM128E0792186,606,274,False
TRQQWQO128F429EB4D,1982,1490,True
TRQQXFG128F4264EEA,530,260,False
TRQQXIO128E078166F,366,231,False
TRQQXMC12903CDD139,8,8,False
TRQQXMI12903CEC342,17,9,False
TRQQYKP128F1482484,1095,505,True
TRQRACI128F92FE501,1996,859,True
TRQRBAV128E07937B7,1606,657,True
TRQRDVW12903CF5EED,36,27,False
TRQRFHK128E0782B0F,142,64,False
TRQRGCS128F4293F6C,4080,1715,True
TRQRGEA128F4265AE3,54,27,False
TRQRHUG128F14A8949,8471,2631,True
TRQRIAI128F4229606,124,54,False
TRQRKWY128F14A03DE,397,102,False
TRQRLGR12903CB5C33,2025,586,True
TRQRLNF128E07899C1,300,169,False
TRQRMNO128F4235E4D,10306,4853,True
TRQROGS128F42B302C,26,17,False
TRQRPCT128F42957C5,27,13,False
TRQRPDI12903CBEA26,8,6,False
TRQRQNG128F426F659,4,2,False
TRQRRRW128F422BC68,1658,471,True
TRQRRYC128F930C5DF,54,28,False
TRQRSAK128F429DE8C,6307,4376,True
TRQRSIH128E0799076,175,121,False
TRQRSRQ128F92F440E,102,60,False
TRQRUIX128F932DDBB,28,15,False
TRQRVVF128F427EDBC,554,247,False
TRQRWRZ12903CAC3D7,913,255,True
TRQRWWM128F42601A3,1854,773,True
TRQRYJU128F932997B,52,13,False
TRQRZZB128F42514C3,38,11,False
TRQSAUW128F93022FB,28,10,False
TRQSBGN128F4266599,1716,579,True
TRQSCUZ128F934C11F,531,191,False
TRQSDRB128F423EF64,410,189,False
TRQSDZW128F42BB9C2,1689,142,True
TRQSEMJ128F4294F24,759,386,False
TRQSEMR128F930C32F,28,13,False
TRQSEVT12903C9550D,484,301,False
TRQSGGU128F9320EE6,440,260,False
TRQSHBF128F931FEB3,3493,880,True
TRQSHCE128F42934AF,266,106,False
TRQSIZR128EF362D3A,420,199,False
TRQSJDA12903CDDF59,757,291,False
TRQSJMA128F92DFF21,39,13,False
TRQSMDD128F424793D,45,16,False
TRQSMIM12903CA8982,6,5,False
TRQSNOK128F4266E00,152,79,False
TRQSPEE128F145ABE4,92,58,False
TRQSPPX128F146C767,4,3,False
TRQSQJW128F427AEEC,1130,537,True
TRQSRSF128F426548A,5,3,False
TRQSTZU128F14825F6,861,362,True
TRQSUFS12903CC522A,30,22,False
TRQSUIP12903CAFC97,401,98,False
TRQSVIL128F42B6AF9,68,28,False
TRQSWGG128E078502B,168,80,False
TRQSXQA128F4281B47,397,216,False
TRQSXXQ128F42624CA,20,16,False
TRQSYGO128F425DDEA,1341,792,True
TRQSYUW128F428A0A6,35,19,False
TRQSYVS128F93519E4,390,240,False
TRQTAMO128F92E7AB9,112,62,False
TRQTAVP128E07984BD,143,63,False
TRQTBVS128F4257EEB,145,73,False
TRQTCAX12903CFA1C8,48,16,False
TRQTELN12903CF2386,316,228,False
TRQTEPR128F425CC08,23,16,False
TRQTFIF128F9326A72,5,5,False
TRQTFMN128F934B575,36,20,False
TRQTFSS128E0785DD4,552,303,False
TRQTFUV128F426BFC7,4353,993,True
TRQTHFB128F4257EE9,133,62,False
TRQTHGK128F9352818,81,41,False
TRQTHKN128F92F799A,1378,923,True
TRQTHKP12903CB5038,677,530,False
TRQTJBA128F425828F,50,34,False
TRQTJCU128F92EBFA1,9,9,False
TRQTJLP128F92FAC5F,2503,969,True
TRQTJUQ12903CC55BE,41,17,False
TRQTJWB128F149EFE0,30,14,False
TRQTKLH12903CE2904,263,122,False
TRQTMVA12903D06719,58,18,False
TRQTMWP128F9338B10,1418,495,True
TRQTOFR128EF343187,611,280,False
TRQTPQO12903CF2759,298,121,False
TRQTSAO128F4255A33,3700,1602,True
TRQTSWL128F9307276,246,74,False
TRQTTCF128F428AD6B,13,8,False
TRQTUOM128F4291076,8,7,False
TRQTVQL12903CD65FB,244,94,False
TRQTWKC128F934B48C,92,33,False
TRQTXAR128F427064F,14,7,False
TRQTXHB128F92E3855,3058,1462,True
TRQTXMF128F428A5D8,10,9,False
TRQTYCH128F425DE14,874,305,True
TRQTYZW128F4282572,88,45,False
TRQTZNX12903CFFA46,28,20,False
TRQTZQH128F42704F4,1065,428,True
TRQUATX128F930BCE6,70,29,False
TRQUBED128F92F82D5,55,50,False
TRQUBIF12903CDA5DC,1326,683,True
TRQUEBW128E0794B2D,80,63,False
TRQUFVD128F4236831,32,15,False
TRQUGGM12903CCC44A,18,13,False
TRQUGIG128F931D775,1049,452,True
TRQUHZH128F1486773,7,5,False
TRQUIIW128F932AF14,1103,343,True
TRQUKBG12903CB03DE,130,70,False
TRQULFJ128F146356C,189,38,False
TRQULLJ128F4275D66,148,96,False
TRQUNLN128F1482523,1306,477,True
TRQUOSJ128F4231EBA,41,10,False
TRQUQHQ128F425D8A3,1543,422,True
TRQUQLZ128F932AA48,83,6,False
TRQUQXM128F92D2BFF,52,19,False
TRQUQYQ128F1472200,455,230,False
TRQUSFI128F935172D,18,6,False
TRQUSUL12903CB2578,22,12,False
TRQUTOA128F92FE2A0,158,89,False
TRQUUDI12903CDA20E,117,60,False
TRQUUPN128F92E173C,4299,1948,True
TRQUUUL128F145255F,19,7,False
TRQUVCG128F92F4347,20,15,False
TRQUXJC12903C95962,1208,469,True
TRQUXPB128F147C1DA,2798,1216,True
TRQUXTD128F93063FB,17,8,False
TRQUYCQ128F427AE73,2619,710,True
TRQUYKN12903CD842D,9,6,False
TRQUYSJ128F92EA2E3,2594,1116,True
TRQUYWX12903CC092C,55,21,False
TRQVCXZ128F4298756,2612,1305,True
TRQVGTX128F4256ABF,5,4,False
TRQVGZA128EF3453B5,2030,1192,True
TRQVHAB128F4266501,1444,1103,True
TRQVIRX128F933BFFE,94,16,False
TRQVJYH128F4273A76,35,16,False
TRQVKHI128F145584A,675,359,False
TRQVKQP128F1479144,299,152,False
TRQVOSJ128F146246B,470,227,False
TRQVPOA12903CFA45A,333,202,False
TRQVPXR12903CFF5E3,7,4,False
TRQVSFC128F425582C,128,50,False
TRQVVCZ128F428BF25,123,46,False
TRQVVGI128F9301E2E,545,133,False
TRQVVPX12903CD43BB,53,31,False
TRQVXRG128F4236254,2043,630,True
TRQVZKY128E0786BA1,959,473,True
TRQVZPL12903CF43C2,87,29,False
TRQVZUL128F9322733,432,187,False
TRQWBED128F426DFD4,2,2,False
TRQWBNS128F4265100,74,35,False
TRQWCDQ12903CA734F,4899,2937,True
TRQWCNQ128F9329CA3,35,20,False
TRQWDNH128F93173BE,10854,4761,True
TRQWDPQ128F149DBD1,77,32,False
TRQWEGF12903CBDAD4,22,11,False
TRQWEHN128F422F29D,516,209,False
TRQWEWY12903CC2C40,3,1,False
TRQWGFY128F428B9AD,400,212,False
TRQWGOE128F146E99B,729,426,False
TRQWGWV128F4270FD4,413,211,False
TRQWGYS128F424843C,32,11,False
TRQWHEM128F92CC92A,356,199,False
TRQWHWR128F42819A9,3974,2115,True
TRQWIJY128E0799396,1470,905,True
TRQWIML128F424843F,80,29,False
TRQWJIT128F934B109,634,240,False
TRQWKKK128F429043E,56,30,False
TRQWKRF12903CEAB9E,337,130,False
TRQWLXF128F4267EDA,1406,462,True
TRQWPGH128F4264381,78,47,False
TRQWPVX128E078DCE5,596,217,False
TRQWPZA128F934ADB8,127,25,False
TRQWQEO128F14A13FE,109,39,False
TRQWRFK128F4243856,109,71,False
TRQWRUU128F4254AC6,652,211,False
TRQWSKD12903CC5E0F,88,35,False
TRQWTVM128F4261A68,1897,1011,True
TRQWUAH128EF346713,451,146,False
TRQWUNM12903CAE90B,114,49,False
TRQWUUG128F1485DAB,4893,1671,True
TRQWVLC12903CE598F,421,130,False
TRQWXVW12903CA885E,378,143,False
TRQWYKQ128F4273C6F,243,99,False
TRQWYLY128F149F2AC,152,106,False
TRQWYSR128F427113E,78,50,False
TRQXAIV128F422A79C,31,18,False
TRQXDIJ12903CA4654,98,48,False
TRQXDZA128F422BC6B,983,321,True
TRQXEKV12903CAC8EC,17,14,False
TRQXFVP128F423787C,158,68,False
TRQXJMO128F428C853,211,48,False
TRQXJSX128F4289D0B,27,12,False
TRQXKEA12903C99C8E,16493,4691,True
TRQXKEP128F423EAA4,468,275,False
TRQXOPO128F9354757,43,25,False
TRQXOPP12903CF73E2,688,383,False
TRQXQZM128F4253561,59,33,False
TRQXRRH128F1477261,42,25,False
TRQXSKC128F425B269,32,13,False
TRQXTJG128F1474059,40,20,False
TRQXTTC128F4264434,1709,553,True
TRQXUIW12903CF05FD,631,362,False
TRQXVMV128F9311879,72,15,False
TRQXVWZ128F933E701,238,131,False
TRQXWHR128F42525BB,195,92,False
TRQXWTY128F92C5A7A,1937,921,True
TRQXWWH128EF33EF5C,339,99,False
TRQXXEY128E0784D41,341,88,False
TRQXYDQ128F427B8D2,3420,1802,True
TRQXZDV128F92FC622,4,4,False
TRQYAHR12903CBFD9C,52,21,False
TRQYARO128F9343167,1217,430,True
TRQYCFV128F9322F50,5,5,False
TRQYCQA128F42370CF,932,199,True
TRQYCRR128F428C894,56,24,False
TRQYEBP128F92E4F05,16153,4876,True
TRQYEMT128F42814FD,89,31,False
TRQYGRE128F42191AE,73,29,False
TRQYGUV128F1462E01,3496,1380,True
TRQYHQJ128F428692C,58,30,False
TRQYJKD128F92F418E,735,310,False
TRQYNDU128F4266F34,27,14,False
TRQYOZP128F14767EE,162,42,False
TRQYPOT12903CDDCB3,22,10,False
TRQYUHC128F4258B0D,1653,864,True
TRQYUQZ128F4227D7A,23,11,False
TRQYVHV128F428193B,81,27,False
TRQYWSX12903CF16C3,1575,797,True
TRQYXAE128F1486DE9,4330,2777,True
TRQYXNR128F1458E82,27,19,False
TRQYXWN128F42AA4E6,25,11,False
TRQYXXP128F1455B7B,112,68,False
TRQYZSO12903CF2034,8,6,False
TRQZAWN128F426B39F,133,66,False
TRQZBDG12903CF4348,66,24,False
TRQZBVK128F14AA592,131,103,False
TRQZCAN128F4278FDA,141,66,False
TRQZCOJ12903CC3934,8,7,False
TRQZCOK12903CE6E9C,680,267,False
TRQZDAX12903CEC347,85,43,False
TRQZEGA128F428FEFE,802,243,False
TRQZEYJ128F934EF27,8,4,False
TRQZFVP128F4298DD3,8639,2318,True
TRQZHAY128F424E1C4,2070,738,True
TRQZHLT128E0784BCB,85,56,False
TRQZHPV12903CA8864,284,138,False
TRQZIIV12903CE0E29,169,43,False
TRQZMOQ12903CC5E0B,80,33,False
TRQZNFN128F42B72AA,17,10,False
TRQZNTC128F934BC26,168,72,False
TRQZNZI12903CB069F,182,97,False
TRQZPMJ128F933A5B1,96,49,False
TRQZPRJ128F425B6FE,3,2,False
TRQZREN128F9313253,2591,1138,True
TRQZROT128F4286728,6,2,False
TRQZTFQ128F14857CB,1132,559,True
TRQZZXP128C719670D,1123,408,True
TRRAAUJ128F148C239,134,70,False
TRRABPE128F42AA877,501,169,False
TRRADJY128F9346F57,8,4,False
TRRAEJH128E0781B75,742,467,False
TRRAFIA128F148A1AF,127,111,False
TRRAFLS128F14698BC,9,3,False
TRRAHLP128F92E6EC0,1455,571,True
TRRAHVK128F146DB0B,1615,922,True
TRRAISO128F148AE5F,520,235,False
TRRAIUU128F145E1A1,1238,528,True
TRRAKET128F933CE7E,593,209,False
TRRAKNM128F9310CE5,760,428,False
TRRAKXT128F93024EC,61,17,False
TRRAMCS128F934B99D,825,341,False
TRRAMYH128F146A650,39,15,False
TRRAOED128F4284764,182,72,False
TRRAOEH12903CF8D61,108,57,False
TRRAOSJ128F933A194,380,193,False
TRRAOTQ128F42B228A,11,8,False
TRRAPYU128F92D842D,19,12,False
TRRAQUT128F9347601,462,191,False
TRRARAE128F42911F0,312,113,False
TRRARBO128F14AD3FF,1,1,False
TRRATGA128E078189D,36,21,False
TRRATJF12903CF457A,21,12,False
TRRAVAT128F930D675,9,4,False
TRRAVXC128F4271977,94,56,False
TRRAVYD128F4285D9D,139,84,False
TRRAWHC128F428A4A3,483,249,False
TRRAWKO128F42724B8,43,7,False
TRRAWLU12903CB3E16,640,308,False
TRRAXGA128F14B0F43,3111,848,True
TRRAYMD12903CF2E1B,5,4,False
TRRAYQS128F9317993,195,106,False
TRRAZQL128F42866F0,86,38,False
TRRBBOH128F92F99E8,7734,2550,True
TRRBBUU128F1464DF3,169,57,False
TRRBCTK128F424409E,34,17,False
TRRBELW128F42591AD,1057,454,True
TRRBGPO128F93325CF,1,1,False
TRRBIKO128F428CBB3,12,10,False
TRRBIQT128F42482E3,243,111,False
TRRBJZN12903CF225A,12,11,False
TRRBKBQ128F92D8947,560,197,False
TRRBKIR128E078A2D0,211,99,False
TRRBLMF128F421A08B,45,27,False
TRRBLPV12903CC4486,84,33,False
TRRBNKK128F92F99F0,1549,788,True
TRRBPML128F424FE73,123,55,False
TRRBQMR12903CB3BDD,257,197,False
TRRBQPC128F429EA33,1695,1346,True
TRRBRDG128F9321658,1571,426,True
TRRBTSU128F92F433F,179,82,False
TRRBUTE128F9366EC4,552,244,False
TRRBUVF128F92F2D90,21,9,False
TRRBWDQ128F92FD2EA,184,82,False
TRRBZRO128F426299A,58,36,False
TRRCBTD12903CC62E4,155,64,False
TRRCCHK128F4281CF9,260,144,False
TRRCDWX128F42720E2,999,641,True
TRRCEQD128F425DA4A,360,288,False
TRRCEQY128F4292BCC,910,361,True
TRRCEXK128F92F8223,37,11,False
TRRCHIJ12903CAF6D6,253,100,False
TRRCHUZ12903C9ECE7,153,39,False
TRRCIBD128F14AD6B8,17,8,False
TRRCIPH128F92EDF76,274,59,False
TRRCJEI128F92C23B1,437,191,False
TRRCJGA128F42882BA,51,22,False
TRRCJQQ128F9355610,136,50,False
TRRCLOI12903CB53D9,34,18,False
TRRCLPF128F425C191,281,77,False
TRRCMFL128F425906D,2,1,False
TRRCNZT128F92FFF47,6,4,False
TRRCOQJ128F429EA04,672,433,False
TRRCQKV128F14681F6,231,208,False
TRRCSFI128F931386F,505,236,False
TRRCSPG128F92FF370,43,15,False
TRRCTHX12903CA87BD,52,26,False
TRRCTIM128F93257ED,23,6,False
TRRCTSE128F92E8B89,249,95,False
TRRCUVD12903CC28D1,31,14,False
TRRCWQB128F428679B,1284,468,True
TRRCWXH128F42B917C,496,299,False
TRRCXIP128F1481996,924,401,True
TRRCXPO128F4295F6E,973,417,True
TRRCXVU128F92C24F9,1153,267,True
TRRCZDQ12903CD349F,92,25,False
TRRDAMT12903CC9B20,304,178,False
TRRDEBU128F42484A9,125,85,False
TRRDFVG128F42893F7,943,449,True
TRRDGFR128F92E4F12,4,4,False
TRRDGGZ128F934AE59,490,284,False
TRRDGQF128E0789C11,11,7,False
TRRDHDO128F92EFA5B,68,24,False
TRRDIKR128F9330FC5,826,307,False
TRRDIKW128F148B2D3,292,144,False
TRRDKSS128F423A023,25,13,False
TRRDLCQ128EF346067,63,22,False
TRRDPHM128F1455E4B,496,233,False
TRRDPIC128F428A27F,267,78,False
TRRDPJM128F14A2187,300,192,False
TRRDSGA128F932A417,1501,513,True
TRRDSVH128F429570A,271,107,False
TRRDTBG128F423982B,33,21,False
TRRDTBW128E0782714,197,139,False
TRRDTUH128F42980AC,90,51,False
TRRDUHI12903CC56EB,2,2,False
TRRDWJY128F92FE6FB,1,1,False
TRRDXJZ128F425C36F,6,2,False
TRRDXVP12903CF0435,77,8,False
TRRDYPK128F932EB66,1,1,False
TRRDYQW128F9302C5D,3010,1119,True
TRRDYRT128F422D46A,2,2,False
TRREAKD128F92E2DE7,336,162,False
TRREARI128F42329D5,23,8,False
TRREAWT12903D05505,883,510,True
TRREAZD128F1494398,2551,957,True
TRRECVV128F9305DFA,1193,432,True
TRREDMG128F428AA5E,292,132,False
TRREEYE128F429B5D1,2569,763,True
TRREGRV128F422B288,372,229,False
TRREHMO128F423F2BF,147,55,False
TRREHWX128F42A3C8E,211,71,False
TRREJMX128F42BA3D2,10,7,False
TRRELDW128F93266D0,175,114,False
TRRELZC128E078ED67,20584,8629,True
TRRENTG12903CA9B1E,181,36,False
TRREPMK128F4285269,44,24,False
TRREPNE128F1472B75,8,2,False
TRREPNS128F932937F,1127,329,True
TRREQWG128F14A884D,27,15,False
TRRERFL12903C9CF17,54,15,False
TRRERUT128F1477144,1389,652,True
TRRETMP128F93481AB,46,26,False
TRREUHF128F427CA35,270,88,False
TRREUKS128F429B0B3,323,153,False
TRREXFC128F92EA27A,4203,1500,True
TRREXME128F4269809,16,14,False
TRREXTV128F14A3A72,27,18,False
TRREXUT12903CAD661,9,4,False
TRREXXW128F931A117,922,539,True
TRREXYS128E0789C8B,113,35,False
TRREYAT128E0792409,1086,566,True
TRREYFF128F93048E9,1647,705,True
TRREYGR128F145E707,148,55,False
TRREYOW128F93196BF,13,3,False
TRREYOW12903CF7884,4397,1847,True
TRREZGG128F932CA14,3,3,False
TRREZGT12903D0524D,196,57,False
TRREZJL128F92F16B1,40,7,False
TRREZQR12903CDC9C4,93,20,False
TRREZTZ128F428272F,173,87,False
TRREZUW128F934303A,11,7,False
TRREZVZ12903CBF707,38,17,False
TRREZZY12903CDAF13,75,38,False
TRRFAED128F1473598,100,36,False
TRRFAHL12903CA8B51,1,1,False
TRRFAHM128F930C614,3,2,False
TRRFAKS128F4278616,23,17,False
TRRFAMI12903CCEE83,52,30,False
TRRFAUS128F4281EAB,11,2,False
TRRFAVV128F930CDE1,55,13,False
TRRFBCM12903CB53E5,4,4,False
TRRFBKE128F1461516,355,166,False
TRRFBOI128F92CA922,16,11,False
TRRFBVD128F930B49B,96,53,False
TRRFBWR128F4229565,20,16,False
TRRFCAE12903CE970F,77,11,False
TRRFCDT128F930CA37,6,4,False
TRRFCPA12903CC010F,1,1,False
TRRFCRD128F4293B70,457,176,False
TRRFCRV12903CD3279,925,463,True
TRRFCSI128F423A71C,114,72,False
TRRFCVQ128F4232A74,40,26,False
TRRFCYI128F423F07B,1198,652,True
TRRFCZZ128F92E0332,2,1,False
TRRFDAM128F934B516,138,54,False
TRRFDJT128F92FCC5F,35,17,False
TRRFEBA12903CBD577,755,391,False
TRRFECZ128F934C637,98,38,False
TRRFEDE12903CBB1FF,47,19,False
TRRFEMO128F931CBAB,6,6,False
TRRFEMP128F1481E94,21,3,False
TRRFEPG128F425736C,38,22,False
TRRFEXH128EF343B23,320,91,False
TRRFFFL128F9359E60,17,17,False
TRRFFKW128F428CE61,2284,1053,True
TRRFFMM128F42480D7,52,24,False
TRRFFTC128E078944D,238,81,False
TRRFGSF128EF34E073,57,18,False
TRRFGSM128F1472962,5,3,False
TRRFHDR128F930C0ED,34,12,False
TRRFHGA128F9303EC7,18,12,False
TRRFHGM128EF35EED0,292,94,False
TRRFHIM128E07926A2,76,16,False
TRRFHOB128F92C3F89,15,8,False
TRRFHST128F425C75F,221,168,False
TRRFHVD128EF35CBBB,175,32,False
TRRFHVE12903CD475C,10,7,False
TRRFHXC128EF33FE4D,131,79,False
TRRFJBW128E079277E,1966,600,True
TRRFJFL128F42858BD,1607,769,True
TRRFJGS12903CD9E19,55,33,False
TRRFJIW128F92EEFBC,45,25,False
TRRFJSD128F1488313,99,59,False
TRRFKRO128F4282739,147,61,False
TRRFKYL128F4275989,55,25,False
TRRFKZQ128F92CD2B1,754,267,False
TRRFLFN128F4268B55,12,4,False
TRRFLHE12903CDE735,3307,582,True
TRRFLVR128F425DF25,9,7,False
TRRFMAA12903D0D9B4,1,1,False
TRRFMLJ128F4265466,63,31,False
TRRFMYC128EF348C72,344,142,False
TRRFMZA128F92E53BD,20,4,False
TRRFNES128F933D77E,37,11,False
TRRFNKF128F146AE82,22,7,False
TRRFOOV128F4276F34,4,2,False
TRRFOTE128F4284B79,898,611,True
TRRFOVU128F427AEEF,1335,653,True
TRRFOZB128E0789072,888,531,True
TRRFOZL12903CF7443,1579,512,True
TRRFPAA128F14735B4,9,9,False
TRRFPLZ128F92CFA4D,1611,611,True
TRRFPMI128EF355B5C,15,11,False
TRRFQNX12903CC2EDD,2,1,False
TRRFQRP128F9308C28,3,3,False
TRRFQUW12903CAA687,6,5,False
TRRFRQO128F92F700B,394,127,False
TRRFRQX12903CA7290,101,50,False
TRRFSRR128F429BA43,65,34,False
TRRFSTX12903CD1861,3,2,False
TRRFTBF128F932D4DA,16,4,False
TRRFTVL128F149E1B8,2,2,False
TRRFUEU128F42144C6,1,1,False
TRRFUFW128F145AA03,847,41,True
TRRFUQM128EF353C27,265,107,False
TRRFUSU128F428B53F,204,97,False
TRRFUYC128F9305AF3,247,108,False
TRRFVCY128F42781F0,702,55,False
TRRFVKU128F9313CA3,45,25,False
TRRFVTU12903CFB85A,7,3,False
TRRFVWF12903CC5712,49,19,False
TRRFWBB12903CBE734,35,7,False
TRRFWDR12903CAC8A4,1786,938,True
TRRFWIO128F92E31F3,2989,1173,True
TRRFWPQ128F424A917,7,2,False
TRRFWQG128F428477E,12,8,False
TRRFWQM128F145BE06,42,24,False
TRRFXCJ128F9333510,2,1,False
TRRFXGD128F424C219,1,1,False
TRRFXGN128F42206C9,4,4,False
TRRFXJH128F146960D,533,119,False
TRRFXKK128F4236FF0,17,8,False
TRRFXMM128F42537AE,2,2,False
TRRFXZR128F42602A1,40,25,False
TRRFYGI12903CDD600,237,49,False
TRRFYHY128F4228CE6,75,26,False
TRRFZLM128F429C295,10,8,False
TRRFZMC128F14A0B78,898,429,True
TRRFZNN128F934C33A,1,1,False
TRRFZSB12903D0C734,159,64,False
TRRFZXU128E078F97C,440,239,False
TRRGADE128F92E10EA,114,54,False
TRRGAEY128F426A929,9,5,False
TRRGAOI128F426F5D9,330,134,False
TRRGAQY128F9300E84,32,9,False
TRRGAXV128F42B6BD9,403,123,False
TRRGBFS128F4262677,270,86,False
TRRGBMM128F1454737,78,7,False
TRRGBVW128F42727D9,11,6,False
TRRGBWT128F4274A56,52,35,False
TRRGBXO128F428280C,48,20,False
TRRGBZN128F934B713,19,7,False
TRRGCAS128F4284F43,116,33,False
TRRGCFG128F92F4431,134,78,False
TRRGCSE128F146B23A,89,63,False
TRRGCXU128F14596E6,25,14,False
TRRGDAD128E078EF0B,146,96,False
TRRGDBJ12903CF0BD8,96,72,False
TRRGDCR128F42464E8,521,192,False
TRRGDLI12903CACB8B,334,156,False
TRRGDRZ128F4258D34,9,4,False
TRRGENO12903CE720B,6,6,False
TRRGEQO128F92F0F49,35,8,False
TRRGEYW12903CBBDD3,10,2,False
TRRGFAR12903CE52E0,755,195,False
TRRGFKL12903CA45D1,122,53,False
TRRGFWJ12903CB9798,9,7,False
TRRGFYS128F146B23E,123,63,False
TRRGGGE128F424DA24,419,209,False
TRRGGHV128F92D1AB8,17,10,False
TRRGGKN128F92F8FC4,488,310,False
TRRGHPD128F149EFDB,237,37,False
TRRGHPO128F429253D,505,232,False
TRRGHSS128F427C38D,10,7,False
TRRGIBF128F427025E,1103,461,True
TRRGIDH128F1494DEF,658,340,False
TRRGIDR128F92F0A2D,5,2,False
TRRGIJV128F930C330,156,45,False
TRRGILE128EF342A95,27,15,False
TRRGILV128F42626CC,183,98,False
TRRGISO128F14A4531,25,16,False
TRRGIZN128F149E04E,53,23,False
TRRGJLY12903CEDE5C,26,16,False
TRRGKAI12903D005A6,2266,420,True
TRRGKFQ128E0786085,211,99,False
TRRGKHJ128F92F64DA,11671,6014,True
TRRGKKO128F424943E,60,25,False
TRRGLEP128E079534C,654,335,False
TRRGLHI12903CE87F6,11,4,False
TRRGLQM128F422F77D,244,89,False
TRRGLVR128F145FE0A,31,6,False
TRRGLVY128F425F79E,38,7,False
TRRGMAX128F92DE6BA,451,209,False
TRRGMDV128E078AA07,93,63,False
TRRGMKV12903CCE26A,159,79,False
TRRGMML128F934586C,19,6,False
TRRGMPE128F426C124,968,268,True
TRRGMPU128F42B8BF6,1478,676,True
TRRGMXY128F427C9DA,412,139,False
TRRGNDV128F429EB90,659,305,False
TRRGOMY128F92F8B95,17,6,False
TRRGPFD12903CC83E2,34032,11092,True
TRRGPGO12903CB97C1,590,303,False
TRRGPMB128E0781CF1,39,20,False
TRRGPNE128F9303210,22,7,False
TRRGPPR128F145E610,55,40,False
TRRGPRE128F145D083,394,82,False
TRRGPSF128F92D92AA,2998,1046,True
TRRGQBQ128F9301534,38,2,False
TRRGQFR128F92CEB99,137,81,False
TRRGQJD128F14B079D,196,107,False
TRRGQLQ128F934C324,87,25,False
TRRGQNK12903CDF8D1,8,6,False
TRRGQNP128F42BA023,54,21,False
TRRGQUQ128F934AFB6,109,78,False
TRRGRGN128F93218C4,14,11,False
TRRGRIH128F933A360,13,9,False
TRRGSFC128F92C542B,98,32,False
TRRGSGX12903CAF454,421,65,False
TRRGSQJ128F933A33B,27,9,False
TRRGTBD128E078F513,1126,499,True
TRRGTIG12903CF2E88,84,35,False
TRRGTKM128F4276BA6,311,88,False
TRRGTOV128F425B9D1,28,14,False
TRRGTTO12903CF0A3A,700,185,False
TRRGTWM128F42BCBE9,37,22,False
TRRGUIA128F93083CB,556,67,False
TRRGUKA128F423181D,1,1,False
TRRGULB128F92E1582,3,3,False
TRRGUMF128F145B447,6,4,False
TRRGUNX128F933C0B4,38,18,False
TRRGUWM128F9325371,65,23,False
TRRGVLE128F1489103,301,185,False
TRRGVZI128F92EE03F,53,46,False
TRRGWFF128F930BD06,6,1,False
TRRGWHY128F93043DB,12882,3759,True
TRRGWLT128F428F68D,41,15,False
TRRGWOP128F42A5DCD,23,3,False
TRRGWPT128F931472B,340,143,False
TRRGXEP128F424C5F5,67,18,False
TRRGXFA12903CFFF87,14,4,False
TRRGXLI128F428AFE5,78,18,False
TRRGXNI128F426938A,1,1,False
TRRGYCY128F92F90D9,368,220,False
TRRGYHW128F9323586,44,19,False
TRRGYMH12903CF7C21,3638,1755,True
TRRGYVH128F425C835,6,6,False
TRRGZAO128F92CD2BC,405,161,False
TRRGZHT128F92FE248,1,1,False
TRRGZJP12903CD31F1,20,5,False
TRRGZJT12903CB1404,158,28,False
TRRGZKD128F428C725,1674,575,True
TRRGZTI128F4255806,6253,1878,True
TRRHACJ128F146948F,3107,1393,True
TRRHAMT128F4293BD8,1418,775,True
TRRHAQH128F42792E9,4969,1666,True
TRRHARM128F9327ADE,355,56,False
TRRHAYO128F4259DE8,61,40,False
TRRHBLR128F4213E11,231,127,False
TRRHBZV128F933DD94,3060,760,True
TRRHCEU12903CED9C7,12,10,False
TRRHDGZ128F9340B22,2931,1484,True
TRRHDKM128F93146C2,1,1,False
TRRHDKV128F428ED62,110,23,False
TRRHDPP12903CA438F,131,43,False
TRRHDQB128F93181C1,57,31,False
TRRHEGP128F421C7D0,353,122,False
TRRHEXV128F4240643,594,239,False
TRRHFPH128F4264FB7,137,93,False
TRRHFSJ128F429A6E2,51,11,False
TRRHFVI12903CA5F3E,400,133,False
TRRHGAN128F147CC63,21,6,False
TRRHGPI128F92E293A,651,104,False
TRRHHFO128F42B6503,194,115,False
TRRHHOH128F4220A55,69,24,False
TRRHHOO12903CBCACC,83,22,False
TRRHHPV128E078E725,51,24,False
TRRHIBU128F14A0C3B,1435,394,True
TRRHIDB128F935A6E1,15,9,False
TRRHIEW128E0795CD9,562,284,False
TRRHIKZ128F425A598,10,7,False
TRRHIMI128F933A5E6,119,44,False
TRRHIMQ128F92DE729,44,15,False
TRRHIQG12903CB613C,31,8,False
TRRHISM128F93145F9,2186,1485,True
TRRHITF128F931C676,764,328,False
TRRHJFR128F4276049,42,18,False
TRRHJGS12903CBEA1F,17,13,False
TRRHJPU128F933857E,5,1,False
TRRHJVH128F4238AB6,45,23,False
TRRHKBY128F92E28DD,3266,1156,True
TRRHKJU128F935A7C3,1,1,False
TRRHLEO12903C9D1C8,4,3,False
TRRHLLN128F930DF44,1599,576,True
TRRHLLR128F9343B12,2,2,False
TRRHLNT128F426DEAC,117,56,False
TRRHMCH12903CEC792,3863,1073,True
TRRHMGN128F92FBB35,2,2,False
TRRHMGQ128F92DE209,44,38,False
TRRHMLQ128F934B1D8,1,1,False
TRRHNWQ128F92FFDEF,1,1,False
TRRHOMD128F4266AEE,25,13,False
TRRHOOW128F145CB71,37,14,False
TRRHOQM128F931E638,5,5,False
TRRHOVN128F42B257A,1101,676,True
TRRHOWL128EF3685F8,286,236,False
TRRHPNZ128F42A07B0,44,19,False
TRRHQBO128F92D2C33,334,196,False
TRRHQCR128F9305B11,1204,405,True
TRRHQHV128F1497E58,229,138,False
TRRHQVO128F92F6AEB,7,6,False
TRRHQXG12903CD4913,261,63,False
TRRHRBK128F92F09A3,18,6,False
TRRHRUL128F42633BF,1133,339,True
TRRHSPQ12903CFA404,38,17,False
TRRHSQS128F42900FF,3271,1359,True
TRRHSQT128F4262E8D,8,4,False
TRRHSUL128F92F5318,59,31,False
TRRHSXF128F9324F4C,1956,615,True
TRRHTAO128E07824F1,605,463,False
TRRHULH128E0793425,516,321,False
TRRHUQP128F429496D,82,51,False
TRRHUUI128F9319B47,127,76,False
TRRHVPL128F42A1344,2,1,False
TRRHVTR128E0783BC7,141,80,False
TRRHVXZ12903CAD3CB,23,5,False
TRRHWRU128F93321DC,125,70,False
TRRHWWQ128F92F95FC,179,44,False
TRRHWZL128F14774A1,820,420,False
TRRHXGS128F931C53D,19,12,False
TRRHXZX128F93191C4,4244,1739,True
TRRHYCI128F426242C,2958,937,True
TRRHYQD12903CEF9CC,1,1,False
TRRHYVS128F934B531,16,9,False
TRRHYWF12903CA14CD,192,83,False
TRRHYYB128F9316000,400,258,False
TRRHYYO128E0792F79,444,287,False
TRRHZGX128F9309F58,8,6,False
TRRIAHM12903D06182,4537,1116,True
TRRIAKL128F934AE5B,124,59,False
TRRIAKP128F930CAF8,18145,5002,True
TRRIAMA128F4267622,8,5,False
TRRIBCD128F92FDA31,20,9,False
TRRIBEL128F92F33BD,139,36,False
TRRIBFW128EF351CE4,6,6,False
TRRIBOP128F934D0E6,1135,408,True
TRRIBRE12903CC278D,162,72,False
TRRIBYA128F934D0DD,2596,1068,True
TRRIBZZ128F425A392,67,31,False
TRRICTN128F429E67B,5,3,False
TRRIDFX128F429DB8C,3987,2441,True
TRRIDKM12903D0D9B0,363,117,False
TRRIECV128F424F0D5,24,13,False
TRRIELI12903CB66E3,34,14,False
TRRIESG128F422F281,400,187,False
TRRIEYM128F426F5DC,44,16,False
TRRIFJB128F92D868D,3,3,False
TRRIFPL128F427C42C,36,21,False
TRRIGJN128F934B976,7,5,False
TRRIGTN128F146518D,433,84,False
TRRIGXH12903CB17E1,150,84,False
TRRIHBF128F428192D,7803,3734,True
TRRIHEP128F42769EF,20,8,False
TRRIHLA128F424819D,3773,1498,True
TRRIHLP128F932EF59,1,1,False
TRRIHRO128E0784631,1193,509,True
TRRIIQE12903CBF71A,6,4,False
TRRIITK128F934B46C,33,16,False
TRRIJAU128F931CE3F,2118,759,True
TRRIJBV128F42710A3,89,38,False
TRRIJBY128F92EC784,4,2,False
TRRIJDC128F42633B1,1,1,False
TRRIJFY128F932B3F0,343,80,False
TRRIJIQ128F931B06D,90,49,False
TRRIKAD128F93144C4,24,13,False
TRRIKJJ128F426F559,249,96,False
TRRIKMS128EF340A2D,11,6,False
TRRILFX128E0792685,10,4,False
TRRILOT128F42749ED,14,6,False
TRRIMBA12903CBF03E,357,126,False
TRRIMHB128F92EF84A,802,326,False
TRRIMMG128F424C594,26,16,False
TRRINIY128F426A5F6,379,165,False
TRRINOI128E078F9D8,1655,496,True
TRRINUP12903D01AC4,1261,324,True
TRRINVA128E0791DF8,239,83,False
TRRINVE128E0781CF8,1061,534,True
TRRINVG128F934C330,62,33,False
TRRINWT12903CB3732,16,10,False
TRRIOHC12903CEB04F,90,29,False
TRRIOSE12903CBEA13,4,4,False
TRRIOXN128F92EFB85,5,3,False
TRRIPAO128F426365B,1,1,False
TRRIPCN128F1495BC5,593,230,False
TRRIPDI128F933BA0D,498,61,False
TRRIPQV12903CF8E8B,1,1,False
TRRIPXR128F42490AE,15,11,False
TRRIQAP128E07845D3,64,42,False
TRRIQVW128F4289792,1,1,False
TRRIRAA128F149FFAA,118,5,False
TRRIRIN12903CF8489,87,33,False
TRRIRMX128F92E6272,6746,1931,True
TRRIRSY128F933A345,1244,303,True
TRRIRTE128F932028D,136,71,False
TRRIRVA12903CDB4A6,32,20,False
TRRIRWS128F934B52F,9,4,False
TRRISGZ12903CCF809,8,6,False
TRRISKY128EF3434F1,4889,1559,True
TRRISMS12903CDB605,62,44,False
TRRISVL128F42454C6,37,20,False
TRRITDB128F933D925,16,13,False
TRRITEJ128F4266ABF,19,14,False
TRRITIJ128F93077F5,58,38,False
TRRITOW128F4250CE1,41,22,False
TRRITVA128F14A5976,159,92,False
TRRITWQ128F9311286,1593,644,True
TRRITXQ128F424F9A4,82,43,False
TRRIUHG128F424364B,553,341,False
TRRIUKV128F423AAF5,1013,531,True
TRRIURD12903CB7320,172,99,False
TRRIURM128F147B2BB,835,283,False
TRRIURO128F426353A,1782,792,True
TRRIUSZ128F427B77C,106,77,False
TRRIUTV128F4268A5D,355,193,False
TRRIUVD128F426227D,175,93,False
TRRIVDJ128F429B0E8,995,378,True
TRRIVHW12903CC6400,3,1,False
TRRIVWI128F4263D5B,137,77,False
TRRIWEZ12903CE292E,357,143,False
TRRIXAE12903CCCC78,1306,560,True
TRRIXRC128F92E8440,4,4,False
TRRIYDG128F422AD8E,384,114,False
TRRIYEB128F426364A,72,32,False
TRRIYER128F92F17A8,14,5,False
TRRIYLF128F92D9252,32,4,False
TRRIZEY128F92FBFFE,146,74,False
TRRIZSK12903CDCE24,70,24,False
TRRIZVC128F4288E83,100,53,False
TRRIZYQ128F92EC177,22,11,False
TRRJAEJ12903CD3B87,7,5,False
TRRJAFL128F422AA59,92,40,False
TRRJATE128F1458516,6,6,False
TRRJAXS128F428A75E,269,156,False
TRRJBMR128F93003D5,73,34,False
TRRJBSE128E079271B,411,236,False
TRRJCAJ128F425A7A9,651,222,False
TRRJCMC128F42969F7,63,40,False
TRRJCXB128F9308C16,2,2,False
TRRJDAL128F4262A96,19,8,False
TRRJDFZ128EF35C7E1,98,19,False
TRRJDLG128F4273C6E,59,25,False
TRRJDMK12903CAFF51,32,12,False
TRRJFMF128F424ECC3,315,159,False
TRRJFVU128F4294C87,12,9,False
TRRJFXX128F427A71F,8582,2998,True
TRRJFYD128F426AF61,133,52,False
TRRJGLI128F92EF9B7,1428,849,True
TRRJGPB128F4281A8D,444,162,False
TRRJGQU128F934B53C,998,461,True
TRRJHKK12903CF47E7,442,142,False
TRRJHNB128EF351BF1,2049,697,True
TRRJIJN128F9305116,42,33,False
TRRJJEK128F426866E,45,26,False
TRRJJKX128F4270F8A,918,479,True
TRRJJMN128F148AD0B,931,404,True
TRRJJQM128F92F9FE2,61,25,False
TRRJJTX128E07989F1,74,10,False
TRRJJTZ128F935A645,244,169,False
TRRJKQC12903CCC62C,2108,1020,True
TRRJKZM128F92D1821,91,37,False
TRRJLHZ12903CE8491,1,1,False
TRRJLUR128F92DE2CA,1022,421,True
TRRJLZP12903D00712,183,69,False
TRRJMDC128F931DFCD,244,94,False
TRRJMDQ128F146CC0B,4927,849,True
TRRJMHF12903CC62D3,291,88,False
TRRJMRG128F9331FA1,1,1,False
TRRJMRV128F42891C3,3390,941,True
TRRJMZU128F42BBC75,107,32,False
TRRJMZV128F933B1BF,31,11,False
TRRJNHC128F42762C6,15,9,False
TRRJNIY128F42968F2,250,104,False
TRRJOFS128F424800A,98,33,False
TRRJOUH128F42AE294,28,19,False
TRRJOUL128F1456792,1134,355,True
TRRJPDX128F1457169,6,6,False
TRRJPIF128F423EFE5,100,33,False
TRRJPNY128F1480B61,241,61,False
TRRJPQR12903CD5203,257,147,False
TRRJPZD128F92F2949,15,7,False
TRRJQES128EF35675B,3690,2044,True
TRRJQOU128F4252947,129,59,False
TRRJQPV128F42383ED,2,2,False
TRRJQSG128F428E87F,1892,647,True
TRRJRAZ128F934BC6A,19,16,False
TRRJSFN128F4214FE3,202,87,False
TRRJSSP128F4254648,6,4,False
TRRJTGI128F425D0D8,618,395,False
TRRJUPO128F930327A,6993,2763,True
TRRJUUD128F422EE44,73,21,False
TRRJVDE128F932A6CC,141,63,False
TRRJVNE128F934BBDC,1533,399,True
TRRJVPC128F4294954,6,4,False
TRRJVVF128F421B3E2,17,11,False
TRRJWAV128F92EF299,530,177,False
TRRJWCP128F931472E,237,112,False
TRRJWDW12903C9852F,297,131,False
TRRJWXX128F42817B7,219,103,False
TRRJWZB128F92D86C1,18,6,False
TRRJXQO128F42581B4,4,3,False
TRRJXWK128F92FE2D9,627,153,False
TRRJXWS128F428750A,418,69,False
TRRJYHQ128F148383E,11,6,False
TRRJYLR128F932AA83,50,25,False
TRRJYTU128F14534FC,108,16,False
TRRJZBQ128F4294AD9,91,42,False
TRRJZDI128F92F8F41,142,109,False
TRRJZDP128F9309876,2,2,False
TRRJZKY128F42821D5,35,13,False
TRRKAQE128EF35D30B,1,1,False
TRRKASB128F429EA6E,1581,1109,True
TRRKBHX128F1467D6C,95,18,False
TRRKBQB128F4285D4E,85,55,False
TRRKBVU128F4235A44,1181,491,True
TRRKBXC128F92EAA4F,17,9,False
TRRKCHY128F147D6A4,3541,1046,True
TRRKCRS128F425E0F9,39,9,False
TRRKCVP128F42AD8A1,21,12,False
TRRKDND12903CEF926,5,1,False
TRRKEHF128F4281CF3,607,298,False
TRRKEQY128F42915D7,27,14,False
TRRKFFW128F1451ECC,36,23,False
TRRKFHX128F93222AB,446,202,False
TRRKFNE128F42454DF,52,22,False
TRRKFXI128F9316AC2,3,2,False
TRRKGRC128F932D8F0,37341,9060,True
TRRKHBM128F92E974B,1329,639,True
TRRKHST12903CBA693,189,134,False
TRRKHVX128F426F3C4,131,29,False
TRRKHZU12903CC4CDC,2,2,False
TRRKIJO128F932CBA5,65,12,False
TRRKISW128F931EAF2,117,40,False
TRRKISY128F428BC76,1295,434,True
TRRKIUA128F427FC26,2853,1191,True
TRRKIVO12903CDA97F,758,541,False
TRRKIYQ128F92EBFEE,12,5,False
TRRKIZR12903CDDC3F,7,2,False
TRRKJEJ128F14922F5,1967,870,True
TRRKJNO128F930F409,3,3,False
TRRKJRT12903CB5941,1668,661,True
TRRKJZW128F425F31E,314,168,False
TRRKKOF128F14617DC,117,86,False
TRRKKOX128F428D59A,80,24,False
TRRKKUR128F4287551,664,306,False
TRRKKZK12903CE3965,209,133,False
TRRKLBF128F92C50BB,30,11,False
TRRKLCM128F42B2311,538,317,False
TRRKMGX128F42B53EE,429,246,False
TRRKMHG128F92CA91C,47,26,False
TRRKMOD128F9346B9E,1264,482,True
TRRKMSC128F932F97F,18,8,False
TRRKMWL128F92F44D5,738,147,False
TRRKNIK128F934C26A,781,204,False
TRRKNYG128F92DA2DD,28,20,False
TRRKODA128F146DE22,10599,3595,True
TRRKOLH128E0793FF2,274,135,False
TRRKONT128F931E1E0,6,2,False
TRRKOOK128F425C87A,69,25,False
TRRKPCZ128F428B147,8,6,False
TRRKPIN128F427AA79,114,42,False
TRRKPIO128F9335F7E,4115,1251,True
TRRKPUQ128F427B271,40,11,False
TRRKQNA128F423EE8F,2523,1114,True
TRRKQNO128F92F964A,2,2,False
TRRKQSB128F428476E,57,38,False
TRRKSZC128F423EF5C,282,152,False
TRRKTAN128F42282B7,3832,1268,True
TRRKTQS128F4265B46,288,88,False
TRRKTZZ128F426BABC,46,18,False
TRRKVFY128F428D4CE,85,27,False
TRRKVSO128E0789F10,67,24,False
TRRKWDI12903CAB6AB,24,8,False
TRRKWSQ128F42792B4,2,1,False
TRRKXFG128F425DD52,1782,580,True
TRRKXIA128F42AD93A,90,30,False
TRRKXNQ128F9339002,28413,7313,True
TRRKXRS128F93069B1,277,128,False
TRRKZAB128F425E040,181,62,False
TRRKZZS128E078114E,1291,721,True
TRRLAIN128F42677AB,146,43,False
TRRLBNW128F426A2EB,54,28,False
TRRLBTA128F4259F56,25,14,False
TRRLBWO128F4239387,207,87,False
TRRLBXV128F42815E1,55,18,False
TRRLCAP128EF34C53D,171,20,False
TRRLCEQ12903CEA634,2521,874,True
TRRLCVW128E078F651,68,44,False
TRRLDBZ128F93253F0,237,62,False
TRRLEAZ128F934168F,316,109,False
TRRLEXA128F92C4057,54,36,False
TRRLFCP128F932CED4,10,6,False
TRRLFFH128F427C469,1208,591,True
TRRLGBX128F1468615,941,486,True
TRRLGDR128F933A7C9,9675,2843,True
TRRLGVD128F421D0E1,120,42,False
TRRLHBX128F9343438,4318,1263,True
TRRLHSL128F423B199,134,32,False
TRRLIPU128F930FA09,13,4,False
TRRLIXT128F4261E96,149,90,False
TRRLJCC128F9329989,137,40,False
TRRLJFH128F92FCDDA,6023,2641,True
TRRLLBA128F92EDBFE,555,236,False
TRRLLEP128F9317C2D,33,15,False
TRRLMBZ128F42BA561,9852,3762,True
TRRLMCB128E0798516,114,31,False
TRRLMGD128F932929F,6,4,False
TRRLMPG12903CF135A,15,10,False
TRRLMQE12903CAEB86,42,21,False
TRRLNFY12903CA5F39,708,206,False
TRRLNKH128F1465035,597,233,False
TRRLNLO128F9310CD4,492,350,False
TRRLNOZ128F4289E4D,420,216,False
TRRLNPS128EF355B68,224,43,False
TRRLNWO128F92F2485,7651,2502,True
TRRLOGQ128F92C26A6,251,147,False
TRRLOIC12903C9D185,9,4,False
TRRLOLT128F4276D90,61,30,False
TRRLPPC12903D05239,5,2,False
TRRLPQN128F147E940,177,59,False
TRRLPXF128F93074F6,889,353,True
TRRLQFB128E0792F78,3019,1084,True
TRRLQIP12903CB78F7,7887,3533,True
TRRLRGR128F42BA30A,3,3,False
TRRLSLQ128F427FE84,282,106,False
TRRLSNM12903CE009D,1094,398,True
TRRLTKS128F149A306,10,9,False
TRRLTLD12903D106B0,16,7,False
TRRLVSU128F92E7101,27,11,False
TRRLVXW128F42721B6,10928,3555,True
TRRLWJV128F4238B38,18,13,False
TRRLWOE128F426A5F3,254,66,False
TRRLXIW128F424846B,2,2,False
TRRLXLY128F4272EDC,12,10,False
TRRLYJG128F42B0233,9,2,False
TRRLZAX12903CC4850,4,3,False
TRRLZJI128F42818C0,117,53,False
TRRLZJR128F14AAFAF,242,165,False
TRRLZVT128F42254B9,14,9,False
TRRMACK128F934DDD8,40,15,False
TRRMAPE12903CDCA5A,14,8,False
TRRMATZ128F9319B75,1107,410,True
TRRMBUA128F92FA5C8,170,52,False
TRRMBZK128F148A5FB,49,30,False
TRRMCFR128F429CD6A,41,21,False
TRRMCTU128F14655EA,212,99,False
TRRMDXU12903CE9E19,816,349,False
TRRMETY12903CA0E79,5,5,False
TRRMFRO128E07953CE,228,120,False
TRRMFTB128E0792971,58,29,False
TRRMFYZ128F427A49C,48,23,False
TRRMGHI128EF35267E,4,3,False
TRRMGKK128F934B009,154,40,False
TRRMGNH128E07923CC,407,214,False
TRRMGWC128F426733E,982,653,True
TRRMGYL128F92D3F13,94,64,False
TRRMHCK128F934711A,81,48,False
TRRMHGN128EF343347,329,138,False
TRRMHLN128F92FCE56,620,198,False
TRRMHYQ128F421EAD9,6,4,False
TRRMIAJ12903CE299B,21,14,False
TRRMIOV12903CC65C5,1,1,False
TRRMIRC128F426D9ED,57,24,False
TRRMIWO128F428B6F1,224,97,False
TRRMJES128F935A682,16,6,False
TRRMJWJ128F427ED5A,12,12,False
TRRMKPQ128F42B2E1F,39,16,False
TRRMLEK12903CF2266,11,10,False
TRRMLJW12903CF1084,226,138,False
TRRMMHH128F92CC390,133,43,False
TRRMMQI128F9326A60,51,20,False
TRRMMRL128F9345154,291,144,False
TRRMNBX12903CE01E1,34,17,False
TRRMNIA128F424FD90,77,20,False
TRRMNLW128F92D92B0,24949,6570,True
TRRMNYT128F92E289B,1,1,False
TRRMOIW128E078E1D4,755,480,False
TRRMOPL12903CD43BD,313,129,False
TRRMOUK128F4281975,229,76,False
TRRMQHK128F4257727,1113,427,True
TRRMQPA128F42770EF,45,30,False
TRRMQTE12903CF2786,169,44,False
TRRMRBY128F932D821,10,6,False
TRRMRGL128EF344BF4,1858,738,True
TRRMRMZ128F9317C24,22,10,False
TRRMRPX128F931EB12,349,145,False
TRRMSCV12903C9F62B,6,6,False
TRRMSRD128F14534F7,3,2,False
TRRMTFO128F426593D,1,1,False
TRRMTFZ128F4238D7F,109,20,False
TRRMTLS12903CDB1F3,6,3,False
TRRMTSO128F92EEFDA,22,16,False
TRRMTUC12903CD6CFE,926,455,True
TRRMTZU128F4262D51,565,192,False
TRRMUAO128F92FAE60,7,5,False
TRRMUSB128F93338BC,26,10,False
TRRMUTO128F92E7C91,12,4,False
TRRMVBR128F92F64BA,4509,3038,True
TRRMVJH128F931664C,64,24,False
TRRMVQS128F9313174,2900,905,True
TRRMWEN128E078E20D,474,255,False
TRRMWGF128F42888A9,5,4,False
TRRMWIP128F93560E1,62,35,False
TRRMWJH128F42B91C5,1095,581,True
TRRMWMI12903CC62C9,40,24,False
TRRMWPH12903CDF8D3,8,5,False
TRRMXER128F930ACDE,76,31,False
TRRMXEU128F9313626,21,5,False
TRRMYRE128F4258296,70,44,False
TRRMYTU128F4259AED,33,24,False
TRRMZAA128F148AF0D,5,3,False
TRRMZBG128F42725F0,2,2,False
TRRNADZ128F424FE72,84,26,False
TRRNBJE12903CE6A76,561,186,False
TRRNCQO128F932FB29,3184,850,True
TRRNDRG128F9301809,512,352,False
TRRNFBG128F930A8B4,113,40,False
TRRNFEO128F42935D0,755,255,False
TRRNFKR128F4246A8F,197,32,False
TRRNFTF128F9310CA5,64,31,False
TRRNGAM128F92FB97A,63,18,False
TRRNGVE128F1470279,64,26,False
TRRNHCS128F9337C90,72,22,False
TRRNHOV128F4256DFE,9,7,False
TRRNHVD128E0792C4D,213,121,False
TRRNICB128F9328D66,3,2,False
TRRNIHV128F92EE2DC,2,2,False
TRRNIJE12903CC6F70,144,55,False
TRRNJBC128F4271D5C,93,34,False
TRRNJKY128F93215EE,138,38,False
TRRNJWK128E0780F57,14,7,False
TRRNKQV128F145CE14,57,24,False
TRRNKRQ12903CFA6C1,760,252,False
TRRNKXO128F42B3038,6,5,False
TRRNLKS128F42A52E4,1822,1420,True
TRRNLMA128EF33FE4B,209,108,False
TRRNLMJ12903D05F67,257,94,False
TRRNMCF12903CDA5D7,1705,744,True
TRRNMCY128E078E5F7,2084,1251,True
TRRNMGB128F935A636,1569,682,True
TRRNMTI128F92DDCBE,11,4,False
TRRNMTV128F428BB7A,85,42,False
TRRNMWX128F42868DB,147,49,False
TRRNNKX12903CE6BE9,1922,591,True
TRRNNLW128F9309DFB,247,124,False
TRRNNPB128F14979C8,188,135,False
TRRNNSF128F932AF2D,139,23,False
TRRNNSQ128F4281C7E,714,229,False
TRRNNXD128F92F6DAC,1043,447,True
TRRNNXO128F428EFEF,290,144,False
TRRNNYH128F4217C8A,106,55,False
TRRNONX12903CB3162,62,40,False
TRRNOPY128F931E7B1,746,259,False
TRRNOUQ128F425C6BB,337,155,False
TRRNOUT128F425DCF5,580,304,False
TRRNOZY128F92F518F,2024,1125,True
TRRNPBE128E078FD94,189,66,False
TRRNQEB12903D00D92,448,115,False
TRRNQGT128F429399E,6,6,False
TRRNQUJ128F42637EA,340,146,False
TRRNSIW12903CF54B5,70,37,False
TRRNSMA128F427C6EF,5,5,False
TRRNTGW12903CDE1A9,862,362,True
TRRNTIZ128F4275FC9,317,182,False
TRRNTML128F4290FF4,350,186,False
TRRNUCU128F4233164,77,49,False
TRRNUDX128F429594C,100,60,False
TRRNUHX128F9305B95,936,417,True
TRRNUIF128F1472CDD,19,7,False
TRRNUJD12903CEBBC8,841,402,True
TRRNUKN128F9362F38,12,10,False
TRRNUUY12903C95B10,1022,336,True
TRRNVFO12903CCC1B7,20,10,False
TRRNWAK128F92F29FB,3264,1399,True
TRRNWBQ128F14520BB,199,75,False
TRRNWCK128F92F91EF,68,30,False
TRRNWEN128F425B22D,713,312,False
TRRNWIB128F428F980,4,4,False
TRRNWRY128F92FDA2A,23,11,False
TRRNXET128F42A7AF6,225,75,False
TRRNXPE128F93318AB,64,34,False
TRRNXYL128E079260B,230,148,False
TRRNYVZ128F9319566,62,32,False
TRRNYZY128E0781678,212,90,False
TRRNZBN128F147CC7A,8201,3180,True
TRROBFZ128F4283CB5,171,70,False
TRROBGA128F934ABB0,35,18,False
TRROCBW128E0788BBC,36,24,False
TRROCHQ128F4268672,9,3,False
TRRODAS128F92C92BF,5,1,False
TRRODNY128F1491A74,308,143,False
TRROENN12903CEBE2A,12,7,False
TRROEXR128F4295204,9,8,False
TRROFLU128E0781B66,56,34,False
TRROFPG12903CAF691,29,14,False
TRROFPN128E0782EFA,208,67,False
TRROHMX128F42720A6,46,29,False
TRROHRA128F9304FD9,850,275,True
TRROIZW128F93067CB,2,1,False
TRROJNB12903CE58DE,835,312,False
TRROKCQ128F4280786,297,83,False
TRROKVR128F4262059,507,259,False
TRROLES128F422A787,160,63,False
TRROLJX128F934B391,813,255,False
TRROLOB128F92FBF55,90,31,False
TRRONDX128F4259852,100,44,False
TRRONJP128F42519A5,1,1,False
TRRONNI128F428EFEB,364,163,False
TRROORH12903CAFE7C,389,133,False
TRROOSH128F423DAB7,9,8,False
TRROPIJ128F42AF236,139,31,False
TRROPQK128F9324F59,676,303,False
TRROPQP128F42631A2,2973,1230,True
TRROPTP12903CDE373,1,1,False
TRROPWH128F428AD0F,261,124,False
TRROPWV128F429AEB5,1,1,False
TRROPZI128F92E4554,4,4,False
TRROQXP128F9309C07,2184,721,True
TRROQYB128F92FE6DD,5,4,False
TRRORAN128F9316F14,2117,1406,True
TRROREX128F92F9300,610,306,False
TRRORKI128F428F9F9,1701,719,True
TRRORYG128F42891F9,4,3,False
TRROSNK128F42144D0,107,47,False
TRROTGD128F4250DFA,5,3,False
TRROTYB128F92F6ABB,1591,589,True
TRROUTJ128F42BA54C,3,2,False
TRROUWZ12903CE7F1F,33,23,False
TRROVQH128F429D28F,246,142,False
TRROWKU128F93133DB,1,1,False
TRROXFJ128F426735E,45,27,False
TRROXYA128F4272640,571,407,False
TRROYLN128F427BBE9,306,161,False
TRROYRS128F933F177,1,1,False
TRROYZI128F422DEF8,30,16,False
TRROZCM128F934BD5E,89,32,False
TRROZVW128F4280058,173,54,False
TRROZYH128E07864CB,60,35,False
TRRPAAM128F4224C97,15,8,False
TRRPAFU12903CEA389,60,20,False
TRRPAGF128F931B9DD,4,4,False
TRRPAYZ128F423A06D,682,301,False
TRRPAZN12903CB6095,224,96,False
TRRPCCM12903C9C7A2,46,38,False
TRRPCFP128F429D34B,35,11,False
TRRPCWR12903CD9F44,90,38,False
TRRPDET128F92F772F,15,9,False
TRRPDYA128F42432C4,5,5,False
TRRPEBJ128F149074E,5,3,False
TRRPECX128F4290628,283,110,False
TRRPEHA128F92DE86B,432,182,False
TRRPESG12903CF2007,44,10,False
TRRPFNC128F92FBE65,2,2,False
TRRPGSJ128F425EAA2,5,4,False
TRRPHLD128F4272081,1714,510,True
TRRPHQO128F148A1AA,613,328,False
TRRPHSI128E0792370,2175,975,True
TRRPHWN128F92EAA46,1604,840,True
TRRPIIA12903CB5DC4,39,18,False
TRRPIZJ128F92C493D,37,19,False
TRRPIZP128F42467EC,99,46,False
TRRPJDO128F428AD0F,84,26,False
TRRPKVQ12903CB0357,17,8,False
TRRPKZV128F9316F69,338,216,False
TRRPLCA128F149965D,1022,309,True
TRRPLPU128F4275697,1,1,False
TRRPMBR12903CDCFFC,208,79,False
TRRPNNQ12903CB411A,20,13,False
TRRPNSV128F147C014,41,9,False
TRRPNTI128F92E7888,145,67,False
TRRPNVT128F4214A89,378,196,False
TRRPPBC128F42752BB,198,94,False
TRRPPSL128F930B0EB,15,7,False
TRRPQIX128F93121C1,20,19,False
TRRPQXX128F1454B9F,9,7,False
TRRPREJ128F4263D5D,59,40,False
TRRPRHC128F4258BE9,4,4,False
TRRPRKD12903CC8150,1076,522,True
TRRPRSU128F932B3DF,64,30,False
TRRPRXH128F423F02F,7097,3126,True
TRRPRYR128F424F089,823,527,False
TRRPSDS128E078A338,2870,1570,True
TRRPTOH128F42468A8,1056,298,True
TRRPTQJ12903CE822D,4,2,False
TRRPTRE128F146C800,200,94,False
TRRPTTR128F93146D7,259,93,False
TRRPUED128F931127B,673,325,False
TRRPWAH128F42A1097,105,35,False
TRRPWUA128F4291BD7,1,1,False
TRRPYQZ128EF34DF5C,127,63,False
TRRPYXP128F424F4AE,15,7,False
TRRPZEH128F1466812,374,220,False
TRRPZRQ128F425E7C2,20,10,False
TRRQBCM128F426A80C,53,33,False
TRRQBED128F4279305,4189,1768,True
TRRQCFX128F428B975,78,34,False
TRRQCMV12903CF8153,54,27,False
TRRQDXB128F92F8F90,4,3,False
TRRQEGM128F4291407,260,132,False
TRRQEIV128F932A472,64,27,False
TRRQEJK128F92F7605,46,14,False
TRRQENX128E078E5E2,161,52,False
TRRQEPN128F14AE221,374,176,False
TRRQETO128F42902AB,593,430,False
TRRQGPH128F424379A,2233,1368,True
TRRQGWG12903D06C3F,1121,588,True
TRRQHBM12903D00BC6,66,30,False
TRRQHZG128F146AD5F,104,19,False
TRRQIDV128E07937FF,638,217,False
TRRQIVI128C7196708,606,337,False
TRRQJCA128F9303261,267,129,False
TRRQJMG128EF342D4A,317,191,False
TRRQJNC128F9330FD7,332,178,False
TRRQJPR128F4257BA3,15,7,False
TRRQKDW128F930D149,1,1,False
TRRQLEB128F4272083,80,40,False
TRRQLUJ128F4296E13,148,32,False
TRRQLWI128F92EF828,43,30,False
TRRQMQZ128F429B126,1409,460,True
TRRQMXP12903CD444F,56,26,False
TRRQNEE128F42980BC,129,56,False
TRRQNJW128F92FE599,159,64,False
TRRQNOV128F42777DE,191,52,False
TRRQNPG128F92EC75D,13,10,False
TRRQOAF128F4295912,4,2,False
TRRQPCF128F4281CF2,463,220,False
TRRQPCZ128F92E750C,317,104,False
TRRQQDY128F932657A,738,288,False
TRRQQUC128F14567B0,1,1,False
TRRQRRR128F92FE8D2,4,3,False
TRRQSBH128F421C976,1007,540,True
TRRQSLK128F9331758,61,18,False
TRRQTQX128F1474A11,30,14,False
TRRQTRA128F932FC2F,45,24,False
TRRQUFC128F4278052,216,126,False
TRRQUMP128E07996F7,206,95,False
TRRQUPI128F42656E8,982,256,True
TRRQUUD128E0782C0D,319,161,False
TRRQVCE128F4286E7D,7,2,False
TRRQVGF128EF344BF6,914,424,True
TRRQVMQ12903CBDFCC,592,199,False
TRRQWCG128F9329C06,531,196,False
TRRQXFL128E078F355,660,329,False
TRRQXOZ128E07860F8,971,558,True
TRRQXPX12903CF4304,35,25,False
TRRQXXI128F92FC717,160,80,False
TRRQXZO128F14ADE3A,568,173,False
TRRQYEK128EF343591,136,69,False
TRRQYJD128F930070A,8,7,False
TRRQYNF12903D00B66,483,201,False
TRRQYQO12903CEC79E,57,17,False
TRRQYUZ128E078199C,5553,2143,True
TRRQZEM128F4257F89,12,7,False
TRRQZHP128F92F8DBE,2,2,False
TRRQZTB128F92EAF5C,1631,837,True
TRRRAHZ128F4281B95,1049,378,True
TRRRALG128F148C5FA,189,94,False
TRRRAUV128F92EB1A9,2,2,False
TRRRBHC128F92D5427,1519,664,True
TRRRBHS128F933C15A,224,107,False
TRRRCNP128F145CA21,378,55,False
TRRRDCO128F1455B66,586,299,False
TRRRDKL128F930BFD9,101,22,False
TRRRDNX128F423645A,152,75,False
TRRRDZR128F422926D,21,11,False
TRRREFI128F4272F06,1,1,False
TRRRELT128F92F70B9,715,188,False
TRRRERV12903CB0C91,1617,985,True
TRRRFYZ128F92EAB74,56,34,False
TRRRHFF128F92FCB95,56,3,False
TRRRHKI128C7196BBF,229,145,False
TRRRHPM128F932C941,4,4,False
TRRRIBX128F9333BAB,1,1,False
TRRRIGS128F92E4553,21,7,False
TRRRIMB128F429154C,25,8,False
TRRRINX128F933CB1D,129,70,False
TRRRIUK12903CFB054,356,125,False
TRRRIVO128F930867B,1398,767,True
TRRRIWZ128F92FCAFE,7,1,False
TRRRJMA128F9314630,14,7,False
TRRRKDK128F92E2E23,96,28,False
TRRRMDQ128F9336A13,1434,405,True
TRRRMKC128E0792990,22893,7431,True
TRRRMRK128F4267605,28,13,False
TRRRMZZ128F421EC31,44,16,False
TRRRNCU128F4263316,124,48,False
TRRRNHH128F422B1FF,26,12,False
TRRRNKB128E07827ED,490,198,False
TRRRNMB12903D09F64,70,31,False
TRRRPHM128F92D9267,2217,686,True
TRRRRCH128F9342C72,5048,2013,True
TRRRSFY128F4230A56,173,57,False
TRRRSPS128F92F7D29,25,9,False
TRRRSZY128F4259F6D,112,52,False
TRRRURP128F42858B3,553,378,False
TRRRUXN128F932DAE8,160,49,False
TRRRVNT128E079326C,971,399,True
TRRRVYU128F932C2EB,1524,852,True
TRRRWRI128F149B8F9,482,228,False
TRRRWWI128F4251733,9,3,False
TRRRXAC128F1460468,22,11,False
TRRRXUD128F4252583,33,10,False
TRRRYBA128F4229372,166,102,False
TRRRYKQ128F9331043,7,5,False
TRRRYPW128F4266B00,14,11,False
TRRSAFS128F42947BE,214,77,False
TRRSAON128E07861A2,2810,775,True
TRRSAPE128E07899DD,1596,903,True
TRRSBGP128F42627DB,16,10,False
TRRSBHA128F425E8B5,11813,2095,True
TRRSCIC128F92CC95B,7392,3606,True
TRRSCIH128F146EC1C,6806,1961,True
TRRSCNO128F425AC23,80,28,False
TRRSDPL128F933093F,17,11,False
TRRSECQ12903CF8927,68,47,False
TRRSEUP128F93298FE,1,1,False
TRRSGMK128F428B827,8,5,False
TRRSHAU128F4288A56,219,69,False
TRRSHDC128F4264CDA,7,6,False
TRRSHFC128F92C2AC8,202,100,False
TRRSHNE128F42AD734,482,49,False
TRRSIFI12903CE7325,17,7,False
TRRSIOQ128F425B22F,27,11,False
TRRSIYQ128F427C63A,9,7,False
TRRSKRE128F92CA523,3324,1291,True
TRRSMGE12903CF42FA,222,94,False
TRRSMKZ128F92F9143,118,96,False
TRRSNDX128E0793B02,1517,805,True
TRRSNRZ12903CF4474,114,34,False
TRRSOAF128F1471500,4358,1928,True
TRRSOHF12903CA82F4,98,14,False
TRRSOIC128F9343B94,467,151,False
TRRSOSL128F426227E,366,174,False
TRRSQIG12903D01603,30,10,False
TRRSQZD128F92EA2A6,59,24,False
TRRSSGV12903CD8DCD,41,17,False
TRRSSRF128F92FA3A9,4,2,False
TRRSSVE128F92D969E,691,150,False
TRRSTGW128F9333AD3,22,14,False
TRRSUAF128F93388A3,10,7,False
TRRSUFA128F424DA88,8,7,False
TRRSUMM128F425B701,18,9,False
TRRSUWA128F14A19A2,70,18,False
TRRSVFJ128F426FB31,104,58,False
TRRSVGK12903CB3C2D,87,56,False
TRRSVWI128F92FFF37,11,6,False
TRRSWEO128F429312A,645,476,False
TRRSWEX12903CE4924,2,2,False
TRRSWOW128C7196519,7,5,False
TRRSWWR128F4255C69,22,18,False
TRRSXCR128F42918AB,3553,1008,True
TRRSXUG12903D00B48,2148,662,True
TRRSYUN128F932F7E2,5163,2997,True
TRRSYUZ128E0790177,2150,882,True
TRRSZHB12903CBE7F9,24,10,False
TRRSZKD128F933D41E,280,112,False
TRRTAAT128F149798E,3740,2100,True
TRRTAHX128F421427A,537,245,False
TRRTAMR128F92E28DF,782,366,False
TRRTAUL12903CE431D,170,78,False
TRRTCJD128F932A77E,1135,651,True
TRRTDHQ12903CB63A2,41,21,False
TRRTDIT128F428BDFE,59,32,False
TRRTELE128F427EC7E,3226,913,True
TRRTELY128F933D134,23,11,False
TRRTEMV12903CDCEA4,13,8,False
TRRTEYK128F92E07B8,25,8,False
TRRTEYU128C7196AE8,142,96,False
TRRTGIB12903CAE214,72,35,False
TRRTGRD128F932D58E,56,44,False
TRRTGSQ128F4298709,2303,636,True
TRRTHBX128F424FC20,45,23,False
TRRTHYD128F932B3EC,13,8,False
TRRTICS128F146CC20,1885,643,True
TRRTIHM128F42781BF,4,4,False
TRRTIKG128EF349E4C,5956,640,True
TRRTIKG128F422BABB,825,395,False
TRRTITK128F145ACF9,378,150,False
TRRTKIZ128F9302697,39,20,False
TRRTLII128F422B9D6,2387,929,True
TRRTMEO128F935AEFD,10,7,False
TRRTMGX128F9331F7B,130,79,False
TRRTMIT128F427E29E,1593,659,True
TRRTMRG128F9302A14,868,407,True
TRRTPAF128F42A24CA,170,123,False
TRRTPGK128F42A05FD,1349,269,True
TRRTQEU128F4246B7A,246,104,False
TRRTQRU128F148AE61,171,101,False
TRRTRKJ128F147A335,598,314,False
TRRTRTX128F92F4681,133,66,False
TRRTUDV128F934515B,240,122,False
TRRTULY12903CF9947,72,10,False
TRRTUND128F429B12D,1060,362,True
TRRTUTV12903CFEBD6,5,3,False
TRRTVCE128F93112E6,1671,867,True
TRRTVHH128F423B10F,30,13,False
TRRTVSZ128F930145A,958,247,True
TRRTVVF128F930FD97,3783,1263,True
TRRTVYK12903CD4914,65,24,False
TRRTVYT12903CC2508,111,74,False
TRRTYXG128F422BAC7,985,391,True
TRRTZNA12903CC854C,11,6,False
TRRTZXG12903CB6338,380,221,False
TRRUAAR128F421CE5B,459,222,False
TRRUAPA128F92F482C,386,157,False
TRRUAQT128F428206B,1,1,False
TRRUBAH128F425CF67,10,7,False
TRRUBEI128F4236C6C,1194,596,True
TRRUBVI128F92E3662,113,45,False
TRRUCBT12903CF41C1,21,10,False
TRRUCGH128F429329E,130,36,False
TRRUDBE12903CF1239,85,31,False
TRRUDOT128F424DB18,16,11,False
TRRUDQU128F4231034,1,1,False
TRRUEIS128F148197C,905,438,True
TRRUEKC128F9326DD5,7,4,False
TRRUFGJ128E0786BA4,556,341,False
TRRUFGY128F42886F3,93,79,False
TRRUFIW128F93256B1,16,14,False
TRRUFJJ128E07925FB,666,279,False
TRRUFTQ128F427AC27,215,90,False
TRRUGBL128F4293128,561,442,False
TRRUGMB12903C99C99,3109,1264,True
TRRUGTF128F146E9AA,475,168,False
TRRUGXM128F42689B3,81,27,False
TRRUHCZ128F92FE558,165,81,False
TRRUHDA128F933FC39,1,1,False
TRRUHDH128F92F80C4,1316,448,True
TRRUHQN128E0781A4F,697,335,False
TRRUHQZ128F424EF19,1100,396,True
TRRUHYN12903CAE6C8,1059,417,True
TRRUIEJ128F425A236,148,36,False
TRRUIIW128F427138C,2537,941,True
TRRUIKN128E078218F,5298,2768,True
TRRULIB128F42767C5,58,25,False
TRRULIW128F92EF7ED,69,20,False
TRRULMK128F421E0CC,89,33,False
TRRULVY128E078113A,81,40,False
TRRUMNJ128F931C303,451,188,False
TRRUMSC12903CA7767,700,115,False
TRRUNEV128F148D719,570,298,False
TRRUOPC128F932C8D9,64,10,False
TRRUOXU128F421BB22,198,82,False
TRRUPGO128F425A23A,343,102,False
TRRUPLJ128E07886A3,1021,463,True
TRRUPMD128F427C553,110,49,False
TRRUQAX128F92FDEF0,10255,3414,True
TRRUQQW128F425045E,1132,544,True
TRRUQUI128F4263881,205,111,False
TRRURKL128F425DCA2,1598,515,True
TRRUSXB128F1474B87,217,108,False
TRRUSXB128F92C293B,13,12,False
TRRUTHC128F93269F3,7097,3252,True
TRRUTON12903CB62D8,473,229,False
TRRUUNU128F92CB351,51,21,False
TRRUUYA128F92EDC6E,362,176,False
TRRUVCV128F9310C05,392,154,False
TRRUVHB128F93321D7,308,143,False
TRRUWJH12903CDFFF4,435,104,False
TRRUWMB128F421BD40,188,105,False
TRRUXTC12903CE8963,2056,1148,True
TRRUYMI128F42A36A2,166,30,False
TRRUZDD128F421B7F7,20,11,False
TRRUZLF128F42396D0,9135,4950,True
TRRUZRT12903CEBB6B,12,3,False
TRRVAHQ128F9341F16,270,106,False
TRRVAPH128F14A376F,40,21,False
TRRVBVW128F14AE21F,484,200,False
TRRVBZZ12903CDD06C,15,5,False
TRRVCUX12903CEA981,263,89,False
TRRVDIM128F9351D9E,41,27,False
TRRVDXO128F14541C6,394,130,False
TRRVEDO128F147B0C9,4589,1238,True
TRRVFHQ12903CA2764,306,169,False
TRRVFQY12903CF5E6B,13,7,False
TRRVFSC128F9339096,675,341,False
TRRVFVM128F92E1539,222,83,False
TRRVFZM128F421D0CB,101,40,False
TRRVGPN128F426B399,571,211,False
TRRVHRU128F428CB77,30,13,False
TRRVHTJ128F9308505,795,170,False
TRRVIMJ128F9334B0D,148,62,False
TRRVIYD128E0780DB9,2718,1065,True
TRRVJAB128F931C30F,477,207,False
TRRVJCK12903CD2DCB,61568,20439,True
TRRVJMK128F422C06E,7,5,False
TRRVJXY128F428AAEB,553,210,False
TRRVKBX128F92C7E9C,226,121,False
TRRVMFT128F429632F,1650,602,True
TRRVNPQ128F14744EE,836,345,False
TRRVNYW128F932CCF3,1399,596,True
TRRVOCU128F92E5533,13,4,False
TRRVQFS128F92DE6B4,968,299,True
TRRVQIA128F1464FAF,22,22,False
TRRVSBS128F425A7B0,9253,3512,True
TRRVSER128EF33DCB4,219,133,False
TRRVSFU12903CB0DA2,191,27,False
TRRVSHN128F42812B1,271,162,False
TRRVTRX128F92C92AD,4,3,False
TRRVTSR128F146AD62,274,90,False
TRRVUCK128F429E9B5,56,37,False
TRRVVTK128F422BB5D,952,237,True
TRRVVVM12903C93BCA,10,6,False
TRRVXDM128F1472AC8,1,1,False
TRRVZEN128F425E8B1,352,138,False
TRRWBAT128F4249DF5,1496,347,True
TRRWBEK12903CDC9CF,245,84,False
TRRWBNE128F42A29F1,2077,696,True
TRRWCOL128F42AD05D,69,32,False
TRRWDQH128F1454BB9,159,71,False
TRRWDSZ128F92D94C1,36,21,False
TRRWFWI128F42884CA,36,19,False
TRRWGWJ128F42B914D,657,352,False
TRRWHAJ128F146A2B6,281,142,False
TRRWHVN128E0783B94,1,1,False
TRRWJLU128F92F9912,28534,11228,True
TRRWJNG128F92F7145,56,30,False
TRRWJSM128F427B3FE,185,54,False
TRRWKIE128F934B24E,90,46,False
TRRWKWD128E078EC02,253,157,False
TRRWLHT128F421686C,1366,707,True
TRRWLYL128F1456CAA,79,39,False
TRRWMGR128F424FD02,962,286,True
TRRWMIP128F42881A6,5577,1733,True
TRRWMRA128F92E3989,35,20,False
TRRWMZW12903CC813B,238,148,False
TRRWNGB128F92EB631,63,53,False
TRRWNOX128F92F2A41,2,2,False
TRRWNWP128E0792E3A,170,102,False
TRRWOUG12903CF05E9,1483,532,True
TRRWOVN128F9359342,4,2,False
TRRWOYZ128F427979A,648,267,False
TRRWPFR12903CF9F4E,18,8,False
TRRWPIQ128F4247D65,177,96,False
TRRWQFM128F92CC60F,181,78,False
TRRWQOT128F933BB40,849,308,True
TRRWQQS128F931D2E6,178,43,False
TRRWQYT128F92C690F,14,10,False
TRRWRCC128F93393CC,306,139,False
TRRWRDG128E078EA7C,26,14,False
TRRWRED128F930A8B1,3,3,False
TRRWRKG12903CF0601,561,361,False
TRRWRKS12903CBE6FE,29,11,False
TRRWSJD128F42730ED,17,8,False
TRRWSKF12903CAF570,1072,582,True
TRRWTEE128F933771E,150,100,False
TRRWTFF128F932B707,6889,2522,True
TRRWTOO12903CF667B,230,88,False
TRRWTOR128F9321DE6,1,1,False
TRRWTSN128F423A3D1,1084,306,True
TRRWUMB12903CDD65D,56,32,False
TRRWWQP128F4245757,722,103,False
TRRWWYS128F429EC21,9,6,False
TRRWXAM12903CAEF20,120,47,False
TRRWXEY128F933D16F,3,3,False
TRRWYKX128F92E9D40,9,5,False
TRRWYOG12903CF7950,2,2,False
TRRWYYL12903CF0607,754,401,False
TRRWZEN128EF359E18,580,396,False
TRRWZGA128F92F919F,1337,583,True
TRRWZJA128EF365CDC,125,42,False
TRRXAYP12903CC9ED7,24,4,False
TRRXBFV12903D09E54,60,12,False
TRRXBKR128F9359DFA,1383,466,True
TRRXBOP12903CDA624,68,19,False
TRRXDLK128F92D94C0,85,29,False
TRRXDRF128F930C9A2,267,215,False
TRRXEAM128EF345499,90,41,False
TRRXFHO128EF3550BC,10578,6586,True
TRRXGAK128EF349F1A,34382,10543,True
TRRXGBI128E0782085,87,40,False
TRRXGIS128E0781C66,7379,2838,True
TRRXHAI12903CF22D0,19,11,False
TRRXHFT12903CBD7BF,418,276,False
TRRXHGZ128F92F16AD,1789,852,True
TRRXIOF128F42ADCD0,21,12,False
TRRXIRF12903CDA147,20,11,False
TRRXKWT128F934E726,11,4,False
TRRXLBO12903CF0EAE,11,8,False
TRRXLMD128F42AC302,176,106,False
TRRXMAP128F4293448,1346,451,True
TRRXMHD128F42AD8C8,59,22,False
TRRXMJM128F934B8C2,15,10,False
TRRXNKE128F93293DF,3,3,False
TRRXPDO128F4266DEF,477,187,False
TRRXQAC128F429E351,38,18,False
TRRXSMN128E0796896,91,47,False
TRRXUEH12903CC643E,176,52,False
TRRXUFH128F424F32B,536,336,False
TRRXULI12903D0CACE,29,8,False
TRRXVUC128F92E0649,552,349,False
TRRXWJT128F934AAEA,153,72,False
TRRXWKJ128F429146C,1,1,False
TRRXWOV128F9310552,2048,1118,True
TRRXWPW128F4242276,107,78,False
TRRXWWR128F427581F,208,92,False
TRRXXCZ128E079147A,544,299,False
TRRXYNU128F42638F6,885,148,True
TRRXZHL128EF3684A4,349,151,False
TRRXZKE12903CEAD8E,4,2,False
TRRXZLS128F1498525,9,6,False
TRRYCBO128F932A2C7,20226,5213,True
TRRYCUN128F42821E1,24,7,False
TRRYCYW128F4278E58,6,2,False
TRRYDVM128F14857D3,1337,599,True
TRRYEED128F14617E2,20,3,False
TRRYGMR128F93294B6,73,22,False
TRRYGPJ12903CCDEA1,2320,814,True
TRRYGUA128E0791DD3,1256,701,True
TRRYGYD128F425D5BC,105,33,False
TRRYHFN12903CC3E96,216,98,False
TRRYHJZ128F931451F,312,102,False
TRRYIST128E078E206,475,275,False
TRRYJUR128F932DFFB,1,1,False
TRRYLVP128F421A523,23,9,False
TRRYLYK128F92F89F6,3512,1876,True
TRRYMIR128F9354778,92,30,False
TRRYMSL128E0789BA3,580,356,False
TRRYNRK12903CC5C57,12,3,False
TRRYNSM128F425AC1E,6,2,False
TRRYOKL128F92F419C,443,162,False
TRRYPQM128F42480DC,40,21,False
TRRYQAK128F931239A,28,8,False
TRRYQKS12903CB9FFC,1452,579,True
TRRYQQU12903CD173B,82,57,False
TRRYRNO128F424FE71,79,65,False
TRRYSUZ128F933CE81,2689,748,True
TRRYTGQ128F427E8D8,293,185,False
TRRYUDS128F146C9FE,82,27,False
TRRYVGX128F428A58E,581,267,False
TRRYVNG128F92FAE0F,31,16,False
TRRYVSK128F9341ECE,144,38,False
TRRYWAQ128F4280769,23,8,False
TRRYWVC128F92E2027,12,8,False
TRRYYVR128F145ACE7,1638,653,True
TRRYZDK128F14655D3,455,155,False
TRRYZEM128F931C206,277,186,False
TRRZADA128F1489362,7,6,False
TRRZBMF128E0782853,358,114,False
TRRZBMM128F933E697,151,82,False
TRRZBMR12903CAC509,9,7,False
TRRZBXW128F14AE04F,12,6,False
TRRZCAN128F422F773,121,60,False
TRRZCQH128F4259E98,299,153,False
TRRZDEA128F425DCA3,273,105,False
TRRZDLS128F93009E0,322,154,False
TRRZDYD128F428BC8B,133,71,False
TRRZEKF128F426ECD3,1062,496,True
TRRZEOQ128F930C163,1111,297,True
TRRZEWO128F428A093,147,53,False
TRRZGUH12903CD34A1,5,3,False
TRRZGVC128F1453CBD,37,23,False
TRRZITD12903CF274A,22,12,False
TRRZJVQ128E0780DB1,2155,1389,True
TRRZKNW12903CEA135,54,14,False
TRRZKQF12903D09D0F,1345,533,True
TRRZKTE12903CD3737,34,27,False
TRRZKUE128F934684E,2,2,False
TRRZKVA12903CC8B49,464,223,False
TRRZLBQ128C71967A0,925,375,True
TRRZMCI128F92EBD58,326,120,False
TRRZMIA12903CD416E,2,2,False
TRRZMXH128F92EC04A,3,3,False
TRRZOBS128F424E4DA,29,11,False
TRRZOFO128F4291D80,5,3,False
TRRZOXO128F42AAFE7,16,13,False
TRRZPVV128F4292225,3136,1432,True
TRRZQEU128F427A3F8,260,116,False
TRRZRRO12903CCC424,44,20,False
TRRZSRX128F931B0FC,353,228,False
TRRZTMQ128F149B0E5,273,146,False
TRRZTYF128F9314717,16,3,False
TRRZTZN128E0792633,282,144,False
TRRZUDN12903CE3A17,2,1,False
TRRZULB12903CBB7A1,664,176,False
TRRZUXJ128F42AD927,23,10,False
TRRZVKM128F14A94E3,3797,1654,True
TRRZWKD128F4263800,5,5,False
TRRZWNB128F92CFEF4,112,36,False
TRRZXCB128F42707DE,150,34,False
TRRZYFP128F92DFC06,3,2,False
TRRZYNF128F93304C6,602,211,False
TRRZYPG12903CBAA13,43,13,False
TRRZYQL128F42A22D7,1320,422,True
TRRZZOM128F9343C58,23,10,False
TRSAAIS12903D0CECD,345,167,False
TRSAAZJ128F42338D3,56,38,False
TRSABIO128F934B5BB,24,14,False
TRSACLI128F4250CBC,15,5,False
TRSADAA12903D01B09,190,130,False
TRSADAK128F92EC47D,908,349,True
TRSAEJZ12903CBD7CF,632,354,False
TRSAFNN128F423D481,979,533,True
TRSAGAR12903D09F9E,154,43,False
TRSAGAY128F92EBB59,767,153,False
TRSAGTZ128F4270EED,54,29,False
TRSAHAZ128F1451F0C,180,130,False
TRSAJGK12903CD2CF2,306,99,False
TRSAJNW128F92CE5D7,82,34,False
TRSAJOV128F4246984,56,31,False
TRSAJSN128F4249498,15,6,False
TRSAKKP128E0780F69,31,20,False
TRSALSU128E07864C5,621,206,False
TRSAMWH128F4214D8B,2248,1115,True
TRSANID128F92DE5F1,19,5,False
TRSAOQE12903CDCDF3,10,3,False
TRSAPIL12903CD8668,1300,350,True
TRSAPJO128F4219330,13,4,False
TRSAPWL128F42ADC99,194,107,False
TRSAQYQ12903CE73D9,6,4,False
TRSARYM128F146568F,40,17,False
TRSASRJ128F4299BCD,23,7,False
TRSASYF12903D0622B,202,78,False
TRSATBO128F4263D5A,668,285,False
TRSATRQ128E0782786,919,371,True
TRSAUOO128EF3409B5,50,32,False
TRSAVAK128F9332F28,7,4,False
TRSAVQV128EF34362A,332,172,False
TRSAVRD12903CF58E9,208,69,False
TRSAVRV128E0784602,3388,1503,True
TRSAVYL128F146ED2A,266,175,False
TRSAVZS128F92F8F04,250,77,False
TRSAWJA128F1492D5E,18,3,False
TRSAWPV128F423F795,737,229,False
TRSAWSR128F14770C7,9,4,False
TRSAXGQ128F429510C,9,8,False
TRSAXWB12903CBD9AD,23,12,False
TRSAYQJ128F427CA25,22,14,False
TRSAYRD128F42494AE,46,14,False
TRSAZFF128F42A10A1,17,14,False
TRSAZFS128F42B7D24,119,47,False
TRSBBDD128F428E10F,21,12,False
TRSBBHO12903CF2259,11,9,False
TRSBBZE128F428AE5E,2170,679,True
TRSBCEX128F426EF9D,3468,742,True
TRSBCFI128F931A4A2,1007,223,True
TRSBCMZ128F92F9017,796,247,False
TRSBDBD128F425E4A0,86,54,False
TRSBDSN128F92F91BE,1604,715,True
TRSBDSR128F93069CA,137,72,False
TRSBDYB128F92FADAF,814,375,False
TRSBEKG128F4251283,53,30,False
TRSBFBF128E078E979,664,333,False
TRSBFJD128F9312496,375,261,False
TRSBFQC128F427B11C,1663,791,True
TRSBHIN128F425A567,338,97,False
TRSBJJE12903CFA1D8,2,1,False
TRSBJNB12903D00B37,3031,603,True
TRSBKAZ12903CEDF2B,97,20,False
TRSBLAG128F92FF641,2832,1376,True
TRSBLDP128F9309198,2245,1163,True
TRSBLMA128F934B1A3,65,24,False
TRSBLPS128F422D9E9,6,3,False
TRSBMBX128F9331A0D,6,5,False
TRSBMHN128F426BF7E,3895,1966,True
TRSBMTR128F4259465,546,107,False
TRSBNBV128F4213CB9,313,110,False
TRSBNQD128E0781211,227,92,False
TRSBNWJ128F42902F6,182,50,False
TRSBOLB12903CBA123,335,130,False
TRSBOQY128F4298354,1222,578,True
TRSBOSB12903CF5E71,17,9,False
TRSBQTM128F930948D,622,169,False
TRSBRFY128F424A094,521,149,False
TRSBRKP12903CFA1C7,87,50,False
TRSBRTH128F9310DC0,927,356,True
TRSBSIP128F428C8BF,23,13,False
TRSBTCC128F9303867,8,3,False
TRSBTGK12903CBF06E,32,9,False
TRSBTZK128F4286392,18,14,False
TRSBVQN128F92FFFA8,3,3,False
TRSBWKF128F423F044,472,274,False
TRSBYGW12903CFEA5F,53,12,False
TRSBYIY128F92C9F01,50,17,False
TRSBYRT128F146E532,36,15,False
TRSBZBU12903CF7CB2,1372,687,True
TRSBZDV128F92C6593,38,27,False
TRSBZXQ128F92FE131,204,104,False
TRSCBEP128F92F8BC0,10,5,False
TRSCBKV128F427888D,137,82,False
TRSCBNI128F92DC63C,816,335,False
TRSCBPH128F42A89DA,13,8,False
TRSCDAV128F92CBE75,1518,475,True
TRSCDKZ128F42B8C16,7,4,False
TRSCDYS12903CB509A,130,43,False
TRSCEAB128EF34C43C,1578,511,True
TRSCFKS128F92FA6E4,92,64,False
TRSCFME128F933196A,63,36,False
TRSCFNI128F9312D0A,274,169,False
TRSCGOT12903CD445C,102,67,False
TRSCHAE128F427B696,106,30,False
TRSCHTY128F4294EB4,1913,536,True
TRSCIKK128F92C4290,480,279,False
TRSCJBV128F9347E3F,25,18,False
TRSCJGX128F9345AF4,44,32,False
TRSCJXM128F425A149,31,12,False
TRSCJYH128F429B5D2,2551,994,True
TRSCKIV128F428CE54,313,67,False
TRSCLRS128F9300AD5,12,5,False
TRSCMBY128F9311188,14347,5476,True
TRSCMEG12903CF4347,153,46,False
TRSCMMQ128F149EF73,84,46,False
TRSCMNA128F933B76A,2242,975,True
TRSCNNO128F427FD0E,272,141,False
TRSCNQU128F426EC2B,276,124,False
TRSCNZQ12903CE2E47,1,1,False
TRSCOWC128F422BFD3,69,24,False
TRSCOYE128F932E610,6,3,False
TRSCPWO128F423F046,712,322,False
TRSCRJL128F9316A57,1640,651,True
TRSCSAW128F426578C,331,196,False
TRSCSWB128F422BA22,1,1,False
TRSCTBP128F4272B89,37,13,False
TRSCTWG128F935E589,26,17,False
TRSCUBC128E0782224,363,211,False
TRSCUCG128F92C6AF8,504,294,False
TRSCUEW128E0781CB8,296,145,False
TRSCWIA128E0785B05,2453,1208,True
TRSCWJC128F931A2F5,184,134,False
TRSCWOR128F4219FE1,125,58,False
TRSCWTQ128F425A28A,69,19,False
TRSCXQD12903CF1DFF,10,7,False
TRSCXSM12903C9CF10,45,11,False
TRSCXYT128F42286F8,21,9,False
TRSCYFH128F4295724,1,1,False
TRSCYVF128F92D183E,33,8,False
TRSCZVS12903CDD084,937,244,True
TRSCZVX12903CFA686,827,458,False
TRSDABQ128F42671BB,49,22,False
TRSDCDR12903CD6480,21,7,False
TRSDDCT12903CDB1B6,156,70,False
TRSDDHV128F426A370,1620,925,True
TRSDDIN128F930E9B9,9,7,False
TRSDEXS128F4293B8C,314,142,False
TRSDFLV128F427703E,150,75,False
TRSDFMW12903CB4132,252,104,False
TRSDGCQ128F428E897,1394,777,True
TRSDGGN128F42B916E,139,94,False
TRSDGGQ128E078BE04,480,340,False
TRSDIDC128F92CD1AF,2566,1529,True
TRSDJJL128F42AAE2E,96,47,False
TRSDJNJ128F145A80D,1423,584,True
TRSDKLW128F92E5046,48,31,False
TRSDKOS128F427EEFF,9,2,False
TRSDMTL128F42481A0,1241,690,True
TRSDNSH128F425A39F,6,3,False
TRSDNUO128F14778CD,24,15,False
TRSDOXX128F931B048,23,11,False
TRSDPEQ128F92E6AF0,262,143,False
TRSDPJI12903CBD7C2,472,306,False
TRSDPOP128EF34DF5B,90,53,False
TRSDPQQ12903CBE3DA,67,31,False
TRSDPZA12903D0C384,1574,502,True
TRSDQHL128F92E1541,112,43,False
TRSDQNA128F9329990,134,39,False
TRSDQQC128F14856D1,5903,2794,True
TRSDRJY128F4257884,88,36,False
TRSDSER128F933AB74,39,13,False
TRSDTXC128F145C495,203,65,False
TRSDUVX128F42568A6,151,46,False
TRSDWCW128F14948EA,18,11,False
TRSDWST128F428C518,36,10,False
TRSDYRC128F42621E4,604,244,False
TRSDZDY128F934BC14,165,51,False
TRSDZJV128F42625C7,16,9,False
TRSEACZ128F92E9213,9019,3268,True
TRSEATK128F4294EB7,1510,504,True
TRSEAVW128F429E22F,91,52,False
TRSEBCD128F4289D57,1571,731,True
TRSEBRD128F92CFEB2,85,47,False
TRSECLF12903CCC982,1590,572,True
TRSEDCC128F92F9C1E,3,3,False
TRSEDSB128F42770DA,76,34,False
TRSEDYQ128F92F0652,95,27,False
TRSEFCM128F429354D,1041,379,True
TRSEFJK12903CCC363,100,33,False
TRSEGHR12903CA636D,935,255,True
TRSEGKJ128F4274418,499,214,False
TRSEGNK12903CA6D0A,2,2,False
TRSEHIK128F4237075,201,54,False
TRSEHKD128E0782311,10613,2393,True
TRSEHRB12903CAF705,4290,848,True
TRSEHUP128F4246BD3,71,22,False
TRSEHZK12903CFA05C,208,143,False
TRSEJLA128F42792DA,40,28,False
TRSEJUM128F425B4F0,4,3,False
TRSEJYN128F933687D,31,19,False
TRSEJYZ128F933CF09,172,84,False
TRSEJZX128F429B2DB,18,13,False
TRSEKHQ128F9332EEC,63,19,False
TRSEKVK128F4289138,347,100,False
TRSEKZM128F92E40E7,2,2,False
TRSEMZW128F92EFF18,34,18,False
TRSENJG128F428193F,275,78,False
TRSENSW12903CCA045,163,59,False
TRSENWI128F1486DF5,954,420,True
TRSEPFB12903CD1507,35,10,False
TRSEPPX12903D021D6,242,112,False
TRSEPYS12903CB4232,6,3,False
TRSERDJ128F9334D13,120,51,False
TRSERHY128F933A304,391,236,False
TRSERNU128F92F0318,6,4,False
TRSESCC128F42586B6,101,45,False
TRSESKC128F42558D1,1,1,False
TRSESTJ12903CF2383,1278,592,True
TRSETHC12903CE60C7,1351,391,True
TRSETOO128F42A6C9B,42,10,False
TRSETPO12903CBE0AD,1487,618,True
TRSEUYU12903CAB229,3073,1690,True
TRSEVEV128F42A67DF,3879,2878,True
TRSEVIP128F92EE8D1,44,10,False
TRSEVZW128F9321D9B,3,2,False
TRSEWTB128F425FE68,37,16,False
TRSEWVG128F429C901,3,2,False
TRSEXWI128F92ED2AE,135,30,False
TRSEXYK128F1499841,332,78,False
TRSEYNP128E0794E60,19,12,False
TRSEZIW128F92D14D5,57,30,False
TRSFBRK128F931B750,47,35,False
TRSFCBS128EF3411B0,780,197,False
TRSFCOX12903CA4C94,12,10,False
TRSFCXR128F42344A9,1516,385,True
TRSFDCY128F425C80E,69,41,False
TRSFFCG128F14698EC,97,76,False
TRSFFKC128EF33EF46,70,7,False
TRSFFKZ128F42586D2,117,76,False
TRSFFQJ128F9328ED4,1878,259,True
TRSFGBN128F426AAB6,212,114,False
TRSFHFO128F42421B9,6,6,False
TRSFHRX12903CBE256,1145,545,True
TRSFIID128F428C8C6,19,15,False
TRSFISM128E078E9AE,191,115,False
TRSFJLN12903D04285,45,24,False
TRSFKJQ128F423DF9C,386,123,False
TRSFKWA12903CFEB4F,66,42,False
TRSFLFT12903CE5622,100,70,False
TRSFLHD128F425E7B1,1143,391,True
TRSFLHY128F429B072,1554,635,True
TRSFLLX128F932732F,4857,1135,True
TRSFLQZ128F9350608,255,141,False
TRSFMAY128F149EF7D,99,50,False
TRSFMKQ12903CC5875,14,11,False
TRSFMRJ128F9310EA0,41,12,False
TRSFNAI128F92F0288,71,38,False
TRSFNNK128F4291E21,20,11,False
TRSFNYE128F42AD8C6,52,20,False
TRSFONJ12903CDCEC1,108,65,False
TRSFPEE128F429B0EE,41,26,False
TRSFPNL12903CB64E7,196,55,False
TRSFREH128F932A3E4,5304,1238,True
TRSFSIO128F933926F,45,33,False
TRSFSPS128F932CCEB,1901,780,True
TRSFTFR128E078DF66,1956,808,True
TRSFTFU128F92E7482,650,268,False
TRSFUEH128F428CE05,30,20,False
TRSFVJN128F4289D26,3552,1314,True
TRSFVWE12903D054A7,2,1,False
TRSFWUT12903CB7453,25,12,False
TRSFXFC128F4257D55,681,272,False
TRSFXXB128F9334F82,569,351,False
TRSFYCY128F4263760,92,64,False
TRSFYWP128F92DE553,321,236,False
TRSFZHZ128F93446AB,159,57,False
TRSFZPZ128F933246C,132,72,False
TRSFZSX128F4296914,72,36,False
TRSFZUO128F424D97F,16,4,False
TRSGAOB128F93322B0,72,26,False
TRSGBBS128F422AC83,45,19,False
TRSGBEL128F1499690,323,84,False
TRSGBIK128F1476899,111,40,False
TRSGCNR12903CF1E58,18,7,False
TRSGCOS128F14836C3,7289,2125,True
TRSGCST128F426A9D0,1,1,False
TRSGDWJ12903CCE282,2028,844,True
TRSGFGX12903CFB3BF,60,29,False
TRSGGCF128F92D868C,4,4,False
TRSGGMJ128F93168A7,3500,1149,True
TRSGHGP12903CE520A,2283,588,True
TRSGHJT128F930B8DD,298,80,False
TRSGHMF128F931B100,723,417,False
TRSGHNH128F92FF23A,422,183,False
TRSGIJS128F92C5A70,3870,1699,True
TRSGIQC128F428F619,380,172,False
TRSGIYX128F149F01F,4862,1857,True
TRSGJQA128F429263F,133,74,False
TRSGKDF128F4276934,76,43,False
TRSGKDF128F92E5078,52,35,False
TRSGKGQ128F9356BD8,68,34,False
TRSGKLS128F426037B,8,6,False
TRSGKMZ12903CF8CDA,234,52,False
TRSGKXK128F42935B9,67,33,False
TRSGLWE128F423E17D,1317,683,True
TRSGNKY128F92D2DEF,208,96,False
TRSGOWH128F9344DB8,103,68,False
TRSGPCD128F425BCE8,1000,549,True
TRSGPIP128F92FE596,731,334,False
TRSGPJC128F4242F24,8,8,False
TRSGPKK12903CD6623,81,32,False
TRSGPOO12903D02D1B,2,2,False
TRSGPOS128F427263B,806,448,False
TRSGPRJ128F932EE8F,1081,705,True
TRSGRIT128F4246B83,39,9,False
TRSGRTA128F92E74E0,331,93,False
TRSGTPT128F4255885,310,159,False
TRSGVGQ128E0796068,16,12,False
TRSGWWO128F426A0F8,44,28,False
TRSGXKQ128F4271E62,552,200,False
TRSGXPQ128F9306C04,3403,743,True
TRSGYER128F428AE42,15,13,False
TRSGYGS128EF350051,103,39,False
TRSGYOH128F9326F29,17,10,False
TRSGYRY128F425AEF6,563,131,False
TRSGZWA128F4298262,410,274,False
TRSHARV128E0793D3E,295,172,False
TRSHBZG128F428CFE8,84,37,False
TRSHBZU128F4249063,181,25,False
TRSHCHY128F145378E,249,73,False
TRSHCJG128F42623B8,12,7,False
TRSHCRQ128F42745F9,485,348,False
TRSHCUF128F42437A7,26,21,False
TRSHDOY128F9331B5B,17,8,False
TRSHECT128F42AC94A,793,401,False
TRSHFML128F1465D15,60,21,False
TRSHHGE128F4263C02,40,25,False
TRSHHWJ12903D07F2E,33,13,False
TRSHHYM128F4277387,144,98,False
TRSHKQO128F42867D7,113,78,False
TRSHLAP128F424880E,1276,340,True
TRSHLFF128F9330DA6,141,71,False
TRSHLOF128F428199A,558,101,False
TRSHMZF128F9308F87,1,1,False
TRSHNFC12903C9744A,4,2,False
TRSHNGI128E078E7C4,67,58,False
TRSHNRV128F1497E42,155,46,False
TRSHOFS12903CB2626,36,9,False
TRSHOGY128F426B355,182,98,False
TRSHOHI128F4299F5F,170,40,False
TRSHOKU128F9311CCB,5,5,False
TRSHPJY12903CDEBFF,118,63,False
TRSHPPX128F423B0C0,289,101,False
TRSHQJL128F1458F7D,156,87,False
TRSHRCL12903D0D10E,101,59,False
TRSHROS128F14AE210,140,77,False
TRSHSRN128E078207E,2,2,False
TRSHTER12903CE5606,9707,2286,True
TRSHTRM12903CFCEB9,235,113,False
TRSHTTA128F1469578,3263,899,True
TRSHVDX12903D05E67,405,153,False
TRSHVLC128F92EB766,31,24,False
TRSHVPP128F933CEFF,182,99,False
TRSHVVX128F9322F41,211,48,False
TRSHWZP128F145ACF8,206,96,False
TRSHXKQ128F92FD48F,2,1,False
TRSHYDI12903CFEBC1,385,193,False
TRSHYJU128F425BC37,4,4,False
TRSIAKK128F9327257,656,303,False
TRSIALT128F9337980,385,181,False
TRSIARD128E0796501,153,64,False
TRSIBBX128F92D28AB,820,283,False
TRSICIC128F149295E,7,5,False
TRSIDED12903CC71E0,402,188,False
TRSIDGD128F92E3334,2817,1027,True
TRSIDRY128F42963DF,15,11,False
TRSIHKT128F9344B02,5,3,False
TRSIHWS12903CE3BEB,11,9,False
TRSIJBR128F932BBB1,165,111,False
TRSIJDO128F4217C86,83,46,False
TRSIJOT128F147DF35,3761,1240,True
TRSIJYB12903CC03A8,295,179,False
TRSIKBL128F427F430,5233,1555,True
TRSIKBR128F4247E8E,247,67,False
TRSILBZ12903CD93B1,42,25,False
TRSILFR128F428C8C2,10,2,False
TRSIMMG12903D08CE3,50,27,False
TRSIMTM128F428B8A9,49,25,False
TRSIMWV12903CD1951,15209,4494,True
TRSINJO128F1482371,24,11,False
TRSINVF128F93158EA,2184,449,True
TRSIOBS128E07896BA,2164,848,True
TRSIOWL128E0793EC0,1907,679,True
TRSIQKC128F92EE0A7,290,113,False
TRSIRKX128F4291CAF,2351,649,True
TRSIRTQ128F149EF81,148,42,False
TRSISAC128F1498BF0,448,240,False
TRSISWB128F934D11D,176,78,False
TRSIXBR128F428B097,1802,508,True
TRSIXJR128F1486D85,285,92,False
TRSIXMK128F428B838,34,17,False
TRSIYPJ128F14768AA,178,154,False
TRSIYXZ128F426D36F,291,83,False
TRSIZUP128F429EB22,4034,2308,True
TRSIZVO128F149C300,216,78,False
TRSJBJE128F932DFCF,484,150,False
TRSJBLT128F429EA02,2375,1030,True
TRSJBPV12903CB8C4C,158,79,False
TRSJBWO128F933E65E,84,17,False
TRSJCOL128F92F900A,117,49,False
TRSJCUG128F935095D,5804,903,True
TRSJDAO12903CD1E76,11,4,False
TRSJDOC12903C9B62C,3,2,False
TRSJEPI128F931B6B4,16,6,False
TRSJFFG128F146CA0B,27,17,False
TRSJFZV128F9336D47,181,97,False
TRSJHXT128F42818EB,493,174,False
TRSJJTP128F42914AE,29,9,False
TRSJJWD128F930EAD7,172,51,False
TRSJKBD128F93223F8,1,1,False
TRSJKIY128F930C5D5,165,47,False
TRSJKLY128E079849E,13656,4740,True
TRSJKVQ128F145E2EE,502,235,False
TRSJKVR128F4243581,40,13,False
TRSJNMB12903CE8388,42,12,False
TRSJOLK12903CCAF73,59,33,False
TRSJONL128F425EB03,13,8,False
TRSJPNJ12903CAEB9C,5,5,False
TRSJQEA128F4261A6C,16961,2587,True
TRSJRGS12903CD6D34,106,88,False
TRSJSGS128F1494D9D,602,225,False
TRSJSLF128F148C003,208,116,False
TRSJSRS128F42A0E8A,166,39,False
TRSJTHV128F14A17D4,525,210,False
TRSJVGB128E07927DB,120,80,False
TRSJVMF128F4257578,39,14,False
TRSJXKJ128F9342C77,160,55,False
TRSJZTM128F92E26BE,1663,872,True
TRSKATR128F4252499,6522,2787,True
TRSKCBX128F92DFC7F,179,65,False
TRSKCDW12903CFB766,30,16,False
TRSKCWE128F9327F1E,96,53,False
TRSKDWO128F429B77F,45,20,False
TRSKDWQ128F9326107,1900,687,True
TRSKEFA128F92C3BBD,835,403,False
TRSKEFS128F931F0D8,1232,418,True
TRSKEXF128E078AF7C,258,136,False
TRSKFAW128F931B4A0,1402,450,True
TRSKGZY128F4258D57,17,12,False
TRSKJLV128F4263B9A,43,25,False
TRSKKUP128F4294EF5,6,5,False
TRSKLHF128F428BCF8,1872,498,True
TRSKMXO12903CD837F,43,20,False
TRSKPZQ128F92F9199,490,257,False
TRSKQZQ12903CAF5A3,8985,3017,True
TRSKSQS128F429D9AE,1306,391,True
TRSKTAO128F426B397,432,138,False
TRSKUPQ12903CCC5A4,66,32,False
TRSKUVL128F426EF43,11,9,False
TRSKUZT128F4288BB6,63,33,False
TRSKXEO128F93049A0,228,76,False
TRSKXXP128F93239E5,6,5,False
TRSKYBH128F42590F8,100,50,False
TRSKYJG12903CB04CF,44,16,False
TRSKZMT128E078FC85,178,109,False
TRSKZWZ128E078F97D,162,47,False
TRSLAMM12903D021C2,146,65,False
TRSLBQM12903CC5B4D,6,5,False
TRSLCWT128F14955A7,74,36,False
TRSLESN128F4285932,28,9,False
TRSLEZZ128F42396D3,546,318,False
TRSLFSS128F4221E11,26,16,False
TRSLFZF128F426C8FD,395,253,False
TRSLHKN12903CE2117,100,39,False
TRSLHNX12903CDCCB0,12,9,False
TRSLHUB128F4269F05,27,10,False
TRSLHZY128F425A02F,515,138,False
TRSLICR128F42684DE,76,56,False
TRSLIUT128F4263DEE,132,59,False
TRSLJOC128F42889D5,2931,1309,True
TRSLJPC128F92D5414,1256,554,True
TRSLKFT128F422B594,67,36,False
TRSLKJL128F425DA3B,217,96,False
TRSLKOF12903CB6536,312,128,False
TRSLKTL128F92F278A,3322,1445,True
TRSLLUG12903CC5568,28,13,False
TRSLMMS12903CDF367,861,274,True
TRSLMNB128E078DF69,704,373,False
TRSLMVP128F933641E,196,41,False
TRSLOFI128F4291E42,497,308,False
TRSLOTJ12903CB038B,9,5,False
TRSLRAA128F429E9E3,369,209,False
TRSLRBV12903CB5E63,730,233,False
TRSLRJU128F427037E,151,74,False
TRSLSAA128F930C4E6,3326,1484,True
TRSLSYW128F92C811D,1371,456,True
TRSLTHN12903C9B160,196,92,False
TRSLUJV128F428BF2B,1321,454,True
TRSLUXU128F4255EB4,53,24,False
TRSLWJG128F421F3E1,4,4,False
TRSLXFG128F931CF03,62,32,False
TRSLXNA128F934B2C5,80,30,False
TRSLYDW128F423EAA5,579,229,False
TRSLYRW128F92E0592,395,277,False
TRSLZIN12903CB8D17,329,205,False
TRSMALV128F4291366,693,466,False
TRSMAUP12903CBB9CE,226,108,False
TRSMAVK12903CD5CCB,10,6,False
TRSMAYH128F145A5FC,1075,320,True
TRSMBQR12903CA9B14,21,10,False
TRSMDDJ12903CB7452,20,12,False
TRSMDTL128F1464897,40,22,False
TRSMDYH12903CDDCA1,38,17,False
TRSMEUG128F14856D2,1760,787,True
TRSMEZN128F9338602,67,17,False
TRSMFTK128F92FDA69,4,4,False
TRSMGMZ128F425EBC4,4,3,False
TRSMHBD128F92E8BA5,23,18,False
TRSMHGI128F429E5C9,937,527,True
TRSMIDS128F92F9016,57,24,False
TRSMIXL128F42A52E2,3333,1801,True
TRSMIZC128E0786349,859,383,True
TRSMJCM12903C9E6C5,23,17,False
TRSMKET128F425EE30,132,53,False
TRSMKIL128F424EF1D,765,277,False
TRSMKRG12903CEC2D6,4,2,False
TRSMKXG128F421BD77,20,6,False
TRSMMIQ12903CAEB0A,101,45,False
TRSMMPP128F93481BF,64,29,False
TRSMNRA128E078269D,7,5,False
TRSMNRM128F92F5E84,1816,762,True
TRSMPDO12903CC43AF,272,97,False
TRSMQXY128F93216E3,1416,692,True
TRSMRWN128F934CF44,1214,692,True
TRSMSBH128F9305B5A,166,60,False
TRSMSCP128F1465040,115,75,False
TRSMTAT128F422C0EF,3,2,False
TRSMTER128F9354F2F,112,52,False
TRSMTMO128F42753EB,141,46,False
TRSMTSL12903CDDD50,31,25,False
TRSMUPR128F4263EF5,498,280,False
TRSMVAD128F92C6940,56,19,False
TRSMVAZ12903CC996D,6,6,False
TRSMWMG128F92CC8FF,322,89,False
TRSMWQS128F42198E1,269,109,False
TRSMWVB12903C9BFAB,6,4,False
TRSMWYD128F423C3F7,777,88,False
TRSMXFE128F92D2DCC,116,47,False
TRSMXID128F934E61E,46,34,False
TRSMXVB128F42858BC,564,391,False
TRSMXXG128F930C2F3,835,422,False
TRSMXYS128F423170B,72,47,False
TRSMZBQ12903CEEE58,1493,825,True
TRSMZUS12903D09093,361,136,False
TRSNADD128F425BA3C,24,8,False
TRSNCIW128F14557BC,553,322,False
TRSNCVV128F42BAA34,69,26,False
TRSNDTZ12903CA43A9,51,12,False
TRSNEHR128F4289988,23,14,False
TRSNEMA128F92F279A,4066,1583,True
TRSNEZQ128F92E6ED6,627,311,False
TRSNFQC128F92F4A7B,1005,446,True
TRSNHFF12903CB41AC,209,67,False
TRSNHQG12903D063C0,2,1,False
TRSNIDB128F934F93F,31,16,False
TRSNJKO128F145A1C1,912,277,True
TRSNJXD12903D061D5,6,4,False
TRSNKLI128F933A301,580,318,False
TRSNKSZ128F425CB93,67,37,False
TRSNLMV128F4298776,33,22,False
TRSNMIQ128F92DBF65,39,18,False
TRSNMOG128F92E899B,1213,484,True
TRSNNTO128F932A7F5,764,217,False
TRSNPCF128E0785D5A,1751,962,True
TRSNPFM128F934BD45,356,130,False
TRSNQPH128F931EDE9,27,14,False
TRSNQZA128F92E7CF9,246,133,False
TRSNSGY128F932F146,699,383,False
TRSNTFI128F423F070,1038,629,True
TRSNXAO128F4258462,28,19,False
TRSNXMB128F422FD31,34,14,False
TRSNXVM128E07953C3,1,1,False
TRSNZDO12903CA0620,350,120,False
TRSNZMO128F428477A,60,38,False
TRSNZWK128F428DCCB,563,171,False
TRSOAPM128F14715CD,13,10,False
TRSOCHC128F92D5152,2148,650,True
TRSOEBF128F933CDCC,272,128,False
TRSOFPQ128F428FC76,80,26,False
TRSOHMN128F429388A,11005,3258,True
TRSOIHS128F93583AA,337,166,False
TRSOIPG128F426A490,156,100,False
TRSOIZA128F932DB02,166,57,False
TRSOJBE128F932DA72,2,2,False
TRSOJHP128E07890D6,332,129,False
TRSOKFA128F92D44F9,158,67,False
TRSOLEL128F934B973,27,11,False
TRSOLIB128F42819B1,1081,810,True
TRSOLJD128F93146D9,264,92,False
TRSOLVF128F4297753,721,278,False
TRSOLWT128F932DFFF,105,55,False
TRSONBL128F42269BF,43,25,False
TRSONCB12903D0C397,45,19,False
TRSOOAW128F423EEA8,439,323,False
TRSOODY128EF35E1A5,24,5,False
TRSOOTZ128F4290F95,40,23,False
TRSOPDW128F934B53A,15,5,False
TRSOPPI128F4264917,262,142,False
TRSOQEZ128F14637D4,1987,744,True
TRSOQNL12903CBE0A7,1345,623,True
TRSOQQK128F14938E1,24,13,False
TRSOQYP128F934B030,358,96,False
TRSORBF128F425DE16,1244,739,True
TRSORFY128F429AACA,93,68,False
TRSORNO128F4295766,43,20,False
TRSOUPI128F424E0DF,1261,528,True
TRSOURU12903CCF7EF,145,83,False
TRSOVPE128E078ED33,594,333,False
TRSOVUO128F4289D17,1,1,False
TRSOWJB12903CC87C2,25,5,False
TRSOWVX128F42A5E28,39,21,False
TRSOXDJ128F932F0FB,24,12,False
TRSOYEJ128F149895A,4863,1790,True
TRSOYTK128F14A94EB,1285,653,True
TRSOYVM128F14629F8,67,29,False
TRSOZCN128F42438E8,11,5,False
TRSPAXQ12903CA837E,135,42,False
TRSPBSM128F930C300,648,338,False
TRSPDLJ128F92CBC95,150,100,False
TRSPDPK128F92C6AE1,641,244,False
TRSPDVY128F149A01A,24,8,False
TRSPEGE128F9316B11,932,426,True
TRSPEYL12903CA720A,1871,884,True
TRSPGEF128F9316CD9,13,7,False
TRSPGXY128F92FFEA3,1400,604,True
TRSPJBM128F149B0DC,524,259,False
TRSPKDL128F427E8D7,1188,599,True
TRSPLEX128F4261CA2,50,25,False
TRSPLFC128F9329D0A,343,138,False
TRSPLQS128F930D4B4,64,30,False
TRSPMMW12903D0575E,2,2,False
TRSPMRV128F930961C,6,4,False
TRSPMVO128F933D7F5,2050,598,True
TRSPOOP128F931FC3D,16,7,False
TRSPOSQ128F92D679E,4317,1926,True
TRSPPPH128E0791F3E,345,224,False
TRSPQXH128F423A536,438,192,False
TRSPRWA128F9326DC7,40,17,False
TRSPSHU128F934B5B7,2327,577,True
TRSPSPL128F427FCFC,350,205,False
TRSPSRM128F4239CEE,12,8,False
TRSPTGB128F4277F34,472,76,False
TRSPTUP128F933A6AF,3,2,False
TRSPUOV12903D01A0F,21,18,False
TRSPUSF128EF342B73,1316,856,True
TRSPUTF128F9302E04,19,14,False
TRSPUTM128E078F5DA,7,1,False
TRSPVVD128E078F979,1573,588,True
TRSPYDA128F92FA061,85,54,False
TRSPYGV128F1485B60,465,246,False
TRSPYMV128E078A47A,243,124,False
TRSPZMS128F42B1B3E,1,1,False
TRSQAWU128F92EA20F,706,290,False
TRSQBAR128F42539EC,12,5,False
TRSQBNU128F92DF665,660,352,False
TRSQBVJ128F92D5D99,80,38,False
TRSQCGA128F92E28E4,1089,338,True
TRSQCGP128E0788F93,4,3,False
TRSQCRD128F9346CF4,4,2,False
TRSQDFR128F934B6A7,18,12,False
TRSQDHD12903CD52DD,1,1,False
TRSQDJG128EF35650B,8,3,False
TRSQFNM12903CE8532,1705,567,True
TRSQFTT128F934416E,354,108,False
TRSQHOP128F1463581,108,31,False
TRSQIJW128F14A2CBF,4925,1349,True
TRSQIKG128F932CD09,130,53,False
TRSQIQK128F423F04E,2,2,False
TRSQJIM128F148BF9A,11,10,False
TRSQKIY128F935A286,47,22,False
TRSQKRN128F4293B06,194,80,False
TRSQLKK128F4291E00,421,164,False
TRSQMPU128F422971E,620,378,False
TRSQONO128F9303BAF,4,4,False
TRSQPKH12903CDCFA3,3,3,False
TRSQPSB128F92F34E3,1004,608,True
TRSQRGS128F4286558,137,75,False
TRSQRRN128F9312490,813,505,False
TRSQSLB128F42267FE,18,10,False
TRSQTOR128F92F6279,13,9,False
TRSQUOG128F426AAA7,126,89,False
TRSQUQL128F92E4C40,36,17,False
TRSQUTH128F146B240,50,32,False
TRSQUUZ128F14674E9,2,2,False
TRSQVIB12903CABDE4,34,23,False
TRSQWMI128F932FC8A,260,119,False
TRSQWMY128F92F8FC7,1400,656,True
TRSQXYT128F428BD0D,103,52,False
TRSRAAQ128F14866BA,25,16,False
TRSRADG128F428A6DF,639,382,False
TRSRAOU12903CB3168,68,40,False
TRSRAWJ128F42792AB,8,5,False
TRSRBSU128F425FD83,291,143,False
TRSRERH128F14A4F61,8,4,False
TRSRHBC128F425F1A8,4142,2155,True
TRSRHXX128F4292252,2585,949,True
TRSRISY128F146F88F,1,1,False
TRSRJXL12903CF2630,15,6,False
TRSRKDM128F930CE12,272,158,False
TRSRKTY128F42730F0,27,5,False
TRSRKZY128F428284D,8,2,False
TRSRLPQ128F92FF0CD,60,36,False
TRSRMRF12903CD5210,717,255,False
TRSRMWB128F92F467F,123,66,False
TRSRNFM128F1463753,340,225,False
TRSRNIZ128F42999C7,53,24,False
TRSROIY128F92D9292,1346,348,True
TRSRPHR128F9316355,31,25,False
TRSRQHK128F9309755,12,3,False
TRSRQKC128E0791A81,126,44,False
TRSRRQE128F1485370,2390,768,True
TRSRTZN128F4296761,34,11,False
TRSRUWK128F426C900,43,26,False
TRSRVLC128F4298DB4,241,68,False
TRSRWMZ128F42597A4,449,192,False
TRSRWNR128F149EF0B,464,225,False
TRSRWZS128F4259E49,23,14,False
TRSRXBC128F92CDB0A,3375,1048,True
TRSRYAL12903C9F44A,46,29,False
TRSRYSD128F4263A08,839,443,True
TRSRZJO128F42A6674,217,90,False
TRSRZTO128F423B586,102,26,False
TRSRZVK128F426F3BA,170,88,False
TRSSAAP128F14979B6,2444,1646,True
TRSSAVB128F93013D3,767,152,False
TRSSBSQ128E07844BC,633,154,False
TRSSCNF128F146DD2A,1930,956,True
TRSSDIT128F42814FA,124,59,False
TRSSDPM128F148D0B6,1376,732,True
TRSSDYW12903CE852F,1765,560,True
TRSSELR128F92DFBE3,354,134,False
TRSSGDG128F932D184,258,121,False
TRSSIIG128F92F0D8B,76,47,False
TRSSJJK128F424847E,34,14,False
TRSSKOD128F9322183,77,46,False
TRSSKRI128E0793ABE,784,617,False
TRSSNIU128E078F645,1080,373,True
TRSSNUP128F42B841A,505,206,False
TRSSOUZ128F933C087,304,103,False
TRSSOZX128F9328AFE,27,9,False
TRSSPKI128F4250E87,919,551,True
TRSSQIX128F4226B55,2846,1426,True
TRSSQKC128E0784BC0,138,90,False
TRSSQTI128F42B92B8,70,32,False
TRSSRXK12903CF0FF3,108,50,False
TRSSSFP128F92F69EC,12,4,False
TRSSSUI12903CF3FA1,2,2,False
TRSSUEJ128F4295E1A,4313,2846,True
TRSSUWK128F92FC052,8,6,False
TRSSVAM128F429245B,79,29,False
TRSSXLW128F4241B6F,128,54,False
TRSSXVY128F930F501,143,64,False
TRSSYCP128E0792A29,4665,1527,True
TRSSYKK128F4280875,49,23,False
TRSSYNU128F42694E0,1010,392,True
TRSSZGF128F42910AF,4534,1824,True
TRSSZKY128F934B568,23,15,False
TRSSZWM128F92DFE4A,258,69,False
TRSTCHQ12903CB26A2,49,27,False
TRSTEAV12903C9B7BB,899,379,True
TRSTEDZ128F423FD71,1,1,False
TRSTEZV128F428C404,71,36,False
TRSTFAQ128EF34113E,4,2,False
TRSTFIQ12903CAFAD7,43,23,False
TRSTFLI128F42660B4,353,142,False
TRSTFTE128F426DEA7,116,60,False
TRSTFYM128F427533C,8,3,False
TRSTGGL128F4285F98,3151,846,True
TRSTIAM12903CF3FC5,162,66,False
TRSTKDQ128F428ADE7,91,44,False
TRSTLET128F92E6621,43,12,False
TRSTLMC12903CC559E,33,17,False
TRSTNIO128E0791A11,116,40,False
TRSTOZA12903CFA6A2,341,131,False
TRSTQCF128F9327288,86,69,False
TRSTSUU128F426E956,538,170,False
TRSTTDB128F92F0960,250,106,False
TRSTVMY128F4281947,34,17,False
TRSTWBV128F9300379,43,28,False
TRSTXZA128E0792618,396,236,False
TRSTYBN128F92F08B2,128,37,False
TRSTZEM128F425D411,1156,445,True
TRSUANM12903CCA129,14,11,False
TRSUANW128F930BD52,596,259,False
TRSUAYO128F933DCDB,2322,1117,True
TRSUBBD128F424816C,124,63,False
TRSUBSI128F1462B81,1969,613,True
TRSUBUJ12903CD7395,209,114,False
TRSUDBX128F425892A,72,16,False
TRSUDIC128F146A46F,274,122,False
TRSUEFD128F42A8FF7,124,31,False
TRSUEWH128F4252286,670,226,False
TRSUFBH12903CF13B0,3,2,False
TRSUFHU12903CD842F,47,21,False
TRSUFTH12903D01B35,39,35,False
TRSUGUU128F92CB70C,36,19,False
TRSUGVU128F4248E4F,2,2,False
TRSUJIW128F9308062,6,3,False
TRSUKDE128F429F77B,158,120,False
TRSUKZP128F424F32C,511,303,False
TRSULZW128F932A044,83,30,False
TRSUMDT128F1493B47,392,245,False
TRSUMMA128F931F1BB,5920,1806,True
TRSUNIO128F92DD214,10680,1858,True
TRSUOUM128F92D5D71,62,39,False
TRSUPZV128F4272574,287,90,False
TRSUQJF128F426A552,1341,614,True
TRSUQSV128F4262701,216,126,False
TRSUQUM128F424F4FA,70,46,False
TRSURAJ128F427C7F6,341,135,False
TRSURAL128F9316A43,958,399,True
TRSUSOU12903D06118,12,7,False
TRSUSWW128F93463BF,62438,24787,True
TRSUTVV128F92EBFA7,26,13,False
TRSUUIM128F9353ABC,47,22,False
TRSUUZX128EF3454A3,49,27,False
TRSUVQM128F92C8137,573,279,False
TRSUWJV128F4280B9F,1,1,False
TRSUXFE128F42A0FBB,5,4,False
TRSUYCJ128F428BBB2,120,55,False
TRSUYPZ128F42267A9,3,3,False
TRSUZBB128F92E28E7,444,233,False
TRSUZEV12903CBDF3D,813,261,False
TRSUZFL128F930F4A7,4,3,False
TRSUZIC128F932A3F7,995,368,True
TRSUZQI12903CBE713,870,336,True
TRSUZZR128E0786B9B,1171,601,True
TRSVAIW12903CD9954,2,2,False
TRSVBPO128F92F4684,261,117,False
TRSVCSP128EF36009B,15,12,False
TRSVDDA128F42B70B7,28,17,False
TRSVDLJ128E079263C,204,124,False
TRSVDQP128F4292192,188,82,False
TRSVGJM128F424EBF0,838,269,False
TRSVGXI128F930A21D,1096,412,True
TRSVGXX128E078A9F9,235,117,False
TRSVHDN128F4272F8F,176,86,False
TRSVIBC128F4262FF2,59,29,False
TRSVIIB128F42936BC,105,53,False
TRSVIIY12903CEA11E,1,1,False
TRSVJCU128F92EC28B,44,26,False
TRSVJKF12903CB66BF,61,25,False
TRSVKJB12903D0E4DF,41,29,False
TRSVLBT128F14933F9,810,326,False
TRSVNKP128F428CB99,5,1,False
TRSVOAH128F422EE2D,21,13,False
TRSVORP128F930CB89,186,80,False
TRSVPFK128F4284EE9,134,70,False
TRSVPOV128F92F352E,1654,548,True
TRSVRCC128F9306CA3,15,5,False
TRSVRJC128F932A96E,237,62,False
TRSVRKW128F425EC5F,9,7,False
TRSVSBO128F1499623,227,111,False
TRSVTKL12903D07610,1510,556,True
TRSVTOC128F932586C,148,88,False
TRSVTRT12903CB450E,6856,2721,True
TRSVVDZ128E0781A4A,751,352,False
TRSVVVV12903CE57F5,319,81,False
TRSVWJR128F92FFE08,96,50,False
TRSVXAQ128F42329D3,76,36,False
TRSVYKT128F92D28AA,490,190,False
TRSVZAW128F429EA05,435,303,False
TRSVZNM128F423EF94,31,17,False
TRSVZOO128F42B8378,12,2,False
TRSVZPP12903CF81D3,290,137,False
TRSVZRD12903CA1FD7,196,98,False
TRSWAPX12903C9DE70,14,10,False
TRSWASR128F92EC18F,39,25,False
TRSWBUO128F4238921,89,44,False
TRSWBXM128F9325ED5,2,2,False
TRSWCUU128F92E1019,75,35,False
TRSWDOD128F932F295,2867,1020,True
TRSWDVR128F424880C,410,200,False
TRSWEBT128F9336E7C,1734,527,True
TRSWFJV128F42274B9,6298,1416,True
TRSWFOY128F92F1D23,344,177,False
TRSWHBL128F92EF297,1210,242,True
TRSWHUO12903CC4FEB,3,3,False
TRSWIGS128F14A2F8A,116,54,False
TRSWJHK128F429EA6F,3449,2477,True
TRSWJSV128F1485709,316,171,False
TRSWKNP128F4291655,60,22,False
TRSWMSI128F42AD928,55,24,False
TRSWNEG128F4261A6B,1402,773,True
TRSWNKS128F931C19D,33,14,False
TRSWPBX128F1452584,276,112,False
TRSWPNU128F42601F7,5,5,False
TRSWPWZ128F14A23DA,2403,991,True
TRSWRNS128F9358D3C,14,11,False
TRSWRPB128F148676E,42,17,False
TRSWSBB128EF33DD07,42,24,False
TRSWSZM128E07927FE,1235,509,True
TRSWUEX128F9340E59,1569,427,True
TRSWUOY128F930D58B,6,4,False
TRSWVYN128F4288AA1,495,172,False
TRSWWQD12903CE26E5,812,282,False
TRSWXCI128EF363C51,31,23,False
TRSWXEL128F92FEAEB,139,46,False
TRSXAAC12903CF8C77,25,18,False
TRSXBLY128F425BDD5,1686,833,True
TRSXBLZ12903D06383,139,24,False
TRSXCDR128F427AAB2,229,148,False
TRSXCES12903CDCFEB,13,5,False
TRSXCET128F92EB269,172,72,False
TRSXCQP128F930CFD4,1239,825,True
TRSXCYI128F92CEE5B,108,77,False
TRSXDPJ128F146B6CB,877,154,True
TRSXDQY128F424E970,2664,1367,True
TRSXFKZ128F423EE55,213,132,False
TRSXGDD128F14774EF,774,343,False
TRSXHTE128F428BB70,92,39,False
TRSXJKR128F148C80C,2690,845,True
TRSXJNE128F426707C,2,2,False
TRSXJSK128F42A0ED7,2891,884,True
TRSXNFR128F42720D7,1025,636,True
TRSXQBR12903CDF080,148,20,False
TRSXQCZ12903CF5E37,278,143,False
TRSXQYI128F42812BC,414,211,False
TRSXSLI12903CF7C24,3123,1512,True
TRSXTEF128F930A81F,82,24,False
TRSXTZK128F931AD91,28,18,False
TRSXWUC128F92F951E,7339,1909,True
TRSXZFW12903CD42EF,30,20,False
TRSYAFJ128F92F3148,100,26,False
TRSYBBO128F4214FD5,344,188,False
TRSYBPH128F4227728,4680,911,True
TRSYCDY12903CF5CA5,123,89,False
TRSYDGE128F931BA0E,199,40,False
TRSYDOV128F428F87A,62,39,False
TRSYDTA128F42317C5,18,4,False
TRSYDVY128F423170E,7,3,False
TRSYFAU12903CBE0AE,1576,583,True
TRSYFCR12903CF4307,40,33,False
TRSYFWL128F42AC944,3888,1436,True
TRSYGHM128EF33FE35,59,46,False
TRSYGII128F424E3BA,30,11,False
TRSYHFF128F1496F68,96,30,False
TRSYHYP128E0793AC9,2752,739,True
TRSYIHD128F148128D,1574,478,True
TRSYIXY128F934EB7B,3,3,False
TRSYJBO128F4288628,6,5,False
TRSYKPW12903CC7D08,1,1,False
TRSYLIP128F92F0244,775,490,False
TRSYMBB128F14808FB,562,305,False
TRSYMGJ12903C9CBF3,128,110,False
TRSYMQW128E079370E,180,68,False
TRSYMZF128F4263349,1263,620,True
TRSYNTV128F1462B70,3708,975,True
TRSYNZP12903D042D8,1,1,False
TRSYORQ128F149B881,2872,1019,True
TRSYQCD128F424345E,84,55,False
TRSYQSJ128F9304DCA,5,5,False
TRSYSBM128F146ECFB,833,389,False
TRSYSTU128EF356AFF,1568,498,True
TRSYTCH128F93292BC,26,14,False
TRSYTGX128F92CCF3A,377,188,False
TRSYTVV128F934B8E4,115,33,False
TRSYURB128F9316F70,2,2,False
TRSYVON128F92EE69A,7,5,False
TRSYWFI128F931682F,27,14,False
TRSYWQQ12903D07051,10,4,False
TRSYXIL12903CCCBA7,1400,598,True
TRSYYUV128F423666B,1,1,False
TRSZABT128F4261846,17,12,False
TRSZANB128F931C2DD,45,31,False
TRSZAOP128F426ACB9,36,28,False
TRSZBKS128F1463398,45,14,False
TRSZBPP128F42507C0,5530,3624,True
TRSZBXZ128F42935EC,164,71,False
TRSZCKH12903CC4B58,837,342,False
TRSZCZD128F42503CB,530,159,False
TRSZDDT128F93176B6,368,201,False
TRSZDHT12903CC12A3,7,6,False
TRSZDSW12903CF1C9D,122,47,False
TRSZEER128F9311121,2193,726,True
TRSZFJX128E0793273,40,23,False
TRSZFPL128F92E7FC0,10,8,False
TRSZFVR128F931C2ED,250,154,False
TRSZGOT128F9306C85,22,12,False
TRSZGZD128F426264A,21,12,False
TRSZHKH128E078172B,643,430,False
TRSZJYU128F426232B,1144,465,True
TRSZLLA12903CBFB31,6,5,False
TRSZMTS128F4264B4A,16,12,False
TRSZMUM128F4255177,11,8,False
TRSZNTS128F9325AC9,134,93,False
TRSZPYT128EF351C53,831,360,False
TRSZQQL128F42912D4,6,1,False
TRSZQZY128F9317995,113,68,False
TRSZRAL128EF35F9D7,321,172,False
TRSZRUR128F148417C,1199,575,True
TRSZSJX128F932AA22,60,20,False
TRSZSTM128F428748C,944,542,True
TRSZUXR128F92F5F44,23,11,False
TRSZWAD128F92C3A11,1370,492,True
TRSZWIT12903CF4DEE,695,200,False
TRSZXYZ128F932725D,1401,461,True
TRSZZKN12903CDCEC0,28,19,False
TRSZZVY128E078A939,161,100,False
TRTAAPZ128F92FD3BA,1039,404,True
TRTAAWE12903CD7539,10,5,False
TRTABVY128F149270B,47,17,False
TRTACXB128F934581A,22,9,False
TRTADTH12903CCC5D4,530,237,False
TRTAEDM128F930AB2C,222,130,False
TRTAEVJ128F426DC06,506,268,False
TRTAFRC128F932B6F9,7065,2815,True
TRTAGED12903D06524,344,238,False
TRTAHFU128F931A7C1,24,17,False
TRTAIQY128F42819B7,82,44,False
TRTAITJ128F92E22BF,314,172,False
TRTAJTB128F145FCD3,692,206,False
TRTALMG128F42921BC,639,329,False
TRTAMNT128E07926F7,8527,2247,True
TRTANIS128F92F4573,67,45,False
TRTAPIP128F93069CC,149,75,False
TRTAPLL128F4235156,19,9,False
TRTAQVQ128F427B9A5,1762,560,True
TRTASPI128F92F97BC,254,100,False
TRTATKV128EF363C49,355,200,False
TRTATXG128E0787D54,75,28,False
TRTAUAR128F428E63E,779,135,False
TRTAULW128F1491A8C,1435,501,True
TRTAUXX12903CC4550,2478,793,True
TRTAVIM128F42B6803,15,8,False
TRTAVJM12903CF1DD1,187,97,False
TRTAVMK12903C9B16A,130,68,False
TRTAVRH128F4289F7C,845,468,True
TRTAXBK128F92FEB1C,47,7,False
TRTAXEW128F146503A,112,68,False
TRTAXRE128F42B9C75,944,462,True
TRTAZJL12903CF5166,246,83,False
TRTBASA128F92D262F,3990,1506,True
TRTBBNS128F92C3A0C,141,56,False
TRTBBOS128F14AD03B,4,3,False
TRTBDRN12903CAB1DA,3,2,False
TRTBDTC128F147689F,4,4,False
TRTBEWA12903CCD6C8,60,22,False
TRTBFIT128F4290D03,111,52,False
TRTBFZM12903CEC6A0,231,88,False
TRTBGUE128F1482019,107,41,False
TRTBGWN128F92E7F42,1095,271,True
TRTBGZS128E0785557,24,17,False
TRTBHLG128F4277C01,24,9,False
TRTBIEH128F427C13C,56,17,False
TRTBJAV128EF351B68,1392,841,True
TRTBJJE12903CDEA99,282,94,False
TRTBLHM128F424955E,128,52,False
TRTBLLR128F9309DDB,258,146,False
TRTBMYX12903D02CEC,908,290,True
TRTBNOP12903CDB267,2612,709,True
TRTBOZJ12903CE1F17,19,10,False
TRTBPLW128F9308703,61,29,False
TRTBSRO128F931EABA,660,351,False
TRTBSTI12903CD928F,205,83,False
TRTBTQV128F4256AD6,130,81,False
TRTBTWN128C719661A,52,33,False
TRTBUGE12903CF42F9,257,118,False
TRTBVQL128F931FF79,96,42,False
TRTBWQW128F933839A,24,12,False
TRTBWYF128F42AD91E,7,6,False
TRTBXRQ128F425B259,310,117,False
TRTBXWQ128E078A1CD,357,155,False
TRTBYHU128F92F59DC,285,136,False
TRTBYOI128F4245973,575,202,False
TRTBYWG128F9316E51,253,110,False
TRTBZKW128F427BD62,33,25,False
TRTBZYH12903CEA8A9,1791,665,True
TRTCABZ128F92E508E,69,23,False
TRTCAXP128F4259F5D,56,29,False
TRTCBDM12903CDEBDC,105,55,False
TRTCCNS128F427200D,1257,667,True
TRTCFFT128F9341D35,137,58,False
TRTCGEY128F92ED149,19,12,False
TRTCGMJ128F930AAAD,145,45,False
TRTCHNA128F931EAF3,117,27,False
TRTCIBD12903C9A8E4,3,3,False
TRTCIBE128F428E22C,9316,1701,True
TRTCIIU128F934C223,22,8,False
TRTCJYJ128F92D8272,31,23,False
TRTCJZQ128F146A2B5,578,257,False
TRTCKGT128F92F9A5D,101,43,False
TRTCLED128F1494356,94,31,False
TRTCMPM128F1491210,6,3,False
TRTCMYC128EF340675,1461,585,True
TRTCNGJ128F4234168,124,49,False
TRTCNRY128F428B533,251,124,False
TRTCOFG128E0792601,194,124,False
TRTCOIA128F9323819,141,84,False
TRTCOKS128F145555E,336,158,False
TRTCOLD128F92C91A7,130,34,False
TRTCOWO128F930C444,1555,550,True
TRTCPTT128F42792AA,10,4,False
TRTCQDQ128F42637BA,7,4,False
TRTCQSQ128F9305F00,426,220,False
TRTCQUM128F4289D54,1613,791,True
TRTCRFD128F1498F34,357,138,False
TRTCSID128F9338FC0,3889,1909,True
TRTCSTF12903CE3859,1166,403,True
TRTCTBE128F9347292,1,1,False
TRTCTNF128F424A3FB,1,1,False
TRTCUSG128F4246892,628,204,False
TRTCVLB128F9300817,18,11,False
TRTCWSI128F92F6E08,86,38,False
TRTCXXJ128F4294BFB,195,103,False
TRTCYBM128F429100B,5,5,False
TRTCYFP128F423BB1C,10596,2888,True
TRTCYNN128F422AF0A,470,170,False
TRTDBRF128F9309817,1173,477,True
TRTDERZ128F92D0CA4,61,15,False
TRTDGCD128F93358ED,42,26,False
TRTDGRI128EF347234,57,15,False
TRTDGTF128E078E5E3,406,214,False
TRTDHHZ128EF367C3B,8,3,False
TRTDINQ128F92E7F3C,1035,316,True
TRTDJBA128F9314714,19,4,False
TRTDJMO128F146CC8A,139,97,False
TRTDJPW128F14914F4,37,18,False
TRTDJZU128F423EE84,39,26,False
TRTDKMT128F92CDD87,18765,4814,True
TRTDLDY12903CF7FF7,3240,1465,True
TRTDLHB128EF35544E,5,3,False
TRTDLWT128E0786329,142,78,False
TRTDMEH128F14784D2,2410,907,True
TRTDMFG128F4295A1D,16,8,False
TRTDNFO128F92D5BF6,834,417,False
TRTDNVR128F148FC7A,782,244,False
TRTDODB12903C9EF3C,18,8,False
TRTDOLP128F934B2FD,2,1,False
TRTDOMP128F42549CC,11,8,False
TRTDONJ12903D121B7,230,116,False
TRTDOSI128F4257C16,49,25,False
TRTDPIW128F92D7214,827,403,False
TRTDQBC128F422B29F,7,3,False
TRTDQQF128F428581A,1,1,False
TRTDSOD128E078115C,205,144,False
TRTDSQP12903CF3916,34,16,False
TRTDTIK128F429B03F,159,60,False
TRTDTKN128F423A623,2032,1045,True
TRTDURL128E078D3D1,239,182,False
TRTDWNH128F14859BC,6417,2425,True
TRTDYPJ128F92D3F22,26,18,False
TRTDYUC128F4291E41,1003,434,True
TRTDYXG12903CD42F0,88,24,False
TRTDZAA128F42344AB,394,157,False
TRTDZFO128F934DF11,238,97,False
TRTDZLG12903CAF138,27,14,False
TRTDZXN128F4252EA3,7433,3355,True
TRTEAGP128F14580B3,7737,1644,True
TRTECNP12903CDDC92,64,35,False
TRTEDXF12903CD29D8,2,2,False
TRTEFBE128F425AE51,242,75,False
TRTEFQB12903CA7C88,3,2,False
TRTEIUC12903CC14CB,13,8,False
TRTEIYB128F42B20E1,65,10,False
TRTEKHO128F427152D,87,22,False
TRTEMTL128EF357AA8,4,4,False
TRTENOJ128F426A5B4,2,1,False
TRTENVE128EF342E50,165,108,False
TRTEOAV128F9309956,10,5,False
TRTEOTK128F930F4B8,2654,1747,True
TRTEOUM128F4273BB4,85,42,False
TRTEQUD12903D09D09,125,55,False
TRTERCB128F422A6AA,161,57,False
TRTERIV128C719682B,1068,468,True
TRTERUA128E0798948,302,127,False
TRTESQR128E078DF6B,16462,2391,True
TRTETOH128E0785D48,4993,2534,True
TRTETXG128F146DE55,401,115,False
TRTEVBS12903CC50A2,75,41,False
TRTEVTW128F4293EFC,1334,686,True
TRTEWCN128F42337AF,1561,398,True
TRTEXIQ128F429C900,2,2,False
TRTEXMF128F4251740,12,6,False
TRTEYJX12903CD033F,35,25,False
TRTEYNT128F92EF87F,115,55,False
TRTEYPW128F930AEAC,1000,355,True
TRTEYWB12903CF306A,394,143,False
TRTEZFB128F92CC981,136,77,False
TRTEZYU128F425B7D6,1287,708,True
TRTFABN128F932DC92,63,4,False
TRTFAPE128F932B0CF,570,251,False
TRTFBLL128F92F6270,88,41,False
TRTFBZU128F1452770,900,273,True
TRTFCED128F932D4F4,12,7,False
TRTFCLO12903CA2590,6,3,False
TRTFDQT128F9328DB7,834,465,False
TRTFFJY128F4273C70,48,25,False
TRTFFMQ128F92F8DB2,1746,753,True
TRTFHNO128F42703DC,58,35,False
TRTFJCB128F4214FE2,55,30,False
TRTFLIK128F93178D7,214,67,False
TRTFLOS128F936685A,25,17,False
TRTFNBD128F9346F89,150,34,False
TRTFNLQ128F4258741,193,52,False
TRTFOPC128F4284768,69,39,False
TRTFOSN12903CBD7D0,1031,507,True
TRTFPKD128F931B49F,40,18,False
TRTFPNM128F4266E0A,60,22,False
TRTFRPX12903C95578,63,38,False
TRTFRVT128EF34C26D,537,350,False
TRTFTHE128F4296746,77,24,False
TRTFTSM12903CF38F6,22,20,False
TRTFVQM128F930866B,128,60,False
TRTFVWH12903CCBB78,74,38,False
TRTFWMM128F42488B7,23,13,False
TRTFWUC12903C9DE75,48,12,False
TRTFXBA128F930272E,1175,272,True
TRTFXLB12903CBDF42,771,250,False
TRTFXUQ128E0791E09,743,303,False
TRTFYMN128F933A5BE,131,35,False
TRTFYPM12903CA45CF,35,16,False
TRTFYSH128F933D137,25,12,False
TRTFZEZ128F429E9A4,235,139,False
TRTFZQK128F930856B,40,21,False
TRTFZRE128F146CB50,271,155,False
TRTGBGA12903CCFE36,17,8,False
TRTGBJM128F146F8B1,326,126,False
TRTGCQE128F426B388,235,47,False
TRTGDAL128F92CEE5E,355,171,False
TRTGEBP128F14862A3,71,49,False
TRTGEVW128F14979BB,2217,1541,True
TRTGHAY128E0789139,899,500,True
TRTGITU12903CDB256,26,12,False
TRTGKFA128F423249B,118,29,False
TRTGKUX128F1459D78,6913,1159,True
TRTGKXQ128F14A5A97,104,51,False
TRTGLBA128F4285C59,342,140,False
TRTGLOI128F9345DB4,1115,525,True
TRTGMHE128F92F80C1,1283,432,True
TRTGMHX128F148C601,674,272,False
TRTGMIX128EF35E2B9,5772,1807,True
TRTGNQI128F424E036,5,4,False
TRTGPJW128EF34A100,663,248,False
TRTGQJD12903C9C3C0,941,341,True
TRTGQQW128F426E705,27,15,False
TRTGQVK12903CF59E0,112,13,False
TRTGTGC128F146902F,368,83,False
TRTGUAH128F9347960,124,14,False
TRTGUMN12903CE1048,23,11,False
TRTGUWJ128F146EC54,19813,4803,True
TRTGXPW128F92F278E,5474,2102,True
TRTHAIQ128F426F5D6,37,13,False
TRTHARK128F42A10A5,21,15,False
TRTHAVP128F4291749,221,86,False
TRTHCYD128F92D8079,2,2,False
TRTHDWC128F423EFEC,682,417,False
TRTHGSP128F931D73B,410,177,False
TRTHKGZ128F427A49E,51,27,False
TRTHLLV12903CE29DD,298,114,False
TRTHLSK128F424A423,364,231,False
TRTHMLU128F934E53C,24,6,False
TRTHMQG128F427EDC3,308,203,False
TRTHNFE128F4290625,340,135,False
TRTHNND12903D0F9E0,6370,1772,True
TRTHQAV12903D0220E,338,133,False
TRTHRGN128F14557C1,423,240,False
TRTHROQ128F428FCA0,209,76,False
TRTHRZD128F92E4CB2,70,42,False
TRTHSFO12903CFEDAA,46,25,False
TRTHSVK128F4248199,1078,650,True
TRTHTTI128EF35EB67,10,7,False
TRTHUGV128F92F904B,420,195,False
TRTHUPB128F93234C6,30,11,False
TRTHUQZ12903CD93C8,30,22,False
TRTHWEM128F931AD40,92,25,False
TRTHXIM128EF35EB66,16,10,False
TRTHXMC128F429AAC8,154,78,False
TRTHZET12903CAF834,49,39,False
TRTHZPA128F92EB816,106,62,False
TRTHZPX128F423E74F,130,54,False
TRTHZXW128F4235B65,918,335,True
TRTIBFR12903CCC0C0,13,9,False
TRTIBKZ128F4246981,38,20,False
TRTICPQ128E0780CA8,1665,1140,True
TRTIDFQ128F92F96F8,371,71,False
TRTIEYH128F426FC8E,3,3,False
TRTIGAN128F4259F4D,94,24,False
TRTIGDR128F429EB56,1604,1317,True
TRTIHIV128F42601A5,651,348,False
TRTIHXN128E0792517,744,431,False
TRTIHZH128F92C4291,1008,371,True
TRTIHZO128F92E7F57,17,13,False
TRTIILE12903CBD7CB,1209,593,True
TRTIILN128F93051C4,94,26,False
TRTIILV128F4257EE6,476,155,False
TRTIJRV128F932E7B5,112,36,False
TRTIKKE128F425A709,30,9,False
TRTIKXR12903C9D50C,120,25,False
TRTILEO128F14ADE3B,240,103,False
TRTILOV128F92F2828,784,273,False
TRTIMJA128F14768F4,801,355,False
TRTIMWD128F427CE31,3743,1807,True
TRTINXH128F92FDBC5,51,23,False
TRTIPXZ128EF3554E9,109,52,False
TRTIQED128F930BD5F,611,255,False
TRTIQPT128E0791DEB,1281,476,True
TRTIQRI128F1497CC5,544,286,False
TRTIQSV128F429165D,6,6,False
TRTIRHN12903CCC44B,77,37,False
TRTIRLQ12903CB28A7,452,50,False
TRTIRRL128F92DDDB7,1,1,False
TRTIRZM12903CFB45B,1041,411,True
TRTISBG128F92FE13C,201,91,False
TRTITHE12903CBBCC3,64,33,False
TRTIUPK128EF345427,157,36,False
TRTIUWX128F92F1718,601,294,False
TRTIVGD128F428DA45,108,41,False
TRTIVHP128F9346FBE,50,16,False
TRTIVKM128F42779AE,20,8,False
TRTIVLA128F92F27D8,2395,777,True
TRTIWNA128F4246A8A,381,141,False
TRTIXIZ12903CF2260,3,3,False
TRTIXZI128F932A08D,696,182,False
TRTIYBC128F424EA1D,20,9,False
TRTIYCY128F4239823,177,49,False
TRTIZJY128F149983F,208,35,False
TRTIZNN128F148D745,41,5,False
TRTIZWM128F428BB86,106,44,False
TRTJCAD128E078D3CE,330,204,False
TRTJDTD128F14698F2,151,92,False
TRTJEDN12903D001B6,14,7,False
TRTJFCL12903CF43B9,90,42,False
TRTJFGO12903C952D8,690,479,False
TRTJFMD128F4289C94,120,56,False
TRTJJDO128F148EF37,451,180,False
TRTJJWP128F427B2BA,195,70,False
TRTJMLU12903CA6B32,49,10,False
TRTJMSC128F425E637,31,19,False
TRTJOKK128F9309619,53,12,False
TRTJQAE128F935AAF9,21,11,False
TRTJQLR128E0788AED,15987,3827,True
TRTJRFK128F423FD65,41,15,False
TRTJSAM128F429B015,2076,895,True
TRTJTHP128F9300200,445,235,False
TRTJUAC12903CB7379,1,1,False
TRTJUCK128F9356BC7,117,47,False
TRTJUQG128F92CD1D7,789,278,False
TRTJVGX128E078EB1C,1342,522,True
TRTJVLD128F931ED7E,1,1,False
TRTJVRW128F4285D94,98,57,False
TRTJVZG128F425B15F,1111,336,True
TRTJWWV128EF3568D3,112,61,False
TRTJYDU128F92E49EE,2069,996,True
TRTJYNI128F14792EC,40,12,False
TRTJYTV128F42876E4,206,70,False
TRTJZGG12903CF9E40,293,94,False
TRTJZLM128F933CDC3,522,290,False
TRTKBCU128F932F1FC,64,34,False
TRTKBDX128E0788870,12,4,False
TRTKCII128F42963A4,87,47,False
TRTKCQA128EF34E242,555,167,False
TRTKCZK128F92E973D,277,168,False
TRTKGHC128F931EA5D,45,17,False
TRTKHXA128F4284643,406,137,False
TRTKJLY128E07915C1,622,193,False
TRTKKWH128EF340D4A,171,44,False
TRTKLFX12903CD2DC2,18371,7557,True
TRTKMQB128F92F00E3,11,8,False
TRTKOIF12903CA4C90,18,12,False
TRTKOMW128F92E9607,6,2,False
TRTKPKT128F92FB837,54,14,False
TRTKPWK128F42B91BC,5148,1532,True
TRTKUSH128F934B46A,3,3,False
TRTKUZX12903CB2878,426,141,False
TRTKWZZ128F422DD8D,68,54,False
TRTKXNY12903CB661C,831,371,False
TRTKYHE128F42A10A7,141,66,False
TRTKYRS128F42579B7,220,103,False
TRTLBQP12903CF7F95,23,10,False
TRTLBRG128EF343C65,65,45,False
TRTLCAC128F9327823,135,68,False
TRTLDMO128F4281941,45,20,False
TRTLDNS128F429E010,78,49,False
TRTLEEC128F930326B,72,54,False
TRTLFNE128F4214ABC,33,24,False
TRTLGPD128F427FB83,157,94,False
TRTLGZB128F9356BC1,149,57,False
TRTLIGI128F9343698,39,6,False
TRTLJIR12903CCB954,25,3,False
TRTLKQT12903CA0851,1020,386,True
TRTLKTV128F421B862,47,33,False
TRTLKZB128F92ED0C4,368,148,False
TRTLLSM128F4281EBA,150,49,False
TRTLLSR12903CA7C14,4,4,False
TRTLMBY128F428ADF3,6,3,False
TRTLMKR128F934B390,490,212,False
TRTLMSH12903CDBEDB,620,181,False
TRTLNUT12903CF4704,16184,4972,True
TRTLOLU128F42876CF,1133,181,True
TRTLPWM12903C9B15E,81,51,False
TRTLTDW128F930AAB3,8761,2121,True
TRTLUVU128F4273C6D,354,155,False
TRTLVDO128F42659CD,187,78,False
TRTLVSS128E0784AD1,252,127,False
TRTLXMN128F92D15A4,570,349,False
TRTLYVR128F425D065,43,29,False
TRTLZCR128F92E4B15,5086,722,True
TRTMBDM128F428A335,53,25,False
TRTMBOU128F92F01FF,11,6,False
TRTMBYO128F4274E79,27,3,False
TRTMFEJ128F1463D60,5,4,False
TRTMFZY128F92F891A,41,29,False
TRTMGGK128F9325128,71,27,False
TRTMHDN128EF3675A7,1407,619,True
TRTMIGX128F425DD5F,1252,421,True
TRTMJWX12903CA2CEB,77,37,False
TRTMLUW12903CE52DC,1301,285,True
TRTMMGP128F14867C6,1326,271,True
TRTMMVF128F427CFF2,62,26,False
TRTMNEL128F9347553,28,10,False
TRTMOEC128F9332356,312,156,False
TRTMOJG12903D0739A,87,40,False
TRTMPFH128F931B0B2,2318,1085,True
TRTMPIS128E078186A,10,4,False
TRTMQXU128F14895BA,5132,1376,True
TRTMSAA128F934B6BC,101,74,False
TRTMSPO128F427175E,4534,2306,True
TRTMTZM128F427FD00,262,181,False
TRTMVQH12903CDD127,8,7,False
TRTMWBR128E078E79D,1255,606,True
TRTMXDA128F932F4D7,37,9,False
TRTMYBL128EF340BAD,189,101,False
TRTMYHP128F92E7595,243,135,False
TRTMYMP128F427ED33,89,61,False
TRTMZAT128F932E754,7699,2558,True
TRTMZIM128F4272559,5634,2403,True
TRTMZKA128F4239807,158,55,False
TRTNAHH128F4288430,151,77,False
TRTNBIF12903CAF0A8,262,109,False
TRTNEYO128F425C1C4,1186,467,True
TRTNFGD128F932EAF2,12,6,False
TRTNFRQ12903CB6360,16823,6893,True
TRTNGWT128F42B921F,2034,960,True
TRTNHES128F934B83F,19,10,False
TRTNHLR128F428D317,1857,999,True
TRTNHMM128F92E4E27,48,31,False
TRTNIBM128F42AC946,1444,658,True
TRTNIGY128F148EF48,1527,900,True
TRTNIHZ128F1469543,1861,568,True
TRTNIWH128F146ECB8,334,195,False
TRTNKBU128E079250D,4253,1664,True
TRTNKJR12903D03701,67,36,False
TRTNLFT128F92D94BD,262,55,False
TRTNMDX128F423EEB9,25,7,False
TRTNNRY128F935563F,262,132,False
TRTNNUY12903CFA94E,9,5,False
TRTNOEB128F9329300,20,8,False
TRTNOYK128F42397EC,82,35,False
TRTNPJR128F92EA2B9,283,190,False
TRTNRXU12903CF4246,29,8,False
TRTNSGG128F931A655,305,172,False
TRTNTCR128F429258D,145,48,False
TRTNUDK128F426240A,313,99,False
TRTNUHX128F149EF85,31,13,False
TRTNVED128F9336E66,57,29,False
TRTNVGD128F4226F81,254,128,False
TRTNXBJ128F429F892,285,150,False
TRTNXLT12903CFF249,440,134,False
TRTNXOL12903CDF752,3,2,False
TRTNZSP128F92EE76B,3,2,False
TRTOAHC128F428B024,986,480,True
TRTODKF128F42621EB,101,83,False
TRTODLI128F4271E3E,274,177,False
TRTODUH128F4228F28,789,215,False
TRTOEMW12903D02CDF,7,3,False
TRTOFXU128F14603DB,89,41,False
TRTOHKH12903CB243F,14,7,False
TRTOIEV128F42969C9,1444,614,True
TRTOJDR128F421C973,1318,721,True
TRTONTF128F9350E48,146,69,False
TRTOOAV128F4281CF0,1068,381,True
TRTOOKO128F42996F8,1213,473,True
TRTORPV128F92E01F3,66,29,False
TRTOSBA128F429102B,18,12,False
TRTOTDS12903D012D0,433,181,False
TRTOUIR128F9305DA1,11,8,False
TRTOUJZ128F147FCB8,1028,479,True
TRTOULY12903CB8D13,445,240,False
TRTOVRJ128F4267261,2492,818,True
TRTOYKB128F932D5E1,3213,1171,True
TRTOYRM128F92EDA94,307,154,False
TRTOZVG12903CCC625,1297,652,True
TRTPAIC128F1466AD9,291,199,False
TRTPDOQ128F425F724,254,122,False
TRTPDWK128F429B300,113,39,False
TRTPFDS128F9335F19,31,10,False
TRTPGEY128F42523F7,551,245,False
TRTPGKD128F92F24EF,96,32,False
TRTPHQS128F931A63D,265,151,False
TRTPIMC12903CD64EB,6,4,False
TRTPKGU128F428EA84,222,67,False
TRTPKJG128F4248893,1509,512,True
TRTPOXL128E0793995,80,22,False
TRTPPCG12903CAC3DA,393,196,False
TRTPPKO128E0791E45,119,72,False
TRTPQHZ128F428876A,267,176,False
TRTPSJR128F92F8B7D,28,10,False
TRTPTEE128F9346861,318,118,False
TRTPTZV12903CAC3E0,201,116,False
TRTPURC128F930CBE6,26,10,False
TRTPVYA12903CC90E9,6,5,False
TRTPWWP128F1486DF3,25133,9135,True
TRTPXAP12903CA1A14,2768,1352,True
TRTPXQA128F146E28C,30,24,False
TRTPZCV12903CFE78A,3339,1172,True
TRTPZWE128F1497E55,461,263,False
TRTQACQ128F1474D68,5591,1175,True
TRTQAFF128F9304DC2,23,15,False
TRTQAIU128F933A524,12,8,False
TRTQAOZ12903CE9ACA,4,4,False
TRTQARE128F425DA4B,524,371,False
TRTQBPV12903CB30C0,30,15,False
TRTQBYF128F933DF30,12,11,False
TRTQCQX128F92D8696,2,2,False
TRTQDER128F92DE72A,675,291,False
TRTQDFN128C7196ADE,258,180,False
TRTQEJH128F426B138,335,185,False
TRTQGOT128F425B232,44,10,False
TRTQHKH128F423EE8E,283,133,False
TRTQIGD128F422964C,110,40,False
TRTQIHT128F92FE421,22,13,False
TRTQIRO12903CC3C85,229,85,False
TRTQIYK128F92F89E8,108,46,False
TRTQJEA128F42B91E8,244,197,False
TRTQJYR128F92CC92C,607,239,False
TRTQLAY128F4262FF0,127,35,False
TRTQLIK128F42475C7,26,19,False
TRTQMUK128F931A643,199,102,False
TRTQNQZ128F148C13D,88,57,False
TRTQPKJ128F4226F3E,285,84,False
TRTQPRA12903C95281,35,13,False
TRTQQXM12903D06EB9,314,156,False
TRTQRAL128E0781135,1386,799,True
TRTQRHY128F4241AFD,3829,1332,True
TRTQRXD128F42819A8,1632,1104,True
TRTQSAJ12903CF41B9,232,67,False
TRTQSRT128F42A51E5,2161,945,True
TRTQTPZ128F427EC51,1506,794,True
TRTQUEI128F9301775,92,36,False
TRTQUGF128F422AF05,686,261,False
TRTQUQJ128F14520C2,35,27,False
TRTQVKS128F92EF9BE,6750,2239,True
TRTQVYM128F426F9FD,102,9,False
TRTQXDY128F92E4AF9,25,11,False
TRTQXMO128F4263CB6,131,77,False
TRTQXUX128F423EE4C,97,44,False
TRTQYNR128F14881D7,43,19,False
TRTQZIK128E078B87E,80,25,False
TRTQZMR128F930313C,1077,419,True
TRTRAZQ128F429E9BA,591,370,False
TRTRBFS128E0782AED,1293,657,True
TRTRCVL128F429CD01,29,13,False
TRTRCXB128F9322301,569,301,False
TRTRDAV128F145C7B9,53,25,False
TRTRFRE128F425AC1B,75,32,False
TRTRGUK12903D09AF1,3,3,False
TRTRHSP128F42A4CE5,3481,1343,True
TRTRJQL128F92EEFEF,24,15,False
TRTRKSM128F425E0C0,1423,349,True
TRTRNBN128F4248470,3,3,False
TRTROEY12903CFB201,5,4,False
TRTROHI128F9355DF0,380,160,False
TRTROLR12903CC4A5D,71,14,False
TRTROSY128F92F9798,188,91,False
TRTRPHP128F424809F,395,110,False
TRTRPWX128F429B2FF,107,50,False
TRTRQIS128F42437B9,1014,610,True
TRTRSDC128F92E6CBD,148,92,False
TRTRSEX128F426B438,647,216,False
TRTRTOW128EF34861B,134,64,False
TRTRUJU128F1482B74,1321,807,True
TRTRUPP128EF34B5BA,2635,1328,True
TRTRWEL128F4291BD6,50,20,False
TRTRXCY128E07816DE,595,335,False
TRTRZIY128F425B33F,4059,1212,True
TRTRZRN128F93501C6,4370,1893,True
TRTRZUG128F932790A,23,12,False
TRTSBCO128F933BB3E,2810,790,True
TRTSBPD128F92C6859,414,147,False
TRTSBWL12903CB04EF,6,5,False
TRTSDLD128F42421AF,8,7,False
TRTSDOX128F9339B9A,1796,717,True
TRTSDSH12903CB78B3,53,28,False
TRTSEDV128F931D596,2,2,False
TRTSFUN128F1455B70,1522,629,True
TRTSGYX128F428ECC6,68,57,False
TRTSIMH128F4277782,842,274,True
TRTSJKO128EF343302,86,48,False
TRTSJVD128F427EEF4,446,307,False
TRTSJZH128F931465B,582,248,False
TRTSKDL128F42AC2CA,759,284,False
TRTSKRJ128F930A983,30,15,False
TRTSLBN12903CDB1BE,4665,1553,True
TRTSMIN128E0784A4E,501,201,False
TRTSMRK12903CD43C1,191,87,False
TRTSOFO128F42298AA,146,66,False
TRTSPGU128F934BC51,97,50,False
TRTSPQY128F93586B8,1017,485,True
TRTSQHD12903CE87CA,163,71,False
TRTSQXN128F92E7F8C,142,45,False
TRTSRBL128F42AC2F2,400,224,False
TRTSRTJ128F149B0DE,517,212,False
TRTSRWV128F4229340,114,41,False
TRTSSUT128F1472A51,1519,1110,True
TRTSSYQ128F42BCDD4,409,249,False
TRTSUEY12903D05D63,5,4,False
TRTSVJG12903D0ABD8,1006,187,True
TRTSVMJ12903CF81CC,109,54,False
TRTSWBU12903CE76DA,659,249,False
TRTSWVS12903CB9A0C,265,100,False
TRTSXIB128F147F283,18,13,False
TRTSXWG128F932371B,53,7,False
TRTSYMW128F931469E,129,35,False
TRTTAJO128F4285F90,853,384,True
TRTTBED128E0782827,994,479,True
TRTTBVS128F421CD2E,522,241,False
TRTTCLT128F145257F,100,59,False
TRTTECR12903CC568B,29,15,False
TRTTFQE12903CF75A4,387,104,False
TRTTGAF128F92F9008,212,83,False
TRTTGIP128F147E91F,948,461,True
TRTTHCT12903CFCA1A,28,7,False
TRTTIXZ128F93321D1,1245,533,True
TRTTIYE12903CB25D3,55,16,False
TRTTJJL128F92D5419,861,448,True
TRTTKEQ128F42702C3,10,8,False
TRTTLAL128F423EE47,88,41,False
TRTTMDJ128F42AC2F3,1928,515,True
TRTTMLP128F42475C8,37,23,False
TRTTOLE128F427656E,103,68,False
TRTTQMT128F424D67C,1,1,False
TRTTRBL128F428FAD7,307,149,False
TRTTTKL128EF3685F1,259,216,False
TRTTTMV128F92DD137,934,531,True
TRTTUMF12903CC5E1C,295,108,False
TRTTWHT128F93318A5,73,35,False
TRTUAJJ128F4248262,457,151,False
TRTUCMU128F14530C7,11,7,False
TRTUCUY128F92E1D24,3287,1762,True
TRTUDBO128F9351A39,15,6,False
TRTUDXW128F92CE20D,286,156,False
TRTUEHJ128F42934A5,207,98,False
TRTUEPQ128F92D32F9,151,76,False
TRTUEPW128F9306179,9412,3564,True
TRTUGFA128F4264EFB,18,14,False
TRTUGZJ128F4255CF6,2,2,False
TRTUHEJ128F9303057,111,52,False
TRTUKJQ12903CC6583,69,23,False
TRTUMEF12903CF59C6,12,5,False
TRTUMOU128F930344E,724,304,False
TRTUNTL128F429B125,830,308,False
TRTUOWY128F932D256,216,31,False
TRTUPQY128F425DDF5,34,23,False
TRTUQWH128F92C7D4F,250,131,False
TRTUQZE128F92E16C9,1196,1042,True
TRTURAY128EF356A07,270,152,False
TRTURIQ128F42A01AA,522,235,False
TRTUTAH128F42695D4,42,25,False
TRTUTSF128E07926FD,705,284,False
TRTUUFH128F932EDD1,2191,1523,True
TRTUVGU128F9351A23,2686,924,True
TRTUVSR12903CC791D,1676,388,True
TRTUWMO128F92F2A09,4543,1918,True
TRTUXUK128F93146A0,3,3,False
TRTUXUS128F1482018,52,25,False
TRTUYFF12903CEE557,30,17,False
TRTVACC128F429102A,81,57,False
TRTVAMA128F932E02D,4698,1500,True
TRTVATV12903CB598C,100,50,False
TRTVBCS128F92FC322,3,3,False
TRTVBIX128F4223198,3001,963,True
TRTVCRR12903CDFCEF,26,7,False
TRTVEZZ128F14541C3,508,172,False
TRTVFLD128F93314FE,432,176,False
TRTVGUL128F92FC140,857,249,True
TRTVHBI128F934C714,1,1,False
TRTVIEF12903CC5AE8,154,59,False
TRTVIGE128F149B8FD,152,89,False
TRTVIKW12903CAC3DC,246,146,False
TRTVKXK12903CFAB30,138,52,False
TRTVLFE128F933A02B,1,1,False
TRTVLLV128F42437BB,1049,615,True
TRTVQHM128E0791563,538,220,False
TRTVQVD128F425CD91,108,73,False
TRTVRCF128F4294B3A,255,192,False
TRTVSKV128F92EF7D0,1296,512,True
TRTVSZE128F424F4F8,53,31,False
TRTVTYS128E0792887,4716,1434,True
TRTVVKJ128E078666C,155,50,False
TRTVXIH128F426625A,1723,717,True
TRTVXMG128F4285B35,12,6,False
TRTVXUZ128F1466475,109,51,False
TRTVXYR12903CCAE2F,889,223,True
TRTVYJE128F4288F92,290,110,False
TRTVYPB12903CC14BD,28,12,False
TRTVZCU128F92CF01B,17,11,False
TRTVZJB128F932D450,486,179,False
TRTWCFT128F92E0D1D,343,170,False
TRTWCUM128F92DF90A,5240,1394,True
TRTWDAE128F932C71F,225,101,False
TRTWEWP12903CF4561,75,17,False
TRTWHAE128F42A01A0,744,305,False
TRTWHJV128F935A8CE,80,19,False
TRTWHTW128F92F6EFD,56,17,False
TRTWKAN128F425AEEF,9807,3106,True
TRTWKHF128F4252945,94,42,False
TRTWLLO128EF34E4D7,1230,440,True
TRTWLRH128F426264F,97,23,False
TRTWMOY128F9312A23,755,450,False
TRTWMZA128F428907F,847,376,True
TRTWNOP128F92D687B,5,5,False
TRTWOCA128F14840B8,1903,787,True
TRTWPHY128F427EC7E,3,3,False
TRTWQCV128F429B2FC,613,239,False
TRTWQUV128F9330A98,59,17,False
TRTWQYX128F14794E7,2567,1032,True
TRTWTES12903CF6897,201,63,False
TRTWTQH12903CEA899,3855,1060,True
TRTWUIG128F4213CCF,123,35,False
TRTWUJB128F425A7DD,98,52,False
TRTWVGB128F92FF901,19,14,False
TRTWVHD12903CB8E1E,11,8,False
TRTWVTY128F934AE5C,96,55,False
TRTWVWU128F145267B,277,150,False
TRTWWLC12903CEC8DF,27,21,False
TRTWWZK12903CB7902,921,391,True
TRTWXEJ128F92F6747,439,265,False
TRTWYCN128F422DD9B,57,49,False
TRTWYWZ128F4283302,242,146,False
TRTWYXC128F145C038,7548,2470,True
TRTXABT12903CDD857,1,1,False
TRTXAEL128E07930C6,1870,772,True
TRTXAHQ128F427253D,415,189,False
TRTXBCQ128F4293499,349,124,False
TRTXBYQ128F428A0B9,26,21,False
TRTXCJT12903CB8D15,1447,575,True
TRTXDCW128F934C609,97,44,False
TRTXDEK128F1466B07,4249,1014,True
TRTXEBV128F92FBC10,330,147,False
TRTXEMZ128F42AE127,1537,493,True
TRTXFYL128F426A814,113,42,False
TRTXGNK128F423A766,98,57,False
TRTXHAT128F423D480,5230,1721,True
TRTXHZQ128E0786B1D,1381,588,True
TRTXKJZ128F14528B3,1744,496,True
TRTXLUQ128F9318710,387,200,False
TRTXMXP128F4271830,6,3,False
TRTXNIY128F932F1CE,757,213,False
TRTXNPQ12903CF5CAA,93,69,False
TRTXOED128F93051B2,1364,439,True
TRTXOVZ128F92D8277,398,170,False
TRTXPFE12903CDCF51,285,88,False
TRTXPOI128F427F0EC,445,270,False
TRTXPWR12903CB3D76,4,4,False
TRTXUFB128F4233439,634,264,False
TRTXVIE12903D010E0,753,270,False
TRTXWCU128F427A985,23,15,False
TRTXYTS128F4242129,132,35,False
TRTXZWO128F4228946,814,339,False
TRTYADI128E0783821,433,212,False
TRTYAOZ128F423EBD2,82,51,False
TRTYBID128F4281FFE,3,3,False
TRTYCKD128F148AFDF,38,11,False
TRTYDBE128F92CB35E,148,33,False
TRTYDUD128F426CDA3,18,12,False
TRTYDWD128EF36852B,111,85,False
TRTYEOP128F4231712,57,42,False
TRTYFCV128F92DFB21,178,108,False
TRTYFKL128F1499865,10,6,False
TRTYHAC128F1469BD8,891,313,True
TRTYJJS128F428C6DE,27,10,False
TRTYKMW128F92F96A5,25,15,False
TRTYOHL128F42646E4,9,5,False
TRTYOSL128F92F0532,11,10,False
TRTYQCX128F93094A8,141,108,False
TRTYSJW128F932E744,60,22,False
TRTYSPJ128F4265D93,9,7,False
TRTYUGO128F92C1F13,427,139,False
TRTYUUI128F92ECB71,21,14,False
TRTYWFZ128F14554AA,618,293,False
TRTYWNV128E0791DE8,1467,628,True
TRTYXPS128F4296094,69,29,False
TRTYYTO12903CA4A34,6638,2335,True
TRTZAOC128F932B08D,137,19,False
TRTZBEY128F148C681,45,19,False
TRTZCFO128F147A339,256,137,False
TRTZCMD12903CDF6A8,99,52,False
TRTZDGS12903CC53E1,348,70,False
TRTZDIC128F93292FA,10,4,False
TRTZDPB128F934CC9A,126,78,False
TRTZDST128F4280766,1,1,False
TRTZIPD128F425C194,129,51,False
TRTZJDL128F4270EF1,22,14,False
TRTZJUU128F4284223,535,257,False
TRTZKJT12903CB41C4,147,49,False
TRTZLNX12903CFA6AA,2091,347,True
TRTZMDC128F4278F68,742,375,False
TRTZMID128F42464ED,467,186,False
TRTZNWN12903D0627E,1612,592,True
TRTZOLF128EF354287,3,1,False
TRTZPYK128F9329E29,649,349,False
TRTZQUA128F147C016,14,4,False
TRTZQZX128F421B494,33,16,False
TRTZSLS12903CC5056,320,178,False
TRTZSMX128F9309560,18,9,False
TRTZSYN128F426A2EA,266,42,False
TRTZSZJ128F14587B5,255,124,False
TRTZUCR128F9325AE5,56,34,False
TRTZUMD12903CA45C9,4,3,False
TRTZVNZ128F42454CE,67,28,False
TRTZXPD12903CEAF43,750,418,False
TRTZXPN128F4299407,1,1,False
TRUAAIA128F92CCF2B,480,236,False
TRUABGM128F426ECE6,662,338,False
TRUACQV128F92DFB87,45,27,False
TRUADLS128F42620AD,42,19,False
TRUAEEG128F931F79B,491,96,False
TRUAFFD128F4277048,2395,1193,True
TRUAGAH12903CFFBBE,78,48,False
TRUAGGP128F429EA4E,1804,844,True
TRUAGXD128F42BA5A3,1892,823,True
TRUAHCY128F429E970,465,309,False
TRUAHEE128E078A892,806,257,False
TRUAHNP128F92F4778,59,25,False
TRUAHPG128F429EC60,311,196,False
TRUAJKR128F426CA45,928,382,True
TRUAJOJ128F14557B6,658,344,False
TRUAKBS128F424357F,2,2,False
TRUALEN128F92DC20B,1,1,False
TRUALZW128F4247264,9,8,False
TRUAMMU128F14628CB,6,3,False
TRUAMQX128F428B49D,1047,636,True
TRUANPT128F4293F33,2161,1196,True
TRUAPLY128F1465A74,712,507,False
TRUAPZW128F424F098,1661,785,True
TRUARIA128F92CA7E0,969,344,True
TRUARQG128F93180CC,450,168,False
TRUAUYR128F42687C5,1242,482,True
TRUAWIK128EF34C261,69,34,False
TRUAWRK128F14B0377,7,2,False
TRUAWUA128E078169D,120,57,False
TRUAWVL12903CD66D7,4599,2295,True
TRUAYBF128E0780DA8,3723,1959,True
TRUBBDE128F42576FD,23,16,False
TRUBCCU128F147853B,134,77,False
TRUBDCS12903CD1924,178,91,False
TRUBDKQ128F42A7FA4,79,30,False
TRUBGYK128F423E59F,89,29,False
TRUBHHE12903CC23FE,99,41,False
TRUBJGJ128F1469912,113,72,False
TRUBKHN128F146ECB3,317,171,False
TRUBKNA128F931FB1C,321,143,False
TRUBKSM12903CD9C87,8170,2913,True
TRUBOJX128F425B710,4021,979,True
TRUBSXM128F427FEB7,139,55,False
TRUBSZM128F422ABDE,6857,499,True
TRUBVLU128F4229280,8,6,False
TRUBYKL128F93321E7,138,56,False
TRUBYUR128F42621E2,199,119,False
TRUBYZZ128F428BB74,78,17,False
TRUBZIN12903CF5B50,273,68,False
TRUBZOC128F9320A31,2173,1159,True
TRUCAEZ128F92CA650,137,59,False
TRUCAPF128F421BD4F,208,110,False
TRUCBOX128F42B880F,485,304,False
TRUCCBS128F42911E5,67,36,False
TRUCCCP128F42178E3,33,21,False
TRUCCHL128F1480138,1126,709,True
TRUCCVR128F933B3E1,152,35,False
TRUCDPM128F427FD0A,334,148,False
TRUCEHT128F4248170,90,48,False
TRUCEMO128F92E7467,1993,846,True
TRUCGCK12903CFA176,27,11,False
TRUCGJJ128E0786B9F,1182,567,True
TRUCGQK12903D09EE3,50,17,False
TRUCHGD128E0788859,1847,796,True
TRUCHHA128EF3435EA,22371,6932,True
TRUCHMO128F9300A93,184,95,False
TRUCIHR128F4248D9B,84,37,False
TRUCIIZ128F424A109,726,405,False
TRUCIRG128F93450A1,6645,2555,True
TRUCIUQ128F42AA44B,182,77,False
TRUCJGA128F427B2B8,145,73,False
TRUCJPC128F145E31A,1194,340,True
TRUCLFU128F426181F,45,22,False
TRUCMLI128F92D12E0,55,31,False
TRUCNBC128F42682CF,5,5,False
TRUCNCH128F426A4B3,1443,648,True
TRUCOYT12903D06FE6,381,189,False
TRUCPAS128F9304FE0,76,36,False
TRUCQVR128F4267DED,213,136,False
TRUCRCQ128F14721FD,465,280,False
TRUCRNK128F42A66E2,13,9,False
TRUCRUF128F14B0255,3258,1462,True
TRUCSBP128E078B714,101,49,False
TRUCUTF128F4293F15,459,164,False
TRUCVKZ12903CF27A6,968,719,True
TRUCWEG12903CCF52C,235,36,False
TRUCWXA128F92E4944,16110,5500,True
TRUCWXT128F4281347,480,298,False
TRUCXAV128F425B4E2,518,182,False
TRUCXOY128F42B7C94,65,37,False
TRUCZFS128F4276B96,78,39,False
TRUCZTB128F4218750,7878,2836,True
TRUDEAM128F92EB708,71,51,False
TRUDELK12903CDFAA7,12,8,False
TRUDELX128F934B39B,12,7,False
TRUDFCZ12903CC3E61,5,4,False
TRUDFDR128F42411F3,1131,615,True
TRUDFEX12903CDFAA1,38,15,False
TRUDHLL128F934BFE0,9,5,False
TRUDHNW128F426B088,320,90,False
TRUDJBQ128F148C4E3,43,13,False
TRUDJGV128F93040A1,34,26,False
TRUDJIZ128F9351BAA,401,106,False
TRUDJOH12903CB5C06,44,17,False
TRUDJQA128F930F7B9,47,19,False
TRUDJYU128F42B79D9,15,8,False
TRUDKFF12903CE8387,689,233,False
TRUDKFW12903CEED49,1,1,False
TRUDKIL128F92CA7E8,832,311,False
TRUDKKR128E078C602,2,1,False
TRUDKOO128F42833EA,2,2,False
TRUDKSQ128F4264F03,286,149,False
TRUDLBI128F92E530B,164,66,False
TRUDLBR12903D0E8CD,818,320,False
TRUDLIO12903CAFF48,1,1,False
TRUDLKK12903CBFFC1,3,2,False
TRUDLLO128F1467239,39,24,False
TRUDLLR128F42A961D,9,3,False
TRUDLPF128F427F125,290,85,False
TRUDLXM12903CDF9CA,98,22,False
TRUDMCW128F428A314,23,8,False
TRUDMGG128F428A8B3,17,9,False
TRUDMKS128F4261A65,2138,1102,True
TRUDMMG128F425A863,42,22,False
TRUDMNS12903CA6BC3,752,187,False
TRUDMPY128F92E1FFC,33,18,False
TRUDMSR128E07930CE,15,13,False
TRUDMVC128F92DDE65,186,92,False
TRUDMYB128F4293F7C,57,4,False
TRUDNAO128F423813C,356,172,False
TRUDNBC128E07933A3,116,79,False
TRUDNCD128E078F6F3,2404,464,True
TRUDNOD128F4219C90,5,3,False
TRUDNQO128F4289E20,1042,195,True
TRUDNRB128F42598CA,10817,4200,True
TRUDNRP128F92CF415,12,5,False
TRUDNWA128EF367153,12,4,False
TRUDNXE128F92F91C4,719,412,False
TRUDNZP128F4260070,8,6,False
TRUDOMS128F14AA58F,207,142,False
TRUDORZ128F933631F,100,33,False
TRUDOYR128F14528B9,494,245,False
TRUDOZC12903CFEA7E,9,5,False
TRUDPCZ128F9323C22,1363,194,True
TRUDPKT128F9351751,21,5,False
TRUDPLV128F423AB1A,434,107,False
TRUDPPJ128F92C5A3A,184,84,False
TRUDPSC128E0789E78,8,4,False
TRUDQBY128F1487A71,262,100,False
TRUDQDT128F42811F1,19993,7464,True
TRUDQFO128F146339D,39,28,False
TRUDQUD128F4267DCE,875,458,True
TRUDQZD128F42968E6,745,223,False
TRUDQZP128F42967BD,21,6,False
TRUDQZR12903CDA9F3,17,10,False
TRUDRBD128F9320A92,495,208,False
TRUDRCV128F42747FC,32,16,False
TRUDRFI128F1456DD2,6,6,False
TRUDRLM128EF34A176,17,4,False
TRUDRTO128F425BDD1,2005,945,True
TRUDRUK12903D08381,393,213,False
TRUDRUQ128E07937BD,769,362,False
TRUDSEE128F934C9D6,426,166,False
TRUDSXI128F421A602,38,20,False
TRUDTAG128F427E9F1,116,51,False
TRUDTHA128F92FE587,14,6,False
TRUDTNF128F92C8101,309,123,False
TRUDTQJ128F4286630,1132,575,True
TRUDTRG12903CE3654,156,44,False
TRUDTXN128F42BCCC7,1,1,False
TRUDUAF128F4241C46,2673,892,True
TRUDVAZ128F4290FFA,313,142,False
TRUDVPK12903CF2851,155,40,False
TRUDVVM12903CB03ED,77,22,False
TRUDWDU128E0782D7A,78,5,False
TRUDWNZ128F92FE2CD,2480,804,True
TRUDWQM12903D00CB1,5,4,False
TRUDWZM128F424E90D,185,61,False
TRUDXBC12903CBA7F8,6,6,False
TRUDXEG128F9345084,1853,622,True
TRUDYHJ128F9325A35,72,59,False
TRUDYJV128F932B6E0,3,3,False
TRUDYKC128F4276582,3,1,False
TRUDYLO12903CBDAE3,2884,754,True
TRUDYLU128EF3663B3,193,89,False
TRUDYQJ128F42540AC,985,335,True
TRUDYWT128F423CB98,21,10,False
TRUDZCE128F14A0247,85,36,False
TRUDZDS128F93567FF,55,22,False
TRUDZKI12903CCC28D,128,57,False
TRUDZSZ128F92C8126,13,6,False
TRUEAEJ128F428224B,5,4,False
TRUEAER128F92D9244,6,2,False
TRUEALP128F424CE42,18,9,False
TRUEAOF12903CD435D,1560,589,True
TRUEAVY12903CC1FF6,30,10,False
TRUEBDF128F93221A8,679,227,False
TRUEBMS128F1468F7F,401,125,False
TRUEBNP128F42841C7,227,110,False
TRUEBQN128EF363C50,174,94,False
TRUEBXD12903D08B42,26,6,False
TRUEBXH128F1466D0C,649,267,False
TRUEBXP128F4295443,109,63,False
TRUEBYO128F9331630,71,36,False
TRUECED128C7196CE4,2,2,False
TRUECGP128F4246502,7,6,False
TRUECHI128F9346E1A,3,3,False
TRUECPO128F9304306,268,91,False
TRUECRN128F4291FC3,56,32,False
TRUEDAR128F429EF76,10,4,False
TRUEDVR128F932AAD4,53,31,False
TRUEEVM128F9347608,1582,480,True
TRUEFAP12903CA8344,691,341,False
TRUEFEV128F92D7AED,36,18,False
TRUEFIM12903CD85B8,1058,267,True
TRUEFLW12903CF1AFE,56,33,False
TRUEFSW128F931610A,51,15,False
TRUEGBH128F429131F,2,2,False
TRUEGCS128F4251358,5,4,False
TRUEGDF128F9307162,65,23,False
TRUEGFJ128F4261EC2,50,11,False
TRUEGFU12903CF07BA,538,167,False
TRUEGMJ128F148D40C,11,10,False
TRUEGVF128F14A65F7,2536,677,True
TRUEGXP128F92F7E6D,5296,2653,True
TRUEHNT12903CAF5F0,158,25,False
TRUEHXU128F1477879,1960,786,True
TRUEHZC128F42454D6,59,18,False
TRUEIND128F93038C4,21,20,False
TRUEIQD128F425DCA5,574,210,False
TRUEJAU128F14B0C90,5,5,False
TRUEJMS128F93172FC,1166,287,True
TRUEJZL12903CE94AF,1,1,False
TRUEKAI12903CD0D53,12,4,False
TRUEKQK128F428B50E,5,2,False
TRUEKRB128F4283634,6,4,False
TRUEKVY128F92FE878,2,2,False
TRUEKZT128F42846B4,31,16,False
TRUELBT12903CC2004,26,7,False
TRUELCH128F92C4797,1346,1010,True
TRUELJY128E0791E2B,460,181,False
TRUELLO128E078CE0A,23,6,False
TRUELLO128F92FEB76,110,50,False
TRUELTX128E07911D7,53,23,False
TRUEMKO128F4256FFA,1,1,False
TRUEMNM128F93485EE,5,4,False
TRUENCB128F9329241,10,8,False
TRUENEI128F92FF3C0,30,22,False
TRUENMK128F92D8155,5,5,False
TRUENQI128E0783B2C,58,32,False
TRUEOAO128F93187A0,381,118,False
TRUEOFV128F4262641,19,13,False
TRUEOGT128F92FB548,12,7,False
TRUEOSS128F4287B83,16,14,False
TRUEOVO128F4271F31,2128,297,True
TRUEPAM128F426ACFD,2,2,False
TRUEPDD128F4248420,40,20,False
TRUEPJP128F932AA5B,28,13,False
TRUEPSG128F149639E,198,120,False
TRUEPWH128F92FE61F,137,83,False
TRUEQCC128F4282782,4,4,False
TRUEQKM128F42437A0,325,268,False
TRUEQWJ128F421CD83,890,460,True
TRUEQWM12903D0CCF9,1751,861,True
TRUEQWT128F424EF37,266,105,False
TRUEQYZ12903CCF8DD,10,4,False
TRUEREK128F42731E6,5,1,False
TRUERHW128F92E4CF7,6,5,False
TRUERMP128F148ABBF,4,3,False
TRUERNF128F930452D,55,21,False
TRUESBN12903CDC9BA,8,6,False
TRUESDE128F427A589,320,87,False
TRUESFU12903CC20C9,7,2,False
TRUESII12903D051C5,2613,974,True
TRUESQZ128F93558A7,24,15,False
TRUESTN128F147228B,8,7,False
TRUETQW12903CDA7BD,1,1,False
TRUETZD128F92CBAA7,66,20,False
TRUEUBW12903CD5CDD,19,11,False
TRUEUFK128F934CF0F,12,7,False
TRUEUOT128F42A57D4,2,1,False
TRUEUUK128F92FD462,4,4,False
TRUEVBR128F422310A,1916,590,True
TRUEVCJ128F42B6AFB,46,20,False
TRUEVNO128F93028D7,235,23,False
TRUEWAR128F92FAD40,2225,1488,True
TRUEWWN128E07919C0,83,57,False
TRUEWZG128F42716FD,122,37,False
TRUEXCT128F92EDA77,7,5,False
TRUEXES12903CE8578,2,2,False
TRUEXGL128F14557BD,1004,564,True
TRUEXTP12903CE4BA9,261,84,False
TRUEXUA128F1453AC4,2429,1061,True
TRUEYBF128F422CADE,360,104,False
TRUEYBP128F4273381,272,56,False
TRUEYBT128F92FE2FD,220,92,False
TRUEYPO128F1465C5F,56,44,False
TRUEYVU128F92F21E4,65,20,False
TRUEZJN128F4281CEE,282,148,False
TRUEZMQ128F4263BF7,5,3,False
TRUEZQD128F92C9297,91,25,False
TRUEZVL128F4268F85,13,2,False
TRUFAIN128F9337F52,5,4,False
TRUFAMB12903CF1BF6,133,19,False
TRUFAOU12903CB4741,294,98,False
TRUFBLN128F932EFFA,1224,482,True
TRUFBYV128F42ADD2F,116,70,False
TRUFCDG128F932BDA5,187,71,False
TRUFCDO128F93079DF,821,401,False
TRUFCGP128F933F4D8,31,15,False
TRUFCYW128F4245F88,149,94,False
TRUFDEJ128F42475CA,37,20,False
TRUFDGN128E07892B6,3,2,False
TRUFDKG128F92F9434,389,128,False
TRUFDRV128F4262352,4026,1615,True
TRUFDXX128F93217A6,62,37,False
TRUFEXI12903CA6BB1,15,2,False
TRUFFEO128F4260A82,14,6,False
TRUFFER128F930FC7C,25,13,False
TRUFFFS128F93165FC,2997,1239,True
TRUFFIU12903CC59EA,426,150,False
TRUFFMX12903CC7AC3,3,3,False
TRUFFTO128F1456939,151,58,False
TRUFGCC128F935E75B,12,6,False
TRUFGHB128F421BCCC,30,11,False
TRUFGIV128F9335A2C,307,259,False
TRUFGJJ128F1456E59,148,86,False
TRUFGXO128F9336E5D,5,5,False
TRUFGYM12903CE5AF2,3,3,False
TRUFHJM128F1492B42,2,2,False
TRUFHTB128F92D5930,217,110,False
TRUFHXD128F423805C,1526,253,True
TRUFIFJ128F428276D,41,14,False
TRUFIFK12903CA71F8,49,34,False
TRUFJOP12903CAE72A,109,48,False
TRUFJTZ128F429CD42,2,2,False
TRUFJWM128F424A793,729,255,False
TRUFKAG12903CAA7B3,2,1,False
TRUFKHA12903CC1BB2,50,19,False
TRUFKHE12903CB6846,17,15,False
TRUFKLI12903CFBD1F,2,2,False
TRUFKQA128F92F9124,1,1,False
TRUFKSO12903CF2552,7,5,False
TRUFKUM12903CE6E5B,116,55,False
TRUFLEO12903CB33FC,2247,943,True
TRUFLFE128F1488034,2594,1192,True
TRUFLHR128F932BCBB,31,10,False
TRUFLLN128F930C809,85,42,False
TRUFLUA128F426B95D,5,3,False
TRUFMFN128F426B663,2,2,False
TRUFMVZ128E0792519,594,300,False
TRUFMYX12903CF8BBF,11,7,False
TRUFOML12903CDE26B,397,86,False
TRUFOPK128E07929AC,2762,1095,True
TRUFOQE128F42813EB,2604,1112,True
TRUFOTA128F428A900,33,17,False
TRUFOUM128E0781CC7,202,161,False
TRUFOZX128F92FDB8B,4310,1189,True
TRUFPBA12903D0165E,33,25,False
TRUFPMP128F426A159,32,14,False
TRUFPTE128F425EC12,16,9,False
TRUFPWX128F148599A,2,2,False
TRUFPXP128F422CC1E,2,2,False
TRUFQAD128F9308DAA,3,2,False
TRUFQQB128F4239D61,79,23,False
TRUFQQH128F147747C,82,45,False
TRUFQTW128E0793EC8,118,50,False
TRUFRDH128F9343D8F,28,15,False
TRUFRDX128F1495760,2484,482,True
TRUFREB128F92EE468,485,162,False
TRUFRJQ128F4248842,3029,943,True
TRUFSAF128F146C6D2,1,1,False
TRUFSKS128F9317300,1168,437,True
TRUFSNS128F4245926,1,1,False
TRUFSYB128F4218857,12,8,False
TRUFSZX128F9325AAB,2,2,False
TRUFTBY128F93450B8,111615,39529,True
TRUFTHD12903CC0B7C,1022,407,True
TRUFTOX128EF34DBAA,534,188,False
TRUFTPT12903CE52E3,702,176,False
TRUFTWU128F93366EC,89,27,False
TRUFUED128F4246BF6,109,33,False
TRUFUFB128F931C207,367,212,False
TRUFUHD128F92DEE49,100,25,False
TRUFUOE128F4235697,740,284,False
TRUFUSU128F42AD013,59,20,False
TRUFUVK128F92F01FD,63,4,False
TRUFVBB128F92DAE80,1000,440,True
TRUFVIN128F932BEFC,2038,855,True
TRUFVON128F92D28A5,3336,880,True
TRUFVRS128F14AC8A3,232,73,False
TRUFWOL128F9326DB6,22,14,False
TRUFWRG128F930FA06,39,12,False
TRUFXFI12903CF63B4,741,368,False
TRUFXJD128F425B25F,88,39,False
TRUFXNH128F424C839,8,4,False
TRUFXOS128F92EEE65,8,2,False
TRUFXQS128F92E68AB,7,4,False
TRUFXSF128F147F501,32,24,False
TRUFYEG12903CCC653,2198,485,True
TRUFYIQ128F14520BF,25,18,False
TRUFZBU12903CB1354,68,58,False
TRUFZNL12903CDF97C,40,17,False
TRUFZQU128F92D3C0C,1573,564,True
TRUFZXI128F93321E6,34,28,False
TRUFZZK128F42140D3,306,137,False
TRUGAAA128F9350953,25,12,False
TRUGAHO128F935F7AB,48,5,False
TRUGANP12903CB2C46,133,33,False
TRUGASR128F42397F2,83,51,False
TRUGATF128E0786B08,28,15,False
TRUGAUM128F14768AB,635,374,False
TRUGBDI128F14548CD,322,125,False
TRUGBPO128F92ECC3A,23,10,False
TRUGBUY128F931E940,2,2,False
TRUGBVI128F424A073,101,65,False
TRUGCHT128F9356BDB,16,8,False
TRUGCOP128F4232463,61,21,False
TRUGCOQ128F4298C6B,177,46,False
TRUGCXC12903CB89C6,169,96,False
TRUGDTE128F14934A9,244,73,False
TRUGERC128F92F785D,67,15,False
TRUGESS12903CDAF10,94,36,False
TRUGFCE128E0793B92,602,371,False
TRUGFEK12903CBE8B0,30,9,False
TRUGGHC128F1477705,1459,725,True
TRUGGQV128F4291F76,88,50,False
TRUGISH128F425A2D4,12,7,False
TRUGIST128F427BBE8,1486,696,True
TRUGIUU128F4292157,458,172,False
TRUGIYU128F92ED9F6,21,11,False
TRUGJAJ12903CAE9DD,14,8,False
TRUGJMC12903CF7C3B,2334,954,True
TRUGJTC128F4299946,8,4,False
TRUGKRE12903CB84BD,229,72,False
TRUGKUD12903CBDFDF,32,14,False
TRUGLCD12903C9D1C6,4,3,False
TRUGLJC128E0798B7B,51,21,False
TRUGLPG128F1489977,138,51,False
TRUGLUL128F934B27B,510,234,False
TRUGMDK128F423588A,1203,472,True
TRUGMFK128F4266032,1335,732,True
TRUGMTQ128F14AA58A,1,1,False
TRUGMYA128F9346CD4,23,4,False
TRUGMYB128F4262196,21,10,False
TRUGNAW128F148D497,61,34,False
TRUGNEB128F93504EF,196,110,False
TRUGNUW128F424C219,4892,842,True
TRUGNWC128F421A0E8,48,19,False
TRUGNWT128F42912D3,1,1,False
TRUGODL128F428A325,491,263,False
TRUGOGT128F92F29E9,2758,1170,True
TRUGOIE12903CB8A10,3,3,False
TRUGPAJ128F42A8185,17,7,False
TRUGPEJ128F145B05A,1032,477,True
TRUGPMV12903CD7342,5,2,False
TRUGPTB128F4248266,905,366,True
TRUGPWC128F9349C50,470,235,False
TRUGPZT128F4289145,46,18,False
TRUGQBB12903CB4596,1399,505,True
TRUGQEM128F931B52D,480,197,False
TRUGQEP12903CD3CA2,13,3,False
TRUGRBX12903CF43BA,86,24,False
TRUGRIQ128F42AA82C,193,69,False
TRUGRTZ12903CDEAA1,129,39,False
TRUGSQG128F42597B9,272,116,False
TRUGTNV12903CB2B49,90,24,False
TRUGTXK12903CBCCC2,3,3,False
TRUGTZC128F4215D4D,22,2,False
TRUGUEN128F426D379,125,44,False
TRUGUEO12903CE4BE6,43,4,False
TRUGUGU128F42947CC,418,175,False
TRUGUHX12903D09C6D,1955,907,True
TRUGUOJ12903CEF520,42,14,False
TRUGURN128F934715B,25,18,False
TRUGVHT128C7196D9D,32,25,False
TRUGVPO128F9358BB4,26,7,False
TRUGVRE128F934A60C,82,22,False
TRUGVSS128F92E154C,4,3,False
TRUGWAQ128F4257E7F,941,381,True
TRUGWXI128F93149E0,5,3,False
TRUGXDO128F42775CF,418,211,False
TRUGXZK128F423E17F,1914,1000,True
TRUGYQI128F935883F,65,38,False
TRUGYWM128F92D8690,42,10,False
TRUGYZP128F148EF4C,914,414,True
TRUGZIR128F422DE70,450,218,False
TRUGZNP128EF342C3A,6,3,False
TRUGZQI12903CF5AA9,6,5,False
TRUGZWH128F92FFA0A,133,56,False
TRUHAOW128F93418EA,179,32,False
TRUHAPI128F147513D,32,11,False
TRUHCIP128F428CDAB,3086,1872,True
TRUHCQL12903D05F4D,1160,402,True
TRUHCUV128F4267DFF,129,79,False
TRUHDID12903CE7081,61,26,False
TRUHDLV12903CB16CE,63,29,False
TRUHDRB128F427B274,20,5,False
TRUHDZR12903CC504E,478,262,False
TRUHECY128F1467FA1,12,4,False
TRUHEUC128F145E9BF,194,105,False
TRUHFBW128F9322248,37,20,False
TRUHGAC128F1492AC4,363,149,False
TRUHGSS128E0791C60,123,48,False
TRUHHKR128F4255C63,4,3,False
TRUHHNT128F425B83E,40,11,False
TRUHHQS128F93015E1,3,2,False
TRUHHYA128F9329C2D,12,10,False
TRUHICG128F1462465,3154,1457,True
TRUHICH12903CEF1AA,4,4,False
TRUHIEG128EF353C29,337,109,False
TRUHIWH128F148251A,1684,767,True
TRUHIZL128F4230F3D,718,222,False
TRUHJNH128F92DE9EE,109,38,False
TRUHJUL128F423A3E1,1644,426,True
TRUHJZB128F9316344,58,24,False
TRUHJZI128E07912A4,4288,2008,True
TRUHLBK128F1460F60,32,14,False
TRUHLIK128F9336036,345,155,False
TRUHLIZ128F92EF08B,1915,998,True
TRUHLPT128F1456592,111,46,False
TRUHLRR128F426EBE8,326,155,False
TRUHLUD128E078F9DE,142,91,False
TRUHMCF128F92F90D6,556,314,False
TRUHMZD12903CF23D2,53,32,False
TRUHOBN128F424C907,170,47,False
TRUHODO128F4281D9D,2,2,False
TRUHOOQ128E079251E,517,305,False
TRUHOTT128F92F48BE,3767,1130,True
TRUHOUG128F427FD74,209,91,False
TRUHPLP128F429B2D4,75,13,False
TRUHPPN128F4288904,4,4,False
TRUHPQK128F428D5EB,36,20,False
TRUHPRY128F4242A2E,462,294,False
TRUHPXS128F4216EF4,23,13,False
TRUHPXZ128F932B3FD,42,17,False
TRUHPZB12903CEDD97,35,11,False
TRUHQCI128F9303DC2,9,5,False
TRUHQPJ12903CDE000,101,88,False
TRUHRIX128F149CCFF,857,161,True
TRUHROW128F425EED7,40,27,False
TRUHSCC128F92EDC5E,94,55,False
TRUHSVN12903CE8104,29,13,False
TRUHSYT128F92F4422,35,13,False
TRUHUDV128F4285591,780,273,False
TRUHUGG128F427A4A3,156,49,False
TRUHUNN128F92E58B5,14804,4878,True
TRUHUOG128F4298C66,29,9,False
TRUHUTY128F4257577,38,11,False
TRUHVQG128F934BAE3,15,10,False
TRUHWAS128F930EE25,19,12,False
TRUHWGG128F92FE3AC,1682,212,True
TRUHWOF128F9304904,1677,774,True
TRUHWOP12903CC8E11,10,5,False
TRUHWQQ128F93419DA,688,179,False
TRUHXBD128F932988F,285,162,False
TRUHXFQ128F42522A7,4,3,False
TRUHXHY128F4269ECB,27,13,False
TRUHXIA128F42819B8,16,7,False
TRUHYNC128F92E288A,5685,1691,True
TRUHYRG128F4270FCA,628,305,False
TRUHZSF128F4298B15,13,4,False
TRUHZTM12903CDB259,25,7,False
TRUIACF12903CF2422,97,33,False
TRUIATC128EF343580,3899,1386,True
TRUIBCH12903CDA218,81,42,False
TRUIBDD128F42597F0,494,199,False
TRUIBDL128F932A9BE,30,23,False
TRUIBQN12903CC1B92,17,16,False
TRUIBRZ12903CF5A63,69,42,False
TRUICWL128F92EDBB8,325,180,False
TRUICWR128F425A6F3,1120,79,True
TRUIDFB12903CE4046,4,3,False
TRUIDGE128F4285820,127,18,False
TRUIDKP128F931C23F,223,167,False
TRUIDOI128F92DC689,3,2,False
TRUIEBY128F422AE2C,629,171,False
TRUIECO12903CFEA6E,31,9,False
TRUIEHK128F423A55A,624,215,False
TRUIEKS128F92F942D,460,175,False
TRUIESB128F427D70D,1,1,False
TRUIEZE128F148848C,9,7,False
TRUIFCG12903CFA2AB,518,229,False
TRUIFQT128F426A922,323,270,False
TRUIFWH128F92D03C0,27,5,False
TRUIHAD128F933A305,529,274,False
TRUIHVA128E0789ED3,34,19,False
TRUIHWU128F931DFBF,2627,941,True
TRUIIMR128F92D043D,605,297,False
TRUIINS128F4253698,3,1,False
TRUIIPM128F147CBD2,8901,3711,True
TRUIIZO12903CAE3DD,4,3,False
TRUIJNQ12903CD6A3B,554,286,False
TRUIJOW128F92F9510,43,16,False
TRUIJQR128F4258551,161,45,False
TRUIJZD12903CF238C,1007,483,True
TRUILAH128E0781F3B,23,12,False
TRUILEW128E0789371,67,38,False
TRUILRP128F1464D4D,2493,1035,True
TRUIMDG128F425B0CB,1506,191,True
TRUIMKQ128F4266C91,8,7,False
TRUIMWD128F425141D,19,9,False
TRUINLL12903CBA925,1115,415,True
TRUINQO128F14687E5,881,317,True
TRUINQU128F14A66A6,7585,4947,True
TRUINSF128F93481A8,1866,529,True
TRUIOCD128F426AAC3,5,1,False
TRUIOOZ128F92EBFEE,34,15,False
TRUIOQX128F4229D6A,107,42,False
TRUIPKP128F424B326,121,39,False
TRUIPUI128F42631E6,115,56,False
TRUIPVE128F932DC06,506,195,False
TRUIQKZ128F421EC32,39,18,False
TRUIQOR128F92D16B1,1599,649,True
TRUIQQN128F4249D4E,185,116,False
TRUIRJJ12903CCC631,6,4,False
TRUIRLK12903CD6488,3,3,False
TRUIRYH12903CA54F3,38,17,False
TRUISIU12903CE483F,401,111,False
TRUISMA128F146991A,316,217,False
TRUISNA128F9335C3A,168,80,False
TRUITGM128F428A593,351,246,False
TRUITHI128F425CF2B,5,2,False
TRUITRO12903CC7FB3,8,4,False
TRUIUEM128EF343FCD,2,2,False
TRUIUHZ128E0788BC5,53,18,False
TRUIUJA12903CDA154,20,12,False
TRUIUPD128F92F98FB,54,29,False
TRUIVAR12903CB5C4F,3972,766,True
TRUIVAZ128E0793A0C,65,14,False
TRUIVPK128E0786A6C,59,29,False
TRUIVVH128F4278B3D,7,5,False
TRUIWBK128F92F3AF2,101,15,False
TRUIWHJ12903CF5E11,66,22,False
TRUIXAJ128F1499629,9,3,False
TRUIXBK12903CDBF15,5577,1734,True
TRUIXFD128F148F908,103,71,False
TRUIXKY128F149CCFE,58,21,False
TRUIYIP12903CE6B4C,1,1,False
TRUIYPQ128F4278951,20,15,False
TRUIZMA128F932733E,21,6,False
TRUIZSS12903CD68B6,102,48,False
TRUIZXM128F92F6C19,31,11,False
TRUJAFL128F9300AB6,4324,1178,True
TRUJARE128F9339156,1,1,False
TRUJAYT128F92C4929,319,208,False
TRUJAZL12903CB30D5,480,267,False
TRUJBCR128F4257BB8,19,12,False
TRUJBNP128F92FF77F,17,9,False
TRUJBPR128F424A796,88,57,False
TRUJCEF128F92ECE4E,232,109,False
TRUJCQH12903CD6D26,147,106,False
TRUJCTB128F14B0F48,654,309,False
TRUJCXA128F93656AD,7,2,False
TRUJDXX128F14669C9,7,3,False
TRUJEEC128F9337A97,72,49,False
TRUJEEW12903CFEE42,24,18,False
TRUJFOF128F9347A00,6,4,False
TRUJFUY12903CC5519,4,4,False
TRUJFWF128E0792353,150,66,False
TRUJGLJ128F146CB4D,2321,822,True
TRUJGPU128F1495918,10,4,False
TRUJIGC128F145F8E7,10,4,False
TRUJIIV12903CA8848,11,7,False
TRUJIJZ128F1464C1D,35,10,False
TRUJIUC128F4291A86,48,25,False
TRUJJCD128F42456FA,1340,553,True
TRUJJFC128F9305DF5,254,100,False
TRUJKEA128F931ED6D,202,83,False
TRUJKVB128F932EBF2,3606,1115,True
TRUJLNL128F931C290,103,48,False
TRUJLTF128F92F2D4B,16,6,False
TRUJLXN128F4298F20,1018,465,True
TRUJMAW128F4261E2D,516,166,False
TRUJMHN128F426969E,14,4,False
TRUJMKO128F427F9E1,6,2,False
TRUJMNJ128F42557A0,48,13,False
TRUJNWX128F92E042B,1178,448,True
TRUJNXC128F428E040,136,67,False
TRUJNZW128F93318A7,188,64,False
TRUJNZX12903CF3B0A,211,52,False
TRUJOEI128F93238BF,44,22,False
TRUJOHU128F424E6A6,18099,6631,True
TRUJOQM128F92FF551,10,6,False
TRUJORR12903CC23EA,240,61,False
TRUJOUH128F426D454,70,22,False
TRUJPDA128F931B1E9,77,35,False
TRUJPPG128F145C922,123,55,False
TRUJRAK128F933ED9F,11,7,False
TRUJRGJ128F426BAEB,858,342,True
TRUJRIG128F934C328,72,41,False
TRUJRKW128F424A74F,157,45,False
TRUJRNN128F9300BB9,130,27,False
TRUJRQY128F423A63C,226,119,False
TRUJRTG128F428BB76,66,38,False
TRUJRZQ128F427EDFB,4,3,False
TRUJSDM128F932CA4A,1,1,False
TRUJSGE128F93535E3,901,392,True
TRUJSHW128E0781B71,1046,505,True
TRUJSZN128F427201C,86,69,False
TRUJTAM128F9312A24,40,21,False
TRUJTPD12903D01650,12,8,False
TRUJTZP128F42397E4,70,21,False
TRUJVBH128F92F8C3C,7,3,False
TRUJVDE128F1469033,28,10,False
TRUJVRL128F4278BF2,1253,659,True
TRUJVTJ128F427BADD,1,1,False
TRUJWIN128F93383F9,54,14,False
TRUJWXK12903C99654,11,3,False
TRUJXVJ128F9319F27,62,34,False
TRUJYEJ128F92CEAA9,2986,1513,True
TRUJYET128F145A9B4,373,264,False
TRUJYYD128F932CF82,135,71,False
TRUKAJH128E07822C8,1317,738,True
TRUKAKR128F9304304,165,79,False
TRUKBDD128F93128B7,23,7,False
TRUKBOD128F1485AF3,275,65,False
TRUKBXB128F4289F89,903,420,True
TRUKCER128F42986C7,423,227,False
TRUKCPM12903CB81E9,14,11,False
TRUKCUZ128F428A0B2,15,12,False
TRUKDHT128F9330DB0,2,2,False
TRUKDVL128F9317124,403,219,False
TRUKESQ12903D063C9,19,11,False
TRUKEUU128F9350858,1,1,False
TRUKFFN128E078375A,865,322,True
TRUKFQK12903D0811B,265,136,False
TRUKFQQ128F426263F,3,2,False
TRUKGAC128F427E88E,498,218,False
TRUKGLC12903CAF586,631,388,False
TRUKHAB128F425BD1D,219,98,False
TRUKHDL128F9304FDB,123,40,False
TRUKHNI128F426FFF9,161,44,False
TRUKHTE128F428CD8B,1803,597,True
TRUKIRH128F9327CBF,6,5,False
TRUKJBV128F9306B93,1,1,False
TRUKJJD12903CCBB7B,133,59,False
TRUKJKH128F4239825,285,76,False
TRUKJMJ128F427EDB5,342,231,False
TRUKJYU128F931C2C2,27,22,False
TRUKKNT128F428A3CA,98,55,False
TRUKKTW128F9301302,17,8,False
TRUKKVP12903CC4D94,2,2,False
TRUKLAF128F146503B,78,50,False
TRUKLAI128F425B04C,187,84,False
TRUKLCI128F421A3DA,271,101,False
TRUKLIG128F428B9B2,115,71,False
TRUKLZS128F4299A39,2,1,False
TRUKMAU128F42381F7,311,219,False
TRUKMBD128F145C78E,640,176,False
TRUKMPC128F93548BB,36,17,False
TRUKMRF128F1490862,40,16,False
TRUKNDT12903CA60FC,414,232,False
TRUKNJG128F92F2BBC,25,10,False
TRUKNMZ128E078632A,164,91,False
TRUKOEM128F425DA94,230,166,False
TRUKPCJ128F933D565,12,4,False
TRUKPHI12903CC1814,155,73,False
TRUKQRX128F4265D39,23,10,False
TRUKQZQ128F930C8E9,19,5,False
TRUKRLC128F92E9B58,1980,838,True
TRUKRLU128E07962F6,5266,1935,True
TRUKRMI128F4266F18,890,441,True
TRUKRSB128F92F98FC,19,13,False
TRUKRVF128F9337743,1,1,False
TRUKSEW128F42A3F97,23,17,False
TRUKSVZ128F92EF91B,1488,1061,True
TRUKSWA12903D12629,7,3,False
TRUKTDT128F931B6CE,111,38,False
TRUKTNB128F146C779,2014,866,True
TRUKTSW128E0781F10,25,12,False
TRUKTTU128E07925B5,775,222,False
TRUKUBH128F424AAB5,2093,728,True
TRUKVAV128F427E6DD,98,16,False
TRUKVKU12903CE02FB,1,1,False
TRUKVPU128F147B59B,500,238,False
TRUKVYS128F4281B44,234,164,False
TRUKVZD128F428B82F,103,43,False
TRUKWHM128F428AA55,116,92,False
TRUKWYI128F4298710,248,149,False
TRUKWYV128F931A467,213,99,False
TRUKXMW128EF35190A,1381,463,True
TRUKYSD128F4291141,169,98,False
TRUKYZM128F146948E,1576,534,True
TRUKZBL128F1496F94,8,5,False
TRUKZDD128F4281931,5497,2874,True
TRUKZEI128F428E277,52,36,False
TRULAHF128E07934C2,1096,563,True
TRULANB128F4269BEA,1,1,False
TRULAOU128F42397E9,11,6,False
TRULAYU128F9311560,902,375,True
TRULBIF128F4232AEC,3,3,False
TRULBYW128F422AE35,207,121,False
TRULCVM128F9326E41,10,6,False
TRULDAY12903CF4483,114,51,False
TRULDXU128F92FD72D,27,6,False
TRULEAJ128F421F97A,10,6,False
TRULEEJ128F9309639,334,154,False
TRULEGR128E0781D3C,609,348,False
TRULELS12903CFAB25,119,53,False
TRULEYH128F4251E8B,13,8,False
TRULGDW128F423DF49,10,7,False
TRULGXY12903CC5A3F,19,10,False
TRULHAR12903CE47BD,74,35,False
TRULHLZ128F42BB903,2570,1009,True
TRULHZE128F422DA6B,282,92,False
TRULIFR128EF36229B,236,113,False
TRULIQD128F4281CEF,1473,460,True
TRULJES12903CDB0B5,9,6,False
TRULJGO128F93335B6,3,3,False
TRULKID128F428C74C,11,8,False
TRULKKB128F92E896C,308,94,False
TRULKZV128F93014BA,37,22,False
TRULMBY128F9307025,339,237,False
TRULMFJ128F92CF015,64,34,False
TRULNKK128F42A9423,37,14,False
TRULNMQ128F92E1FDA,12181,4431,True
TRULNQL128F424E121,11,8,False
TRULNVE128F931B111,12,6,False
TRULOGT12903CF1E51,54,19,False
TRULOKW128F427FD30,399,147,False
TRULOMP12903CAF43F,33,11,False
TRULONW128F9302209,1074,516,True
TRULORT128F428B793,2,2,False
TRULORZ128F4233165,539,208,False
TRULOVL128F92DCF53,3747,1458,True
TRULOZS128F426AC24,199,116,False
TRULPEN128F4247A18,6,5,False
TRULPEP12903CDDCCB,65,29,False
TRULPHD128F930727D,18,6,False
TRULPNI12903CC64D9,562,141,False
TRULPQQ128F423A3D8,925,282,True
TRULPWK128F9312181,5,5,False
TRULPYX128F92EF9C0,172,93,False
TRULQDS128E0791924,2433,812,True
TRULQLY12903D0DD73,299,159,False
TRULQPU128F148CF17,6203,2225,True
TRULQTD128F148BD8C,107,71,False
TRULRYN128F145FC1C,1541,326,True
TRULSMQ128F9309158,690,263,False
TRULSWI12903CAFE83,195,82,False
TRULTFO128F92CD9A9,104,48,False
TRULTUX12903CE9312,297,51,False
TRULTVA12903CC2323,27,12,False
TRULTYX128F426B392,525,153,False
TRULVEZ128F4298DC0,120,39,False
TRULVPL128F424EEF3,161,14,False
TRULVPM128F429B2D6,107,59,False
TRULVXL128E0788B4C,19,4,False
TRULXKH128F93579C5,3,3,False
TRULYWI128F932B98D,12,8,False
TRULYWL128F427C61F,46,21,False
TRULYZS128F92E4E86,100,63,False
TRULZGQ12903CC28D5,13,7,False
TRULZKQ128F42711C3,1072,254,True
TRUMAIY128F9325D01,9,8,False
TRUMAMM128F425C318,94,82,False
TRUMARV128F427B850,33,10,False
TRUMAUK128F424FBBC,54,34,False
TRUMAUW128F4291ED5,36,9,False
TRUMBAH128F1485B10,1174,592,True
TRUMBER128EF3400BA,16,9,False
TRUMBND128F148D409,208,98,False
TRUMCVQ128F4267B63,173,72,False
TRUMDRI128F424FEFC,2944,2231,True
TRUMEAF12903C9F452,193,55,False
TRUMEFQ128F92CA67B,243,102,False
TRUMEJU128F428CAFA,2,1,False
TRUMENS12903CF265E,1761,772,True
TRUMFLI128F9301FD6,428,208,False
TRUMFSQ128F92D8942,56,26,False
TRUMGFF128F4299B12,257,163,False
TRUMGOO12903CF24C4,242,114,False
TRUMHPV128E0787314,330,126,False
TRUMIGA128EF351A19,3322,1420,True
TRUMION12903CB6373,15334,7076,True
TRUMJHL128F9304608,137,63,False
TRUMJIP128F42996FD,676,308,False
TRUMJLP128F146B82E,1667,459,True
TRUMJNK12903CF465A,512,311,False
TRUMJPS128F428E66E,213,90,False
TRUMJTO128F9305B71,12,7,False
TRUMJTQ128F935A67A,140,74,False
TRUMKEQ128F4246A7E,16482,3586,True
TRUMKKJ128F9327335,13,9,False
TRUMLZZ128F4255C0B,17,6,False
TRUMMCL128F9328EF5,19,13,False
TRUMMKH128F9309986,35,16,False
TRUMMPK12903CF25DB,749,411,False
TRUMMTI128E07820E6,1092,322,True
TRUMMUQ128F422FE88,8,4,False
TRUMMYX128F92FD2FF,243,76,False
TRUMNDC128F427927F,388,207,False
TRUMNHT128F14641A9,189,78,False
TRUMPGT128F930B8F8,108,45,False
TRUMPIH128F425F038,195,52,False
TRUMPKP128F426715F,8,3,False
TRUMPMT128F421B43D,299,58,False
TRUMPQD128F1474D6F,493,235,False
TRUMPVK128F93321F9,660,261,False
TRUMQBX128F422F61B,159,103,False
TRUMQDC128F423EAE6,444,265,False
TRUMQID128F1467D6A,37,13,False
TRUMQNI128F92F747F,39,18,False
TRUMRDQ128F42A7F0C,1376,423,True
TRUMRIC128E0783CBD,1693,558,True
TRUMROQ12903D0C3F9,10,5,False
TRUMRSZ128F92F0709,1,1,False
TRUMRUS128F1496C69,16,8,False
TRUMSEB128F429CC35,976,436,True
TRUMSJN128F42775E3,1672,897,True
TRUMSZV128F92F0035,32,12,False
TRUMTES128F92E7485,7577,2023,True
TRUMTZG128F14AE34B,143,54,False
TRUMUCR128F428B998,62,40,False
TRUMUJP128F92CD1DC,206,76,False
TRUMUTQ128F4266925,132,82,False
TRUMVTL12903CDDFCB,38,5,False
TRUMWIN128E0789F0F,62,22,False
TRUMXQQ128F932C290,701,175,False
TRUMXRU128F4271B7B,26,12,False
TRUMXZA128F4275993,39,23,False
TRUMYIZ128E078374D,2268,915,True
TRUMYOU12903CF8CA4,5,1,False
TRUMYQD128F931A59A,74,42,False
TRUMZPL128F422A78D,179,63,False
TRUNBBZ128F4263825,181,84,False
TRUNBFC12903CB2CCC,2072,1098,True
TRUNBVU128F428AB11,25,8,False
TRUNCHE128F425BF5D,31,17,False
TRUNCXA12903CDAA07,8732,1652,True
TRUNCYA128F427073D,9,7,False
TRUNDEW128F930D6FA,1384,544,True
TRUNDFC128F145A3F0,124,45,False
TRUNEBU128F933E93C,7,4,False
TRUNEQU128E07896A2,1213,783,True
TRUNERP128F932BCF5,8,6,False
TRUNGBS128F930D498,12,3,False
TRUNGJR12903CC087A,27,6,False
TRUNGSY128F92CC88B,9212,2799,True
TRUNGVK128F931155F,117,72,False
TRUNGXG128F1492C32,246,83,False
TRUNIJR128F92F9693,62,36,False
TRUNJWL128F42481A4,919,482,True
TRUNKDA128E079667D,14,14,False
TRUNKHC12903CDDF3D,11,6,False
TRUNKTP12903CD1EFB,56,35,False
TRUNKXN12903CF0ADE,35,29,False
TRUNLPS128F92C5647,84,37,False
TRUNLQI128F4289F8B,471,304,False
TRUNMUC128F9300ABA,720,233,False
TRUNNCA128F42590F0,33,16,False
TRUNNVX128F42261AE,226,131,False
TRUNOED128F4247A55,792,275,False
TRUNONT128F92E5073,41,22,False
TRUNPGT128F4256A40,6,1,False
TRUNPIM128F42B91E6,378,252,False
TRUNPPS12903CB63D6,1268,398,True
TRUNQHF128F145690A,8179,1665,True
TRUNQKA128F92D3DAB,12,5,False
TRUNQQQ12903CAFE80,120,74,False
TRUNRBL128F92D92AC,6474,2005,True
TRUNRES128F42848B9,328,126,False
TRUNRIU12903C9E0D9,47,29,False
TRUNRNB128F42A76B6,8902,3857,True
TRUNRUY128F1498F37,107,51,False
TRUNRWE128EF3553CD,1269,623,True
TRUNSXQ128E078B97D,6826,2972,True
TRUNTIT128F933CE91,751,254,False
TRUNUJF128F92CA86A,575,189,False
TRUNULG12903CA49DC,15,9,False
TRUNURI128F930D715,110,42,False
TRUNVXN128F92E8998,125,62,False
TRUNVYD128F4275D62,216,105,False
TRUNWAC128F426C483,1,1,False
TRUNWTH128F421A201,204,68,False
TRUNXWJ128F93297C0,39,29,False
TRUNYCG128F423A553,19822,5829,True
TRUNYEB128F4250E20,62,28,False
TRUNYZG128F4284491,1258,622,True
TRUOAAQ12903D056BF,18,13,False
TRUOAHO128F42753B0,33,14,False
TRUOAPN12903CB8A65,102,62,False
TRUOBDJ128F4295645,19,9,False
TRUOBDQ12903CB0610,3,2,False
TRUOBKQ128F93146A8,12,4,False
TRUOBTP128F42676AF,433,289,False
TRUOCBA128E07822DF,4042,1616,True
TRUOCFK128F423EF28,724,147,False
TRUOCWY128F427B6F5,3300,1385,True
TRUODAT12903CA15D0,11,7,False
TRUOEJQ128F4249555,218,79,False
TRUOEWJ128F9345A85,566,292,False
TRUOFKL128F92EC215,261,147,False
TRUOGAP128F42893A1,24,9,False
TRUOGHZ128F9310FCD,7,3,False
TRUOGIG128F423FD39,6,6,False
TRUOGMJ128E0781E21,1093,642,True
TRUOGZL128E0791EF7,194,110,False
TRUOHTC128E0781CB3,759,483,False
TRUOIWS128F4265E5F,19,8,False
TRUOJAC128E0786B35,522,288,False
TRUOJJS128F145C256,14822,6988,True
TRUOJKG128F4260BB1,909,253,True
TRUOJPR128F148676F,13,11,False
TRUOJST128F145FF0B,36,13,False
TRUOKAP128E0792A4C,491,217,False
TRUOKRP128F9306B97,919,264,True
TRUOKYS12903CEA5AA,2188,962,True
TRUOMBO128F934B470,69,37,False
TRUOMQX128F92D221B,47,10,False
TRUOMVO128F4248483,30,8,False
TRUONCJ128F4220233,9,3,False
TRUOONY128F145A8C7,70,44,False
TRUOOSD12903CF1C43,13,8,False
TRUORAG128F1490E6E,453,241,False
TRUORKR128F933BA33,6,3,False
TRUORRB128F42433B8,11,5,False
TRUOSKH128F92F170F,54,20,False
TRUOTJQ128F4263DB2,387,221,False
TRUOTMW128F1479977,1,1,False
TRUOUAT128F428B152,206,83,False
TRUOVRF128E07822E6,1893,797,True
TRUOWCB12903CF3E9D,34,17,False
TRUOWRR128F4216C30,150,57,False
TRUOWRV128F1452557,26,9,False
TRUOWXM128F428C886,263,72,False
TRUOWZO128F93115C2,809,341,False
TRUOXAU128F429C2E4,25,7,False
TRUOXKH128F92F6269,342,76,False
TRUOXSW128F92E55C4,101,51,False
TRUOYNJ128F42702AF,13,4,False
TRUOYYM128F4243DD6,58,29,False
TRUOZOI128E0782226,315,178,False
TRUOZSL128F931D80A,16,10,False
TRUOZTD128F421B6A2,38,17,False
TRUOZVD128F4247A26,7,7,False
TRUPADF128F931A9D2,18,9,False
TRUPARW128F9347166,217,104,False
TRUPAVU128F92FD9A1,684,159,False
TRUPAWB12903CDF0C4,119,65,False
TRUPBWN12903D01AAF,66,22,False
TRUPCJU128F92C4BDB,56,24,False
TRUPCWG128F424CC96,52,15,False
TRUPCXU128F42683B2,349,159,False
TRUPDDR128F92EEFDF,80,34,False
TRUPDNU128F147CBE9,6675,2735,True
TRUPEOJ128F934BCE9,24,19,False
TRUPGDY128F428EE1C,57,21,False
TRUPGJF128F9352785,54,10,False
TRUPGQC128F92DE6BE,1610,357,True
TRUPHAR12903CB3093,207,39,False
TRUPHMJ128F42980F7,3292,1202,True
TRUPHNL128F426E3E2,39,4,False
TRUPJAC12903C9539C,688,434,False
TRUPJCT128F4292005,163,89,False
TRUPJMF128F428B822,152,74,False
TRUPJOI12903CFA4E8,165,23,False
TRUPJUA128F422D9E3,3,3,False
TRUPKCI128F1489F32,1127,279,True
TRUPKJK128F9337D49,548,154,False
TRUPKOK128F93481C7,31,14,False
TRUPKTM128F9342C25,25,19,False
TRUPLRL128F934C131,330,135,False
TRUPMQM128F1451EAB,201,67,False
TRUPNGA128F4258AE9,4367,1691,True
TRUPNOF128F4285C89,244,80,False
TRUPOAH128EF351C45,311,65,False
TRUPOCI128F930AC97,35,10,False
TRUPOJW128F9344E59,7,6,False
TRUPQCF128F427BD5C,49,37,False
TRUPQHM128F9316A24,102,32,False
TRUPSOM12903CFEC05,3,1,False
TRUPSSI128F4270004,127,72,False
TRUPSZX128F427FE7F,209,95,False
TRUPTTC128F92F82D3,151,125,False
TRUPTVN128F9351A11,1020,498,True
TRUPTVV128F92EDF74,1696,273,True
TRUPUBN128F4247F9F,762,295,False
TRUPUGW128F92F8750,149,55,False
TRUPWXV128F145C48A,4,4,False
TRUPXSK128F930D419,280,94,False
TRUPXXG128F92FFAD1,42,20,False
TRUPYUP12903D0FA06,4495,1384,True
TRUPZCY128F4270FCC,737,378,False
TRUPZPL128F145C25C,1014,242,True
TRUPZXV12903CD8899,1525,496,True
TRUQAPZ128F4223160,358,142,False
TRUQAQG128F42748B5,5041,2072,True
TRUQARX128F426BAF2,909,345,True
TRUQBSK128F423AF2F,49,25,False
TRUQCRL128F42621CC,32,15,False
TRUQCSY128F92E637F,2058,913,True
TRUQCVO12903CB5794,57,21,False
TRUQCZI128F426AA19,33,15,False
TRUQDPJ128F42710F5,9,6,False
TRUQDZW128F9316A80,1275,1003,True
TRUQEKG128F9310309,16753,7814,True
TRUQERG128F147CBEA,12559,5022,True
TRUQFAK12903CC2344,122,69,False
TRUQFBT128F424C8EB,42,22,False
TRUQFJV128E0782075,26,17,False
TRUQFZK128F425B4E1,613,200,False
TRUQGWP128F9351B07,58,26,False
TRUQJPQ128F1489D1C,4,4,False
TRUQKAS128F428CD56,496,287,False
TRUQKFB12903CDEEC2,11,11,False
TRUQKVX128E07813B2,3996,1861,True
TRUQLII12903CF78D3,602,133,False
TRUQLKP128F9322409,220,35,False
TRUQLWH12903CF7C26,2855,1370,True
TRUQMJO128F9344424,207,84,False
TRUQMMA128F428A871,86,49,False
TRUQOAT128F93543FB,23,10,False
TRUQOEN128F9308ED2,2411,808,True
TRUQORF128F4276513,216,57,False
TRUQOZB128F92EFA8C,10,4,False
TRUQOZD128F930F4D1,2208,487,True
TRUQPCG12903CAFC3C,195,82,False
TRUQPIG128E078F550,1258,513,True
TRUQPKF12903CF1331,2,2,False
TRUQPSV128F429A6D5,164,76,False
TRUQPXR128F92C4CCD,89,26,False
TRUQQDH128E0792218,1320,686,True
TRUQQIY128F14794E9,692,320,False
TRUQQJA12903D0CF4A,1,1,False
TRUQRAZ128F42779A4,90,26,False
TRUQTRH12903CDC92D,2,2,False
TRUQUJX12903CB4426,904,595,True
TRUQUON128F9333C84,20,11,False
TRUQVCT128F934B629,5,4,False
TRUQVFR128E0793B36,150,84,False
TRUQVQO128F427642D,16,11,False
TRUQVSQ128F4258B30,1488,809,True
TRUQVUU128F42A4C6D,2,1,False
TRUQWCO128F9314819,74,34,False
TRUQWCV128F148B23C,127,64,False
TRUQWEM128F422A6EC,31,12,False
TRUQWQQ128F425A98D,7,3,False
TRUQXEJ128F932369D,71,45,False
TRUQXVX128F92ECE63,209,76,False
TRUQXZM128F92DE3D7,259,204,False
TRUQYFH128F1460C68,24,10,False
TRUQYWC128F933654B,355,170,False
TRUQZXA128F42A5F85,6359,2105,True
TRURAHF128F426A3C4,657,312,False
TRURAKI128F4269A6E,17,8,False
TRURAKZ128F92DEFE8,455,239,False
TRURBJM128F4266130,7,5,False
TRURCEI12903CA4395,94,44,False
TRURCFO12903D01339,16,10,False
TRURCWX128E0792798,135,82,False
TRURDFC12903CAB350,1677,395,True
TRURGDV128F930A3A5,2,1,False
TRURIBU128F148C813,2580,821,True
TRURIGT128F425C1E4,1281,536,True
TRURIMZ128F9329BC9,35,14,False
TRURIOU12903CD435C,297,146,False
TRURIXM128F92F89C9,4476,2396,True
TRURIYJ12903CB50FA,1800,683,True
TRURIZR128F428C87A,329,65,False
TRURKTO128F4222566,56,20,False
TRURKTV128F427F94C,1289,380,True
TRURKXY128E07826B4,431,154,False
TRURMBA128F4272AB0,91,30,False
TRURNCZ12903CF03FA,9,7,False
TRURQEC128E07911AC,1,1,False
TRURQJE128F423EBD5,93,33,False
TRURQRF12903CF81CB,310,151,False
TRURQRU12903CE3F6D,5,1,False
TRURQYO12903CD191D,1565,476,True
TRURRPY128E079755F,1608,690,True
TRURRUX128F92E7D05,16,13,False
TRURRVV12903C9F089,718,270,False
TRURSEW128F14AE786,502,210,False
TRURSYL128F4293D07,11,7,False
TRURUAL128E078F4C5,239,110,False
TRURUCI128F4260CA7,432,100,False
TRURVDY12903CDCEEE,8,4,False
TRURVNV128F92F5C1B,10,8,False
TRURVSU128F426D342,3291,1325,True
TRURWYJ12903D012FF,808,283,False
TRURXEP128F92F8F5B,11,8,False
TRURXIQ128F930220D,367,195,False
TRURZAM128F421590D,5,3,False
TRURZLU128F4253770,265,95,False
TRUSAGL128F426F4DD,2,2,False
TRUSCBW12903D019A3,58,25,False
TRUSCDQ128F92F4AF0,18,9,False
TRUSCDW128F423A18B,49,31,False
TRUSCOI128F147DF6C,3977,1849,True
TRUSFLA12903CDDCC6,20,10,False
TRUSFUJ128F92E1FBC,2023,633,True
TRUSGJP128F147A2D2,59,27,False
TRUSGVV128F425E10A,25,15,False
TRUSGXF128F92F35C1,268,87,False
TRUSHMY128F931472C,195,102,False
TRUSIBY128E0780E3D,1803,748,True
TRUSIMU128EF3436C8,4319,2450,True
TRUSIWJ128F9318ACF,512,165,False
TRUSJGD128F427562C,5866,3855,True
TRUSJNI12903CD5CC9,18,9,False
TRUSJNS128F429EFD2,505,280,False
TRUSJSS128F424A81B,44,21,False
TRUSKBC128E0791E6A,243,139,False
TRUSKKJ128F92EC20E,526,101,False
TRUSKYW128F428852A,153,55,False
TRUSLMV128E0786BAF,848,372,True
TRUSMAQ12903CD1912,476,164,False
TRUSOUG128F93249D7,16,9,False
TRUSPHW12903CFECD9,60,33,False
TRUSPKS128F42981DB,254,116,False
TRUSQOL128F935295E,90,19,False
TRUSQXE128F426F5E9,69,37,False
TRUSRAD128F92EAB66,9,7,False
TRUSRFO128F147FC82,1495,826,True
TRUSSJI128F932DAEA,55,3,False
TRUSSQF128F931CD98,363,158,False
TRUSTMP128F427474B,1,1,False
TRUSUBK12903CF2663,448,277,False
TRUSUGA128F429217A,244,93,False
TRUSUOF128F932A493,75,34,False
TRUSVMF12903CBAAB7,11,7,False
TRUSVYF128E07953E0,1637,547,True
TRUSVYW128F4247D2D,102,16,False
TRUSWMQ128F4260DD9,612,244,False
TRUSXVV128F424954F,214,89,False
TRUSYPI128F9310CF7,203,83,False
TRUSYXT128F423787F,189,94,False
TRUSZKB128F930383B,20,3,False
TRUSZKL128F92DF0F4,52,24,False
TRUSZOZ128F4262A23,34,7,False
TRUSZWJ128F92EF285,976,294,True
TRUTAIO12903CD6614,702,302,False
TRUTBAV12903CA4D2F,85,32,False
TRUTBIH128E0793C68,322,101,False
TRUTBML128E0788BBB,48,15,False
TRUTBNC128F4214582,55,31,False
TRUTBWK128F9338EFE,14,5,False
TRUTCAL128F9313455,6,2,False
TRUTCLE128F427EE70,138,37,False
TRUTEGP128F424A7B8,4,3,False
TRUTEHX128E0789ED2,34,16,False
TRUTEMH128E0789000,1845,588,True
TRUTEOJ12903CD4811,66,31,False
TRUTFIW128F42520FA,3660,545,True
TRUTFJT128F1466526,335,121,False
TRUTFOJ128F148AE46,2013,906,True
TRUTGYM12903CDF2D2,26,11,False
TRUTHGG128E0784ACC,821,343,False
TRUTIIY12903CD945B,407,181,False
TRUTIJF128F933FF0D,55,22,False
TRUTIPX128F933D309,30,8,False
TRUTITA12903CE48E8,223,80,False
TRUTITH128F42807BE,166,93,False
TRUTJGX128F4257BA8,295,146,False
TRUTKSA128F1460696,66,25,False
TRUTKSF128F147B0E2,840,376,True
TRUTKWX128F42BB079,7,5,False
TRUTLFP128E078E71E,130,63,False
TRUTLRN128F92F9681,360,183,False
TRUTMBK128F42282FF,591,350,False
TRUTMYQ128F93265E7,41,21,False
TRUTNUC128F42B96A9,32,27,False
TRUTOGZ128F4258ACC,2120,1010,True
TRUTOUK128F4263D68,87,44,False
TRUTPYV128F92D0CB1,186,103,False
TRUTQTK128F9329845,25,9,False
TRUTQXG128F426A0FA,166,48,False
TRUTQXS12903CF81C9,646,248,False
TRUTRMY128F4241B31,2115,1064,True
TRUTRVZ128F422C116,14,7,False
TRUTSWK12903CD4430,34,12,False
TRUTULC128F4293712,1226,737,True
TRUTVHO128F4289B9E,79,15,False
TRUTVKG12903D08243,470,207,False
TRUTVND128F934B4BE,311,183,False
TRUTVNI12903CA70F4,217,94,False
TRUTWPY128F4259CCF,668,357,False
TRUTXER12903CD2475,11,6,False
TRUTXSL128F429C8C6,31,6,False
TRUTYVI128F145CFBB,27,15,False
TRUTZHT128F92FB433,287,131,False
TRUTZPC128F428BE2B,26,12,False
TRUTZQB128F423CFEC,5004,2889,True
TRUTZZO128F92CD985,332,134,False
TRUUACW128F426299D,15,1,False
TRUUAKY128F149CD04,98,51,False
TRUUAOK128F9303612,2,1,False
TRUUAYQ128F4275382,10,4,False
TRUUBTF12903D021A2,185,89,False
TRUUCPN128F42582A5,43,37,False
TRUUCUB128F9348313,26,13,False
TRUUEBK128F428F425,693,516,False
TRUUEQJ128F4277198,1089,491,True
TRUUEVW128F4290F94,86,63,False
TRUUFJS128F428CE4C,79,49,False
TRUUGPJ128F145E2F2,97,80,False
TRUUGWQ128F9322221,14,10,False
TRUUGZG12903CFB51A,110,54,False
TRUUHCA128F9331EF7,59,14,False
TRUUHDD128F424CCBD,14,3,False
TRUUHED128EF343351,397,160,False
TRUUHGZ128F9317232,109,23,False
TRUUHWX12903CA7147,1,1,False
TRUUIAT128F425D414,85,33,False
TRUUIIQ12903CA3257,244,105,False
TRUUILJ128F425750F,441,149,False
TRUUJBT128F92E51EB,5,5,False
TRUUJCH128F93552AE,186,112,False
TRUUJCK12903D01C0E,59,16,False
TRUUJKM12903CA885A,30,12,False
TRUUKBR128F92D31E3,18,11,False
TRUUKTP128EF34C1F7,1624,743,True
TRUUKXF128F429B2CA,931,383,True
TRUULBP12903CA9D23,3186,1722,True
TRUULUB128F428C6DC,93,31,False
TRUUMKJ128F145B521,16,5,False
TRUUOGQ128F428A236,390,190,False
TRUUOHU128F934C53B,7,6,False
TRUUPKJ128F4293234,31,17,False
TRUUPWQ128F9301B4D,598,349,False
TRUUQCP128F1477405,31,11,False
TRUUQOT128F932BF39,2,2,False
TRUURDA128F934B490,606,273,False
TRUURYB12903CC24F2,13,7,False
TRUUUGJ128F9318FD9,112,23,False
TRUUVIA128F4292158,273,98,False
TRUUWBH128F428F42A,602,482,False
TRUUWFQ12903CAEC21,5,5,False
TRUUXGX128F1489161,945,573,True
TRUUXHZ128F931146F,23,13,False
TRUUXLV128F934A251,179,89,False
TRUUYJJ128F9330D6E,28,17,False
TRUUYZX128F4260DB4,13,5,False
TRUUZSG128E07844D4,14,11,False
TRUUZVA128F4257957,559,220,False
TRUVADQ128F4281CFC,616,272,False
TRUVCUY128F4288BBB,96,42,False
TRUVDYE128F934AFB8,116,54,False
TRUVEJR128F4218F97,1652,311,True
TRUVFDN12903CF1F42,58,41,False
TRUVGAP128F425A63A,18,5,False
TRUVGIV128F932C75A,16,12,False
TRUVGUB128F9309727,504,276,False
TRUVHDD12903CB5C35,1915,588,True
TRUVHFI128F14918E8,64,42,False
TRUVIJT12903CF4582,13,2,False
TRUVIZJ128F92DFB9A,15,6,False
TRUVIZY128E0786BB1,443,222,False
TRUVJNS128F422AD3F,342,113,False
TRUVJQY12903CCC39C,53,24,False
TRUVKBM128F42A51FD,310,153,False
TRUVMAN128F932F5E8,845,204,True
TRUVMXW128F9322191,94,79,False
TRUVNXS128F1493046,478,271,False
TRUVOFP128F1459521,199,85,False
TRUVOKI12903CDBB48,34,12,False
TRUVPVV128F4248192,1145,594,True
TRUVQBI128F427ACDF,62,17,False
TRUVRIN128E0786D55,340,131,False
TRUVRPP12903CDECC3,1146,218,True
TRUVSSP128F934E61A,55,31,False
TRUVTAI12903CE298D,1121,438,True
TRUVTKH128E0783C1A,27,22,False
TRUVURR128F934B62B,128,63,False
TRUVUUQ128F422D571,57,21,False
TRUVVBT128E07824BB,172,84,False
TRUVVOB128F92F7192,147,100,False
TRUVVQK128F4285D05,566,342,False
TRUVWIP128F422E647,1256,265,True
TRUVWMF12903CDC9CC,111,64,False
TRUVWMG128F427A833,9844,5553,True
TRUVYEL12903CB0FFD,27,12,False
TRUVYXE128F9304D62,118,34,False
TRUWANM128F1485EE2,22046,9802,True
TRUWASE128F42769ED,25,9,False
TRUWAUH128F9329702,1363,413,True
TRUWBFQ128F4229273,6,1,False
TRUWCGU128F42725E1,74,35,False
TRUWCLJ128F92E17C9,6925,2074,True
TRUWCUD12903CD4501,2,1,False
TRUWDZO128F9339024,9731,3585,True
TRUWEKF128F42B63AE,75,25,False
TRUWEPG128F428A4A0,1528,533,True
TRUWFUX128F424EECB,128,31,False
TRUWGHD128F4235432,33,19,False
TRUWHVD12903CE02D1,45,16,False
TRUWHYU128F9325B06,87,65,False
TRUWIOT12903CF1CF4,126,46,False
TRUWIZZ128F425BC3C,19,13,False
TRUWJAG128F422B17B,154,92,False
TRUWJES128F92C1D04,79,22,False
TRUWJOY12903CA493C,9,8,False
TRUWKDV128F92DE274,3997,1508,True
TRUWKYX12903CB8E89,31,16,False
TRUWLOK128F934AE1F,6,4,False
TRUWMRX128F422059A,4695,2727,True
TRUWNCQ12903CD1558,4,2,False
TRUWNEF128F428F424,14,11,False
TRUWOMY128F426AD93,2,2,False
TRUWOUA128F932616F,147,60,False
TRUWPFW128EF33FC49,24,8,False
TRUWPGM128F42366BE,1729,545,True
TRUWPMO128F92F89DC,12730,4519,True
TRUWQDN128F425D7C0,2247,807,True
TRUWQGA128F4259F63,312,165,False
TRUWQIZ128F14AA1B1,955,300,True
TRUWQQF128F9309966,6561,1154,True
TRUWQQQ128F14AA5C7,323,173,False
TRUWRRQ128F149273F,2989,1183,True
TRUWRWK128F92E16B6,1244,1074,True
TRUWRWZ128F4287B7B,16,7,False
TRUWRZX128F425D5B7,979,467,True
TRUWSEI128F427B7CF,7,5,False
TRUWTAS128EF34DCB8,54,31,False
TRUWTAW128F429FEF1,7648,2088,True
TRUWTEO128F93461E2,87,13,False
TRUWTQI128F428ECBD,80,70,False
TRUWTVY128F1456B94,454,221,False
TRUWUJJ128F930C61A,416,104,False
TRUWVHD128F422FC2B,4,3,False
TRUWVON128F931C2C0,55,20,False
TRUWVYQ128F427FE5B,32,19,False
TRUWVYW12903CA741D,6,6,False
TRUWVZG128F92E379D,3280,1270,True
TRUWWZZ128F148CD88,2,1,False
TRUWXAZ12903CEC790,771,410,False
TRUWYEL128F4263CE4,2,2,False
TRUWYFM128F423F000,4712,1814,True
TRUWYMF128F427C7F7,165,94,False
TRUWYUK128F4259EC2,33,17,False
TRUXBJC12903CE44F7,5435,2798,True
TRUXBRD128F935A37B,1388,521,True
TRUXBUU128F9303421,72,32,False
TRUXDHN128F429222D,1078,703,True
TRUXDJH128F4256AE1,7,5,False
TRUXDVQ12903CE794A,163,28,False
TRUXEIW128F934C600,467,118,False
TRUXEMR12903CC8B59,258,109,False
TRUXESO128F428C4D8,41,19,False
TRUXFAO12903CABF96,203,100,False
TRUXFJO128F1488317,197,110,False
TRUXGEU128F4229CDE,40,6,False
TRUXGHF128E0791D12,71,20,False
TRUXGMI128F14774E3,6,4,False
TRUXGVA128F42BA44D,421,239,False
TRUXHGS128F145E41A,5,4,False
TRUXHTE128F92E08BD,177,40,False
TRUXHWC12903CF8772,33,15,False
TRUXIMJ128F42456F1,267,196,False
TRUXIRE12903CF1E59,18,9,False
TRUXIRP128F932E1D0,197,73,False
TRUXIZD12903CDF317,4,1,False
TRUXKQU128F4284B7B,746,540,False
TRUXKRH128F428E230,1,1,False
TRUXLAN128F4291658,33,25,False
TRUXLPH128F4215D14,890,458,True
TRUXLWW128F14567C4,15503,5392,True
TRUXLYQ128F426B41C,2356,942,True
TRUXMIW128F92F999F,2788,1127,True
TRUXMSR128F4292E95,299,123,False
TRUXOCH128F9323690,4,2,False
TRUXPLG128F92D0966,1278,187,True
TRUXQYA128F4261CA4,76,36,False
TRUXSDW12903CD1977,882,348,True
TRUXSFJ12903D01A8E,102,55,False
TRUXSHN12903CDCAF6,681,252,False
TRUXTDB128F4289054,433,77,False
TRUXTGR128F9323B7B,186,103,False
TRUXTQS128F1485AF2,195,53,False
TRUXTVO128F4284E3B,1036,337,True
TRUXUGJ128F423ECD9,83,45,False
TRUXUIR128F4256E05,5,4,False
TRUXVIG128F4252101,1155,270,True
TRUXVYY128F428ADB3,32,17,False
TRUXWBF128E0785B09,5274,1907,True
TRUXXDI128F425E88C,71,42,False
TRUXYNY128F9308682,169,74,False
TRUXYQN128F934DC64,2,2,False
TRUXYSH128F42579E6,16,8,False
TRUXZEO128F14721BF,118,32,False
TRUXZOS128F9326CE1,199,141,False
TRUXZUL128F92EAAFE,481,145,False
TRUYAFP128F423EA2E,72,47,False
TRUYBKO128F428B2C0,16,15,False
TRUYBQI128F424CA25,34,7,False
TRUYCDM128E078B44A,101,78,False
TRUYCQY128F14A3F5D,19,14,False
TRUYCUQ12903D00F03,21,10,False
TRUYCXC12903C959E0,83,31,False
TRUYEBL128F92C4F0A,22,13,False
TRUYELT12903CA830A,79,27,False
TRUYEOZ128F9324E85,1,1,False
TRUYEWW128F427C39E,138,23,False
TRUYFCL128F934507C,1806,609,True
TRUYFPZ128F428A3EF,72,41,False
TRUYFVL128F9329365,682,306,False
TRUYFWE12903CB8CD2,128,48,False
TRUYGZW128F9308FB0,2,1,False
TRUYHSK128F425B009,2040,608,True
TRUYIIC128F92CD151,27,10,False
TRUYIVA128F92F7798,19,5,False
TRUYJDY128F4268BA0,922,459,True
TRUYKMW128F93146DB,201,81,False
TRUYKTB128F1459197,148,56,False
TRUYKXX128F426C2F1,3028,1937,True
TRUYLES12903CCC0B9,334,107,False
TRUYLVL12903CBFB2D,5,2,False
TRUYLYY128F145A1C8,95,37,False
TRUYMFS128F92FDA30,17,7,False
TRUYMOO12903CDD13C,5,5,False
TRUYNUI12903CF5AE3,35,22,False
TRUYOAD12903CC8697,12,8,False
TRUYRCF128F4235B3C,30,5,False
TRUYRIU12903CBBD86,272,113,False
TRUYSFS128F934B8EA,338,128,False
TRUYSON12903CFB3E0,31,13,False
TRUYSQA128F4240FE1,317,106,False
TRUYTGI128F92F61A7,6050,1944,True
TRUYTJI128F93382F1,252,112,False
TRUYTNQ128F429A95C,5072,1511,True
TRUYTWV12903CE3E24,89,31,False
TRUYVHW128F4281B43,235,161,False
TRUYVIU128F148C822,740,197,False
TRUYWDJ128F14996D6,3,2,False
TRUYWGX128F4263003,479,182,False
TRUYYWT12903CA6DAD,243,66,False
TRUYYYV128F92DF46D,43,22,False
TRUYZFL128F1464058,5,2,False
TRUYZID128F1466478,285,193,False
TRUZAFD12903CEAF25,572,325,False
TRUZCCO128F92D74C3,115,36,False
TRUZDCN128F4274183,732,305,False
TRUZDJO12903CE7118,234,109,False
TRUZDLT128F42AD91A,62,30,False
TRUZDLX128F42852C5,2,2,False
TRUZEBD128F429231D,3600,873,True
TRUZEKM128F426E482,102,31,False
TRUZEMY12903CA74FF,845,240,True
TRUZFAW128F9322AAA,70,44,False
TRUZFBD128F933D5E2,11,7,False
TRUZGHF128F14895B6,840,214,True
TRUZGRU128F4236286,92,64,False
TRUZHZT128EF340D4F,200,85,False
TRUZITH128F4289515,784,344,False
TRUZKAI128F92E87FA,94,38,False
TRUZKBW128F426C67D,160,123,False
TRUZKUR128F4243C25,8,4,False
TRUZLGY128F93504EA,186,109,False
TRUZLHT12903CA83AB,644,305,False
TRUZLMI12903D0C380,1277,463,True
TRUZLMZ128F4247CF5,9,5,False
TRUZLNR128F422BF01,150,43,False
TRUZLSY12903CD8866,51,25,False
TRUZLUT128F92ECBC3,325,235,False
TRUZLZY12903CBE278,8,3,False
TRUZMQV12903CA857E,6,2,False
TRUZNAQ128F1464D45,695,369,False
TRUZNCR128F429239E,2005,710,True
TRUZNFN128F934CF88,48,16,False
TRUZNJO128F421AD6D,190,30,False
TRUZNPT128F92FA0D6,21,14,False
TRUZOEZ128E0791E3A,1023,420,True
TRUZPJS128F9350C06,2074,659,True
TRUZPNY128F147FD23,13302,3640,True
TRUZRBZ12903CBD208,7,5,False
TRUZRDS128F9312E6C,2,2,False
TRUZRFT128F42BC682,3215,1362,True
TRUZRGU128F933A023,3,1,False
TRUZRYK128F14587BC,95,72,False
TRUZSNU128F4235052,75,34,False
TRUZTAQ12903CE3956,15,4,False
TRUZTTN128F4271EE2,2221,197,True
TRUZUWA12903CD9293,41,30,False
TRUZVOS128F935AEF3,558,173,False
TRUZVSD12903CF8682,63,39,False
TRUZWBB128F933C01F,144,94,False
TRUZWBM128F429F857,4544,1682,True
TRUZWRA12903CC37B4,265,128,False
TRUZWSN128F4239824,345,126,False
TRUZYGR128F425AE7A,178,72,False
TRUZYMO12903CC9B22,315,197,False
TRUZZQG12903CE7BF2,1489,680,True
TRUZZTA128F421CE42,2139,773,True
TRUZZTF128F42735B2,119,68,False
TRUZZTT128F146BD6B,2005,707,True
TRVABAA128F426AEF3,13,6,False
TRVABJW128F4248185,907,557,True
TRVABNU12903CDB690,16,8,False
TRVABNY128F147B0C7,5906,1632,True
TRVABYZ128F931822A,369,96,False
TRVACAP128F4293F7C,2488,1033,True
TRVACEU128F92F2655,2,2,False
TRVACSO128F146BC7A,162,47,False
TRVADOD128F4293F6D,195,140,False
TRVADUR12903CBEAE3,10,8,False
TRVAEXW128F423EB44,103,68,False
TRVAFUN128F4299267,1553,525,True
TRVAGZF128F42912ED,155,56,False
TRVAGZN128F4264C7F,358,252,False
TRVAHCB128F4247476,120,32,False
TRVAHNJ128F427BBAF,60,22,False
TRVAIAW12903CEE399,68,8,False
TRVAIEF128F4264529,3,3,False
TRVAJBF12903CA60FB,555,282,False
TRVAJNH128E0792193,419,151,False
TRVAJRE128EF343907,1630,729,True
TRVALGR128F42594CB,5,4,False
TRVALKB12903CAEB95,56,26,False
TRVALPW128F9334FB0,5123,1596,True
TRVAMBZ128F429EFD6,743,324,False
TRVAMQV128F92E8D91,719,324,False
TRVANLC12903CF89CD,620,451,False
TRVANOX128F92FA7F4,1702,524,True
TRVANVJ128F92D0CB5,159,92,False
TRVAOMP12903CD9B6A,322,145,False
TRVAQIK128F92FF106,41,20,False
TRVAQQA12903CDFB21,153,71,False
TRVARYJ12903CB4781,253,52,False
TRVASFK128F93112D4,112,37,False
TRVATRW128F932805B,5,4,False
TRVAUNN128F42A1F06,95,57,False
TRVAUOK128F93261CF,101,51,False
TRVAXHF128F931FB04,1807,716,True
TRVAYDV128F428AAD2,1,1,False
TRVAYYK128F9318F05,29,11,False
TRVAZOU128F9313B55,14,10,False
TRVAZPU128F4237223,351,87,False
TRVBAAU128F429726E,448,247,False
TRVBAFZ128F425C379,28,14,False
TRVBASI128E0780BD2,928,596,True
TRVBBMY128F932E0D2,13,7,False
TRVBBUQ128F931B55D,20,9,False
TRVBCDW128F92DE1EB,735,461,False
TRVBCYC128F426540F,2,1,False
TRVBDEG128F428692B,106,44,False
TRVBDTX128F422AFD7,3944,1742,True
TRVBENX128F9329BCE,17,6,False
TRVBEOH128F9305C8B,2946,903,True
TRVBEPI128F92F90B3,7,6,False
TRVBEPV128F933BB5C,23,12,False
TRVBEZF12903CDE27E,1,1,False
TRVBFBL128F421B8E7,158,77,False
TRVBFHW128F147CC96,6281,2657,True
TRVBFKW128F4263D97,630,298,False
TRVBFPW128F9331F48,4,4,False
TRVBGWN128F93260FC,4616,1395,True
TRVBGXF128F1463589,372,163,False
TRVBGYM128F92E820A,2,1,False
TRVBHXF128F42819B0,1393,958,True
TRVBIZE128F9341B36,2,2,False
TRVBJMM12903CEAC74,83,37,False
TRVBKIB12903CF41C3,55,21,False
TRVBKNN12903CF842A,209,57,False
TRVBLFJ128F426AAB9,14,9,False
TRVBLYP128F92EDE2A,110,46,False
TRVBMPM128F4253983,53,21,False
TRVBNHI128F14622A1,1105,408,True
TRVBOFF128F932799F,101,43,False
TRVBOTB128EF345F92,86,50,False
TRVBPHT128F9339EB2,1068,398,True
TRVBPPL128F9346B85,4598,1443,True
TRVBPXG128F427F9E5,6,2,False
TRVBQHP128F92FC055,34,17,False
TRVBQTV128F4292066,37,8,False
TRVBQWT128F4284C69,245,151,False
TRVBRUW128F4291001,8,7,False
TRVBSVM128F92FC348,26,16,False
TRVBTIU12903CFA05D,565,314,False
TRVBUTQ128F427CFD9,95,45,False
TRVBUVV128F932F57D,56,21,False
TRVBUXG128F145BBA4,233,156,False
TRVBUZX12903D0199D,25,13,False
TRVBVPO128F4292288,116,31,False
TRVBVQP12903CC75B5,1293,512,True
TRVBVTD128F4250A6E,406,279,False
TRVBXCQ128F92EE044,35,30,False
TRVBXZK128E07912F1,220,130,False
TRVBYSS128F42BAA8A,4,2,False
TRVBZPY128F92FA054,447,286,False
TRVCATK128F4268FD3,41,23,False
TRVCATO128F427FC8F,46,22,False
TRVCAXZ12903CFA694,7,4,False
TRVCBFY128E078CFAA,521,259,False
TRVCDJU128F425825A,10,9,False
TRVCDMB128F42639F1,6,6,False
TRVCEGO128F42BCE94,1392,541,True
TRVCESK12903CB7081,64,46,False
TRVCEXE12903CD3614,18,14,False
TRVCFUI128F92E1D42,906,537,True
TRVCGIM128F42876D8,383,99,False
TRVCGRI128EF34DBC0,629,340,False
TRVCGWB128F148421A,27,10,False
TRVCGWF128F42514BD,289,173,False
TRVCGYZ128F4267B74,53,25,False
TRVCJAX12903CAA23D,60,32,False
TRVCLBU128F92FA00A,447,95,False
TRVCLEB128F425A382,25,8,False
TRVCLGS12903CE41F4,57,30,False
TRVCLWT128F9336A17,2481,690,True
TRVCMFJ128F92DEFB7,807,231,False
TRVCMKE128F42454CC,147,29,False
TRVCMXV128F429D9B7,239,65,False
TRVCOSP128F932CE69,29,12,False
TRVCPRL12903C9AD0D,72,25,False
TRVCPVB128F421C5B2,167,76,False
TRVCRRO128F4294A1D,350,148,False
TRVCSKZ128E078922C,2,2,False
TRVCSOO128F1482527,657,285,False
TRVCTMO128F9321BCB,11,6,False
TRVCTPX128F93426BA,326,127,False
TRVCUVA128F932EBCC,2,2,False
TRVCUVB128F1452972,459,268,False
TRVCVLE128C71964BE,1168,851,True
TRVCXWF128F931B101,492,311,False
TRVCYCQ128F42293CC,305,144,False
TRVCYCZ128F92FF65D,458,111,False
TRVCYKK128F93091C7,1,1,False
TRVCZML128F427EF12,1202,480,True
TRVDACY128E0793085,332,222,False
TRVDAKW128F426351B,5,4,False
TRVDAWN128F149BCE1,11340,4959,True
TRVDAWY128F92E71F2,1741,911,True
TRVDBCB128F149EFAB,44,27,False
TRVDDIC12903CFF23E,547,196,False
TRVDDNU128F145A18E,2637,1278,True
TRVDFCY128F4261D33,5128,1712,True
TRVDFDJ128F934EC71,123,47,False
TRVDHGV128F429305E,58,41,False
TRVDHHS128F92D2DB7,198,99,False
TRVDHUM128F42672B1,120,19,False
TRVDIXI128F92CD394,4074,1479,True
TRVDJIF128F4286BCE,33,19,False
TRVDJWP128F9304989,39,21,False
TRVDJWT128F14840BD,1599,629,True
TRVDJZJ128EF363966,10,5,False
TRVDKJT128F92EF9DE,94,17,False
TRVDKWL128F1461911,3,2,False
TRVDLFJ128F9330DA9,45,24,False
TRVDLSE128F92F35D3,62,26,False
TRVDMGE128F42ACC4C,132,32,False
TRVDMOH128F42BB809,364,219,False
TRVDMOQ128F9350943,999,404,True
TRVDMXL12903CD8410,63,30,False
TRVDNKD128EF353C28,486,146,False
TRVDODD128F4257C0F,133,47,False
TRVDPTF128E079436A,230,97,False
TRVDQQL128F42AA4BA,6,5,False
TRVDQZZ128F932AB04,277,74,False
TRVDRKG128F4288BE4,21,13,False
TRVDRNW128F428E4B3,315,42,False
TRVDTRM128F1491225,6,6,False
TRVDTSL128F425A866,3017,983,True
TRVDUIA128E0780CFF,231,194,False
TRVDVXL12903CB1211,71,32,False
TRVDWIE128F1452CB2,1132,584,True
TRVDWUU128F4216C1B,5,3,False
TRVDXAI128F146CC1B,586,266,False
TRVDXJD128F1463588,7,4,False
TRVDYGV128EF34F811,38,15,False
TRVDZSX128F92E7B65,40,25,False
TRVEBWR128F4296952,11,1,False
TRVECYJ128F42882BD,257,77,False
TRVEDFZ128E0793D4B,194,66,False
TRVEDSY128F428476C,29,23,False
TRVEEHI12903CE8F87,324,145,False
TRVEEYH128F930958B,4473,1112,True
TRVEFNE128F934B7C4,232,85,False
TRVEFVE128F931B13A,23,16,False
TRVEFWL12903CF7576,4181,1200,True
TRVEFWV128F934BE07,52,21,False
TRVEFYD128F422C10D,11,8,False
TRVEGAU12903CDF66E,54,13,False
TRVEGLD128F92FDCDE,198,51,False
TRVEGSJ128F93500F5,318,215,False
TRVEHOG128EF350ED6,57,16,False
TRVEICB128F14825EA,678,262,False
TRVEINJ12903D00D0C,101,55,False
TRVEJWM128F933CE79,3128,896,True
TRVELJD128F428CCCD,182,47,False
TRVELOJ128F93256C0,573,210,False
TRVELUZ128F4276FC5,38,23,False
TRVEMBD128F42BAE9A,1,1,False
TRVEMDM128F933EDAA,24,11,False
TRVEMIG12903CF5EBA,1,1,False
TRVEMSI12903CC55FC,854,246,True
TRVEMVK128F93437C1,679,268,False
TRVENBM128F4265F7D,3085,1257,True
TRVENTI128F92DE1A3,2186,956,True
TRVEOHN12903CDD3DB,23,11,False
TRVEOLM128F42A3A31,1849,521,True
TRVEOPR128F423382D,10,9,False
TRVEOWN12903CC5A73,211,55,False
TRVEPTN128F9354220,50,24,False
TRVEQUQ128F92FA446,1097,213,True
TRVERJL128F427E8CE,37,22,False
TRVESDQ128F92C44F6,11,8,False
TRVESFE128F426A281,8,6,False
TRVESUC128F1477267,31,18,False
TRVETFE128F147B41E,3,2,False
TRVETIW128F42A10B6,120,54,False
TRVEUAW128F42814FE,107,55,False
TRVEUFA128F4259F81,18,8,False
TRVEULA128F92D8276,341,77,False
TRVEUWZ128F42684C5,19,14,False
TRVEVFW128F145F94E,7651,1538,True
TRVEVKH12903CFED86,121,41,False
TRVEVQO128F425282A,133,39,False
TRVEWGS12903CF4515,2,2,False
TRVEXCV128F930D30C,7,6,False
TRVEXGI128F92E56E7,46,21,False
TRVEXHP12903CC7911,1402,450,True
TRVEXJA12903CADD6F,20158,5902,True
TRVEXTG128F92F4558,137,77,False
TRVEXXG128F9333788,248,134,False
TRVEXZL128F14AE7EA,786,276,False
TRVEYFC128F9357BAB,35,12,False
TRVEYRX128F936184A,383,142,False
TRVEZBX128F423EF57,1599,612,True
TRVEZIT12903CBAE92,48,22,False
TRVFACQ128F92D4400,7,5,False
TRVFBYE128F146976C,135,44,False
TRVFCMK128F4262932,4,3,False
TRVFDIO12903CDFC79,21,13,False
TRVFEEC128E0780E80,979,190,True
TRVFEHH128F42475C4,44,25,False
TRVFEWT128F1464CF6,67,24,False
TRVFGEF12903D00EC1,15,12,False
TRVFHDJ128F42640F1,1,1,False
TRVFHPK12903CA720C,6904,2943,True
TRVFHXB128F930D53B,150,64,False
TRVFIEJ128F9329C3C,29,16,False
TRVFIUX128F42720E3,787,514,False
TRVFJZF128F425517D,8,4,False
TRVFKQH128F9310B88,1406,571,True
TRVFLFE128F422496F,52,16,False
TRVFLUE128F92D6A6A,1,1,False
TRVFNBY128F92FB4CB,199,181,False
TRVFOOX128F9353345,167,55,False
TRVFPAQ12903CBB680,368,140,False
TRVFQJD128F93324CF,117,5,False
TRVFRHD128F425B4E0,109,49,False
TRVFRXX128F932165D,202,88,False
TRVFSPE128F930AA04,1723,443,True
TRVFTAS128F931EA86,923,426,True
TRVFUAM128F93293A2,420,109,False
TRVFWVT128F92E899A,553,237,False
TRVFXXF128E0781AB3,267,112,False
TRVFYHR128F933C1C1,8,8,False
TRVFYPS12903CE6989,25,18,False
TRVFYPV128F42590FB,46,12,False
TRVFZMS12903CAEF23,84,36,False
TRVGBBA128F428CB86,8,5,False
TRVGCFZ12903CB5DBE,26,12,False
TRVGDMZ128F428D313,2915,1451,True
TRVGDZG128F145CDB4,1118,248,True
TRVGEIS128F9321D9A,9,4,False
TRVGETO128F4267183,10,3,False
TRVGEUN128E07917AE,751,458,False
TRVGFMQ128F4262677,9,3,False
TRVGGWJ128F428FB65,17,10,False
TRVGHWJ128EF35E229,26,8,False
TRVGJCA12903CE6AA7,178,47,False
TRVGJLP128F4279281,177,89,False
TRVGKMW12903D03ECE,1,1,False
TRVGLDU128E0791482,387,104,False
TRVGLJU128F9309004,33,7,False
TRVGMVE128F425F32B,176,73,False
TRVGNOH128F42B880D,1340,568,True
TRVGNVX128F92F1CFB,57,20,False
TRVGNZE128F4241A9E,417,229,False
TRVGOOA128F429312C,520,445,False
TRVGOWG128E0792907,742,342,False
TRVGOWV128F93146DA,233,74,False
TRVGQTY12903CDFB69,3,3,False
TRVGRKJ128F92DEA07,6043,1825,True
TRVGTMA128F4222CD0,123,54,False
TRVGTNZ128F92FBB55,541,206,False
TRVGVDP12903CE7F21,36,26,False
TRVGVVK128F1464120,884,418,True
TRVGYEQ128F421A4B0,6,6,False
TRVGYGX128F4245189,20,13,False
TRVGZLS12903D0552E,22,12,False
TRVHAJW128F427E694,1813,294,True
TRVHANH128F14ADC9E,2646,727,True
TRVHBIL128E078FA01,1506,526,True
TRVHBLI128F42B9472,806,374,False
TRVHCBP128F428CE42,41,14,False
TRVHCIE128F92CAE87,3547,879,True
TRVHCJT128F427FEFD,19,12,False
TRVHCVI12903CEDB05,75,73,False
TRVHDMI128F42689B2,505,148,False
TRVHEDH128F4243651,440,257,False
TRVHFAP128F4236C59,1706,605,True
TRVHFJF128F428A31D,299,163,False
TRVHGNT128F933CAFE,22,17,False
TRVHGTJ12903CC680E,1305,502,True
TRVHHCA128F42704E5,14,12,False
TRVHHHI128F92F80C9,907,333,True
TRVHHRW128F934B7E1,229,114,False
TRVHIUI128F147A337,250,145,False
TRVHKBO128F428EE47,149,97,False
TRVHLGY12903CD669D,161,34,False
TRVHLMI128F14ADDA6,1716,580,True
TRVHLQH128F426E319,370,191,False
TRVHLTK128F14A66AA,627,308,False
TRVHMLT128F92E5081,25,14,False
TRVHMNQ128F149996D,1184,544,True
TRVHMQF128F93131C6,84,29,False
TRVHNDP128F4223058,43,20,False
TRVHNGU128F4287B02,14,10,False
TRVHNRR128F427ED0F,16,5,False
TRVHPCG128F931DA1B,1,1,False
TRVHPEU128F42882B2,2751,1276,True
TRVHPJA12903CB2886,20,13,False
TRVHQTD128F9321B9E,102,42,False
TRVHRCF128F931FF3E,534,252,False
TRVHRIT128E0782986,580,258,False
TRVHSOP128F930415F,51,11,False
TRVHTNR128F42411F1,3053,1633,True
TRVHTRS12903CC5220,28,17,False
TRVHTWH128F93407F7,82,57,False
TRVHVAI128F92C1CCE,610,433,False
TRVHVHF128E0799004,956,375,True
TRVHXVO12903CD5317,1,1,False
TRVHYGN128F4292352,395,124,False
TRVHYKL128F930F61F,64,20,False
TRVHYYN128F14520BD,184,70,False
TRVIAYP128F93475F3,94,44,False
TRVIBOJ128F423B592,480,210,False
TRVICEW128E0785D72,611,340,False
TRVICHV128F93163FD,331,128,False
TRVIDWG128F4294097,1282,425,True
TRVIEFP128F4293B56,805,359,False
TRVIFAP128F931FA8A,8,5,False
TRVIFKS128F426813A,383,95,False
TRVIFOA128F92C2E2E,422,19,False
TRVIFOE128F930F362,627,248,False
TRVIFUY12903CD51FB,620,266,False
TRVIIFF128F4260190,1,1,False
TRVIINJ12903D05B2D,3,3,False
TRVIJEK128F92F48C0,169,74,False
TRVIJEM128F42831B7,1,1,False
TRVIJOO128F92FF475,15,9,False
TRVIJPZ12903CC1730,28,13,False
TRVILAA128F424D542,1491,481,True
TRVILAH12903CF5ECC,31,23,False
TRVINLR128F1469B4E,63,40,False
TRVIOPH128E079894E,10916,3789,True
TRVIQKK128F42A8E37,835,317,False
TRVIQST128F4251D45,6377,3754,True
TRVIQXF12903CDEC0C,152,73,False
TRVIRHU128F9318770,5536,1153,True
TRVIRXF128F42A5DF6,57,28,False
TRVISAS128F92F3042,4,2,False
TRVIUPY128E0782530,170,71,False
TRVIUQA128F429B107,706,306,False
TRVIVIY128F9312689,396,257,False
TRVIVYJ128F4261B0A,2850,1751,True
TRVIWLR12903C99C92,5427,2104,True
TRVIWVL128F4285BB1,61,22,False
TRVIXVB128F421F810,3,2,False
TRVIXZC128F93119BE,21,4,False
TRVIYGB128F42464E9,67,23,False
TRVIZAS128F42370FD,349,123,False
TRVIZNU128F4260D83,556,292,False
TRVIZRU12903CAC4F1,13,6,False
TRVIZVI128F934B613,41,16,False
TRVJAJL128F145E9C4,194,85,False
TRVJAUG12903CC4945,386,207,False
TRVJAVF128F428E239,1,1,False
TRVJBFW128F1456FAE,44,34,False
TRVJBXF128F932867E,26,9,False
TRVJCNF128E07920E9,52,24,False
TRVJCOV128E0792E5F,52,21,False
TRVJDWD128F42AD883,1208,441,True
TRVJEKC128F427399F,265,138,False
TRVJFCH128F92EEC51,17,6,False
TRVJFJA12903CCA2CC,179,63,False
TRVJFVI128F92FAD3B,2435,1626,True
TRVJGDJ12903C98ADA,1,1,False
TRVJGDX128F42645CA,16229,4762,True
TRVJGIX128F934D4F3,1,1,False
TRVJGMN128F4288315,7,6,False
TRVJHFC12903CFF7A5,5,5,False
TRVJIUK128F14A1400,2944,666,True
TRVJKWK128EF34B6DA,28,10,False
TRVJMTF128F92E7D29,141,23,False
TRVJNOI128F4278E4C,82,20,False
TRVJPDH128F92CF01D,18,9,False
TRVJPTI128F4290264,7,7,False
TRVJQXZ128F92E7589,436,226,False
TRVJRSA128F92E4FFA,290,66,False
TRVJRYL128F4298F72,3714,1136,True
TRVJSKV128EF35F680,420,221,False
TRVJSSU128F92E7BE4,512,177,False
TRVJURF12903CF3927,14,12,False
TRVJWBD128F4289D82,6774,1524,True
TRVJWQC128F92FD55F,2416,1028,True
TRVJWVZ128E0782718,295,215,False
TRVJXHW128F933E2E2,8340,2703,True
TRVKAOI128F14681F0,241,208,False
TRVKCZW128F935A9CA,7,4,False
TRVKDYZ12903CE11FF,62,26,False
TRVKFAI128F92FFC0A,3161,2285,True
TRVKFFB128F932D16E,10,7,False
TRVKGJW128F92E555B,64,27,False
TRVKHBP128F92FEE73,93,41,False
TRVKIBX128F42BCE52,192,41,False
TRVKJMI128F1490EBA,17344,5668,True
TRVKJOK128F425C199,32,28,False
TRVKJUJ128F4257C2E,71,10,False
TRVKKDO128F4262190,361,109,False
TRVKLGW12903CB4523,2395,1348,True
TRVKLXM128F42338F0,116,58,False
TRVKMLV128F92FA02C,391,224,False
TRVKNBT128E078ECCA,1220,571,True
TRVKNDS128F92E500A,37,9,False
TRVKOCT12903CF5BBE,177,124,False
TRVKONN128EF3453B9,1073,552,True
TRVKPFX128E0781A4B,1026,492,True
TRVKPHA128F934AEC5,2044,772,True
TRVKPQB128F427F129,84,54,False
TRVKPXM128F4284E60,4655,2486,True
TRVKQEI128F9332483,71,23,False
TRVKRST128F934B56F,20,11,False
TRVKTGD12903CF8ACA,616,360,False
TRVKTHJ128F424D875,865,376,True
TRVKTYU128F934AE8A,431,279,False
TRVKUKG12903CB683F,38,19,False
TRVKULA128F934C092,117,48,False
TRVKUTH128EF34C266,591,315,False
TRVKVCD128F42803D8,22,14,False
TRVKVNV128F147FCBC,50,20,False
TRVKVTY128E0795F8B,7,2,False
TRVKWHZ128EF3570CF,2834,750,True
TRVKWRU128F934524A,118,45,False
TRVKXDZ128F427B272,21,8,False
TRVKXQQ128F423EAF0,47,17,False
TRVKYBS128F425E784,1022,373,True
TRVKZJD128F427ED50,137,87,False
TRVKZWR128F426AA9E,1127,271,True
TRVKZYH128F92F5CA7,187,75,False
TRVLBDO12903CC1FA7,57,34,False
TRVLBTA128F4246735,88,50,False
TRVLBVL12903CE670F,2,2,False
TRVLBWJ128F4249560,115,55,False
TRVLDIB128F42415D7,697,365,False
TRVLFQX128F4258DC8,7,5,False
TRVLFVM12903CEC8EC,264,81,False
TRVLFZZ128F92F550F,31,18,False
TRVLGZE128EF3466D3,193,117,False
TRVLGZX128F4299E1A,2720,1219,True
TRVLHHW128F428E460,1286,705,True
TRVLIUO128F92F34DE,978,607,True
TRVLJHI128E0791742,5399,1052,True
TRVLJJE128F933BB3B,672,292,False
TRVLJPD128F42590F3,12,8,False
TRVLLHV128F932BBC7,291,51,False
TRVLNHO128F4226A6A,1,1,False
TRVLOOM128F4232475,43,27,False
TRVLPDN128E07889D1,14572,5714,True
TRVLQIB128F1458198,159,43,False
TRVLQSA12903CA79F7,11,5,False
TRVLQVY128F9323BDB,1,1,False
TRVLSFN128F92DE6A4,683,306,False
TRVLSIC128F42214A8,152,57,False
TRVLSWL12903C98F94,18,8,False
TRVLTTL128F424A729,199,78,False
TRVLUIT12903D0959F,78,48,False
TRVLUPX128F428E373,1,1,False
TRVLUZB128F42B8328,320,195,False
TRVLWNI128F92E4823,162,64,False
TRVLWOF128F933E724,535,171,False
TRVLXMQ128F9339980,11202,3216,True
TRVLZGK128F92FE137,186,90,False
TRVMAGY128E0784B6A,908,344,True
TRVMAWQ128F146CA3C,60,14,False
TRVMCAM128F931D4F2,28,23,False
TRVMCMS128F427AF64,63,25,False
TRVMDAG128F931A42A,436,266,False
TRVMEHC128F933D207,2,2,False
TRVMFPF128F428CCA1,429,175,False
TRVMHPF12903CA8304,147,70,False
TRVMITN12903CD0143,191,122,False
TRVMJVF128F933CE8B,420,147,False
TRVMLJF128F42300D8,1121,355,True
TRVMLNX128F4276936,29,16,False
TRVMMIH128F42A65D1,8,5,False
TRVMNNZ128F426B35B,125,67,False
TRVMQCT128F1486975,861,372,True
TRVMSIL128F931FC46,52,24,False
TRVMSLV12903CAE208,35,23,False
TRVMSRJ128F424DF89,69,32,False
TRVMTVO128F93321A9,5,5,False
TRVMUWF128F4277131,6,3,False
TRVMVRI12903CB8D82,58,45,False
TRVMVXW128F92FD4EC,508,231,False
TRVMWOO128F932B99C,19,16,False
TRVMWPF12903CF09AF,1503,365,True
TRVMXFD128F14923C3,53,33,False
TRVMXPK128F429B122,2059,699,True
TRVMZIB128F42AB1A8,39,24,False
TRVNAEF128F932525A,314,96,False
TRVNATQ128F933E6B7,83,22,False
TRVNAVH128F9339031,2904,1568,True
TRVNCVT128F4231603,1921,559,True
TRVNDSZ12903CE7F1D,27,20,False
TRVNFDY128F92F5AAE,849,406,True
TRVNFJO128F42BC5A0,9763,3221,True
TRVNFML128F426EF40,8,6,False
TRVNGGB128E07938E9,42,26,False
TRVNHAW128F14778D6,29,24,False
TRVNHGS128F92F2065,6,2,False
TRVNHQI128F92FEB08,5,5,False
TRVNHUI128F92E8E9E,11,4,False
TRVNHZS128F93475D8,312,132,False
TRVNLXE128F93086D4,1098,559,True
TRVNMUS128F145839B,73,46,False
TRVNOUA128F9351BA4,734,245,False
TRVNOUB128F1464F41,6,4,False
TRVNOYD128F423A3D6,765,216,False
TRVNRYM128F4232130,4,4,False
TRVNSSN128F934C00F,34,15,False
TRVNTAX128F9329C36,1172,510,True
TRVNUBW12903CA7C82,16,13,False
TRVNUEO128F1487657,599,276,False
TRVNUHQ128F9353626,1712,651,True
TRVNVMQ128F149E495,2,2,False
TRVNWXH128F92E7EF5,189,60,False
TRVNXGU128F42752AC,344,185,False
TRVNYIF12903CDF31D,39,16,False
TRVNYSZ128E0792A2B,5078,2051,True
TRVNZCE128F934717C,113,65,False
TRVOAVJ12903CF4302,47,31,False
TRVOAXW128E07824F4,1023,332,True
TRVOBNA128F9326575,413,207,False
TRVOCTA128F4250E8A,755,533,False
TRVOCTX128F428FD76,90,45,False
TRVOCVZ128F92EDF73,151,41,False
TRVODMD128F934C688,27,15,False
TRVODQD128F9336551,168,100,False
TRVODUZ128F934D094,2542,985,True
TRVODYE128F42996FE,1157,457,True
TRVOEDK128F92E3D30,1,1,False
TRVOEZR12903CB0D18,82,55,False
TRVOGGK12903CAFD95,4,4,False
TRVOGXH128F9310CF2,1152,431,True
TRVOGXK128F1489D35,7,3,False
TRVOHEV128F9330EC0,3275,552,True
TRVOHTL128F42ABA62,44,15,False
TRVOHWB12903CF4352,156,47,False
TRVOILZ128F92FD2DA,186,36,False
TRVOIPF128F930B52A,79,55,False
TRVOJZQ128F427054E,10,5,False
TRVOKKE128F933EC11,162,41,False
TRVOKKU128F423DAC0,33,16,False
TRVOLBE12903D03DBB,83,36,False
TRVONND128F92E7533,24,18,False
TRVONUR128F147A54C,232,153,False
TRVOOBL128F9329477,3,3,False
TRVOOLP12903CD430A,739,402,False
TRVOOTO128F93089CD,6,4,False
TRVOPMC128F426A254,79,33,False
TRVOPSL128F4270F01,1,1,False
TRVORCW128F4291365,806,501,False
TRVORUO128F933892E,203,105,False
TRVOSGX128F428947A,25,15,False
TRVOSLO128F930C017,22,13,False
TRVOSVY128F92FFA74,668,213,False
TRVOSYS128F92F3B58,355,176,False
TRVOTML128F146C6B5,747,443,False
TRVOTQQ128F4253B9B,35,22,False
TRVOTRF128F148AE44,5745,1430,True
TRVOVEQ128F92D71C6,494,219,False
TRVOVKQ128F4231095,1907,848,True
TRVOVOT12903CECC3C,304,96,False
TRVOVYL128F4284E6F,4459,2289,True
TRVOWEO128F92E87CA,510,185,False
TRVOWOG128E0783E33,6911,1928,True
TRVOXDJ128F9310CA1,68,29,False
TRVOYTB128F148D19A,323,170,False
TRVOYZX128F930D2AC,36,16,False
TRVPCCV12903CB505C,3522,971,True
TRVPCEE12903CD7F44,189,41,False
TRVPFEB128F92FBF4F,57,19,False
TRVPHCG128F1479BF1,416,185,False
TRVPHZU128F4274EEA,344,131,False
TRVPISY128F4272965,160,65,False
TRVPKFD128F425D533,2042,690,True
TRVPKVO128F428AE51,159,88,False
TRVPKZX128F93253CD,10,4,False
TRVPMGN12903D00ECE,20,13,False
TRVPNDR128F92E8AC0,267,146,False
TRVPNMP128F42601F1,176,58,False
TRVPOFN128F92C65A0,48,18,False
TRVPOOW128F92F16BB,318,105,False
TRVPPSC128F92EC9C2,2433,941,True
TRVPPUO128E0792356,57,29,False
TRVPRET128F934C216,2594,1307,True
TRVPRMC128F42AE854,1497,751,True
TRVPSVL128F92FA043,1260,525,True
TRVPSWH12903CDF0AA,11,10,False
TRVPSXF128F429A6BF,259,106,False
TRVPSZF128F147DF97,11304,5458,True
TRVPTLH128F933AA34,11,7,False
TRVPTMU128F4286D3E,5,4,False
TRVPUFQ128F93398DD,136,33,False
TRVPUZF128F4280C21,18,5,False
TRVPVHJ128F932A476,247,134,False
TRVPVRJ12903CC2387,28,8,False
TRVPWPO128F426626B,247,147,False
TRVPZPI128F4260D88,128,67,False
TRVPZPV128F92F8919,88,41,False
TRVQATK12903CB9CF8,5,1,False
TRVQBRZ128F423EEDC,7357,2899,True
TRVQCPB128F1458061,75,26,False
TRVQCZY128F42682DC,21,7,False
TRVQFAE128F93180AE,1322,344,True
TRVQFDC128E0780C9F,72,15,False
TRVQFJS128F92EDE2B,41,31,False
TRVQGKP128F92F6AE1,515,195,False
TRVQGKW128F42293E9,87,25,False
TRVQGZA128E078F9DB,307,119,False
TRVQHVZ12903CEE481,35,22,False
TRVQIQO128F426FB42,18,9,False
TRVQKCT128EF367655,78,20,False
TRVQKED128F934C121,555,208,False
TRVQLBX128F4267CB2,10,10,False
TRVQLGM128F424D93C,44,31,False
TRVQLJR128F9300588,651,259,False
TRVQNIP128E0781C92,356,180,False
TRVQOPF128F92DEF71,168,84,False
TRVQOUX12903CF24C0,259,117,False
TRVQOVY12903CF5FC8,48,23,False
TRVQPCP12903C9AF30,396,188,False
TRVQPFK128F1480B45,51,20,False
TRVQPZQ128F92D433D,2,2,False
TRVQQKX128F428CAC9,181,51,False
TRVQQLW128F145CDA8,1,1,False
TRVQQUO128F932A831,19,11,False
TRVQSBL12903CC9062,89,26,False
TRVQTQG128F93073B0,20761,9906,True
TRVQUZW128F92E5039,136,54,False
TRVQVKZ128F4266107,176,98,False
TRVQWTJ128E0799048,469,247,False
TRVQWVY128F422C0F2,68,14,False
TRVQYAK128F92F3152,26,15,False
TRVQYQB128F92F7082,369,241,False
TRVQYTF128E078168A,1542,600,True
TRVRBOG128F9344066,533,204,False
TRVRBPO128F42BC577,244,120,False
TRVRBVF128F9311143,897,488,True
TRVRCMD128F4246B89,294,97,False
TRVRCSS128E0791821,902,481,True
TRVRDJM128E0799394,782,363,False
TRVRDNP128F4261A66,2102,1157,True
TRVREVZ128F93180BB,494,173,False
TRVRFCS128F428B9E5,2060,762,True
TRVRFJM128F42666C7,188,22,False
TRVRFQQ128F92E3DDF,155,121,False
TRVRHOY128F14680BC,9,6,False
TRVRIBZ128F426BF71,8787,3695,True
TRVRJWK128F429B12C,665,261,False
TRVRJYJ128EF362D16,332,163,False
TRVRKGU128F4262610,127,69,False
TRVRKIS12903D07703,7862,2154,True
TRVRKWD128F147DF68,3796,1754,True
TRVRLEW12903CD4E29,24,18,False
TRVRLMX128F42178E9,63,20,False
TRVRMUG128E0791E50,310,146,False
TRVRNDZ128F930C5D8,186,61,False
TRVROLO128F9308685,2194,1351,True
TRVRPSO128F4236C8E,25,17,False
TRVRPZJ128F1463E58,198,54,False
TRVRRBE128F4216B4E,336,228,False
TRVRRPP128F92F894F,319,222,False
TRVRSDH128F42972A7,2343,851,True
TRVRSQF128F931F026,1248,253,True
TRVRSRC128F9334F50,246,119,False
TRVRUSH128F423A3D0,341,132,False
TRVRUUG128F427AF89,768,540,False
TRVRVIT128E078AB8A,328,123,False
TRVRVWH12903CC4D39,133,41,False
TRVRWET128F14794E3,4644,1560,True
TRVRXAU128F92DFD1A,15,10,False
TRVRXMD128F9344C3B,827,301,False
TRVRXPX128F9301B64,2152,1104,True
TRVRXZX12903CE87F9,445,139,False
TRVRZAO128F92CBC6F,903,395,True
TRVRZDJ128F4214274,445,212,False
TRVSBBD128F42B8812,685,350,False
TRVSCFP128F92D4699,153,115,False
TRVSFIB128F9347281,219,77,False
TRVSFYH128F42639B7,2392,852,True
TRVSGCT12903CAF6C3,797,203,False
TRVSGUV128F1482B7B,1011,653,True
TRVSHCG128F4243B69,78,25,False
TRVSHNN128E078F4C3,182,129,False
TRVSJOM12903CD2DC1,39778,13940,True
TRVSLCD128E079268B,2655,802,True
TRVSLEZ128F932DE85,1,1,False
TRVSMFX12903D00D5A,87,32,False
TRVSMIE128F933EC1A,39,24,False
TRVSMVS128F4246A7D,27,17,False
TRVSMXJ128F42607A4,186,117,False
TRVSOFG12903CEA9BF,151,69,False
TRVSOJL128F9319DA4,126,51,False
TRVSPRS128F92D68B7,2067,462,True
TRVSTFJ128F1489309,23,8,False
TRVSTYS12903CDB2CA,34,14,False
TRVSUZX128F931A051,231,53,False
TRVSWMJ128F4254C8D,1890,697,True
TRVSWNH128F422C0E7,305,56,False
TRVSYCI128F426B1DE,142,85,False
TRVSYSX12903CD2543,2,2,False
TRVTBWS128EF342432,1023,467,True
TRVTCQN12903CE7770,350,115,False
TRVTCUG128F9358B9F,53,24,False
TRVTEEA128F934D005,21,12,False
TRVTFAW128E07928C4,720,297,False
TRVTFPZ128F42AD91D,2308,767,True
TRVTGXZ128F428246A,35,16,False
TRVTIBU128C719670E,771,405,False
TRVTIDX128F427EF95,340,173,False
TRVTJCN128F931A458,280,120,False
TRVTJJE12903CD43DF,98,56,False
TRVTJPI128F4287E01,318,82,False
TRVTJSH128F4235C29,170,58,False
TRVTKLN128F422443B,375,134,False
TRVTMFV128F1497DFB,261,184,False
TRVTNQC128E0785D76,284,106,False
TRVTOKP128F42AEB2D,5694,2414,True
TRVTPWB128F148D7B7,27,19,False
TRVTQNJ128F42866F4,80,24,False
TRVTQNN12903CF292E,1,1,False
TRVTRGD12903CF81F4,1505,377,True
TRVTRMW12903CCC020,21,10,False
TRVTSBL12903CBAEFD,7,3,False
TRVTSUN128F9351B06,88,36,False
TRVTSVN128F425B052,192,100,False
TRVTUNQ128F930FEC4,628,138,False
TRVTUNR128F9329C31,11,7,False
TRVTUSN128F92DD958,9,7,False
TRVTVOI128F42807DF,11,5,False
TRVTVVJ128F92EF90F,1493,1102,True
TRVTWAI12903CC2D54,184,55,False
TRVTXUM128F92E53E0,1,1,False
TRVTXWX128F934B5B6,153,76,False
TRVTZCN128F932C0A4,1,1,False
TRVTZRY128F92DF5DF,1084,240,True
TRVUAPI128F93475D4,178,66,False
TRVUAWZ128E079234D,1058,508,True
TRVUDMS128F92E787B,148,88,False
TRVUELD128F933B42A,13345,3902,True
TRVUFYJ12903CB4772,74,19,False
TRVUGOC128E078F623,125,41,False
TRVUGOX128E0784629,40480,11690,True
TRVUGRT128E0788E98,104,61,False
TRVUHMK128F93096E7,2292,854,True
TRVUHZI128F42A0DEF,622,254,False
TRVUIJD128E0781E2E,68,20,False
TRVUJYE128E0792A4D,313,158,False
TRVUMRI12903C94C8B,25,12,False
TRVUMWR128F4272639,670,463,False
TRVUNPB128F1458F35,390,227,False
TRVUOCF12903CACED8,1135,480,True
TRVUPYP128F424E40E,4,2,False
TRVUQIE128F931F982,376,124,False
TRVUTKM128F42344B0,338,148,False
TRVUXZG128F92C3A0E,372,223,False
TRVVAOY12903CE599A,513,104,False
TRVVBLV128F42376DD,1237,364,True
TRVVDCX128F147B0C6,1951,577,True
TRVVDIA128F4297F94,199,72,False
TRVVETZ12903CFF53C,3,3,False
TRVVFDT128F42305F0,83,44,False
TRVVGEP128E0783AEE,5,5,False
TRVVJHW128F4263A02,1659,916,True
TRVVJJT128F930603E,183,53,False
TRVVJMJ128F1451FC3,5,5,False
TRVVLJS128F149E710,369,245,False
TRVVNVJ128F92C6911,16,12,False
TRVVOMA128F426F646,1475,364,True
TRVVOMR12903CD20E1,346,173,False
TRVVOWJ12903CC8078,4,3,False
TRVVPHP128F931C3D4,272,130,False
TRVVPQY12903CEEAC4,92,48,False
TRVVQDF128F932A497,2764,1532,True
TRVVQDQ128F422C6C8,13,4,False
TRVVRJJ128F92EC20F,382,203,False
TRVVSNS128F92F304A,3,3,False
TRVVTCO128F429BED1,510,315,False
TRVVUFP128F428A930,101,60,False
TRVVUMM128F9330FB5,154,89,False
TRVVUPM128F429EB77,604,332,False
TRVVVQG128F930B4A9,12,6,False
TRVVWCQ128F9320C38,14655,4351,True
TRVVWSW128F4292931,3650,2703,True
TRVVXDE128EF3449B6,270,137,False
TRVVZAV128F424889B,1103,434,True
TRVVZOR128F425C315,63,57,False
TRVWAHX128F14AC9E6,7,3,False
TRVWAVV12903CF5EC9,52,35,False
TRVWBBA128F92DE3DD,61,39,False
TRVWBDH128F9349DB5,509,291,False
TRVWBTO128E0791F43,434,233,False
TRVWBYQ12903CE4DAA,2553,653,True
TRVWDBV12903CEACE0,120,32,False
TRVWEJD128F933E2CB,362,166,False
TRVWERY128F9305DED,326,100,False
TRVWFPD128F423BCE2,1368,393,True
TRVWFYD128F4260DFA,1110,389,True
TRVWHHF128F934AFAB,10,1,False
TRVWIJB12903CC67CB,569,254,False
TRVWIJN128F423EE1B,1015,331,True
TRVWIXZ128F146E223,251,111,False
TRVWKDS128F92CA4FD,469,212,False
TRVWKPY128F9300580,996,375,True
TRVWLZP128E0792690,1544,824,True
TRVWMCL128F428A74F,201,88,False
TRVWMIY128F4276941,96,35,False
TRVWMKK128F422AD41,25,13,False
TRVWMNO128F423A64C,77,29,False
TRVWNEV128F1465A70,1079,671,True
TRVWOML128F429043F,7,6,False
TRVWOUO128F425C830,6,5,False
TRVWQFC12903D0139C,3261,1045,True
TRVWQGQ128F933904F,3055,1621,True
TRVWRFY12903CB07E5,2,2,False
TRVWSYQ128F425687E,797,411,False
TRVWTCZ12903CB744F,88,42,False
TRVWUBH128F425DCF3,172,122,False
TRVWVKY128F148D60A,7184,2633,True
TRVWWER12903CDF68B,72,32,False
TRVWWKQ128F1452561,260,151,False
TRVWWQO128F931A3CD,148,113,False
TRVWYRD128F930C0A3,85,51,False
TRVWYXD128F931FF6F,314,179,False
TRVWZCV128F423EE53,231,130,False
TRVXCDZ128F9321DC9,18,15,False
TRVXCHQ128F14922FD,400,253,False
TRVXCWD128F42606B3,10095,4666,True
TRVXDGB128F92FFB0D,933,310,True
TRVXDTL128F92D5C25,165,45,False
TRVXFHH128F934B796,79,39,False
TRVXGBJ128F934AFAE,16,7,False
TRVXIFS128F426227C,718,283,False
TRVXJJN128F424CFFC,115,40,False
TRVXKNP128F93437B4,274,120,False
TRVXLFC128F424CD96,1391,737,True
TRVXNKX128F931AF2B,755,526,False
TRVXNLF128F4284741,1727,483,True
TRVXQCM128F146DF73,308,121,False
TRVXQJD128E078DF71,1161,543,True
TRVXRFI128F146ECBA,251,157,False
TRVXRKD128E0792E63,210,98,False
TRVXSXH12903CA79ED,23,9,False
TRVXTEK12903C98F13,53,33,False
TRVXUCH128F4262700,131,75,False
TRVXWJL128F427F07F,66,34,False
TRVXYAU128F428B84B,276,128,False
TRVXYQM128F421C4A1,19,12,False
TRVXZHY128F424378B,109,38,False
TRVXZNJ128F429B665,1143,391,True
TRVYBLC128E0782824,395,246,False
TRVYCKI12903CE7BF3,323,158,False
TRVYFNI128F4281A4E,735,354,False
TRVYGFY128F427AE2D,549,283,False
TRVYGJW12903D0739B,465,188,False
TRVYGSJ128EF35EB68,17,9,False
TRVYHQK128F4233819,6308,3965,True
TRVYHXQ12903CDAF08,594,96,False
TRVYHYN128F4281AEB,44,35,False
TRVYIAB128F9330897,6,4,False
TRVYIOT12903CBE70F,792,322,False
TRVYJCY128F92DE225,14356,4803,True
TRVYJHC12903D09FEE,69,30,False
TRVYJSL128F4259583,10,6,False
TRVYKUJ128F428995E,180,61,False
TRVYOHL12903CB7068,187,81,False
TRVYOQU128F428CFE1,41,31,False
TRVYPBB128F422EBB5,87,29,False
TRVYPWQ128F930C161,314,94,False
TRVYQWX128F422C10B,12,8,False
TRVYSIX128F145A3CC,1491,680,True
TRVYUKA12903CEA428,14283,4390,True
TRVYUKJ128F148D15A,60,39,False
TRVYVHX128F4263D5C,192,92,False
TRVYVRC128F9324F4E,1533,558,True
TRVYWNH128F429E99A,304,154,False
TRVYWWI128F426D11D,217,27,False
TRVYXVP128F930056E,1176,452,True
TRVYYDA128F93501B9,3834,1760,True
TRVYZTG128F4262998,146,56,False
TRVZACQ128E0780E39,774,391,False
TRVZAEE128F429427A,104,44,False
TRVZAQQ12903CFEADF,128,57,False
TRVZAVS128C7196619,121,41,False
TRVZAXC128F428273B,147,55,False
TRVZBQO128F4295215,182,96,False
TRVZBZH128F92CE695,2237,572,True
TRVZCVM128F423EE83,233,132,False
TRVZEYT128F429EB92,875,282,True
TRVZFJS128F148B2D2,573,255,False
TRVZFVU128F9336AAF,173,91,False
TRVZGBF12903CE32E4,60,35,False
TRVZILF128F42748EF,16685,5424,True
TRVZIMT128C7196707,969,501,True
TRVZIQH128F424D66E,52,30,False
TRVZJKP128F4289338,8,4,False
TRVZLCW128F93163FF,600,445,False
TRVZMOH128F4299D89,4,3,False
TRVZMRH12903CC2AC2,19,13,False
TRVZMUT128EF3426EF,186,79,False
TRVZMXV128F932D5DD,2684,1114,True
TRVZNKY128F92CA528,946,375,True
TRVZNSL12903CE26F9,2315,750,True
TRVZOCJ128F14659EB,41,15,False
TRVZOTA128F428ADF5,83,52,False
TRVZOZO128F92F73FB,581,312,False
TRVZPFW128F426E317,785,338,False
TRVZPPJ12903CB5C2D,1512,527,True
TRVZRJW12903CA471F,6,5,False
TRVZRTU128F92D54E3,3727,1885,True
TRVZTGJ128F932E1FB,73,14,False
TRVZTKB128F93293D2,33,16,False
TRVZTPE128F1453A9A,4833,1279,True
TRVZVOP128F423EAA2,1615,500,True
TRVZXDY128F92F8F5D,16,11,False
TRVZXLE12903CCE274,113,54,False
TRVZXTB128F4298105,1808,675,True
TRVZZTO128F428A55C,240,108,False
TRVZZWH128F93151D0,58,41,False
TRWAAGP12903CF24C1,235,104,False
TRWABLV128F146B5C6,1,1,False
TRWABOC128F92F6726,3,3,False
TRWACEH128F42A8AA0,217,79,False
TRWACIM128F148DDD9,41,25,False
TRWACTS128F932C2C2,725,444,False
TRWACYM128F4254AC9,12,8,False
TRWADBR128F4234F52,43,27,False
TRWAEUG12903CEB0A0,6215,2860,True
TRWAHOC128F92C7E96,233,111,False
TRWAIVN128F4250DFB,226,157,False
TRWAMCD128F934B688,324,194,False
TRWAMDK128F42A382D,946,492,True
TRWAMKD128F930B6A4,103,25,False
TRWAOQW128F92FF79F,15,9,False
TRWAPFG128F9329D08,515,157,False
TRWAPLB12903CF1FFC,53,36,False
TRWAPLT128F931C124,71,55,False
TRWAPXF12903CDDD57,43,30,False
TRWAQOC12903CB84CA,72259,27222,True
TRWARNV128F429125C,47,19,False
TRWARXP128F42B44AE,264,130,False
TRWASLN128F422A6DC,65,25,False
TRWATZG128E0780CBD,395,237,False
TRWATZW128F92F0125,1852,729,True
TRWAUCC128F428E6FD,13739,5569,True
TRWAUUU128F4245754,89,37,False
TRWAVLB12903CAF606,1881,879,True
TRWAVUM128F92EE161,67,48,False
TRWAWFF128F92F5681,41,8,False
TRWAWVU128F93070F9,1,1,False
TRWAXQH128F422B1C7,93,55,False
TRWAYOE12903CE75D8,54,25,False
TRWAZQJ12903D021A7,275,122,False
TRWBBLM128F930F4AE,2136,655,True
TRWBCNE128F92F22EA,1858,536,True
TRWBCVC128F934EC6A,263,96,False
TRWBEJV128F425B233,487,49,False
TRWBEWY128F92DCDF5,323,224,False
TRWBFEM128F425DD53,938,319,True
TRWBFJR128F42333EB,1837,650,True
TRWBGFC12903CA43F4,61,33,False
TRWBHHA128F934BAB4,15,9,False
TRWBHLK12903D02797,165,72,False
TRWBIQL128F93422D4,517,302,False
TRWBKAK128E0780E35,1455,727,True
TRWBKTM128F42756C3,98,54,False
TRWBMJK128F92CCF3C,298,148,False
TRWBMNY128E0780CB0,3058,1671,True
TRWBNNO128F1461B7C,13,6,False
TRWBODA128F14A435A,39,26,False
TRWBOGS128F9317C27,63,18,False
TRWBOKR128F425A081,14,10,False
TRWBOQB128F424DA92,22,14,False
TRWBPDM128F4262371,104,60,False
TRWBPNC128F425580E,560,272,False
TRWBPVD128E0789924,122,80,False
TRWBQZQ12903CF7339,23,9,False
TRWBSOX128F92D2DCD,5627,1894,True
TRWBTFY128F1484B23,12277,4678,True
TRWBTSA128E07899DF,2146,898,True
TRWBUAS128F4259670,363,112,False
TRWBVZM128F93131CE,333,82,False
TRWBWOL128F92ED288,496,122,False
TRWBWOT12903CE3782,423,187,False
TRWBXCW128F4266098,1473,771,True
TRWBXPP12903CFF5B2,52,22,False
TRWBXRF12903CC38B9,3181,547,True
TRWBXRZ128E0783BC4,181,90,False
TRWBXTC12903CA71E8,187,70,False
TRWBYQT128E0781140,3665,1685,True
TRWBZHJ128F935A65A,607,308,False
TRWCAAR128F4275C66,13,6,False
TRWCCRR128F935A65A,1170,634,True
TRWCDGE128F931B094,478,330,False
TRWCDLM128F92EB738,114,66,False
TRWCEKE128F93191BE,7826,2437,True
TRWCELE128F428B8F4,410,204,False
TRWCGOW12903D081A8,2,2,False
TRWCHGT128F423A3D4,573,208,False
TRWCHZT12903C95510,326,188,False
TRWCIAX128F42925BD,6224,3930,True
TRWCIPH12903CFFA33,37,28,False
TRWCIWD128F932A988,85,31,False
TRWCIWG12903CC54D8,20,17,False
TRWCIWR128F934B099,30,13,False
TRWCJWC128F1463814,606,242,False
TRWCKEI128E0780E47,3311,1312,True
TRWCKSU128F42397F0,12,6,False
TRWCLUA12903CFEFCD,28,20,False
TRWCNIB128F14A7E0C,13,6,False
TRWCONZ128F42824B2,25,15,False
TRWCQLJ128F92F314C,30,18,False
TRWCQQU12903CB6852,11,8,False
TRWCRSH12903CDF0A1,15,11,False
TRWCSVF128F9325AC3,52,38,False
TRWCTSY128F426F5D1,411,162,False
TRWCTXL128F426FD56,868,640,True
TRWCUHP12903CA3254,250,104,False
TRWCUJV128F92D823A,98,49,False
TRWCVOF128F42480E6,812,349,False
TRWCVWH128F4284EE5,1743,722,True
TRWCWHS128F1470183,1054,744,True
TRWCWIP128E0793B89,846,539,True
TRWCWUS128F92FFC95,76,11,False
TRWCXWK128F92F304F,10,6,False
TRWCYFW128F92FA04C,3618,932,True
TRWDBFE128F4213CC9,162,42,False
TRWDCSI128F92DCFBD,14,6,False
TRWDDGN128F4268958,209,75,False
TRWDEGM128F146B830,310,108,False
TRWDENM128F4243656,407,247,False
TRWDFOQ128F42BA4D8,112,62,False
TRWDFQM12903CBE558,356,126,False
TRWDFUY128E0784BD1,7,5,False
TRWDGED128F4295D15,60,40,False
TRWDJBU12903CA1431,2,2,False
TRWDKBP128F4261A71,1587,792,True
TRWDLEE12903CE3614,10,5,False
TRWDNVX128F9313F4D,64,30,False
TRWDOFI12903CE4441,231,125,False
TRWDPEZ128E078631C,1,1,False
TRWDPRG128F4260DDD,1000,371,True
TRWDQHB128F931CE2E,1989,726,True
TRWDRLF128F42339D5,64,32,False
TRWDRNP128F428F42B,401,273,False
TRWDSPI12903CF1CF6,574,178,False
TRWDSQR12903CFB17C,1007,312,True
TRWDTIW12903CD20EE,133,35,False
TRWDUUK128F1453ABD,1383,456,True
TRWDVBU128F931F6DE,65,21,False
TRWDVFQ128F931C2EB,193,129,False
TRWDWIE128F92C6851,148,70,False
TRWDWVV128F42252F9,203,95,False
TRWDXVH128F428CCA9,663,298,False
TRWDYET128F429ECBC,51,26,False
TRWDZSE128F93294EC,4,1,False
TRWEAOT128F428526A,1,1,False
TRWECIY128F4281A57,758,368,False
TRWECUM128F42BC4CC,91,67,False
TRWEFJB128F423362A,196,97,False
TRWEGBZ128F92FFFD6,155,51,False
TRWEGWG128F92CD6C4,19,8,False
TRWEGYD128F427EDBE,267,172,False
TRWEHJP12903CFA050,4053,1028,True
TRWEHMI12903D0199B,39,22,False
TRWEJIP128F9332488,602,283,False
TRWEKZA128F429EB4F,4166,2799,True
TRWELRG128F4246A89,57,29,False
TRWEMDY128F146503E,60,42,False
TRWENNC128F1456B8D,922,435,True
TRWEPCS128F421C5BB,14,7,False
TRWEPLO128F425D5B5,1207,516,True
TRWEQGU128F934C11B,518,203,False
TRWEQNF128F4247256,8,8,False
TRWEQRM128F92F41A6,393,167,False
TRWEQSO128F42798CF,203,113,False
TRWEQWQ128F4257B2C,72,59,False
TRWESNW128F423DD62,77,30,False
TRWESZC12903D05424,20,14,False
TRWETDK128F4252828,30,16,False
TRWEUZU128F9356BD2,178,72,False
TRWEVFG128F92EB2D7,326,179,False
TRWEVNE128F147A97A,536,177,False
TRWEWIZ128F92DE3DF,53,24,False
TRWEWXI128F428E185,1,1,False
TRWEYIN128F4269338,39,13,False
TRWEYPD128F4229076,43,14,False
TRWEZNU128F4259A2D,96,73,False
TRWFDFE128F4266DF9,144,56,False
TRWFDUB128F426407D,3241,1171,True
TRWFFPX128E078BDD5,284,168,False
TRWFIGJ128F4260707,2000,1222,True
TRWFIGX128F42920CA,6430,1803,True
TRWFIJY128F428917C,3,2,False
TRWFIOL128F9341316,24,9,False
TRWFIPT128F421B410,163,58,False
TRWFJOB128F4298317,11100,4984,True
TRWFJWK128F931E80C,381,134,False
TRWFJXK128F9337C8A,25,13,False
TRWFKGK128F426B333,14,8,False
TRWFKGZ128F9312A22,853,431,True
TRWFKXV128F4255BE0,2766,1735,True
TRWFLGM128F934B46B,51,28,False
TRWFLNG12903CFFA4D,22,15,False
TRWFOTN128F424D093,28,12,False
TRWFPBW128F4289125,42,21,False
TRWFQNY128F4266004,1178,294,True
TRWFQZC128F4294078,268,62,False
TRWFRIS128F42B3232,694,331,False
TRWFRRN12903CDF897,61,42,False
TRWFRTM128F4291A94,55,25,False
TRWFSEV128F4269A24,18,9,False
TRWFUKM12903CC5097,79,48,False
TRWFWQT128F429B043,808,433,False
TRWFYRJ12903CC4559,117,49,False
TRWFZIJ12903D05F47,164,62,False
TRWGABY128F42695B6,153,34,False
TRWGBQP128F92E56E6,131,43,False
TRWGCEC128F9309E57,189,67,False
TRWGDSQ12903CB476E,443,142,False
TRWGEDC128F42AC712,17,15,False
TRWGEFL128F422AE33,299,120,False
TRWGFKG128F4267330,139,71,False
TRWGHGC128F14A2412,82,24,False
TRWGHUY128EF36759F,1936,937,True
TRWGIOT128F425ECDE,254,124,False
TRWGJJP128F4288A9E,383,141,False
TRWGKFE12903CA74F9,448,146,False
TRWGKQB12903CB8E1B,187,86,False
TRWGMVT12903CAAFD6,8069,942,True
TRWGNAL128F92E0A09,524,248,False
TRWGNDL128F9321654,700,222,False
TRWGNGN128F92D27C7,77,43,False
TRWGNIP128F9329235,80,16,False
TRWGNYQ128E07818C9,7529,4372,True
TRWGOHE12903CCD8D7,157,53,False
TRWGOOK128F42AE765,370,115,False
TRWGPTL128F425D708,1,1,False
TRWGQBS12903D0D46C,588,199,False
TRWGQEZ128F92D3E13,1510,456,True
TRWGTDH128F9314900,815,203,False
TRWGTXL128F92C3C03,3126,1344,True
TRWGUUP128F92E1FDE,3457,1032,True
TRWGWCE128EF34E584,17,8,False
TRWGWRG128F1476A21,357,169,False
TRWGXOZ12903D06BF8,1255,789,True
TRWGYGL128F42484A5,297,168,False
TRWGZIT128F4256E03,8,5,False
TRWHABF128F92FA0CF,350,192,False
TRWHBEU128EF3685F2,386,260,False
TRWHDFD128F4274CFB,113,38,False
TRWHDGP12903CCA03F,501,329,False
TRWHDHA12903CF454D,31,26,False
TRWHFNG12903D0823C,137,49,False
TRWHGDL128F92DDE4F,123,58,False
TRWHGGH128F4260EB5,87,56,False
TRWHHFB128E078EBF9,953,516,True
TRWHHKF128E078FC37,5341,2235,True
TRWHJGK128F4295708,135,48,False
TRWHKAC128F92E3FD9,1148,491,True
TRWHKMG128F92F9528,220,79,False
TRWHLJI128F9336747,1828,572,True
TRWHMTC128F930F4B0,2553,1693,True
TRWHNXG12903C9E0C2,4,4,False
TRWHOII128F9336BBC,86,27,False
TRWHOVY128F42B4556,66,18,False
TRWHPMK128F92D4266,11589,4275,True
TRWHQOM128F428B187,13,9,False
TRWHRMO128F4227D8A,1660,372,True
TRWHROG12903CDF374,2,2,False
TRWHSDZ128F933CDCA,229,81,False
TRWHSJN128F424F825,5,1,False
TRWHSVO128F933521C,83,26,False
TRWHVWJ128F92E742B,2548,863,True
TRWIAXZ128F429E247,77,39,False
TRWIELB128E079435D,2511,1164,True
TRWIEVA128E0792955,2031,605,True
TRWIEYD12903CEE606,16,10,False
TRWIFBN128F9308699,5080,1921,True
TRWIFJF128E0793B95,507,350,False
TRWIFWZ128F932A082,34,12,False
TRWIGOW128F149865D,455,276,False
TRWIHKV12903CD995D,109,37,False
TRWIKBF128F92DD506,17602,5348,True
TRWIKPM128F931F1D2,39775,12056,True
TRWILHC128F4286784,438,278,False
TRWILIO128F421EC2B,80,26,False
TRWILNX12903CF5B67,2,2,False
TRWILRB128F4262E07,694,215,False
TRWILVQ128F42644B3,584,249,False
TRWIMDW128E0781BCE,748,432,False
TRWIMUV128F42689F8,73,20,False
TRWINPV128F427FD0C,365,180,False
TRWINQW128F1488B85,298,91,False
TRWIODT128F92EB727,119,30,False
TRWIPHT128F428E7EE,912,369,True
TRWISFZ12903CE598C,617,248,False
TRWITNB128F92F056A,7,6,False
TRWIUSZ128F42442F8,394,166,False
TRWIVAG128F424DA85,6,5,False
TRWIXNV12903CF1313,20,7,False
TRWIYQB128E079217F,1121,460,True
TRWIYXR128F429100F,5,5,False
TRWIZCJ128F931C72C,71,30,False
TRWJAQQ128F9316359,41,22,False
TRWJBLV128F92F6289,86,25,False
TRWJBPE128F42AF16C,35,25,False
TRWJCPI128F92F3881,1644,860,True
TRWJDAZ128F14A3772,36,19,False
TRWJDCI12903CD372D,24,23,False
TRWJFRM128F92EF83C,3,3,False
TRWJIEO128F42696B9,3,3,False
TRWJIKK128F92EBC85,32,11,False
TRWJJOD128F424843D,324,155,False
TRWJJTP128E07921AC,521,264,False
TRWJKAY128F14AE215,75,52,False
TRWJKJN128F930C65C,88,30,False
TRWJKNZ128F931472D,232,104,False
TRWJMQN128EF344C07,121,45,False
TRWJMXT128F428B3B8,214,61,False
TRWJNEC128E079654F,3353,1693,True
TRWJOET128F4269A6D,38,19,False
TRWJOZH12903CDFD28,20,11,False
TRWJPOH128E078EF7A,277,172,False
TRWJPSV128F147CD74,1,1,False
TRWJQFQ128F423F2B1,297,188,False
TRWJRAL128F9314061,3,3,False
TRWJRYK128F92E4FA7,454,116,False
TRWJSRF128F92E4CB4,165,84,False
TRWJTDV128F4263D61,192,82,False
TRWJTDV12903CF741C,746,430,False
TRWJTJD128F427ECC3,43,12,False
TRWJUYY128F9356BBD,364,132,False
TRWJVVV12903CBE704,752,338,False
TRWJXFE128F92EF915,1313,991,True
TRWJXFQ12903CACE32,430,247,False
TRWJXRN128F424D67E,1,1,False
TRWJYOT128F935572B,8760,3811,True
TRWJZEG12903D0820E,403,97,False
TRWJZMX128F426216E,241,82,False
TRWJZTF128F1455250,468,376,False
TRWKCPN12903CBA930,1565,501,True
TRWKCUE12903CE2C41,17,9,False
TRWKDOY12903CA2EFC,160,59,False
TRWKDPE12903D0A073,16,10,False
TRWKDXQ128F931E230,1491,487,True
TRWKEFT128F9309B8E,282,80,False
TRWKEML128F426A96F,82,49,False
TRWKEXF128F93471CF,1324,648,True
TRWKFPP128F427AFD8,109,66,False
TRWKGEW12903CFA1CB,117,50,False
TRWKGQH12903CD842A,46,15,False
TRWKGSC128E07984B9,370,205,False
TRWKHMP128F932226D,91,55,False
TRWKHWZ128F14A473E,3820,1071,True
TRWKIEA128F9331D66,1771,952,True
TRWKJFP12903CDB1B4,233,93,False
TRWKKCO128F424D3D8,230,123,False
TRWKKNE128F42752A3,145,91,False
TRWKKSQ128F93079BD,641,353,False
TRWKKWV128F146E9A1,425,251,False
TRWKLTN128F9329465,20,13,False
TRWKLWW128F42754DF,29,11,False
TRWKMSV128F92F0240,832,527,False
TRWKNAB128F92D89C2,7,7,False
TRWKNYR128F427152E,3,3,False
TRWKOEO128F147CC66,6162,3079,True
TRWKOTE128EF33EF31,26,8,False
TRWKQSS128E0784B7D,2,2,False
TRWKTIU128F934B512,76,40,False
TRWKVVL128F92D555F,794,262,False
TRWKVVW128F42638F0,394,104,False
TRWKVYN128F146247D,2011,911,True
TRWKWET128F4231097,417,201,False
TRWKXBD128F92EA303,354,239,False
TRWKXKX12903CF2369,68,25,False
TRWKYUL128F422AC87,323,111,False
TRWKZFE128F933F5F8,10283,5440,True
TRWLBLZ12903CE895E,1301,725,True
TRWLBMB128F145AB65,103,61,False
TRWLBTR128EF35EB63,34,11,False
TRWLCZX128F931213A,1661,492,True
TRWLDNY128F93292B8,23,10,False
TRWLDPY128F148D1A9,476,248,False
TRWLDUJ128F9309242,10,10,False
TRWLEXL12903CAC5E6,17,10,False
TRWLGCH128F4287A0B,743,471,False
TRWLGCK128F932374C,5,5,False
TRWLHDK128F4243654,640,321,False
TRWLHUW12903D05E29,121,63,False
TRWLIWZ12903CC5709,13,8,False
TRWLJJR128F934767E,802,273,False
TRWLLDE12903CDDD7F,57,28,False
TRWLLLG128F427C585,73,34,False
TRWLMCW12903CEF87F,59,20,False
TRWLMHJ128F42145BC,101,53,False
TRWLMKN128F42BCBE5,27,7,False
TRWLMQF128F932B3EE,143,61,False
TRWLNKW128F92CA7E7,425,196,False
TRWLOIQ128F425E61F,124,66,False
TRWLPQB128F42658BD,25,8,False
TRWLRGI128F93264D0,369,178,False
TRWLRMK128F92E30F8,18,12,False
TRWLSUW12903CC265C,7,2,False
TRWLTJW128F935AEE7,701,173,False
TRWLULD128F42488BD,12,4,False
TRWLUNZ128E0781FCD,7,4,False
TRWLURN128F147FCA5,145,77,False
TRWLUWY128F424AFCD,1046,386,True
TRWLVUA128F42A979F,115,29,False
TRWLVVL128F428306C,100,60,False
TRWLVXI128F425402D,75,65,False
TRWLWEG128EF342B75,846,626,True
TRWLXNL128F931F552,727,256,False
TRWLYPN128F9303ACD,5607,1849,True
TRWLYSR128F1479BE9,751,274,False
TRWMDUE128F14548DC,1414,415,True
TRWMDZZ128F4260D37,1,1,False
TRWMENU128F4294F25,261,126,False
TRWMERK128EF350B9D,32,14,False
TRWMFHV128E078E705,89,36,False
TRWMGXO128F428A28F,4751,1741,True
TRWMHYF128F9343071,422,137,False
TRWMISW128F14922FA,918,491,True
TRWMJVC128F934D0A5,934,475,True
TRWMLNL128F4297791,134,47,False
TRWMLVR12903CE60F7,63,24,False
TRWMMWB12903CE8FAE,247,26,False
TRWMMXY128F424F065,723,48,False
TRWMNBC128EF345422,201,28,False
TRWMOKQ128F9309927,46,4,False
TRWMQXV12903CE8DE8,210,80,False
TRWMRIR128F92E7CF0,9,8,False
TRWMSCB128E0792CB3,150,55,False
TRWMSHW128EF3449A8,43,22,False
TRWMTES128F423F03D,1637,749,True
TRWMUGV128E0787DB7,13,9,False
TRWMVVP128F426E326,24,13,False
TRWMWMX128F427F23E,27,12,False
TRWMXEH128F9317169,1419,1104,True
TRWMXNP128F42752E4,1,1,False
TRWMXTL128F424F330,518,336,False
TRWMZEV128F92FD399,685,562,False
TRWNAYV128F92E6CCB,5842,1856,True
TRWNBMW128F429675A,38,13,False
TRWNBZQ12903CF41EB,15,5,False
TRWNDAM12903D110EB,11,8,False
TRWNDEU128F9329BF7,101,43,False
TRWNDNH128EF350B95,351,271,False
TRWNERT128F4248481,42,15,False
TRWNHNT128F426A6D3,1012,678,True
TRWNIVR128F429108C,1,1,False
TRWNJBH128F4263A06,423,274,False
TRWNKGW128F93480DA,986,543,True
TRWNKRJ128F424809C,1140,363,True
TRWNLAW128F9364539,46,13,False
TRWNMTS128F4295233,2396,1141,True
TRWNNFN128F423BB13,2666,1401,True
TRWNPDZ128F934B946,5877,2749,True
TRWNQSM128F423EA26,1079,458,True
TRWNSOH128F428C406,380,92,False
TRWNSYC128F145FC19,9342,2908,True
TRWNTBF128F932BC85,500,256,False
TRWNUWU128F428BA7C,1153,533,True
TRWNVCB128F42941DE,901,300,True
TRWNVLI12903CD172E,36,13,False
TRWNVOS128F42396BC,228,87,False
TRWNVPK128F428EE0B,290,91,False
TRWNZEY128F42A6E4D,1289,591,True
TRWOBTW128F930A518,170,32,False
TRWOCXV128F425A18A,114,17,False
TRWOELW128F4248277,380,173,False
TRWOEWK128F92FC400,15,6,False
TRWOEWS128F422AD7F,10,10,False
TRWOFRD128F429235C,470,220,False
TRWOFVJ128F42693D8,46,28,False
TRWOGEW12903CB6538,940,400,True
TRWOGGR12903CDF88B,197,87,False
TRWOGHM128F42AE3B8,820,386,False
TRWOIIM128F423ED5D,483,185,False
TRWOIQD128F1489838,679,333,False
TRWOJEK128F423A3DC,423,157,False
TRWOJKX12903D06BE4,491,239,False
TRWOMGW128F92DE99D,9,7,False
TRWOPYQ128F932A7BE,507,364,False
TRWOQKA128F1469541,193,87,False
TRWOQMD128F92E4FA1,29,19,False
TRWORWL128F9335C37,132,68,False
TRWOSFN128F428DA2A,144,56,False
TRWOTZR128F42844DF,19,7,False
TRWOUNE128F92DCE24,351,68,False
TRWOUQF12903CA9E3A,57,20,False
TRWOXPU128F92EB3D3,3180,848,True
TRWOYBI128F422D93E,10,6,False
TRWOYHS128F931EB5A,1642,850,True
TRWOZYW128F4292C00,14,5,False
TRWPAMD128E0785D6D,1017,572,True
TRWPATT12903CBBBFA,8,8,False
TRWPBNA128F934B8E7,154,66,False
TRWPCDE128C7196C06,76,34,False
TRWPDSU128F4230A62,646,141,False
TRWPEBP128F422F183,566,172,False
TRWPEQS128F4233474,17,12,False
TRWPETR128F423EA30,216,105,False
TRWPEWT128F4291A93,26,9,False
TRWPFGV128F424FA17,127,74,False
TRWPIIN12903CD44B7,252,61,False
TRWPJJM128F92F0327,517,204,False
TRWPKQN12903CD1919,206,95,False
TRWPLZH128F145FAC6,328,155,False
TRWPMWW128F429B0A9,196,111,False
TRWPNAU128F1466AA8,421,222,False
TRWPNYO128F428BE8E,712,201,False
TRWPOEL128F935A6B6,252,191,False
TRWPOYM128F42A10BA,73,40,False
TRWPPII128F92E4947,8222,3424,True
TRWPPIY128F427D9BF,10964,2520,True
TRWPPJO12903CBDAA0,2271,654,True
TRWPQIT128F4261E8E,333,139,False
TRWPQNP128F93094AE,222,124,False
TRWPQPT128F424AFD7,69,36,False
TRWPRXF128F424BE21,8,5,False
TRWPSIN128F4256E06,101,25,False
TRWPSJN128F92F9655,1196,552,True
TRWPSUL128F934AF4E,105,46,False
TRWPTKI128F932EF72,16,10,False
TRWPTPS128F9345EE9,384,193,False
TRWPUCD12903CB6335,485,272,False
TRWPUDX128F148F907,370,95,False
TRWPVEE128F92E8D89,76,23,False
TRWPWKL12903CDA4BE,2474,679,True
TRWPYIL128F933C141,2475,809,True
TRWPYKN128F932195B,1,1,False
TRWQATQ128F932BDA3,72,35,False
TRWQBGZ128F42858BE,606,397,False
TRWQBQM128F426A498,248,102,False
TRWQBSO128EF343832,397,156,False
TRWQBUW128F422BC38,9821,4585,True
TRWQEAZ12903CB64EC,22,11,False
TRWQEBZ128F4290F86,2,1,False
TRWQEQE12903CF1371,13,3,False
TRWQESK128F931C240,256,187,False
TRWQGOX128F42935BF,46,29,False
TRWQINA128F9339E57,25671,9021,True
TRWQJPM128F934B7F1,49,29,False
TRWQMCO128F9307B03,15,2,False
TRWQMSX128EF35F030,84,29,False
TRWQMSZ128F424364C,746,383,False
TRWQOGZ128E0781928,563,370,False
TRWQPCR12903CE32F6,71,46,False
TRWQPSF128F42AB50A,35,24,False
TRWQPSS128F422B1C1,436,230,False
TRWQQCA128E078EEF6,627,297,False
TRWQQNK128F425A335,4298,752,True
TRWQQSN128F932CCE3,288,72,False
TRWQRTD128F932DDB6,18,5,False
TRWQTHV128F92EB73D,81,49,False
TRWQUED128F1482B7A,2107,1087,True
TRWQYNI128F14642D3,8,3,False
TRWQYSJ128F9319536,728,343,False
TRWRBKF128F9335546,13,8,False
TRWRBWQ128F932C050,61,27,False
TRWRCTM128F92F1D2E,417,227,False
TRWRDHL128F145C7B6,11,6,False
TRWREWI128F42424D5,113,66,False
TRWREYJ128F422AF08,740,236,False
TRWREZK128F92FBB7D,249,45,False
TRWRFVS128E0780CF2,976,463,True
TRWRHFB12903CC27C9,55,25,False
TRWRIHU128F42693AC,58,41,False
TRWRJAQ128F146B242,77,42,False
TRWRJGL128F93318B3,44,20,False
TRWRJQQ128EF34DF5A,50,31,False
TRWRJXJ128F92FFA9F,50,23,False
TRWRNCX128F4261CA3,199,73,False
TRWROOI128F423980B,35,18,False
TRWRQGH12903CD60DA,5,4,False
TRWRQPK128F42548DC,615,355,False
TRWRSPD12903CF42B6,63,33,False
TRWRTHM128F146E99F,637,384,False
TRWRTTG128F4229F0A,27,16,False
TRWRTVQ128F427C00E,1,1,False
TRWRUAA12903CEC344,151,44,False
TRWRUAD128F147C1DF,1467,682,True
TRWRUCY128F424351B,10406,5365,True
TRWRUKI128F423DD65,105,30,False
TRWRULK128F427FF81,241,77,False
TRWRWPF128F4259EC8,21,20,False
TRWRYGS128F429C904,2,2,False
TRWRYHP128F4268D38,21,17,False
TRWRYOJ128F424DA86,18,9,False
TRWSAQB128F425A38F,91,29,False
TRWSBKV12903CF447D,157,70,False
TRWSBLD128F422A6E1,81,16,False
TRWSBNB128F4276F7F,3743,1310,True
TRWSBZS12903CC53BF,57,22,False
TRWSDCI128F930258F,512,208,False
TRWSDDE128F423B10A,26,13,False
TRWSDGD128F934B464,175,88,False
TRWSDPP128EF3449AF,30,17,False
TRWSDWP128F9329885,251,152,False
TRWSHXR128EF355EAD,6034,1736,True
TRWSIDH128F422ACD0,273,92,False
TRWSITX128F147B0D0,3197,967,True
TRWSJPN12903CB2CC6,14832,4305,True
TRWSMIX128F9329C34,414,148,False
TRWSMYN128E0781E27,46,29,False
TRWSNQA128F92FE968,41,29,False
TRWSOGI128F92D12DC,173,85,False
TRWSPHI128F427249D,549,224,False
TRWSPNW128F1477392,27,9,False
TRWSPRQ128F14A13FA,1591,663,True
TRWSQVR12903CF81F9,394,165,False
TRWSRFF12903CA6410,423,171,False
TRWSRJG128F428BA7F,966,414,True
TRWSSOB128F4295632,2599,763,True
TRWSTHS128F4278952,106,31,False
TRWSTYN128F9331873,144,59,False
TRWSUCH12903CFA98E,19,17,False
TRWSUVS128F423A544,127,52,False
TRWSWES128F428EE1A,538,317,False
TRWSXPD128F4259F3B,1760,856,True
TRWSZGM128F427A884,81,30,False
TRWSZGQ128F92E8449,52,31,False
TRWSZNP128F4249550,195,94,False
TRWTAFB128F4243B58,32,13,False
TRWTCYY12903CEA63A,1858,666,True
TRWTDYI128F930C9FD,680,338,False
TRWTECD128F92F944B,91,47,False
TRWTEOG128F931C79B,1070,438,True
TRWTETN128F14758B0,1466,583,True
TRWTEZP128F427FD62,330,156,False
TRWTGTF128F93321F3,130,20,False
TRWTIDH128F425B510,771,299,False
TRWTJDJ128F92CCF2A,1438,498,True
TRWTJGK128F42A798C,14,7,False
TRWTJIW128F42B8807,487,270,False
TRWTKZY128F4241A9D,366,208,False
TRWTLEF128F9324943,19,10,False
TRWTMNV128F426B093,40,10,False
TRWTNKJ128F9350471,472,164,False
TRWTOBI128F428E467,1785,838,True
TRWTOIT128F92F88A8,4611,1329,True
TRWTOXL128F14659EA,95,34,False
TRWTOXW128F92FAF49,13,7,False
TRWTPAC12903CF25DA,586,303,False
TRWTPWJ128F42811FA,6097,3112,True
TRWTPYD12903D03AE9,1940,738,True
TRWTQCV128F1462B7F,2902,862,True
TRWTQTL128EF36396D,9,5,False
TRWTQVX128F428A290,559,227,False
TRWTRID128F42922D0,812,421,False
TRWTRMQ12903CF5933,18,8,False
TRWTSDL128F92F4340,514,234,False
TRWTSIL128E078DC79,145,61,False
TRWTSVJ12903CF5A6D,57,42,False
TRWTUNH12903D01657,14,9,False
TRWTWGF128F92F7B33,296,106,False
TRWTWQM128F423F075,1525,816,True
TRWTWZD128F9306865,95,76,False
TRWTXKO128F9300F72,217,125,False
TRWTYPP128F42990CA,1483,320,True
TRWTZCE128F932CD0B,344,73,False
TRWTZLE128F93326EB,21,11,False
TRWUANO128F427A197,387,179,False
TRWUBNZ128E07820C4,467,226,False
TRWUCKN128F146D7DF,213,66,False
TRWUDMP128F9354223,613,449,False
TRWUEJC128F931512A,2,2,False
TRWUEMB128F148CCAC,111,68,False
TRWUFEW128F14782F3,4204,1814,True
TRWUHOB128F930982A,979,369,True
TRWUJHT128F426F48A,32,9,False
TRWUKDU128F92E4963,6447,2650,True
TRWUKKN128F92F8F4E,17,11,False
TRWUKYB128F9318B4D,412,120,False
TRWULXR128F423B2B4,2,2,False
TRWUOYA128E078BFEC,192,66,False
TRWUQZA128F1476A77,260,132,False
TRWURCY128F4213B6C,115,58,False
TRWURYO128F425B246,1,1,False
TRWUSFL128F9316775,4,4,False
TRWUSIJ12903D110EF,7,5,False
TRWUSNP128F4289F8C,664,363,False
TRWUUYM128F92E9B57,1229,652,True
TRWUVDK128F429339F,150,61,False
TRWUVDQ128F4257F6C,8,6,False
TRWUWBT128F42708CB,1356,776,True
TRWUWMD128F92E36DD,1577,478,True
TRWUWRZ128F42ADA4A,91,30,False
TRWUWWK128F4264575,5,3,False
TRWUYFB128C719671B,266,201,False
TRWUYHK128F1480FF9,890,442,True
TRWUYOC128F4264EFF,1642,1032,True
TRWVADK128F4293354,710,378,False
TRWVAPE128F42BA1B3,65,19,False
TRWVBSN12903CB731B,56,34,False
TRWVCEF128EF3518EB,189,78,False
TRWVCST128EF356B3D,3243,1188,True
TRWVCVL128E07999EE,544,244,False
TRWVDIU128F423EE54,500,227,False
TRWVECV128F1489B01,92,49,False
TRWVEHG12903CA5F3C,2019,524,True
TRWVFPF128F933C15E,190,81,False
TRWVGBC128F14937DB,187,82,False
TRWVGMZ128F92F8918,47,29,False
TRWVGOC128E078E732,9,3,False
TRWVIFW128F93324BD,188,96,False
TRWVJBX128F9320A8B,297,173,False
TRWVJCY128E0788BC7,35,16,False
TRWVJPL128F42ADD26,169,60,False
TRWVJUW128F934EF77,10,5,False
TRWVLJG128F9307271,6,2,False
TRWVMAN128F9337AF3,101,28,False
TRWVMGK12903CFEBB6,136,77,False
TRWVMGS128E0783EB1,803,200,False
TRWVNHR12903CC8C12,339,124,False
TRWVOJJ12903CCC654,55655,14520,True
TRWVOVH128F42B91E1,296,228,False
TRWVPAX128F92D688B,136,52,False
TRWVQFB128F425798E,463,212,False
TRWVQNS12903CECC37,309,75,False
TRWVRTQ12903CC6426,97,21,False
TRWVTCQ128F92E060F,8,6,False
TRWVTKY128F42590AD,2400,1053,True
TRWVUUS128F931FF4B,5765,2453,True
TRWVUVY128F934B821,2,2,False
TRWVVBD128F92EAC99,339,88,False
TRWVVQM128F4298011,212,99,False
TRWVWVW128F92FA058,504,228,False
TRWVXJG128F93376A0,4539,1517,True
TRWVXPM128F4291A82,21,11,False
TRWVXQR128F931A49B,196,95,False
TRWVYPN12903CEDF8E,15,9,False
TRWVYWI128F1487E80,44,22,False
TRWWAUC128F147A54F,207,116,False
TRWWCOT128F9327AF5,315,25,False
TRWWCUP128F42A51F0,359,199,False
TRWWEES128F423BC95,1806,579,True
TRWWHDB128F92FFB5B,14,10,False
TRWWHYC128F933EA8C,55,21,False
TRWWMPL128F429EB4C,2074,1442,True
TRWWNNF12903CB1674,74,31,False
TRWWNOB128F92E36F7,989,312,True
TRWWNSZ128F4239808,44,13,False
TRWWNTG12903CF422D,5,4,False
TRWWOGE128F92ED265,46,24,False
TRWWOJM128F93234C7,11,7,False
TRWWOKS128F9325C37,5572,2874,True
TRWWOPW128F934B61B,53,22,False
TRWWPPT128F1479610,518,243,False
TRWWQVR128F93299EE,129,37,False
TRWWUEK128F1498A37,705,284,False
TRWWUTK128F42754CA,4,1,False
TRWWVER128F4283064,47,32,False
TRWWVGC12903CB5C50,1532,573,True
TRWXCYC128F14AE23D,744,259,False
TRWXFCU128EF351B77,3747,1248,True
TRWXFVS128E078FA08,198,101,False
TRWXGMQ128F92E8B59,6642,1505,True
TRWXGNI128F92FEA92,1142,765,True
TRWXHHN128F931C21B,231,150,False
TRWXJCJ128EF357B2A,400,217,False
TRWXJKQ128F429EA73,1594,1238,True
TRWXJQF128F429C6A7,1072,436,True
TRWXJYH12903CA885C,30,17,False
TRWXKMG12903CD050D,42,23,False
TRWXLBQ12903CE2985,1794,585,True
TRWXNKF128F9326DB2,36,22,False
TRWXPGU128F425A08A,362,241,False
TRWXRAE12903CD2A42,381,189,False
TRWXTGS128F92FB0E3,88,39,False
TRWXTTH128F933388A,35,11,False
TRWXUFL128F428831A,21,5,False
TRWXUOJ12903CE8966,6472,3059,True
TRWXVQL128E079156A,1376,752,True
TRWXVVY128F92F93F4,40,23,False
TRWXXQY128F92FCD05,6,6,False
TRWXYPN128EF353A44,79,64,False
TRWXYVM128F4268D29,3,3,False
TRWXZMC12903CE852E,2494,709,True
TRWXZRW128F42455EB,16,10,False
TRWYCRZ128F933D906,1,1,False
TRWYDGZ128F4293608,129,51,False
TRWYDTF12903CF1CED,107,60,False
TRWYFVU128F92C5766,509,279,False
TRWYFWY128F4255DA2,484,263,False
TRWYFXV128F428CD29,197,69,False
TRWYIGP128F1454835,1988,1186,True
TRWYIOX128F9311181,4288,2050,True
TRWYIQA128F148B32E,2069,613,True
TRWYIRQ128F42AD84E,2,2,False
TRWYJOT128F422B299,34,14,False
TRWYKJO128F9321804,14,14,False
TRWYKXA128F428F427,343,262,False
TRWYLRD128EF347235,23,13,False
TRWYLTX128F42269E0,344,137,False
TRWYNIU128F4295A19,501,281,False
TRWYNJA128F1467C1A,1189,512,True
TRWYNSP128F4242B68,52,46,False
TRWYQDL128F933578B,299,101,False
TRWYQPO128F92F0496,2,2,False
TRWYSES128F92FA039,7212,1972,True
TRWYTLP128F931FB1A,500,202,False
TRWYTTN128F4262FF8,1,1,False
TRWYUXR128F14794EA,1207,461,True
TRWYWMF128F933AB68,18,8,False
TRWYXJZ128F92EB926,571,225,False
TRWYYVL128F428CC09,954,184,True
TRWZAJX128E0781147,796,426,False
TRWZAXM128F42800BA,463,280,False
TRWZDOO128F932D43A,21,12,False
TRWZDRY128F425A51A,147,89,False
TRWZDXI128F427AFD2,180,87,False
TRWZECF128F934B514,73,41,False
TRWZFEQ128F92CA7DE,837,326,False
TRWZFIC128F933BCA3,5348,3802,True
TRWZHMP12903D0123D,1760,595,True
TRWZHPH128F42139C3,331,107,False
TRWZJEM128F93501BF,4462,2086,True
TRWZJTA12903CFF670,335,128,False
TRWZMUM128F425EC3B,139,50,False
TRWZOYY12903CD0158,89,29,False
TRWZQYL12903CD01E0,241,84,False
TRWZRLE128F146B244,858,187,True
TRWZTKT128F147348E,2900,829,True
TRWZTOR128F9334A27,792,419,False
TRWZVAA128F92C407A,49,38,False
TRWZXWQ128F42853C6,240,145,False
TRWZYFS128F1453ADF,4261,1767,True
TRWZZHI128F425D97D,158,51,False
TRWZZLV128F4236A18,1,1,False
TRWZZNU12903CF1C47,63,19,False
TRXAAKD12903CB47C5,822,458,False
TRXABGS12903D0A0D9,364,260,False
TRXACYN12903CF422B,2,2,False
TRXAEBR128F423BF4E,28,13,False
TRXAEPS128F1469D16,455,147,False
TRXAEVP128F14ADCA9,232,98,False
TRXAFZQ128EF345F8E,129,69,False
TRXAGBT128E0781C90,493,232,False
TRXAGDO128F427B69B,59,23,False
TRXAGOY128F147CC75,1274,546,True
TRXAIPO128F429FAC9,98,25,False
TRXAJBW12903C9F42D,41,11,False
TRXAKHE128F4280052,1200,624,True
TRXALCV128F4278049,201,131,False
TRXALFL128F931C119,100,56,False
TRXALQE128F9320893,2257,683,True
TRXALYM12903D06C08,1971,880,True
TRXAMNT12903CF43BE,70,13,False
TRXAMQJ128F1454158,444,182,False
TRXANVU128F9348245,5,2,False
TRXAPWC128F934EF29,4,3,False
TRXAQHX128F92DE3EE,130,77,False
TRXAQTZ128F92E508C,71,26,False
TRXASKT128F92F2D0F,1654,528,True
TRXAVEU128E078D3CD,510,286,False
TRXAVQT128F9345FEB,1297,553,True
TRXAVTX12903CA79F6,17,11,False
TRXAVWC128F425C763,461,184,False
TRXAYNO128F42AC7CC,139,31,False
TRXAYWK128F934B7D5,116,57,False
TRXBAFC128F930C655,43,16,False
TRXBALC128E0792111,1240,609,True
TRXBALF128F9319A92,3,2,False
TRXBBCF128F93003C3,22,14,False
TRXBBGQ128E0799399,1629,910,True
TRXBCTL12903CE4023,108,29,False
TRXBDHG12903CB3164,93,55,False
TRXBEIW128F42AD92A,13,7,False
TRXBFHC128F9359318,142,33,False
TRXBGAK12903CD9494,167,93,False
TRXBHSU128F42BC33E,1605,831,True
TRXBHXO128F1458F38,193,99,False
TRXBJZT128F42638EE,780,265,False
TRXBLBY128F93069CB,84,52,False
TRXBLJB128F4257C09,277,104,False
TRXBNEE128F426B2F1,189,60,False
TRXBOAB128F149B8FE,105,32,False
TRXBOJN12903CA4E86,10,4,False
TRXBPBK128F428CBF8,9,8,False
TRXBROX128F4234F50,89,33,False
TRXBSLD128F9365F95,35,15,False
TRXBSOA12903CBE3E4,75,34,False
TRXBTUZ128F92FBD00,379,183,False
TRXBTVU128F92FC2A8,175,98,False
TRXBTWP128F427E2F5,1053,705,True
TRXBTXG128F9305E78,8466,2527,True
TRXBTXV128F93237EA,12,8,False
TRXBTZA128E078D9C6,8,4,False
TRXBUCC128F93279AB,46,9,False
TRXBUKY128E078F63C,104,4,False
TRXBULI128F4292380,13,9,False
TRXBVDK128E0793883,211,119,False
TRXBVYL128F4271F66,195,121,False
TRXBWCN128F92F6083,96,40,False
TRXBWFZ128F4215D57,94,25,False
TRXBWJK128F148C48E,6,6,False
TRXBWKC128F4234D1D,51,31,False
TRXBWRF128F4287674,494,175,False
TRXBWZX12903CA9461,1,1,False
TRXBXAU128F428FE65,32,12,False
TRXBXMS12903CD02D2,27,13,False
TRXBXQT12903CB2492,283,91,False
TRXBXZT128F42A8E06,12459,4561,True
TRXBYCG128F146303C,257,157,False
TRXBYLE12903CBEA20,31,23,False
TRXBYLO128F42867F2,80,44,False
TRXBYVL12903CEA99B,121,55,False
TRXBZCG12903CC9DC6,4,3,False
TRXBZFU12903CCC244,1,1,False
TRXBZNF128F427CC40,24,13,False
TRXBZNQ128F934B139,40,10,False
TRXCAFQ128F423ECD6,532,192,False
TRXCANO12903CA0AC9,16,10,False
TRXCARO128F934B686,302,186,False
TRXCAVL12903D00D1E,10,6,False
TRXCBCP128F9321F78,5,1,False
TRXCBDT128F426B11C,7,3,False
TRXCBJA128F930E417,1888,399,True
TRXCBMI128F425C90D,440,248,False
TRXCBSL128F14895B4,371,152,False
TRXCBZS128F92FA4CA,3,1,False
TRXCCPX128F425D3BB,54,16,False
TRXCCWL128F4291517,148,105,False
TRXCDPV12903CD0141,154,117,False
TRXCDWV12903D06EC6,253,117,False
TRXCDYX12903CD3AC8,4037,1933,True
TRXCEND128C71962A4,596,234,False
TRXCEXY128F42865BD,1312,341,True
TRXCEZC128F1458DFB,143,98,False
TRXCFFT128F423DF87,97,70,False
TRXCFIE128EF34E3F0,179,59,False
TRXCGEB12903CB802B,420,118,False
TRXCGGX128F932CF36,9,4,False
TRXCGKC128F42911DF,168,38,False
TRXCHZD128E0789005,498,184,False
TRXCICZ128F92F9831,773,227,False
TRXCIFU12903CB91C9,16,3,False
TRXCIKP128F424E446,335,158,False
TRXCIRY128F92E81CC,2030,598,True
TRXCISD128F933D39F,20,8,False
TRXCIVN128F9366353,51,26,False
TRXCJMT128F92FD30F,75,37,False
TRXCJNL128F4292F60,1,1,False
TRXCJUO128F1451BCD,39,11,False
TRXCJWX12903CF6E98,75,42,False
TRXCKDZ128F930B6BC,9,6,False
TRXCKQA128F428876F,223,124,False
TRXCLII128F421C5A7,53,22,False
TRXCLLK128F930DC79,5,4,False
TRXCLVI128F14655DF,168,87,False
TRXCLWT128F4233A33,200,83,False
TRXCMED128E0780E9E,8,3,False
TRXCMLP128F427FA60,6,3,False
TRXCMMU128F14A0651,18,9,False
TRXCMYF128E079216A,4151,1235,True
TRXCMYR12903CAE517,88,25,False
TRXCMZQ12903CFE32C,1,1,False
TRXCNEL128F92F6AAA,218,73,False
TRXCNFD128F426B413,347,125,False
TRXCNFS128F428CCA7,1721,452,True
TRXCNOM128F428E549,8,3,False
TRXCNPB12903CFAAD1,139,32,False
TRXCNUP128F9345FC5,127,69,False
TRXCOUN12903CF5E4D,40,18,False
TRXCOWT128F4276F38,25,11,False
TRXCPKH128F42A5C6D,1567,470,True
TRXCPOV128F42950BC,29,17,False
TRXCPUA128F1463AB6,9,5,False
TRXCPYZ128F92F1D0E,22,11,False
TRXCQTC128F93139F0,38,4,False
TRXCRDE12903D16723,10,7,False
TRXCRJF128F92D1B1D,8,1,False
TRXCRLT128F4257CC5,288,73,False
TRXCRMK128F92ECC46,23,6,False
TRXCROP128F4252EB6,14,6,False
TRXCRTA128F9325FD9,42,21,False
TRXCRVE128F425A3A6,621,231,False
TRXCSMP128F428A359,4812,1479,True
TRXCSQH12903CA5F3B,735,190,False
TRXCSRF128F4245009,11,10,False
TRXCSUW128E0786B93,1366,657,True
TRXCSWD128F42916CD,38,9,False
TRXCSXF128F4268143,8,7,False
TRXCTBA128F421BC3F,3,2,False
TRXCTDB128F427A832,4562,2993,True
TRXCTFW12903CE6CD5,140,48,False
TRXCTGI128F92E844C,14138,2897,True
TRXCTJM128F4232C49,43,30,False
TRXCTQT128F42773E4,50,24,False
TRXCTSC128F92EB6B3,42,18,False
TRXCUAD128F92F68E2,18,8,False
TRXCUAV128E0793B6A,12687,2350,True
TRXCUJZ128F9308860,9,5,False
TRXCUPG128F426D3DD,70,29,False
TRXCURS128F1469791,525,389,False
TRXCVEV128F425EC82,844,342,True
TRXCVOY128F42410C5,2435,1037,True
TRXCWEM128F428B35E,40,25,False
TRXCWGH128F4259419,111,26,False
TRXCWZB128F93480A0,79,42,False
TRXCWZU12903CDEA07,31,13,False
TRXCXBJ12903D0090F,3,3,False
TRXCXFH128F4219FCC,316,148,False
TRXCXJF12903CCA32B,21,15,False
TRXCXKA128F92E6258,19,5,False
TRXCXKP12903CAF5AD,42,33,False
TRXCXQO128F147C033,67,15,False
TRXCXSB128F9342CBF,1164,408,True
TRXCXTY128F4275EC6,35,22,False
TRXCXZI128F428617A,1040,549,True
TRXCYMD128F4274F4F,3,3,False
TRXCYUG128E0782282,3740,797,True
TRXCYXN128F4272644,137,69,False
TRXCYYZ128F426267C,813,302,False
TRXCZNS128F428A15E,3524,2093,True
TRXCZZT128EF345D21,22,13,False
TRXDAFX128F146AE88,14,9,False
TRXDARR128F4232F2A,101,52,False
TRXDATH128F4264B9E,13,3,False
TRXDAVR128F428E01D,110,30,False
TRXDBRF128F930DC7D,116,53,False
TRXDCHP128F422CADB,580,382,False
TRXDCTG128F427C664,2,2,False
TRXDCUB12903CD842C,170,55,False
TRXDCUC128F42A5F84,657,148,False
TRXDCVW12903CD9563,14,8,False
TRXDDAS12903CC7CBA,18,14,False
TRXDDZY128F42B70B4,15,13,False
TRXDEEL128F92E8386,7,4,False
TRXDEET128F425D37B,8,5,False
TRXDEHH128F92E248C,3,3,False
TRXDERT128EF347239,101,38,False
TRXDEUD128F92DD30F,2,2,False
TRXDFMN128F42963A9,12,7,False
TRXDFZA12903CB3FB4,11,5,False
TRXDGJP12903CE437C,38,9,False
TRXDHEF12903CB601B,178,81,False
TRXDHMH128F425A601,38,14,False
TRXDICM128F92E370C,473,165,False
TRXDIEG128F9341288,67,39,False
TRXDIGD12903CD753A,1783,793,True
TRXDIHL128F9313CD5,9,8,False
TRXDINI128F146B94D,10460,2253,True
TRXDITN12903D0C738,177,81,False
TRXDJMR12903CCE950,23,14,False
TRXDJQT12903CC29FF,24,6,False
TRXDJWK128F9309C10,15,6,False
TRXDJZC128F9319B25,24,6,False
TRXDKDD12903CC8A24,4,4,False
TRXDKTT128F149532D,767,264,False
TRXDLMU128F422B23E,18,12,False
TRXDMJP128F425A381,21,12,False
TRXDMNA128F42A6C6D,73,29,False
TRXDMPQ12903CC29AD,39,6,False
TRXDNAS128F423ED56,164,65,False
TRXDNBD12903CF3C27,266,78,False
TRXDNOD128F932FE22,9,5,False
TRXDNYP128F147739E,372,149,False
TRXDOCO128E07827F7,977,528,True
TRXDOCX128F14A1488,190,51,False
TRXDOMJ128F93156A9,3,3,False
TRXDOVZ128F934B465,155,89,False
TRXDPQM128F9307079,280,88,False
TRXDPUU12903C9D505,117,34,False
TRXDQBP128F4243FBD,52,18,False
TRXDQBY128F423EAA3,1020,565,True
TRXDQEN128F4297F99,33,17,False
TRXDQGG128F92FB82E,16,3,False
TRXDQJT128F4266BAD,22,5,False
TRXDRJQ128F930413B,6,5,False
TRXDSXC128F92F3147,213,71,False
TRXDTCF128F934B2C6,7,6,False
TRXDTFL128F9309BFF,102,53,False
TRXDTHF128F429459B,1557,1138,True
TRXDTJY128F93412F9,7,5,False
TRXDTLN128F4279B8D,237,93,False
TRXDTMS128F930C0A0,105,38,False
TRXDTTB128F4287BB3,12,9,False
TRXDTVZ128F425B6F3,5,2,False
TRXDTWX128E078F61A,118,53,False
TRXDTYI128F934B8E2,501,170,False
TRXDUAM128F429F810,22,9,False
TRXDUIG128F429674E,34,12,False
TRXDUOG128F4258B33,1936,987,True
TRXDUYI12903CBE73F,455,63,False
TRXDVAE12903CD658C,161,36,False
TRXDVGK128F4264C1D,3,3,False
TRXDVHJ128F932654E,4,4,False
TRXDVIJ128E0791E06,5033,1657,True
TRXDVSL12903CD849E,487,173,False
TRXDWWF12903CE222C,348,108,False
TRXDXAL12903CCDC88,1595,495,True
TRXDXAO128F147A02E,475,193,False
TRXDXHW128C7196961,22,9,False
TRXDXLQ128E0785D4A,2984,1625,True
TRXDXND128F92F89CB,1,1,False
TRXDXSY128F42BC817,715,331,False
TRXDYUE128F429FC3F,1894,1024,True
TRXDYXE128F42BCBBF,980,388,True
TRXDZHP128F9325B8C,83,53,False
TRXDZLM128F4281504,77,31,False
TRXEAGI128F42408AC,3766,1402,True
TRXEAII128F93091A7,46,28,False
TRXEAMA128F93646D4,1,1,False
TRXEAMB12903CDF36A,921,277,True
TRXEASF128F92EF911,1522,1022,True
TRXEAYG128F428A139,98,29,False
TRXEAZB128E078EDCE,7912,3581,True
TRXEBGJ128F930FE95,11,5,False
TRXEBIF128F148C546,138,77,False
TRXEBPL128F92F737E,17,4,False
TRXECNJ128F423012E,45,19,False
TRXECXV128F424A151,48,13,False
TRXEDHO128F92CC900,202,66,False
TRXEDIF12903CF2756,131,72,False
TRXEDVW128F1456AF7,299,58,False
TRXEEFQ128F9345DB9,1816,809,True
TRXEEHH128F42325C5,192,85,False
TRXEEMH128F1474B29,459,238,False
TRXEEOI128F424BE7D,1,1,False
TRXEFBD128F4245101,27,7,False
TRXEFSQ128F92DC10C,589,170,False
TRXEGDH128F933DC73,10,9,False
TRXEGII128F9322411,16,9,False
TRXEGQZ128E078C224,4,4,False
TRXEHIH128F429A7E3,38,21,False
TRXEHQS128F931484C,185,77,False
TRXEIJG128F934A504,276,93,False
TRXEIOX128F1490750,10,9,False
TRXEIRM128EF346710,3723,1008,True
TRXEIXQ128E07920E2,130,81,False
TRXEJRM12903CC7AAA,8,7,False
TRXEKMK128F92F8A06,2286,1519,True
TRXEKOP128F422B7D5,33,12,False
TRXELCD12903CFFC8F,74,23,False
TRXELHV128F92F8762,4699,1746,True
TRXELNR128F149638A,938,586,True
TRXEMRM12903D00A4B,143,54,False
TRXENYE128F427B10C,9,5,False
TRXEOCG128F932EF45,5,5,False
TRXEOXG12903D0279E,208,80,False
TRXEPVV128F428FB7C,125,48,False
TRXEQSK128F9319884,103,56,False
TRXEQVY128F9335E17,4,3,False
TRXEQXF128F427A593,2,2,False
TRXERLA12903CE9F3E,546,240,False
TRXERRS128F42969E4,373,146,False
TRXERXW128F14A074E,7,5,False
TRXESGJ12903CC04D2,30280,8117,True
TRXESTC128F9344514,2,2,False
TRXESVT128F92C428F,1191,383,True
TRXESYI12903CE47C5,51,31,False
TRXETUR128F9318A46,2,2,False
TRXEVLZ128F42AE13E,511,188,False
TRXEVVD12903CBFB39,1,1,False
TRXEWBT128F42A8D7C,147,42,False
TRXEXHI12903CC2FA7,2,2,False
TRXEXLR128F4263846,221,136,False
TRXEXOI128F933E997,10,7,False
TRXEYFO12903D02DC8,628,259,False
TRXEYHX12903CD0875,54,6,False
TRXEYKZ128F145C3EF,8,8,False
TRXEYQT128F14570DC,786,304,False
TRXEYWN128F428FD1D,1,1,False
TRXEZLQ128F4281B3F,407,221,False
TRXEZPF128F42422D9,4,4,False
TRXEZVD128F422C0FE,23,18,False
TRXFADC12903CA2F39,12,2,False
TRXFAJI128F92F6200,95,39,False
TRXFAMS128F42914AD,1,1,False
TRXFBEE12903CF3FC3,85,28,False
TRXFBNU12903CCBE8A,8760,3074,True
TRXFBUA128F428BE6C,1,1,False
TRXFCPO128F4249D3F,3,1,False
TRXFCYL128F4265445,16,10,False
TRXFDFD128F427861B,34,14,False
TRXFDJW128F42AC963,740,150,False
TRXFDRB128E078A723,571,167,False
TRXFDVG128F42563A9,20,12,False
TRXFESY128F42B8061,114,55,False
TRXFEUG128F425C999,61,20,False
TRXFEXI128F42445A8,8,3,False
TRXFFBM128F9325FB1,5,2,False
TRXFFOJ12903D008D5,46,22,False
TRXFFQE128F4277E9F,126,52,False
TRXFFQV128F1458643,2,2,False
TRXFFQZ12903CCD967,85,14,False
TRXFGBR128F93324CD,72,5,False
TRXFGSA12903CF530E,837,200,False
TRXFHFB128F42931AF,121,43,False
TRXFHYU128F930A867,59,33,False
TRXFIDG128F92E3DAF,31,10,False
TRXFIIK12903CAE19E,4,4,False
TRXFJNE128F42421AB,111,24,False
TRXFJOM128F42911CE,333,55,False
TRXFJTC128F9307AA8,234,144,False
TRXFJUD128F428DFC7,338,182,False
TRXFJWY128F14A240D,565,44,False
TRXFKAF128E078884E,3470,1432,True
TRXFKGZ12903CEE34B,799,363,False
TRXFKIY128F42204A0,4,2,False
TRXFKSD128F426AAD5,116,37,False
TRXFLPT128F932F0BA,73,40,False
TRXFLRJ128F9325B76,126,87,False
TRXFLUX128F4288736,7,3,False
TRXFLYS128EF3553D4,573,284,False
TRXFMDU128F930BF22,26,9,False
TRXFMKW128F9300B61,299,176,False
TRXFNPI128F145C165,52,8,False
TRXFODZ128F4221EAE,264,120,False
TRXFONT128F4264482,29,13,False
TRXFORJ128F9314729,290,124,False
TRXFPGR12903CE8FA5,17,10,False
TRXFPIC128F4269F87,62,32,False
TRXFPJQ128F421B49E,218,52,False
TRXFPSI128F4269B14,145,78,False
TRXFQDX128F1456C4F,1421,301,True
TRXFQKS128F9318012,112,47,False
TRXFRBE128F427F163,251,182,False
TRXFRDG128F92CF7A0,1033,532,True
TRXFRLE128F425803C,201,84,False
TRXFRQL128F14990B8,38,10,False
TRXFSEW128F42A8FF8,12,4,False
TRXFSSS128F1467FC4,1211,277,True
TRXFSUW128F4282B34,17,3,False
TRXFSVY128EF356B3B,321,161,False
TRXFTDO128F429884C,4276,2263,True
TRXFTLM128F423092D,103,50,False
TRXFTOB12903C9CEBF,5,4,False
TRXFTRO128F93365F1,34,20,False
TRXFUMT128F4269491,291,133,False
TRXFUWD12903CF5DF4,17,11,False
TRXFVMR12903CB9843,16,6,False
TRXFVOD128F427823D,2,2,False
TRXFVOQ128F9352EFC,115,4,False
TRXFWFZ128E0786E5A,100,39,False
TRXFWIW128F92EC174,19,8,False
TRXFWLZ128F1464294,6,4,False
TRXFWXB128F428DEBD,270,135,False
TRXFXAA128F9324B25,66,41,False
TRXFXLR128F92DE78C,35,19,False
TRXFXPZ128F423CF0C,79,22,False
TRXFYCU128F4258741,3383,1277,True
TRXFYJT128F421C941,22,11,False
TRXFYPW128F426894A,45,27,False
TRXFYZS128F9331F49,2800,1130,True
TRXFZNL128F146756F,112,46,False
TRXGAQU128F4255068,44,18,False
TRXGAUO128F425F12F,2243,876,True
TRXGCAP128F9312B59,103,45,False
TRXGDOA128F42712BF,151,75,False
TRXGDQH128EF343BF6,38,19,False
TRXGDTB128F9308677,259,96,False
TRXGEDQ128F931A61A,8,2,False
TRXGERM128F9326666,27,8,False
TRXGEWY128F148C5CA,122,104,False
TRXGEYU128F42900EC,2713,913,True
TRXGFHL128F42B9CE4,1113,513,True
TRXGFIX128F9300B31,326,129,False
TRXGGGK128F421A47B,491,183,False
TRXGGNP128F930E6B7,10,3,False
TRXGGTQ128F93187B8,1785,570,True
TRXGHOC128F92EF9BA,13011,4178,True
TRXGIAS128F4227C27,265,115,False
TRXGIBZ128F427CE2B,5815,2945,True
TRXGILD128F4296D5B,9,6,False
TRXGIOS128F9302EE6,12,5,False
TRXGIUY128F422BB6B,458,98,False
TRXGJBN128F92D3FCB,70,15,False
TRXGJKE12903CBFCB3,110,27,False
TRXGJUK128EF341FFA,65,39,False
TRXGJXZ128F9355A3F,14,5,False
TRXGKFQ128F92EBC27,3,2,False
TRXGKLZ128F9319F56,496,349,False
TRXGKZQ128F92E59C5,71,25,False
TRXGLEM128F42A8BC4,31,13,False
TRXGLQU128F931AD10,22,9,False
TRXGMAI12903CE6A7F,542,239,False
TRXGMJC128F42A8248,287,135,False
TRXGMLB128F42765BA,7,5,False
TRXGMTA128F42605D5,3,3,False
TRXGMWP128E078253B,4172,1753,True
TRXGMWU128F933BD7A,231,86,False
TRXGOAR128F92EA67C,15,10,False
TRXGOMB128F42A01A3,1301,551,True
TRXGOQH128F425C30E,16,4,False
TRXGORE128F9313B5C,25,13,False
TRXGOXU128F9328372,597,104,False
TRXGPBW128F42418AD,1,1,False
TRXGPXO128F931C3DC,210,118,False
TRXGQTP128F934EC6E,134,69,False
TRXGRCX128F1459EB2,1055,442,True
TRXGRGL12903CE58D9,110,40,False
TRXGRQC12903CFFF6C,4,4,False
TRXGRWA128F421CB71,131,58,False
TRXGSGL128F14710D9,150,46,False
TRXGSPS128F4239828,532,174,False
TRXGTFA12903D051E8,923,360,True
TRXGTQS128F93400BF,29,17,False
TRXGUMP128F4278B7B,46,16,False
TRXGUYN128F932B96B,234,133,False
TRXGVBA128F427CB4E,491,201,False
TRXGVBB128F4289933,107,18,False
TRXGVGW128EF34542D,74,27,False
TRXGVOS128F92D02D7,21,9,False
TRXGVQQ128F9312DB1,1219,306,True
TRXGVUJ128E0791E20,437,177,False
TRXGWGY128F4228E7E,38,30,False
TRXGWZE128F429DB94,2863,1980,True
TRXGXCK128F14900F1,1412,553,True
TRXGYDK128F425282C,91,39,False
TRXGYSS128EF349F17,1815,923,True
TRXGYVW128F933205E,2,1,False
TRXGYYL128F149F0C8,75,38,False
TRXGYYV128F92D5C27,191,56,False
TRXGZEC128F428AAE9,223,115,False
TRXGZTT12903CFC964,12,11,False
TRXGZXJ128F93429FA,2,2,False
TRXHALJ128F428CE06,6,6,False
TRXHAZR128F425F165,30,11,False
TRXHAZS128F42598D1,1776,950,True
TRXHBAS128F93223F2,39,20,False
TRXHBDI12903CC09D2,595,179,False
TRXHBDQ128F9329CD9,186,102,False
TRXHBUE128F422A739,26,7,False
TRXHBUI128F1476802,72,39,False
TRXHBUU128F930F55A,633,370,False
TRXHBVP128F92F348C,2159,539,True
TRXHBWJ128E0792A44,955,365,True
TRXHCLD128F423837A,107,44,False
TRXHCUK128F427262D,603,420,False
TRXHDAO128F428A2B8,1000,471,True
TRXHDNL128EF3570CC,10282,1925,True
TRXHDPL128F92F6E74,121,81,False
TRXHDTA128F42A077A,10819,2102,True
TRXHDTY128F423B588,59,25,False
TRXHEKX128F9327F03,398,156,False
TRXHEPX128F42AF0B3,577,288,False
TRXHFBJ128F92C6599,43,19,False
TRXHFFX128F423AAF8,3403,1409,True
TRXHFSN128F42692C6,17,11,False
TRXHGCX128F92F6188,2,1,False
TRXHGIX12903CD2BB7,114,32,False
TRXHGVR128E0791E5D,697,386,False
TRXHHEN12903CDB0BC,218,85,False
TRXHHGN128F4294C40,253,150,False
TRXHHRF12903CE7FF8,323,95,False
TRXHHUR128F42911FF,25,11,False
TRXHJXZ128F423A18E,72,33,False
TRXHKCO128F4265410,1593,509,True
TRXHKTY128F935F7E8,32,11,False
TRXHLBS128F9305E01,6,2,False
TRXHLER128F92FBB1F,5,3,False
TRXHLKC128EF3435C4,702,222,False
TRXHLUP128F9320B70,4601,1516,True
TRXHMOA128F428FE62,19,16,False
TRXHMYI128F932D3E3,14,9,False
TRXHNET128F4245102,1,1,False
TRXHNGM128E07836CC,183,132,False
TRXHNJR128F92F6FF8,120,51,False
TRXHNPE128F9326F3B,128,43,False
TRXHNQV128F423C35D,27,20,False
TRXHNWT128F934B50A,102,30,False
TRXHNZI128EF35224D,45,22,False
TRXHOFA128F424A15E,48,15,False
TRXHOXZ128F145E79A,3,2,False
TRXHOZL128F92D7A20,191,124,False
TRXHPTU128F9308788,1060,290,True
TRXHRDS12903CE490B,146,45,False
TRXHRHB128F422FF4E,5,4,False
TRXHRJN128F149418E,99,27,False
TRXHSAE128E078DEF2,4781,1219,True
TRXHSIK128F421449B,89,48,False
TRXHSKE128F92D5C22,28,6,False
TRXHSSO128F425E6A4,4280,2709,True
TRXHTZA128F4263CD2,19,5,False
TRXHUBK128F9327F6A,553,211,False
TRXHUDE128E0799A32,468,276,False
TRXHUJS128F42BCEA7,810,329,False
TRXHUKF128F146E513,147,55,False
TRXHUNE128F4284483,2503,1204,True
TRXHUNR128F9317352,8,6,False
TRXHVDF128F425DF35,77,21,False
TRXHVHB128EF35905E,17,6,False
TRXHVZT128F42433E7,205,93,False
TRXHWIA128E078A9BB,3025,1133,True
TRXHXCP128F9328B0C,4,2,False
TRXHXGT12903CF7543,13,5,False
TRXHXHY12903CF1418,98,48,False
TRXHXJK128F932DEC1,12,2,False
TRXHXRH12903D059EF,71,40,False
TRXHXUB128F92D835C,22,13,False
TRXHXZJ128F92DD518,21535,3751,True
TRXHYEA128F4232477,127,71,False
TRXHYXA128F4238C86,1662,445,True
TRXHZAR12903CF81FC,409,154,False
TRXHZGW128F426F123,88,54,False
TRXHZMK128F428BE13,20,13,False
TRXHZON128F92E973F,831,392,False
TRXHZRL128F92E31F6,18,7,False
TRXIAAI128F932DDEE,22,1,False
TRXIADL128F427A860,65,16,False
TRXIALQ128F4279590,9,6,False
TRXIBUK128F426F527,26,14,False
TRXICOZ12903CB340C,425,154,False
TRXIDPS128F92C78A1,887,212,True
TRXIEHE128F4243794,51,27,False
TRXIERX128F930AB8A,726,219,False
TRXIEXV128F4268E74,9,6,False
TRXIEYK128F42484BA,1,1,False
TRXIFIF128F4259F89,39,21,False
TRXIFXF128F429B76E,270,41,False
TRXIGIR128F42A3C37,95,38,False
TRXIGTK128F930D4B6,41,21,False
TRXIGXJ12903CDCA96,3,3,False
TRXIHCG128F14A13DE,183,96,False
TRXIHCK128E079699E,2859,694,True
TRXIHIF128F42270E8,298,120,False
TRXIHSM128F931FAD2,2454,1399,True
TRXIHZA128F424AE6C,39,18,False
TRXIIEV128F149967D,2588,979,True
TRXIIOX128EF34D968,3,1,False
TRXIJMU128F4226A0F,22,14,False
TRXIJRV128F427C258,724,262,False
TRXIJXS128F4262054,46,37,False
TRXIKMT128F429809A,34,7,False
TRXIKZX128F92ED297,365,158,False
TRXILHB128F9339CD9,302,102,False
TRXILSN128F42B2FC2,255,205,False
TRXILYE128F932A566,151,78,False
TRXIMOS128F9330FAC,38,26,False
TRXIMOT128C71965F3,6,4,False
TRXIMPU128F92DC537,5,1,False
TRXINKQ128F92F44D7,263,112,False
TRXINMI128F92FCC1A,15,6,False
TRXINOX128F424459C,104,23,False
TRXINQA128F1474058,200,96,False
TRXINVF128F932D6C9,272,78,False
TRXIOET12903CF24C6,97,59,False
TRXIOJQ128F92E60F2,10,6,False
TRXIOPN128F4274D50,75,38,False
TRXIQBU128F148A1B5,114,43,False
TRXIQDL128F92F27DC,1738,582,True
TRXIQKR128F4263960,2223,597,True
TRXIQQG128F429F80A,5483,658,True
TRXIRDN128F934B572,69,19,False
TRXIRTT12903CC782A,87,43,False
TRXISAM12903CFEBD1,1,1,False
TRXISKM128F428C86E,326,85,False
TRXISVH128F4278558,17,7,False
TRXISZC128F93484B8,157,67,False
TRXITAA12903CE7EB2,470,143,False
TRXITEA128F93026E6,71,23,False
TRXITEE128F4242C49,13,8,False
TRXITEP128F4286A89,25,11,False
TRXITGU128F932CCF6,2312,842,True
TRXITNM128F422FFA3,121,49,False
TRXITNR128F4255DF1,7639,2914,True
TRXIUAU128F9351121,27,12,False
TRXIUEW128F934BFDE,9,5,False
TRXIUXG12903CB786B,166,118,False
TRXIUXZ128F934B389,460,263,False
TRXIVES128F426B303,211,94,False
TRXIWBC128F930BD49,1197,394,True
TRXIWLJ128F14528BC,1392,545,True
TRXIWSJ128F92F9D6C,36,16,False
TRXIXSP128F42A04EC,8168,2383,True
TRXIXUN128F4266E0D,66,34,False
TRXIYGO128F4291302,2,2,False
TRXIYMD128F933F2D1,25,13,False
TRXIYSG128F14A9063,272,188,False
TRXIYWP128F42759A0,10,5,False
TRXIZAT12903D09F7B,36,16,False
TRXIZNE12903CDF890,66,39,False
TRXJACS128F934B694,1459,424,True
TRXJBNP128F4259093,16,5,False
TRXJBRL128E0783941,3691,1058,True
TRXJCGM128F932D16B,5597,664,True
TRXJCMQ128F42720DB,678,432,False
TRXJCSI128F932AA2F,292,49,False
TRXJDBL128F934B696,225,106,False
TRXJEIQ12903CEA50C,36,18,False
TRXJEZX12903CBDBC6,4,4,False
TRXJFMF128F92E455D,11,5,False
TRXJFNB128F92E7AC6,3036,1362,True
TRXJFXX128F4290624,1080,334,True
TRXJGGL128F931C711,1461,470,True
TRXJGQX128F934B254,134,51,False
TRXJHGW128E078B40E,57,30,False
TRXJIBG128F92EC272,209,93,False
TRXJIJC128F4283DFE,11,5,False
TRXJJDJ12903CDB384,7,6,False
TRXJJIY12903CDFD77,2,2,False
TRXJJNQ128E0781E29,21,16,False
TRXJKUY128EF349B51,18,13,False
TRXJKXN128F1477E6C,136,32,False
TRXJMDJ128F42BA280,463,211,False
TRXJMSF128F9310E32,1498,815,True
TRXJMSQ128F934AFB9,153,76,False
TRXJMTE128F92F9447,86,40,False
TRXJNFR128F9310B6F,525,299,False
TRXJOGR128F92F7991,6786,1876,True
TRXJOHG128E0790178,394,240,False
TRXJOVA128EF3412F3,27,16,False
TRXJPHP128F92D28A9,1264,421,True
TRXJPJM12903CDB0C8,11,8,False
TRXJPTM128F4284A1C,392,140,False
TRXJQXD128F93417D2,49,4,False
TRXJRIS128F92C96BB,2,2,False
TRXJRNO12903CDA6B9,2659,895,True
TRXJRRN128F426EBE3,1272,425,True
TRXJRSJ128F9330D11,2278,1193,True
TRXJRVU128F14768B4,135,112,False
TRXJRWJ12903CDF479,118,59,False
TRXJRYA12903CA0EE5,29,11,False
TRXJRYG128F1458870,32,8,False
TRXJSHU128F421D0BF,64,15,False
TRXJSNF128F4241818,1584,627,True
TRXJTFT128F4296035,4,4,False
TRXJTNJ128F932B1EE,6,5,False
TRXJTPO128F92EA895,162,58,False
TRXJUEG128F42AC306,594,158,False
TRXJUGX128F42629F8,2864,2243,True
TRXJURM128F42A5E09,4,2,False
TRXJVEC128F429071C,5,5,False
TRXJVHG128F9310FC5,17,7,False
TRXJVWR128F92D7F4A,120,73,False
TRXJWFS128F92F27DB,3353,901,True
TRXJWQG128F9353C15,2,2,False
TRXJWWX12903CC8F0F,81,38,False
TRXJXIX128F427C264,405,123,False
TRXJYCU128F14954B3,11,8,False
TRXJYEO128F426AD39,3818,1227,True
TRXJYZC128F4287FDD,95,45,False
TRXJZBF128E078EDE2,1757,902,True
TRXJZOY128F428BC92,23,21,False
TRXJZZY12903CD6BA3,193,133,False
TRXKAMB128F42660E7,1053,367,True
TRXKAYV128F9333C46,13246,4391,True
TRXKBHG12903CC23D6,2,2,False
TRXKBKS128F424DA34,8,6,False
TRXKBPT128F92D63A9,273,153,False
TRXKCJB128F92E1C1E,3,2,False
TRXKCKA128F426A553,1964,868,True
TRXKDUR128F4265A59,21,8,False
TRXKEMH128F423381D,5963,3862,True
TRXKEST128F93471A7,31,16,False
TRXKFJH128F42637AA,1,1,False
TRXKFNZ128F426FE71,26,10,False
TRXKGCY128F4238DB1,163,98,False
TRXKGDQ128E078F653,378,101,False
TRXKGZS128F421B8DD,117,45,False
TRXKIKR12903CE76B9,701,255,False
TRXKIOF128F934C139,192,62,False
TRXKJGC128F42717DB,127,71,False
TRXKKWZ128F423EC87,1,1,False
TRXKLFI128F9312952,829,267,False
TRXKMEK128F42AD873,8032,1622,True
TRXKMXC12903CB022F,12,6,False
TRXKPOC128F934B10D,644,261,False
TRXKPTW128F1458A16,316,130,False
TRXKQGS128F93141EB,2,2,False
TRXKRKK128F422BFD4,181,64,False
TRXKRMS128F4269742,2016,657,True
TRXKRON128F145E766,867,676,True
TRXKRRO12903CFC4D8,16,8,False
TRXKSBA12903CB1685,51,26,False
TRXKSJR128F930CB15,121,59,False
TRXKTKB12903CF5FD8,21,9,False
TRXKTQD12903C9AB28,30,11,False
TRXKUJE128F92F6ADB,640,256,False
TRXKVAH12903CC5576,32,17,False
TRXKVMT128F427416F,137,84,False
TRXKVSV128F147A597,183,75,False
TRXKWRW128F428A9A1,36,28,False
TRXKWTA128F4251B75,3,1,False
TRXKWTI128F93452C0,25,13,False
TRXKWTN128F14A350C,60,29,False
TRXKXYS128F426C442,20,14,False
TRXKYPC128EF34C43B,869,330,True
TRXKYRU128F425801C,273,110,False
TRXKYSS128F92D2624,958,305,True
TRXKYVI12903CC1F9D,82,41,False
TRXKYYH12903D00581,1,1,False
TRXKZNC128F92DC38D,35,9,False
TRXKZSS128F92E98D5,1343,286,True
TRXLACM128F427FD9D,9215,3079,True
TRXLATY128F92E1772,56,12,False
TRXLAXZ128F428F406,2,2,False
TRXLBFN128EF343BFE,9013,1796,True
TRXLBOF128F92E718F,110,33,False
TRXLCAK128F92FE952,53,30,False
TRXLCDU128EF342752,68,51,False
TRXLCHG128F42233EE,141,60,False
TRXLCSU128E0792391,721,519,False
TRXLCVM128F4274B8F,140,70,False
TRXLDJI128F4293B44,53,26,False
TRXLDMJ128F428E9B5,2297,668,True
TRXLDMN128F4265DC9,895,492,True
TRXLDYS128F42506E0,1304,577,True
TRXLEEM128F933CE7F,664,231,False
TRXLEYN128EF34405F,1,1,False
TRXLFHO12903CF5B22,36,21,False
TRXLFRD128F4298700,353,202,False
TRXLGIV128F1465BF6,26,14,False
TRXLGKJ128F4264E3E,1,1,False
TRXLGNX128F4230F3E,797,259,False
TRXLHAL128F4251E8C,11,7,False
TRXLHRA128F429C6E1,1360,660,True
TRXLHRU128F14A1C5F,233,149,False
TRXLHUN12903CE5983,1153,271,True
TRXLIEJ12903CA2129,1,1,False
TRXLJIJ128F92E1C5D,5,3,False
TRXLJTI12903D01E1F,4381,1509,True
TRXLKKH128F426A0E7,305,77,False
TRXLKNS128F92D4C05,13,4,False
TRXLKQW128F146167C,391,163,False
TRXLKTJ128F92FD7E4,889,572,True
TRXLLJC128F93068CA,24,11,False
TRXLLOK128F4250A87,238,129,False
TRXLLPY12903CB789E,32,16,False
TRXLMYI128F93062D1,2,2,False
TRXLNCD128F9344C43,495,222,False
TRXLNJU128E07821F2,8,5,False
TRXLNLO128E078D3D2,7244,1154,True
TRXLNNB128F429E9BC,491,305,False
TRXLNUW128F428AE60,2103,1211,True
TRXLNXC128F9323261,2,1,False
TRXLOME128F426CDA0,70,32,False
TRXLPLO128F42372B5,190,54,False
TRXLPLT12903CB6850,9,8,False
TRXLPRQ12903D05327,6726,1932,True
TRXLQGZ128F42766E6,129,62,False
TRXLQNQ12903CD520A,458,185,False
TRXLQSP128E0792A31,550,283,False
TRXLREX128F148E9C9,997,377,True
TRXLRKE12903CDD689,8,5,False
TRXLRVV128E07937BC,1101,545,True
TRXLSCP128E078F05B,240,177,False
TRXLSSY128F92C7A2F,106,57,False
TRXLSUO12903CE3DE6,5,4,False
TRXLTJG128F42B9257,1404,869,True
TRXLTVB128F934589A,540,198,False
TRXLTZL128F92D31E7,2262,1164,True
TRXLUNX128E0791367,147,57,False
TRXLURZ128F92E3983,837,327,False
TRXLUXI128F9336C99,4443,1110,True
TRXLUZB12903CBFD9A,140,65,False
TRXLVNH128F92F9A04,31,28,False
TRXLVPV128F931C4CB,32,19,False
TRXLWAH128F422A39C,25,14,False
TRXLWGU128E0793E91,1047,581,True
TRXLWRS128F9309DD3,454,206,False
TRXLXAX128F930DBA6,527,129,False
TRXLXGC128F92D0445,16,6,False
TRXLXOW128F92E2A65,327,87,False
TRXLXOY128F147E68F,488,239,False
TRXLYHD128F1499FC0,195,113,False
TRXLYHW128F429B905,405,222,False
TRXLYYH128F1488486,14,4,False
TRXLZRG128F42836AC,9889,2974,True
TRXLZTT128F145BC30,8150,2924,True
TRXLZXK128F14A29F6,55,47,False
TRXMAPW128F4296053,16,14,False
TRXMAQH12903CB5846,10,6,False
TRXMAXW128F9300D38,247,85,False
TRXMBJT12903C95B1C,3520,926,True
TRXMBXG128F931F49A,42,18,False
TRXMCFA128F422B5CF,7,1,False
TRXMCNH128F92D28A3,382,166,False
TRXMCRF128F4280198,4,3,False
TRXMCRY128F426A969,120,63,False
TRXMCWP128F148C877,811,396,False
TRXMDPE128F92EBFEC,64,20,False
TRXMFKJ128F92F3C2B,3,2,False
TRXMFWF128F931750A,43,8,False
TRXMGKE128F429325B,33,20,False
TRXMGOE128F92EA293,278,119,False
TRXMGQV128F92D4673,422,238,False
TRXMHNT12903CA60FD,571,292,False
TRXMIBE12903CFEAFC,1847,1356,True
TRXMIES128EF342B76,1567,916,True
TRXMIGM128F149CB8D,1496,558,True
TRXMIHH128F1474A56,270,123,False
TRXMILX128F147DF70,6424,2288,True
TRXMIME128F930E252,28,20,False
TRXMIRN128F933B446,6,5,False
TRXMIVE128F423F079,1215,612,True
TRXMJBL128F1497D7C,194,53,False
TRXMJMD128F146AE5B,16272,5251,True
TRXMJNP12903D083DD,266,77,False
TRXMKJZ128F4282770,34,10,False
TRXMKLX128F426263B,9,4,False
TRXMKOU128F428E483,195,36,False
TRXMKQC128F1480585,122,34,False
TRXMLGK128F1457354,8,6,False
TRXMLKB128F92D6743,572,203,False
TRXMLKM128F42639B2,80,44,False
TRXMLQJ128F1489163,1056,343,True
TRXMMJF128F9328238,7,3,False
TRXMMZA128F4272F9B,82,64,False
TRXMNQC128F42A2403,1054,412,True
TRXMNUH128F426EDD7,47,12,False
TRXMNYG12903CE7CB3,245,61,False
TRXMOEW128F4277CFE,25,7,False
TRXMPCB128F92EA612,601,249,False
TRXMPKS128F933F313,20,9,False
TRXMPZE128F4218228,471,180,False
TRXMQBL128F427F1DB,9,5,False
TRXMQFP128F1488E60,17,9,False
TRXMQNR128F427BD7B,68,27,False
TRXMQRB128F428B6D3,888,362,True
TRXMQYM128F4289C89,122,59,False
TRXMRHK128F424D805,692,393,False
TRXMSSV128F42AB4AE,11,8,False
TRXMTAH128F9322028,457,193,False
TRXMTAQ128F146BD69,1885,631,True
TRXMTCO128F14659E5,21,8,False
TRXMTMH128F424E0DE,592,327,False
TRXMUMM128F4299E3C,2279,1020,True
TRXMUSQ128F1459D16,29,18,False
TRXMUVZ12903CEFBE4,47,15,False
TRXMVGH128F427278F,32,12,False
TRXMVQQ128F4291E44,936,496,True
TRXMVTI128F4282A2D,87,25,False
TRXMWBF128E078EC2C,2553,1227,True
TRXMWFI12903CCDB72,3,3,False
TRXMWON128F9315C10,192,42,False
TRXMXCQ128F428525F,92,49,False
TRXMXHX128F92E7D08,81,53,False
TRXMXLX12903CA7C05,1,1,False
TRXMYAR12903CB473C,20,16,False
TRXMYGX128E0782821,992,419,True
TRXMYIK128E07999E4,1250,617,True
TRXMYNA128F4289F77,2028,676,True
TRXNAEA12903CF0250,374,76,False
TRXNAGN128F933C40C,50,23,False
TRXNBHC12903D04F7C,108,43,False
TRXNBLV128F424A555,4,4,False
TRXNBMF128F42B70B5,32,18,False
TRXNBTH128F145E555,33,18,False
TRXNBXN128F1457292,61,40,False
TRXNCFW128F42752E8,145,50,False
TRXNCIG128F9315A81,31,12,False
TRXNCKY12903D004EB,5,1,False
TRXNCQP128F92DEF7B,106,43,False
TRXNECT128F424F0D4,3,3,False
TRXNEDX12903CE6989,2,2,False
TRXNEGQ12903CE4668,521,162,False
TRXNEHA128F4293148,179,153,False
TRXNEIK128F931F721,1771,469,True
TRXNEYM128F934BC26,3,3,False
TRXNFGZ128F9334F8B,333,247,False
TRXNFHC12903CDF8E0,3,3,False
TRXNFIR128F92F2DBF,26,8,False
TRXNFLZ12903CF22CC,136,73,False
TRXNFWQ128F426272B,371,172,False
TRXNFYM128E0781EC6,5,5,False
TRXNGNP128F93206A3,335,131,False
TRXNGOC128EF34A4F2,97,45,False
TRXNHBP128F92DCF5F,13,7,False
TRXNHEE128F934B422,52,20,False
TRXNHGM128EF3684AC,1106,656,True
TRXNHTK128F42484A7,55,29,False
TRXNIDU128F4279287,147,72,False
TRXNIEO128F426234A,25,13,False
TRXNJIG128E0785FDA,2,1,False
TRXNJMK128F426E1A0,4041,731,True
TRXNJUH128F1461D4D,236,104,False
TRXNKAF128F4229546,119,94,False
TRXNLAN128F92F65DB,62,11,False
TRXNLLN128F4238BDD,29,12,False
TRXNLUL12903CA5BA9,2145,1171,True
TRXNMFG12903CB266E,66,26,False
TRXNMIY128F42154A9,7,6,False
TRXNNME128F4261468,5,2,False
TRXNNOB128F4241129,381,174,False
TRXNNST128F14AEB81,33,9,False
TRXNNZW12903CD60B1,11,6,False
TRXNOES128F9301FD2,1153,461,True
TRXNONC128F425C2DC,3454,1397,True
TRXNOOY128F932E501,12,7,False
TRXNOOZ128F92FE0D1,7,6,False
TRXNPDW128F93584F4,19,2,False
TRXNPVI128F92F620B,7,6,False
TRXNQDO128F42AD93F,182,37,False
TRXNQJR12903CFE371,2591,1210,True
TRXNQUT12903CA24DA,25,9,False
TRXNRDY128F92DD6D8,156,60,False
TRXNSAJ128F9336E61,9,8,False
TRXNSKZ128F427F1FB,9,3,False
TRXNSPG128F4237782,15,5,False
TRXNSTO128F92CEE41,894,364,True
TRXNTAY12903CE79F2,536,85,False
TRXNTMB12903CA884A,11,6,False
TRXNTQI12903CF81E4,184,86,False
TRXNUDI128F4243743,3707,713,True
TRXNUGF128F9322B2B,509,144,False
TRXNUQH128F92D56C9,38,4,False
TRXNUTG12903CFFD74,25,15,False
TRXNVAH128F9330FB1,209,97,False
TRXNVAQ128F93176BA,15104,5138,True
TRXNVLK128F429DCE3,169,72,False
TRXNWEZ128F930FB87,9,5,False
TRXNWNX128F428067B,1,1,False
TRXNWZH128F9330443,68,41,False
TRXNXHY128F92C2C37,8,8,False
TRXNXOH128F4270327,89,51,False
TRXNYBL12903CF2742,6,5,False
TRXNYMN12903CB6526,26,13,False
TRXNZFS128E078FEA5,596,235,False
TRXNZGW128F93425A0,258,128,False
TRXNZPQ128F93018B9,87,53,False
TRXNZTU12903CC6816,1958,625,True
TRXNZWO128F92F3305,98,34,False
TRXOAOT12903CE3B36,251,84,False
TRXOARN128F426E927,26,14,False
TRXOBAF128F9311514,16,10,False
TRXOBHG128F42B51A1,27,21,False
TRXOBKR128F931C23E,181,144,False
TRXOBQS12903D0182F,103,26,False
TRXOCCK12903C9FC4A,7,4,False
TRXOCCV128F146BD01,755,188,False
TRXOCFL12903CE0E3C,34,9,False
TRXOCHW128F4244C2E,75,25,False
TRXOCMA128F146BD71,1802,648,True
TRXOCZT128F934AB1D,600,294,False
TRXODGE128F92F44DD,159,57,False
TRXODKF128F9329E17,796,435,False
TRXOEPI128EF35353F,158,106,False
TRXOFIO128E0793EAB,1171,612,True
TRXOFKI12903CFC951,181,78,False
TRXOFWK128F934ACEA,22,6,False
TRXOGKS128F14681EE,3325,1652,True
TRXOGWN128F92CC823,4,2,False
TRXOGZT128F424AD74,48,5,False
TRXOHPF128F92D541C,2878,832,True
TRXOIFM128F9346FA7,38,13,False
TRXOIJZ128F92E7B6A,143,45,False
TRXOIWC128F932C9A5,20,6,False
TRXOJVF12903CAD44C,383,87,False
TRXOKDI12903CE3F75,644,294,False
TRXOKGH128E078407A,35,15,False
TRXOKHY12903CA7581,201,51,False
TRXOKSJ128F422156F,6,2,False
TRXOLAJ128F931C38C,1,1,False
TRXOLEQ128F422F67A,92,47,False
TRXOMCI128F4282343,2499,601,True
TRXOMPK128F92EA1D3,83,36,False
TRXOMRR128F9324436,29,11,False
TRXONIT128F9355F39,1862,534,True
TRXONSF12903CD6200,3,2,False
TRXOOAR128F1485371,245,88,False
TRXOOAS128F147ADCE,2706,1245,True
TRXOOGR128F933A50E,8,8,False
TRXOOIE128F427FF7E,200,82,False
TRXOOLE128F9353D70,91,56,False
TRXOOQE128F42559FF,87,20,False
TRXOPBY128F148B6F9,63,22,False
TRXOPCE128F1464F47,5,4,False
TRXOPIO128F934B97D,9,6,False
TRXOPZJ128F4263C92,807,347,False
TRXOQCF128F4261CA1,309,98,False
TRXOQED128F425C4BD,3,3,False
TRXOQET128E0789985,3505,1165,True
TRXORUE128F4237D5B,4,2,False
TRXOSGL128F42BBB25,6981,2473,True
TRXOSSX128F428BF23,1,1,False
TRXOSVD128F934AB93,3,3,False
TRXOTFM128F428B0AC,17,10,False
TRXOUBQ12903CFEA17,454,297,False
TRXOUIN12903CCCD64,98,5,False
TRXOUMT128F426BE07,16,11,False
TRXOVIZ128F932A396,327,50,False
TRXOVSZ128F9356BD1,129,43,False
TRXOWKQ128F4297088,2447,915,True
TRXOWMC128F1488F22,25,18,False
TRXOWRP12903CF2417,22,17,False
TRXOXGD128F427269B,409,98,False
TRXOXHI128F426A36D,2550,1166,True
TRXOYEK128F4238FC6,557,234,False
TRXOYQI128F42522FA,34,8,False
TRXOYVW128F931A9EB,3,3,False
TRXOZJJ128F14784C9,3508,1403,True
TRXOZRH128F4275375,3,1,False
TRXPAVT128F423EB00,49,34,False
TRXPAYV128E078F123,109,34,False
TRXPBJY128F93264D2,482,194,False
TRXPCBH128F93176B4,593,329,False
TRXPCER12903D05172,4,3,False
TRXPDCE128F92E4FA6,33,24,False
TRXPDLF128F14554A7,698,307,False
TRXPDRF128F4297757,680,249,False
TRXPDUZ128F92D21F0,23,17,False
TRXPDVA128F421363B,40,18,False
TRXPEFF128F4228914,404,94,False
TRXPEGM128F4275D34,1,1,False
TRXPEJL128F93365AE,8,4,False
TRXPEZE128F42454C4,113,40,False
TRXPFOX128F92F90BA,2,2,False
TRXPGEN128F429CE4C,688,201,False
TRXPGGA128F935094F,3,3,False
TRXPGND128F427FE82,158,88,False
TRXPGRG128F932D491,54,43,False
TRXPGZV128F934B1D3,3,3,False
TRXPHBM128F42A6AC6,1,1,False
TRXPILI12903CB7864,195,100,False
TRXPIMY128F42A6F09,66,15,False
TRXPINA12903CD9BF0,2243,719,True
TRXPJQB128EF33FB4D,4677,3162,True
TRXPJYS128F424BCF9,1,1,False
TRXPKSV12903CA50C9,10,7,False
TRXPLQF128F4256F32,109,29,False
TRXPLQK12903CCF384,44,22,False
TRXPLVZ12903CDF8A1,99,60,False
TRXPMBL128F92CD89C,77,31,False
TRXPMEX128F426EF38,8,4,False
TRXPMHV12903CD930C,682,89,False
TRXPOAG128F932E312,5,5,False
TRXPOCZ128F931879C,791,214,False
TRXPPNP12903CA7540,1,1,False
TRXPPPT128E0783BC2,198,97,False
TRXPPTJ128F145E9B0,767,246,False
TRXPPVX128F92D1403,48,21,False
TRXPPXI128F429107D,730,345,False
TRXPQGY128F4262601,14,9,False
TRXPQZO128F14AD2A0,15,6,False
TRXPRHT12903C94F3D,828,398,False
TRXPRMB128F1477426,110,47,False
TRXPROC12903CE3C7A,73,32,False
TRXPRXG128F931C74C,63,24,False
TRXPSIC128F9347FA5,299,82,False
TRXPSPE128EF33FB50,6371,3603,True
TRXPSQT12903CA1563,15,12,False
TRXPSSF128F92D8235,176,73,False
TRXPTTT128F930F909,22,11,False
TRXPVCD128F427EE80,9,7,False
TRXPWDW128F930899E,1,1,False
TRXPWKF128F931B2B1,673,290,False
TRXPWNQ128F4255399,1161,599,True
TRXPWOD128F426A949,640,258,False
TRXPWSF12903CD327F,680,345,False
TRXPWZN12903CD43B6,320,148,False
TRXPXKR128F932E01A,3,2,False
TRXPXST128F4262D95,1436,817,True
TRXPXWC128F932F657,441,166,False
TRXPXXZ128F42679B4,117,45,False
TRXPYQN128F934BCB9,37,26,False
TRXPYSH128F423E622,2500,562,True
TRXPYTR128F42AA843,179,81,False
TRXPYVF12903CE83C4,5,3,False
TRXPZGM12903CF3B56,243,113,False
TRXPZKO128F42370DF,393,279,False
TRXQAES128F149EFD1,68,37,False
TRXQAHH128F427CA0F,234,108,False
TRXQAJN128F934B88F,35,18,False
TRXQDAM128F1482E61,31,21,False
TRXQEDF128F426A85F,1065,460,True
TRXQEJN12903CE4325,18,12,False
TRXQEKV128F423F08C,311,81,False
TRXQERT128F42BAF3E,8,6,False
TRXQEYI128F92C4A37,993,403,True
TRXQFFB128F14772B2,3,3,False
TRXQFQE128F425192E,315,100,False
TRXQFZE128F423A04F,9259,3196,True
TRXQGDM128F92F6F95,7,6,False
TRXQHRG128EF36645F,62,36,False
TRXQHSA128F4264022,59,31,False
TRXQIDF128F14AB720,15,11,False
TRXQJEX128F429C4F3,2,2,False
TRXQJOS128F425C831,3,3,False
TRXQJUR128F933EDB4,19,5,False
TRXQJWG12903CFA160,430,367,False
TRXQJWK128F146DF76,2815,1300,True
TRXQKXV128F4263471,6,5,False
TRXQLFP128F92EE9A8,720,312,False
TRXQMHJ128F9337429,61,37,False
TRXQMLU128F149A312,10,8,False
TRXQMQE128F42268ED,1,1,False
TRXQMUQ128F9314727,1012,311,True
TRXQOCO128F427AAFA,1067,433,True
TRXQOMI128F92C7D4D,327,150,False
TRXQORE12903CFF5DB,54,12,False
TRXQOUG128F92F88D3,1,1,False
TRXQOUW128F4281CCC,1504,765,True
TRXQPIA12903CEFCD0,1882,503,True
TRXQQHP12903D0C505,898,323,True
TRXQQUI128F428CA63,4,2,False
TRXQRIX128F93466A0,7,7,False
TRXQRNI128F9311B1C,30,5,False
TRXQRUT128F42571C7,3,2,False
TRXQSDD128F423B614,1252,584,True
TRXQSGQ128F42625AB,172,91,False
TRXQSKI12903CF9321,26,11,False
TRXQSQR128F1456502,126,38,False
TRXQTHR128F9329836,4,3,False
TRXQTWW128F93156C5,65,44,False
TRXQUFY128F427138A,44,16,False
TRXQVCN128F425C3A8,1571,546,True
TRXQVEH128F92F345F,365,99,False
TRXQWLS128F92F3FE2,10,6,False
TRXQWMF128F9316AE0,2201,666,True
TRXQWQZ128F92E2458,4244,1608,True
TRXQWSJ12903CE755D,19,11,False
TRXQXOH128F4247454,3,2,False
TRXQXUK128F425DA20,102,37,False
TRXQXVL12903CA275B,283,176,False
TRXQXVP128F92FCC7C,43,19,False
TRXQXYN12903CD02DE,23,14,False
TRXQYTS128F149904C,216,66,False
TRXQZBU128F4257247,202,21,False
TRXQZLH128F9342949,26,16,False
TRXQZTN128F42959E0,11,4,False
TRXQZXQ128F9301352,294,78,False
TRXRAQB128F92F8EE5,1110,393,True
TRXRAWI128F14AC12B,6,6,False
TRXRBOX128F147281B,365,178,False
TRXRBTG12903CFF237,149,81,False
TRXRBYB128F93471D5,6266,1617,True
TRXRBZH128F421AFB4,20,16,False
TRXRCGJ128F93293A8,30,12,False
TRXRCTE128F92E2DBD,89,51,False
TRXRECW12903CF23D1,60,37,False
TRXREKS128F4264103,58,15,False
TRXRETB128F92FCCDC,11,7,False
TRXRFBY128F93234B5,5240,1659,True
TRXRGGI12903CB9AEE,76,8,False
TRXRGHU128F9315B25,325,153,False
TRXRGHU128F934B9A9,575,149,False
TRXRGIU128F426FE76,61,22,False
TRXRGMB128F92F468E,11,6,False
TRXRGMR128EF34E9B4,9,5,False
TRXRGSJ128F424E3BE,1930,799,True
TRXRHGC128F427905F,6,5,False
TRXRHPH128F424BE30,5,2,False
TRXRHQO128F148CCA8,150,80,False
TRXRHZA128E0793E4E,547,180,False
TRXRIAE12903CF374B,4065,2695,True
TRXRICM12903CCD09A,82,31,False
TRXRIGI128F4287200,824,351,False
TRXRJTW12903CBB252,4765,2292,True
TRXRJZZ128F42BC247,80,40,False
TRXRKDL128F934B397,8021,1681,True
TRXRKNN128F930507E,6,3,False
TRXRKUD128F9310665,5,2,False
TRXRPOI128F92F1716,834,409,False
TRXRQLX128F427B404,2,2,False
TRXRQSM128F4298271,5,3,False
TRXRSYP128F426B8B0,17,8,False
TRXRTCC128F9315B23,2146,647,True
TRXRTRK128F4274438,4,4,False
TRXRTSM128F4243625,510,217,False
TRXRUND128F934855A,250,113,False
TRXRUNG128F42AF1A3,31,19,False
TRXRUWG128F935926D,11,8,False
TRXRVDE128F9329D8B,686,239,False
TRXRVMD128F1488BEE,274,93,False
TRXRVPE12903CDB65A,1,1,False
TRXRWDF128F92D018B,889,419,True
TRXRWIT128F92E7346,8,1,False
TRXRXYG128F934B420,241,74,False
TRXRYFI128F4264B68,3,3,False
TRXRYGT12903CC4285,170,80,False
TRXRYWN12903CABC12,792,250,False
TRXRYZZ12903CFCFB4,1,1,False
TRXRZEJ128F4274A89,3164,1378,True
TRXRZIJ128F933A37E,62,25,False
TRXRZJX128F932A875,3,3,False
TRXRZLJ12903CE26A2,4408,2358,True
TRXSANV128F92F963E,45,19,False
TRXSANW128F92E4B6F,111,63,False
TRXSASZ128F9300741,88,19,False
TRXSBJO128F92E9B5D,911,512,True
TRXSBPV128F935A8C8,23,13,False
TRXSCCC128F92E3000,68,25,False
TRXSCTC128F14A9190,9,6,False
TRXSDBB128F1488A86,18,7,False
TRXSDHD128F1467ED2,1698,665,True
TRXSDIF128F92FBFFC,154,60,False
TRXSDRO128F42857D5,6,3,False
TRXSDSD12903CCC326,16,9,False
TRXSEFX128F934B28D,27,18,False
TRXSFVV128F93127BA,44,16,False
TRXSGDD128F9308670,188,67,False
TRXSGJZ128F9314692,310,150,False
TRXSGMU12903CF333F,3,3,False
TRXSGUZ128F42626E1,1,1,False
TRXSHJZ128F1458F28,14,13,False
TRXSHPX128E07817BD,6,5,False
TRXSJFL12903CBD583,909,447,True
TRXSJFQ128F42795A1,2,2,False
TRXSJIJ128F42579C0,692,253,False
TRXSJTM128F92E6CBF,157,84,False
TRXSLGN12903CA7849,36,16,False
TRXSLPR128F424DE47,5,4,False
TRXSMIF128F92E9231,719,382,False
TRXSNBG128F4229570,128,43,False
TRXSNPF12903D05213,189,118,False
TRXSOCX128F427C9D7,336,159,False
TRXSOYO128F9343CC5,1979,1015,True
TRXSPGZ128F428CE63,622,342,False
TRXSPLH128F4280AE4,1039,533,True
TRXSQDB128F145478F,1133,499,True
TRXSQXS128F425A7A5,6,6,False
TRXSQZT128E078EBE5,497,245,False
TRXSRDQ128F426CB7F,2,2,False
TRXSRET128F9316B71,6513,2890,True
TRXSRJG128F42918AC,492,222,False
TRXSRVP128F148D19D,612,231,False
TRXSSAD128F933FC77,14,12,False
TRXSSAQ128F9346501,85,23,False
TRXSSFP128F931D729,714,212,False
TRXSSJT128F428C6EE,21,13,False
TRXSSRN128F92FAFBB,432,64,False
TRXSSXI128F428FAD4,648,247,False
TRXSTDS128F421D0DC,252,54,False
TRXSTLZ12903D07F38,21,16,False
TRXSTWJ128F4248261,413,182,False
TRXSUGB128F428A279,854,355,True
TRXSUHL128F145AA7A,57,31,False
TRXSURV128F930EEF0,44,7,False
TRXSUWZ12903CDF8CC,74,30,False
TRXSUYL128F14650CD,81,14,False
TRXSVNM128F92E9943,138,19,False
TRXSVSQ128F42AA367,660,325,False
TRXSWJL128F427EEFA,1924,779,True
TRXSXIK128F930B0D0,105,48,False
TRXSYQP12903CF3D07,8,3,False
TRXSZAP128F92E2802,13,7,False
TRXSZDN12903CDD2D2,19,2,False
TRXSZOS128F429360F,613,180,False
TRXSZWB12903CF78C8,2530,1170,True
TRXTAMW128F9300D68,367,109,False
TRXTAPY12903CE8450,2483,1144,True
TRXTBAP128F4284C61,49,26,False
TRXTBKK12903D01B59,31,24,False
TRXTBNU12903CBD483,58,26,False
TRXTCBS128F933D739,2,2,False
TRXTCQW128F42968D8,91,42,False
TRXTDDB12903CF8150,88,34,False
TRXTDHV12903CA750B,360,171,False
TRXTDLF128F931AD5A,55,23,False
TRXTDLL128F92F981A,21,6,False
TRXTDMC128F92D5951,179,15,False
TRXTFMH128F147E280,96,40,False
TRXTFXC128F425C35A,19,15,False
TRXTFYB128F14A0B73,1224,595,True
TRXTGEY128F92F692F,29,16,False
TRXTGJE128E07816E3,954,490,True
TRXTGOK128F4250C61,85,43,False
TRXTGOV128E0780C92,4891,2932,True
TRXTGZZ12903CA62EB,51,21,False
TRXTHDH128F146A653,3,1,False
TRXTHLZ128F426F565,144,70,False
TRXTHYK128E078E93C,8,7,False
TRXTJDX12903CDD683,119,39,False
TRXTJOP128F425554C,3146,945,True
TRXTKFK12903CA79F0,75,26,False
TRXTKYM128F9325BFF,20,9,False
TRXTKZO12903CCDEA3,1993,750,True
TRXTLPT128F42881BD,8,5,False
TRXTLTY12903CC523B,733,197,False
TRXTMMV128F9339E6F,1304,449,True
TRXTMVY12903CD9161,12,7,False
TRXTNBU128F4233BA3,100,39,False
TRXTNET128F92E54F1,259,31,False
TRXTNSO128F9334F74,3,3,False
TRXTNWE12903CAF656,364,124,False
TRXTPBS128E078FE03,5,1,False
TRXTPIA12903CCC374,16,13,False
TRXTPSE12903CD7329,146,48,False
TRXTQCK128F4252922,141,70,False
TRXTQOD128F932377A,117,43,False
TRXTQQJ128F148AD7A,32,14,False
TRXTQSZ128F934B534,32,17,False
TRXTRRF128F4239875,29,13,False
TRXTSRO128F1499FB3,251,155,False
TRXTTMJ128F92FFC02,484,277,False
TRXTTQD12903D07399,233,129,False
TRXTTZO128F426238B,407,238,False
TRXTTZT128F424A78B,1252,393,True
TRXTUML12903CDB7DF,79,24,False
TRXTVNQ12903CE467F,150,75,False
TRXTWKI128F930BB3B,201,52,False
TRXTXBJ128F145E296,2525,750,True
TRXTXEU128F426037D,8,4,False
TRXTXMP128EF35F7B9,19385,5859,True
TRXTXZG128F92DCE2A,253,91,False
TRXTZIE128F4281B41,403,229,False
TRXTZXV128F14979B0,139,91,False
TRXUAKI128F9346C02,106,41,False
TRXUBOQ128F4240658,23,5,False
TRXUCIM128F428F43C,10,6,False
TRXUCNB12903CFF5FB,7,6,False
TRXUDBI128F4280218,32,11,False
TRXUDPN128E0791F3A,643,331,False
TRXUENF128F423D477,2149,938,True
TRXUFKU128F14933E7,695,283,False
TRXUGJE128F93475E6,441,155,False
TRXUHMD128EF340DD3,4,3,False
TRXUIUO128F4277F8E,6,3,False
TRXUJPP128F93365D2,124,38,False
TRXUJQO128F429B4BB,6,4,False
TRXUJQW128F423EA69,2307,794,True
TRXUKCO128F92F4686,12,11,False
TRXUKCP128F4261BD5,1,1,False
TRXUKDB128F42944F4,104,36,False
TRXUKNP12903CF593C,22,3,False
TRXULGF12903CBE705,1013,399,True
TRXULGR128F145BC40,216,159,False
TRXULOW128F423AEFA,305,72,False
TRXULXL12903CDF89C,24,10,False
TRXUODS128F429C9F3,15,6,False
TRXUOXI128F423C23B,39,10,False
TRXUPBX128F426A96C,77,42,False
TRXUPNG12903CF89C5,30,18,False
TRXUPYZ12903CB4245,2,2,False
TRXUQEJ128F92E1232,198,82,False
TRXUQHJ12903CF076C,375,42,False
TRXUQRO128E0781A7A,243,69,False
TRXURSN12903D0C38C,186,65,False
TRXURSQ12903CC4144,73,4,False
TRXURTM128F934D0A3,2256,805,True
TRXUSDW128F932918B,1,1,False
TRXUSFN128F428CAC0,4,3,False
TRXUSKH128F92E3985,67,37,False
TRXUSPF128EF346066,121,47,False
TRXUSRK128F92DF21D,63,12,False
TRXUSVC12903CD9B6E,765,313,False
TRXUSWH128F428F41F,413,310,False
TRXUTCH128E0791EA4,325,181,False
TRXUTPI128F931D053,369,154,False
TRXUUPR128F92CFF0A,6314,2587,True
TRXUVBK128E0782BC5,112,42,False
TRXUVJK128F934B383,1703,616,True
TRXUVVY128F933E6A1,250,117,False
TRXUWEC128F426BE3F,49649,14687,True
TRXUWIK128F92DC104,546,169,False
TRXUWRU12903CDDF61,622,173,False
TRXUWTA128F932C8FE,24,8,False
TRXUWVW128F92C4EC4,15,6,False
TRXUXZL128F42661AB,266,98,False
TRXUYQW128F42370DB,316,217,False
TRXUZJV128F4259F70,391,207,False
TRXUZNC128F424A087,66,52,False
TRXVACS128F42814FF,53,29,False
TRXVBRN128F9308501,247,109,False
TRXVBTG128F92C3BB2,82,36,False
TRXVBWM12903CE54E8,9,4,False
TRXVCJR128F92F9182,1086,417,True
TRXVCUV128F93156AB,263,136,False
TRXVDVM128E078442F,2915,866,True
TRXVEAA128F42644C1,45,31,False
TRXVEBS128F933087E,18,4,False
TRXVEFK128F92D124A,12,7,False
TRXVEML128F42606BB,30,19,False
TRXVENG128F4262BF9,24,7,False
TRXVEQF128F4257E49,269,33,False
TRXVFHC128F9331842,4,4,False
TRXVFYH128F149579A,25,7,False
TRXVGGY128F426E485,26,5,False
TRXVGOX128F1453ADC,1479,695,True
TRXVHFY128F424B932,19,14,False
TRXVHJF128F92F8F50,109,93,False
TRXVHUP128F92F428B,15,7,False
TRXVHWR128F1464D00,397,207,False
TRXVIBW128F934B52B,28,14,False
TRXVITA128F427A55F,1346,618,True
TRXVLAS12903D009A0,38,21,False
TRXVLCB128F42629ED,3318,2465,True
TRXVLLH128F9314656,833,313,False
TRXVLQC128F9324EFB,6730,4086,True
TRXVMGN128F92D049C,49,25,False
TRXVMZJ128E0792269,19,11,False
TRXVNBR128F42736BC,97,29,False
TRXVOBY12903CEA9AB,214,100,False
TRXVOMI128F92D93E5,7,7,False
TRXVPML12903CFA062,797,324,False
TRXVPNX12903CDF594,5,1,False
TRXVPYP128F429327E,303,105,False
TRXVQAJ128F9316B65,6100,2982,True
TRXVQTZ128F424D666,105,58,False
TRXVRHM128F42A632B,1,1,False
TRXVRIN128E078A9FF,102,68,False
TRXVRIZ128F42843CE,3894,1067,True
TRXVRJD128F428672E,54,42,False
TRXVRTT128F931D667,39,19,False
TRXVRYI12903CECB28,47,12,False
TRXVSER128F4257BEE,13,7,False
TRXVTTW128F4269E32,92,52,False
TRXVTWS128F427C007,1,1,False
TRXVUFB128F934C260,691,199,False
TRXVUWB12903CCD51A,479,170,False
TRXVWDA12903CF5E1D,65,27,False
TRXVWGL12903CC6474,6,5,False
TRXVXAU128F9335155,58,25,False
TRXVXEN128F14520B9,59,38,False
TRXVYXT12903CD80BC,722,326,False
TRXVYXY128F93294CB,32,9,False
TRXVZDQ12903CC82E9,285,130,False
TRXVZJX128F428A87F,117,51,False
TRXVZKC128F425AEEE,4667,1612,True
TRXVZSS128F92F455A,98,61,False
TRXWABM128F426E617,37,22,False
TRXWAOO128F9339274,95,44,False
TRXWATX12903CE893A,509,301,False
TRXWAXM128F934955D,23,12,False
TRXWAZC128F9314B3E,87745,30873,True
TRXWBPF128F424358B,2,2,False
TRXWBQL128E07860FF,387,217,False
TRXWBRB128F931C962,4963,2210,True
TRXWCLQ12903CDB1A3,406,208,False
TRXWDDT128F428DF65,52,19,False
TRXWDFZ12903CD840E,18,13,False
TRXWDXK128F934DFE4,2,1,False
TRXWEDH128F4289AC2,126,74,False
TRXWEVR128E079011D,112,53,False
TRXWEZE128F423E3AE,17,7,False
TRXWFAH128F429E46C,27,9,False
TRXWFAN128F92F09AB,36,17,False
TRXWFEP128F92E4AED,27,11,False
TRXWFNB128F92C7017,2522,898,True
TRXWFNS128F9336C8B,3734,1100,True
TRXWFSA128F933E284,851,426,True
TRXWGBF12903CF215A,211,56,False
TRXWGES128F424EBC7,52,27,False
TRXWGEZ128F932D5D3,2727,1100,True
TRXWGUV128F931D23E,340,80,False
TRXWGZA128F9303F0C,3096,1872,True
TRXWHKJ128F92F9F02,12,9,False
TRXWHNF128F93398EA,17,7,False
TRXWHZV12903CB7044,22,4,False
TRXWICV128F1469A46,120,53,False
TRXWIUB128F9326901,72,24,False
TRXWJXP128E078FA28,171,88,False
TRXWKJH128F92CBC5F,207,135,False
TRXWKPM128F935AEE8,15,4,False
TRXWKVU128F428C7E1,4,2,False
TRXWLLE128F92FC125,1278,822,True
TRXWMDN12903CA5BBE,3140,1802,True
TRXWPCZ128F426AB1D,349,133,False
TRXWPMW12903CB42A0,15,8,False
TRXWPNS128F93156B4,154,73,False
TRXWQJL128EF351B64,2534,1147,True
TRXWQSD128F1498F39,479,129,False
TRXWQSX128F92D27CE,12,10,False
TRXWROS12903CCA1AE,1,1,False
TRXWRQF128F42B74D1,29,9,False
TRXWRWR12903C952E2,19,13,False
TRXWSIN128F9339A11,36,10,False
TRXWSSK128F148E921,388,88,False
TRXWTAQ128F425131C,162,94,False
TRXWTNE128F426C546,17,8,False
TRXWUOP128F92C269D,2437,454,True
TRXWUSJ12903CE4291,106,30,False
TRXWUUA128F92ED28E,174,87,False
TRXWVTN128F4263CC9,591,221,False
TRXWZCP128F4258B28,1342,718,True
TRXWZRQ12903CC914A,510,195,False
TRXWZTH128F4275B33,8,3,False
TRXXBFI12903D036F1,1068,413,True
TRXXBPB128F42BC6C7,507,243,False
TRXXCFL128F145E5AC,1262,529,True
TRXXCIZ128F42574DD,3180,1217,True
TRXXCTX128F9334C13,2465,1004,True
TRXXDKR128F93089AA,16,10,False
TRXXDMZ12903CF4254,364,127,False
TRXXDWI128F426A927,1,1,False
TRXXEEJ12903D1339C,2305,543,True
TRXXEEY12903CB6566,4,3,False
TRXXFWM128F42B53E0,346,209,False
TRXXGBF128F92FE990,51,25,False
TRXXGJU128F425E9D7,67,21,False
TRXXGMR128F14A2E2C,373,245,False
TRXXGSV128F425EAA4,7,4,False
TRXXHMP128F146AAF0,130,48,False
TRXXHRP128F426E0C5,2,1,False
TRXXHUM128F932B40A,4,2,False
TRXXHYY12903CBBD83,193,100,False
TRXXIQQ12903CAC8BA,246,182,False
TRXXIRK12903CF42FB,180,81,False
TRXXIXF128F92F987B,201,105,False
TRXXKBC128F428D3AC,15,1,False
TRXXKCD128F4246BE9,93,30,False
TRXXKTK12903CE58E9,60,28,False
TRXXKZS128E0792A52,301,195,False
TRXXLDO128E078D9B4,493,277,False
TRXXMGW12903CDB26C,6,5,False
TRXXMME12903CC5398,31,14,False
TRXXMNQ128F92EC021,37,6,False
TRXXNAB12903CF5449,6,5,False
TRXXNFN12903CB04F2,29,9,False
TRXXNRN128F42AB591,105,45,False
TRXXQPD128F9310EF9,90,33,False
TRXXQQY128F42288B6,835,195,False
TRXXROF128F92F4B6E,3840,989,True
TRXXSDX12903CA7366,27,19,False
TRXXSLP128F9331987,1,1,False
TRXXTOA128F145608E,232,149,False
TRXXVOG128F92F411D,13141,4182,True
TRXXWNU128F4262408,488,130,False
TRXXWQX128F428CB83,2,2,False
TRXXXBB128F42649E8,404,294,False
TRXXXDE12903CAE130,4794,1646,True
TRXXXGM128F426E6E2,3,1,False
TRXXYJO128F4227C2E,114,67,False
TRXXZHM128F9346BDD,53,23,False
TRXYAHQ128F9340B26,3255,1750,True
TRXYBFK128F147689C,48,16,False
TRXYBVC128F92ECDC8,7,6,False
TRXYDGR128F42AFBBD,120,56,False
TRXYDTG128F9310732,70,19,False
TRXYEFW12903CF1EAB,39,31,False
TRXYEKR128E079654C,3258,1367,True
TRXYEMT12903CBE707,585,264,False
TRXYEOU128F9317991,1411,488,True
TRXYEUA128F42960B0,61,27,False
TRXYEZF128F426B5E4,91,27,False
TRXYFMF128F422F9B2,467,98,False
TRXYGGH12903CF40DB,2,1,False
TRXYGPI128F93583F1,747,394,False
TRXYIAC128F9327C6E,19,4,False
TRXYIEZ128F92F5005,5,1,False
TRXYJTB128F4270006,97,63,False
TRXYJVU128F42ABA5F,7,6,False
TRXYJWB128F42A6F0C,226,83,False
TRXYKAC12903CBFDE9,323,90,False
TRXYKCE128F9337035,199,46,False
TRXYKCO128F92FE3DA,20,6,False
TRXYKGL128F425B717,833,358,False
TRXYKIU128F425B509,1080,324,True
TRXYKRO128F934EF21,9,7,False
TRXYKRV128F4285828,2542,1419,True
TRXYLIV128F4239805,132,43,False
TRXYMCJ128F424746C,31,8,False
TRXYMSH12903CF4662,539,317,False
TRXYMUJ128F427927D,709,352,False
TRXYNCJ128F4269ED8,4,4,False
TRXYNFB12903CC8212,490,182,False
TRXYNXH128F42980AB,43,26,False
TRXYOJK12903CAC768,22,12,False
TRXYPAB128F4235B2C,132,20,False
TRXYPFK128F92DF46E,197,82,False
TRXYQEK12903CC231A,48,17,False
TRXYQON128F92FB761,72,25,False
TRXYRWA128F92CDF2E,14127,5483,True
TRXYSKK128F92D296D,5,4,False
TRXYSSU128E0793B8C,1095,761,True
TRXYSXW128F930FE7E,20,13,False
TRXYTHU128F92FF7AF,56,31,False
TRXYUEY128F931CA3D,4,1,False
TRXYUUB128F425F8F4,56,30,False
TRXYUXG128F933BFCB,12,8,False
TRXYVBT128F428BAE0,354,131,False
TRXYVQN128F422C735,17,5,False
TRXYWES128E0792ADF,373,158,False
TRXYWQZ128F426CA56,2459,1088,True
TRXYXHL128F42AE3BE,327,133,False
TRXYXLU128F42BC73F,81,46,False
TRXYXUY12903CDF498,132,66,False
TRXYYCY128F424D3D4,23,13,False
TRXYZHF128F428B065,10,6,False
TRXZAGQ12903CB89BC,191,71,False
TRXZCVP128F92E53E3,28,13,False
TRXZDZY128F1465044,232,90,False
TRXZEQZ12903D11318,64,22,False
TRXZEZF128F933E29E,99,64,False
TRXZFFF128F42397EE,121,71,False
TRXZFFK128F427B26E,81,33,False
TRXZFFO128F428ED42,99,37,False
TRXZFNZ128F931F62F,700,244,False
TRXZFUG12903CDAFCB,13,6,False
TRXZFXN12903CBE364,7,5,False
TRXZGMM12903CDD296,43,33,False
TRXZHNW128F4252292,226,117,False
TRXZHUK128F424B8BF,1,1,False
TRXZIMW128F92DE236,9631,3603,True
TRXZJVU128F9309BB5,108,49,False
TRXZLJX128F935A460,47,31,False
TRXZLMU128F428CA32,68,33,False
TRXZLWV128F4286512,981,341,True
TRXZMFF12903CC05BC,215,37,False
TRXZMLY128E0796512,1604,826,True
TRXZMTD128E07920F1,85,32,False
TRXZNNQ128F92FF8A1,6,1,False
TRXZNYG128F146CA07,82,27,False
TRXZOKO128F147A336,237,132,False
TRXZPND128E0792091,1,1,False
TRXZREY128F932FF58,14,11,False
TRXZRLT128F425DCA6,1072,341,True
TRXZTTJ12903CD43B8,404,141,False
TRXZTXJ128F1479BEC,877,255,True
TRXZTYE12903CC556D,19,14,False
TRXZUAK128F422F854,14,9,False
TRXZVOH128F4226803,27,5,False
TRXZVON128F4234F57,116,40,False
TRXZVTA128E07926F6,361,230,False
TRXZWAJ128F93039A9,366,146,False
TRXZWBF12903CC5244,8,3,False
TRXZWLZ128F92F033E,211,98,False
TRXZXHG12903C9CC69,3,2,False
TRXZXWW128F42B6505,40,37,False
TRXZYGV128E078EC00,225,161,False
TRXZYMP12903CF81E8,261,105,False
TRXZZDG128F14AE20F,1179,384,True
TRXZZGT128F930F30A,13,8,False
TRYABEV128F425CE78,1,1,False
TRYABOZ128F42B69BA,10,7,False
TRYACAK128F427FBDD,135,12,False
TRYACDU128F1482620,1079,306,True
TRYACKR128F423C25D,3,3,False
TRYACPP128F148B423,130,56,False
TRYADFC12903CF45C6,27,10,False
TRYADNJ128E07819A3,405,167,False
TRYADRV128F9346D5E,6,6,False
TRYADUY128F93176B8,2584,864,True
TRYADVA128F42139B8,87,37,False
TRYAEUG128F4235FB2,13,8,False
TRYAEUK128F425DEF7,3951,2073,True
TRYAFGN12903CD7778,629,228,False
TRYAFUK128E0792A2E,876,449,True
TRYAGEA128EF340D55,434,187,False
TRYAGWO128F14812ED,884,420,True
TRYAHDJ128F933BA14,29,10,False
TRYAHLH128F9325380,130,87,False
TRYAHUK128F425F320,997,625,True
TRYAJRM128F4272059,27,11,False
TRYAKQQ12903D0F9EF,3,2,False
TRYAKSX128F933D218,85,39,False
TRYALNR12903D035C0,76,7,False
TRYALRP128F92F521E,6166,2137,True
TRYALUT12903D0532F,3,1,False
TRYAMCP128E078BE06,1131,518,True
TRYAMDX128F9311B77,5,3,False
TRYAMGM128F4236DC3,6,5,False
TRYANZC128F42420A5,81,34,False
TRYAPBL128F92EFBB5,15,3,False
TRYAPCY128F4248286,20,8,False
TRYAPTS128F42338DD,60,36,False
TRYAQXN12903CD13E2,33,14,False
TRYAQZR128F92DCB15,15,8,False
TRYARFI128F42223CD,22,4,False
TRYARNN128F933502A,43,8,False
TRYARRR128F4284390,2387,1173,True
TRYARYR128F9333638,2,2,False
TRYASGZ128F42645C0,1,1,False
TRYATJD128F92FDB02,2822,1251,True
TRYATXG128F4274EE1,458,175,False
TRYATXI128E0798531,15,9,False
TRYAUSF128F422D942,9,6,False
TRYAUXM128F9326674,443,78,False
TRYAUZR128F429ADB3,36,13,False
TRYAWWC128F92F692E,27,16,False
TRYAXZB12903CD9BF6,402,187,False
TRYAZQO12903CF8928,71,42,False
TRYBASM128F42AB08E,3,3,False
TRYBBGR12903CB1675,54,13,False
TRYBBRN128F4246B77,449,96,False
TRYBBSH128E0792639,179,109,False
TRYBBYX128EF3676BA,1690,548,True
TRYBCOS128F9346B82,730,307,False
TRYBCXE128F92D53E9,3,3,False
TRYBDAD128F934B9AC,9,7,False
TRYBDRJ128E0781AC8,64,47,False
TRYBFBD128F42380B3,1783,757,True
TRYBFEO12903CED194,924,409,True
TRYBFNR128F426BE3D,23394,8247,True
TRYBFOE128F4295A15,477,203,False
TRYBFQK128F934B921,42,10,False
TRYBFZK128F932FBA0,9,4,False
TRYBGKU128F146B4FC,73,49,False
TRYBGOW12903CBA25C,23,12,False
TRYBHJR128F42961DF,8,6,False
TRYBHMQ12903D0CD0F,301,115,False
TRYBJBW128F932C2D5,1646,787,True
TRYBJKH128F428964B,144,104,False
TRYBKSU128F92FE0DC,5,3,False
TRYBLEE128F423BD1B,115,47,False
TRYBLKC128F426C1BE,24,2,False
TRYBLSD128F1491205,88,50,False
TRYBMJY128F14844CA,118,69,False
TRYBNAH128F92E4744,70,28,False
TRYBNZN128F1488CE8,6506,1809,True
TRYBQHB128F92E4FEF,7,3,False
TRYBRBG128F934BE54,112,34,False
TRYBRCY128F424FE7C,10,4,False
TRYBRHJ128F145E2B5,5,4,False
TRYBRJR12903CB2891,25,17,False
TRYBRQK12903CA6DAF,195,77,False
TRYBRVG128C7196758,1191,215,True
TRYBTAQ128F92FE8A1,11,7,False
TRYBUGE12903CB9BAD,12,4,False
TRYBUYX12903CB61A6,69,29,False
TRYBVDV128F92CECAD,6,3,False
TRYBVRS128F9350968,47,27,False
TRYBVUJ12903CE26A1,4091,2243,True
TRYBWEB128E0791898,880,372,True
TRYBWLQ128F42A10AA,7,5,False
TRYBWOG128E0789ED7,49,20,False
TRYBWVK128F9313475,5,5,False
TRYBXAW128F425A376,44,14,False
TRYBXQS128F425BD75,38,25,False
TRYBYSV128F427A59F,21,5,False
TRYBYXA128F42B847A,129,38,False
TRYBYZX12903CE6FF2,37,12,False
TRYCACU128F42720D3,337,104,False
TRYCAQU128EF341FFE,54,38,False
TRYCASO128F92EC56C,1143,491,True
TRYCATY128E079321A,2,2,False
TRYCAUI128F149F0D5,23,9,False
TRYCCAX128EF3432F9,84,37,False
TRYCCBQ12903CBBBCB,12,8,False
TRYCCRN12903D11843,63,21,False
TRYCDJM128F428B225,32,14,False
TRYCEHX128F428A419,22,8,False
TRYCEZR12903CCE2CD,80,34,False
TRYCFGT12903CBAE87,11,9,False
TRYCFMY128E0793B0E,667,454,False
TRYCGFQ12903CEB2F7,10,6,False
TRYCHKX128F930CD29,1789,819,True
TRYCHZL128F14B0F61,28,18,False
TRYCJFA128F92DF915,18,8,False
TRYCJTW128F930B04F,972,333,True
TRYCJVB12903CC3921,508,120,False
TRYCKKJ128F1456EBD,12,4,False
TRYCLIR12903CC53DA,26,15,False
TRYCLTV128F92FA813,98,39,False
TRYCMDG128EF346064,41,19,False
TRYCMFH128F4262698,386,108,False
TRYCRNG128F92EE840,37,16,False
TRYCRQO128F93036F8,8,7,False
TRYCRSD128F92FB252,1281,426,True
TRYCRZX12903CF7877,2225,1165,True
TRYCSBQ128F42A2976,710,235,False
TRYCSFD128F93169E8,584,245,False
TRYCSMK12903CCBDAE,433,144,False
TRYCUCJ128E078631F,8,1,False
TRYCUWB128F42AB9CC,10,8,False
TRYCWPB128F1498F35,107,65,False
TRYCWWK12903CF24C2,387,136,False
TRYCXRG128F4214A0C,286,135,False
TRYCYPN128F92CC80E,83,40,False
TRYDAKW12903CCA123,23,17,False
TRYDARC128F42BA7DE,14,6,False
TRYDBIP128F92E104F,123,77,False
TRYDBJI128F424EF84,449,154,False
TRYDCDM128F9324AEB,411,135,False
TRYDCEO128F4262926,1771,1110,True
TRYDCXY12903CE9E25,573,202,False
TRYDDEI128F932E0CA,36,15,False
TRYDDZR128F1455C20,567,200,False
TRYDFNJ128F1460DC5,467,261,False
TRYDFTH128F9314624,6,2,False
TRYDFUY128F4291006,101,7,False
TRYDHQF12903CB338A,989,237,True
TRYDHXO128F4263377,57,27,False
TRYDIOF128F145691E,14,6,False
TRYDIUU128F42413E2,12,7,False
TRYDIVP12903CAF5A7,3311,1313,True
TRYDKGC128F425C657,151,87,False
TRYDKGK128F423EEE0,2945,1481,True
TRYDKJL128F4281945,66,25,False
TRYDKLS128F92F740E,435,269,False
TRYDKMS128F933CE5E,34,15,False
TRYDLEY128F42BC7F0,148,59,False
TRYDLFJ128F424BE28,5,4,False
TRYDMDG12903CD9296,1,1,False
TRYDNRP128F423EE56,263,157,False
TRYDOBY128F92E87F0,431,220,False
TRYDOON128F92CC7F1,218,48,False
TRYDOWR128F934AFBC,89,56,False
TRYDOXE128F4256E07,8,5,False
TRYDPAR12903CE6C51,257,88,False
TRYDPLX128F42626BC,40,10,False
TRYDQHN128F92E7199,3172,1220,True
TRYDQKC12903CA5F40,455,144,False
TRYDQTZ128F9301C47,72,36,False
TRYDQWD128F4222CDC,1127,501,True
TRYDSJI128E0793278,50,25,False
TRYDUAU128F429825B,2755,1390,True
TRYDUMI128F92F98C2,132,50,False
TRYDUVL128F429875C,1668,871,True
TRYDVHI128F93268D6,1197,986,True
TRYDVIB128F932DA6D,404,202,False
TRYDWOP128F424370E,4,4,False
TRYDXDU128F1491337,39,13,False
TRYDXLG128F14640BF,725,283,False
TRYDXWO128F42B7D29,193,73,False
TRYDXZL12903CF7C18,2145,703,True
TRYDZOE128F92D4EC4,1,1,False
TRYEANK128F428A5C7,7,6,False
TRYEASL128F42364FB,179,76,False
TRYEAXK12903CB786E,55,36,False
TRYEDDM128F933C51B,9,8,False
TRYEDQC128F1458663,1529,729,True
TRYEDYU128F421CD2B,375,177,False
TRYEEAI12903CB0FFC,2,2,False
TRYEEDD12903CD8E7B,8,7,False
TRYEEDV128F422BDAD,256,167,False
TRYEEGJ128F92F151E,45,21,False
TRYEFOB128F1496AF9,59,13,False
TRYEFUF12903CA392E,725,150,False
TRYEFWL12903CE7BEE,1154,634,True
TRYEFZW128F1458F40,364,123,False
TRYEGBI128E0795767,2178,1132,True
TRYEGDV128E07890F3,284,122,False
TRYEGEX128F1469150,20,15,False
TRYEGFR12903CB2563,8,4,False
TRYEGSH12903CD2DCE,27457,8211,True
TRYEHHJ128F933E292,23,10,False
TRYEHJO12903CE12A7,185,110,False
TRYEHTY128F4259F54,51,25,False
TRYEIQP128F14A13DB,83,62,False
TRYEIVN128F426A55C,47,16,False
TRYEJRA12903CB8EAE,77,13,False
TRYEJSX128F933564D,1017,357,True
TRYEKGR128F429C2C2,1,1,False
TRYEKKN128F92DFB0D,56,15,False
TRYEKPM128F42691B0,1584,749,True
TRYEKQS128E0781EE0,70,30,False
TRYEMHA128F423AE9C,1639,710,True
TRYEMPN128F428207A,116,20,False
TRYENJZ128F4256EAD,14,5,False
TRYENZX128F932E41A,16,6,False
TRYEOCQ128F42456EA,360,229,False
TRYEOWT128F934A8E1,169,105,False
TRYEOWZ128F92CBBC9,11,5,False
TRYEPFD128F428BA9B,7,6,False
TRYEQVI128E0784638,458,204,False
TRYEQZY12903CE4803,155,59,False
TRYERYV128E0784987,1591,454,True
TRYESBS128E0780F5F,210,78,False
TRYESOB128F426BBCB,140,57,False
TRYETCB128F425A2B1,5,5,False
TRYETUW128E078ED85,664,329,False
TRYETYL128F93457F4,41,13,False
TRYETZY128F9323807,575,271,False
TRYEUSE12903CB5A56,238,50,False
TRYEXGT12903CA6412,262,114,False
TRYEXSC128F92FFC2F,26,17,False
TRYEYCQ128F145C983,3262,914,True
TRYEYEX128F92FD728,149,44,False
TRYEYVW12903CA8331,961,453,True
TRYEZGE128F92D04C8,98,42,False
TRYFAOX128F424E86A,9,3,False
TRYFBDC128F1469071,5,3,False
TRYFBIU128F92F45FF,6,2,False
TRYFBRB12903CA4D37,10,8,False
TRYFCEL128F4290F89,1,1,False
TRYFCZR128F9343885,10,7,False
TRYFDLZ128F42720E6,941,631,True
TRYFDNR128F4260C5E,16129,4856,True
TRYFDWV12903CB07B3,1,1,False
TRYFEBR128F4280877,6,3,False
TRYFEBR128F930C8CF,2847,526,True
TRYFEEX128F4290F8B,7,1,False
TRYFEFZ128F4282745,194,79,False
TRYFESD128F424095C,289,127,False
TRYFEUB128F429EFD3,497,278,False
TRYFFFZ128F429485F,1,1,False
TRYFFQO128F424386C,112,61,False
TRYFFZI128E0793B01,916,545,True
TRYFGAI128F92DF912,13,8,False
TRYFGHH128F148D301,744,293,False
TRYFHHQ128F934212D,1,1,False
TRYFHLB128F933B0CD,904,414,True
TRYFHOP128F92D5142,4029,1583,True
TRYFJBZ128E0783C26,764,317,False
TRYFJWO128E0793590,25,9,False
TRYFKMP128F92FA726,5,4,False
TRYFLGR128E078A71F,700,231,False
TRYFMPI128F42720DC,678,422,False
TRYFMUV128F42AA51E,3,3,False
TRYFNDJ12903CDE627,96,34,False
TRYFNSK128F422A87E,484,170,False
TRYFNWA128F421A354,281,114,False
TRYFNZD128F934B384,388,200,False
TRYFPUX12903D073A3,544,220,False
TRYFPYL128E0780FA7,2302,561,True
TRYFQWF12903CD63BC,2,2,False
TRYFRUF128F4238380,193,49,False
TRYFSTK128F92D5F48,5,5,False
TRYFSTU128F4248418,19,11,False
TRYFTDT12903CC8072,6,3,False
TRYFTFK128F934AD96,7,6,False
TRYFTHV12903CEC8E8,24,10,False
TRYFTMN128F427E2A1,889,304,True
TRYFUFM128F92CEF68,29,4,False
TRYFUYZ128F9309349,24,15,False
TRYFVIO12903C99C95,5644,2058,True
TRYFVKK128F4240FE8,71,43,False
TRYFWJM128F4273E65,2,2,False
TRYFWOR128F4298820,20,13,False
TRYFWXX128EF340D48,1798,524,True
TRYFXLM128F934650D,1101,273,True
TRYFXPG128E078ECBD,24502,7932,True
TRYFYLI128F4249A69,4,4,False
TRYFYXH12903CE7126,378,81,False
TRYGALB128F14714E5,14,9,False
TRYGBFZ128F4255273,3,3,False
TRYGBOT128F147FCF1,1,1,False
TRYGBXM128F42293CF,1219,699,True
TRYGCRG12903CA7C7F,27,8,False
TRYGDJD128F14895B5,617,180,False
TRYGDKA128F935A661,89,20,False
TRYGDSO128F148DB01,18,4,False
TRYGEKJ128F92D6BCA,123,62,False
TRYGETW128F92EA65E,24,15,False
TRYGEXN12903CD1A40,68,28,False
TRYGFKV128F422ABE4,1988,332,True
TRYGFQI128F930AA44,36,9,False
TRYGGGQ128F145C41B,78,46,False
TRYGGLU128F14979AC,277,128,False
TRYGIDY128F428CAA1,419,116,False
TRYGJCU128F931BADF,240,155,False
TRYGJKK128F930AC9A,15,10,False
TRYGKMF128E078466C,422,291,False
TRYGKRK128F9353545,1353,550,True
TRYGLFB128F931ED66,257,110,False
TRYGLSM128F425966C,127,31,False
TRYGMPH128F425AD80,2326,587,True
TRYGNWQ128E0782390,383,239,False
TRYGPVD128F42ABA60,9,7,False
TRYGQKY128F9312CCA,2559,679,True
TRYGQOI128F4246B44,25,11,False
TRYGQTC128F92CFC0F,1240,533,True
TRYGQXG128F931EB10,1,1,False
TRYGRUG12903CEA59C,104,54,False
TRYGRZD128F92DE5FE,28,13,False
TRYGSIT128F1496F62,515,131,False
TRYGSNI12903CB6AC3,12,9,False
TRYGSQI128F932EB60,144,49,False
TRYGTKG128F14584C7,112,21,False
TRYGTMJ12903CF76F6,545,325,False
TRYGUTB128F9316E56,124,56,False
TRYGVDX128F42579B1,148,67,False
TRYGWAD12903CC5046,278,167,False
TRYGWCN128F4262686,30,19,False
TRYGWFJ128F92EC443,5,4,False
TRYGXPG128F4239FF1,150,45,False
TRYGZXQ12903CC5E12,120,41,False
TRYGZXT128F148B26E,451,149,False
TRYHAAG12903CCEA58,223,88,False
TRYHAKF128F427FD0B,310,152,False
TRYHCDH128F9338B07,32,21,False
TRYHCFQ12903CC523C,3,3,False
TRYHDDA128F92FED07,2,2,False
TRYHDHD128F93253C7,58,10,False
TRYHDIQ128F92EBCC2,83,40,False
TRYHEBV128F932D882,3,1,False
TRYHEKU12903CBAE43,833,346,False
TRYHFWX128F92FB03B,91,31,False
TRYHFWY12903CDF89A,16,7,False
TRYHFXJ128F4286517,699,241,False
TRYHGRH128F92F6C92,831,714,False
TRYHHCJ128F92FFE95,2992,1165,True
TRYHHPT128F42676DE,57,25,False
TRYHJAB128F931C035,26,11,False
TRYHJDC128F92F91D3,1699,786,True
TRYHJNB128F42339D7,45,26,False
TRYHKST128F4229734,117,27,False
TRYHKVK12903CCE862,27,6,False
TRYHNKX12903CF5D71,773,286,False
TRYHNLD128F42876CE,155,56,False
TRYHNMR128F92C5DD1,10042,5332,True
TRYHNWW128F92FB339,1,1,False
TRYHOFM128F1455495,1510,631,True
TRYHOKS128F933460F,20,13,False
TRYHOVS128F933D92F,42,10,False
TRYHPNT128F9337DE1,197,99,False
TRYHRDD128E0781847,249,122,False
TRYHRJA128F425726B,10,5,False
TRYHSFE128F429EA71,1731,1286,True
TRYHTGE128F42B36E7,381,127,False
TRYHTOU128F932EBF9,3561,1065,True
TRYHTVG128E078298A,336,190,False
TRYHTWZ128F42370DD,376,273,False
TRYHTZE12903CB06A5,160,72,False
TRYHUBR128F4243B42,3,3,False
TRYHUCB128F425517E,20,8,False
TRYHWBZ128E078FB45,775,415,False
TRYHWGU128F9327033,36,16,False
TRYHWIR12903CA8E1B,135,26,False
TRYHWSN128F145FD52,54,24,False
TRYHWUB128F932C84D,210,104,False
TRYHXDZ128F931A4EE,245,130,False
TRYHXMI128F933BB4E,132,33,False
TRYHXTR128F424D41E,172,104,False
TRYHZUX12903CD9455,106,67,False
TRYIASQ128E079650E,2166,812,True
TRYIBIK12903CB5059,28,7,False
TRYICDY128F4258485,1,1,False
TRYICFD128F425BCF2,63,19,False
TRYICHI128F425B25B,63,33,False
TRYICTN128F4261035,833,196,False
TRYICWJ128F92EDF6D,399,103,False
TRYIDWL12903CF1E1D,25,8,False
TRYIDYN128F9337F44,28,12,False
TRYIEUD128F9327608,4,3,False
TRYIGGC128E078EEDC,3492,1653,True
TRYIGTG12903CB6D3E,1866,843,True
TRYIHBD128F149C4F7,288,45,False
TRYIHNA128F934D221,2283,680,True
TRYIIMI12903CA60F6,899,379,True
TRYIJXO128F423EE85,71,34,False
TRYIKBI128F426FFF2,12360,4783,True
TRYIKMC128F934BC1C,1065,320,True
TRYINMA128F931D77D,1394,527,True
TRYINMN12903CDE1DC,375,197,False
TRYINTG12903CF3FCB,760,429,False
TRYIOBU12903CFE77D,2148,792,True
TRYIOWV128F92DE2D1,1528,548,True
TRYIPRH128F425BE47,242,85,False
TRYIPVG128F42440A5,253,77,False
TRYIPVG128F9335CE6,2,2,False
TRYIQNH128F4223191,951,334,True
TRYIQNV128F4277DC4,6,2,False
TRYIQQK128F1498051,217,108,False
TRYIQZA128E0786BA0,645,390,False
TRYIRGN128F92D5E30,2,2,False
TRYITJP128F931C029,714,472,False
TRYITQD12903CCAF75,483,104,False
TRYIUFL128F92F9D67,62,17,False
TRYIVLB128F426C66A,7,3,False
TRYIVTN128F4286515,2482,512,True
TRYIWKM128F4271F04,235,90,False
TRYIWZP128F42590F2,39,19,False
TRYIXDZ128F1461F61,134,41,False
TRYIXTS128F426205B,395,186,False
TRYIYDT128F42696C8,1,1,False
TRYIYSD12903CE4393,143,80,False
TRYIZTV128EF342E44,225,129,False
TRYJABB128F429C8FE,1,1,False
TRYJAJJ128F427ABE2,275,89,False
TRYJAKE128F9313BD5,2,2,False
TRYJAYK128F932A17A,8,3,False
TRYJBHM128F1468D97,458,203,False
TRYJCJN128F4293B55,912,398,True
TRYJDJD128F930CDF5,338,171,False
TRYJEDG128EF340E65,282,164,False
TRYJEYR128F4290FFB,365,178,False
TRYJFWA128F92D3188,3750,2415,True
TRYJFWI128F42AAD6F,106,43,False
TRYJGKN128F92E23CA,1587,485,True
TRYJGLG128F9329478,64,27,False
TRYJGXE128F934D097,1613,692,True
TRYJIZW128F42288A7,108,41,False
TRYJJIA128F4267301,1352,515,True
TRYJJRD128F42753DF,349,133,False
TRYJJXX128F4252EAF,34,13,False
TRYJKAU128F428B9E6,694,377,False
TRYJKCV128F429A3F7,16,10,False
TRYJKJA12903CD8648,34,15,False
TRYJLXP128F93297C7,25,17,False
TRYJMTE128F1486A8A,4923,2788,True
TRYJMZL128E07953DB,1024,513,True
TRYJNGV128F92F22C2,9,6,False
TRYJNMD128F424F984,71,31,False
TRYJOWF128F148AE41,2247,954,True
TRYJOZK128F92F12C6,416,150,False
TRYJPDL128F14976BF,442,107,False
TRYJPDU128F42754A4,5,5,False
TRYJPQY128F1497D75,92,25,False
TRYJPWP128F92F3411,1253,516,True
TRYJPXU12903CEAC5E,12,4,False
TRYJQCF12903CB819C,18,4,False
TRYJQXA128F92EE041,60,46,False
TRYJTSL12903D00D94,241,89,False
TRYJTTO128F9306525,330,207,False
TRYJUHD128F42669FB,8,4,False
TRYJULH128F92EEC13,1,1,False
TRYJVSW128F4275C37,57,27,False
TRYJVTT128F933EDA7,19,15,False
TRYJWBH128F92E745A,73,45,False
TRYJWED128F4294C96,1093,402,True
TRYJWYE128E07982A3,225,108,False
TRYJXKG128F9329056,30,24,False
TRYJXZI128F42626DD,1,1,False
TRYJYGN128F146A475,454,165,False
TRYJYKO128F426846F,72,56,False
TRYJYPS128F149122D,28,12,False
TRYJYRD12903CF3D16,8,2,False
TRYJZPP12903CFA1CA,133,72,False
TRYJZXV128F93095BD,715,335,False
TRYKAIR128F4261B55,7,5,False
TRYKBDF128F4244234,78,28,False
TRYKBSK128F429695B,1269,557,True
TRYKCYB128F4291982,2862,1002,True
TRYKDCG128F93017B3,294,66,False
TRYKFWR12903CB24DA,108,55,False
TRYKFYJ128F92CC989,621,257,False
TRYKHGD128F9326292,60,30,False
TRYKHML128F93382E9,656,193,False
TRYKHRJ128F4241941,5,5,False
TRYKICE128F42ADA43,2570,1193,True
TRYKIQJ128F42625A9,237,113,False
TRYKJSH128F4257950,2260,1202,True
TRYKKAE12903CE2993,21,14,False
TRYKKMQ128F92E5255,218,138,False
TRYKKSR128F9315D05,63,15,False
TRYKLAA128F4229375,661,158,False
TRYKLQI128F4287BBD,25,13,False
TRYKLYI128F427F19B,17,10,False
TRYKMUL12903CA275D,562,292,False
TRYKNVE128F92D688D,13,8,False
TRYKOGK12903CA05C2,726,270,False
TRYKOID128F14649BC,2291,1398,True
TRYKOQW128F424E3BB,82,28,False
TRYKPFW12903D0CED9,407,210,False
TRYKPTH128F426006E,38,15,False
TRYKQBB128F931B430,6,2,False
TRYKRLM128F423EE4F,372,199,False
TRYKSHC128F930FE6E,1,1,False
TRYKUTX12903CB00CB,58,24,False
TRYKUWJ12903CB9678,20,10,False
TRYKVKD128F1493891,121,69,False
TRYKYFR12903D01E25,1128,571,True
TRYKYZO128EF3456C3,110,95,False
TRYKZGJ128F92DE2CB,1160,453,True
TRYKZWH128F92E20E2,110,50,False
TRYLAGZ128F92F057B,7,3,False
TRYLAQZ128F930C969,28,16,False
TRYLBDZ128F425B434,41,14,False
TRYLBJF128F425F326,199,95,False
TRYLBXB128F9335220,178,52,False
TRYLCNH12903D05A66,2,1,False
TRYLDBE128F1468318,204,59,False
TRYLDDB128F1474B86,12145,4150,True
TRYLDLG128F4259279,326,84,False
TRYLEEP128F4287862,421,240,False
TRYLFBQ128F428E4AB,114,51,False
TRYLGGL128E078E74B,2134,780,True
TRYLHUI128F42911B1,412,86,False
TRYLITA128F429BC02,1120,633,True
TRYLJDV12903CD0C59,3,3,False
TRYLJMB128F426BE14,18,6,False
TRYLKDE12903CC5504,171,43,False
TRYLKPU128F1456DDE,7,5,False
TRYLLCT128E07929D2,380,237,False
TRYLLDL128E0787F30,201,69,False
TRYLLDY128F42633C6,2,2,False
TRYLLEK128F932003C,43,11,False
TRYLLHX128F92E2230,646,347,False
TRYLMAS128F931A0E4,996,536,True
TRYLMLI128F4219A5F,1,1,False
TRYLOOI128F1453045,689,424,False
TRYLOVI128F9341777,2331,624,True
TRYLPCQ128F428AF1D,3,2,False
TRYLPUU128F1485708,413,164,False
TRYLPXE128F92F455F,908,457,True
TRYLPYE128F93338C7,25,8,False
TRYLQNG128F934B52E,49,17,False
TRYLRGF128F92DF914,72,21,False
TRYLRNW12903CFF3C6,277,109,False
TRYLRRS12903CA0E9E,964,281,True
TRYLSBR12903CC09C5,317,152,False
TRYLSFT128F4289C8C,421,145,False
TRYLSZR128F932DAAA,1146,461,True
TRYLTCY128F92DC218,37,13,False
TRYLTRG128F424CC79,54,17,False
TRYLTVQ12903CA2A5B,15,9,False
TRYLUIB12903CEDF88,4,4,False
TRYLUMC128F4278309,1321,407,True
TRYLUYR128F429EF65,92,33,False
TRYLVPY12903CAF535,99,44,False
TRYLWIW12903CA438D,1543,535,True
TRYLXLD128EF349B6A,64,34,False
TRYLYGZ128F92CE764,66,22,False
TRYLZQN128F4240DFC,1487,396,True
TRYMARH128F42329DC,65,24,False
TRYMBVZ128F9338461,10,6,False
TRYMEES128F14686A3,454,211,False
TRYMFCL128F92E016D,2787,1024,True
TRYMHRS12903CE6C43,192,37,False
TRYMJAS128F4293127,640,470,False
TRYMJBC128F92D44A1,45,22,False
TRYMJFH128F42501C1,41,21,False
TRYMJLG128F425B702,292,21,False
TRYMKIV128F42620E5,135,73,False
TRYMKUK128F930AC96,14,8,False
TRYMKVU128F931A594,60,29,False
TRYMLAN128F426A36C,586,372,False
TRYMLPF128F425CF9D,215,42,False
TRYMMAY128F930277D,567,299,False
TRYMMBJ128F933A309,1155,443,True
TRYMMOD128F93466A2,3,3,False
TRYMMUJ128F146A75E,20,13,False
TRYMMVG128F9340B1B,3557,1684,True
TRYMNLH128F148BF88,33,20,False
TRYMOGF12903D05A63,18,7,False
TRYMOID128F4259A8F,3564,1394,True
TRYMOMH128F424DA89,24,18,False
TRYMOTL128F42633DD,741,388,False
TRYMPFV128F42376D4,144,73,False
TRYMPMP128E079218C,106,52,False
TRYMQCF128F934AC15,2125,888,True
TRYMQTT128F92FCC30,14,9,False
TRYMRDO128F92F440D,233,54,False
TRYMRJL128F149DAE3,18,10,False
TRYMRQV12903CC7DA2,39,13,False
TRYMRST128E078373F,5615,1938,True
TRYMRWG128F92DBA3B,82,22,False
TRYMRWG12903CEBBB9,182,110,False
TRYMSOG12903CFA1C5,163,84,False
TRYMUCS128F9323461,17,9,False
TRYMUDV128F930CB51,344,131,False
TRYMUKY12903CA2CEE,110,35,False
TRYMUOU12903CDCB30,10,2,False
TRYMUTB128F4226F72,95,34,False
TRYMWTB12903CFDC02,2,2,False
TRYMXMB128F427FB3D,8,3,False
TRYMYEB12903D06FEB,370,185,False
TRYMYGN128F1489835,820,376,False
TRYMYMF128F93285B8,81,26,False
TRYNCBF128F423982C,1241,422,True
TRYNCEW128F4229B68,6,5,False
TRYNDPA128E0782868,719,391,False
TRYNDRC128F9316E5C,113,55,False
TRYNFUZ12903CB1B3E,22,19,False
TRYNHER128F92D8694,2,2,False
TRYNHUU128F429810F,1010,456,True
TRYNHVU128F4289274,74,23,False
TRYNJGV128F933D5EA,1,1,False
TRYNJVS128F423EBCC,13,5,False
TRYNLCC128F933A302,577,293,False
TRYNLIR128F9327D0B,29,18,False
TRYNLOA128F422FF55,1,1,False
TRYNLVZ128F429134E,390,142,False
TRYNMOX128F1497D91,585,290,False
TRYNNDB128F92EDC5A,44,20,False
TRYNNQG128F421CEAD,105,45,False
TRYNOEO128F92EA301,815,397,False
TRYNOOA128F426F919,95,57,False
TRYNOSN128F42A2B82,26,8,False
TRYNPEI128C719682F,851,440,True
TRYNPHN128F92EF091,7045,3160,True
TRYNPWR128E0791D2D,394,179,False
TRYNQCQ128F931D3EF,2096,872,True
TRYNQER128F4246870,387,167,False
TRYNQXS128F422F67B,51,33,False
TRYNRJV128F4243874,18,1,False
TRYNRMG12903C9A4F6,30,12,False
TRYNRXF128F424CDFF,445,282,False
TRYNSRH12903CFB461,453,294,False
TRYNTCK128F92F158F,1,1,False
TRYNTDX128F14554DD,948,419,True
TRYNTXW12903CDCDB2,164,62,False
TRYNUGK128F9309DF1,334,174,False
TRYNUHJ128F146685C,1023,406,True
TRYNULR128F149EF00,515,212,False
TRYNVIG128F42345A6,2501,915,True
TRYNVJE128F1485E01,24,11,False
TRYNWDC128EF3454A5,46,21,False
TRYNWEB128E078F4C8,1577,408,True
TRYNWPS128F427253B,710,181,False
TRYNWQN128F92D5D2C,71,27,False
TRYNXZJ12903C95B39,607,282,False
TRYNZLO128F4244423,640,533,False
TRYNZOU128E0782F04,1,1,False
TRYNZSR128F92F4AC9,2,2,False
TRYOAIW12903CB6BD7,8,3,False
TRYOANS12903CC82F1,15,5,False
TRYODGR128F4246857,1964,809,True
TRYOETE128F92F825E,180,93,False
TRYOFAG128F931A4E5,68,37,False
TRYOGOB128F4245660,176,43,False
TRYOGQT12903D0CA87,158,73,False
TRYOGUF128F930B09F,137,62,False
TRYOIAF128F4281240,1594,841,True
TRYOIHC128F92E01E3,118,40,False
TRYOIRJ128F1489830,996,368,True
TRYOJKW128F92EC212,172,104,False
TRYOKBD128F93557F1,176,73,False
TRYOKJN128F42597AD,144,38,False
TRYOKWY128F1474D71,433,212,False
TRYOLLV128F930682F,194,129,False
TRYOLTM128F146367E,12,8,False
TRYOLWR128F92EDA98,1514,242,True
TRYOMSL128F932BD71,110,51,False
TRYOMTG12903CA3E6E,82,35,False
TRYOMUZ128F4248473,96,49,False
TRYONGE128F4267DF5,246,123,False
TRYONOV128F424F092,636,436,False
TRYOOQS12903CCDAD0,3427,1132,True
TRYOOTP128F4296752,30,9,False
TRYOPRP128E0786383,905,399,True
TRYOQKK128F932982B,20,13,False
TRYORAP128EF3447E3,45,19,False
TRYOTDB128F4264576,2,2,False
TRYOTUA128F9341285,11,6,False
TRYOTWE128F421538E,1061,354,True
TRYOUQZ128F425F12F,5,1,False
TRYOUSN12903CD7EDE,19,9,False
TRYOVKB128F934AD8F,15,14,False
TRYOVLL128F42AA6CB,4,4,False
TRYOWCK128F4286BEF,49,14,False
TRYOWFR128E079156E,1179,512,True
TRYOWOM128F93450C8,1692,507,True
TRYOWOP128F92F1AF0,552,153,False
TRYOWQS128F4253044,17,17,False
TRYOWZA128F92F9122,62,29,False
TRYOXTV128F4284176,8,4,False
TRYOXVG128E0789BA0,772,435,False
TRYOYLG12903CD830E,3,3,False
TRYOZOH128F425B15C,9,5,False
TRYPBDW128F42624D7,1,1,False
TRYPCCW128F93254AD,419,181,False
TRYPCVU128F4285619,7,6,False
TRYPCVZ128F92F0706,1221,365,True
TRYPCXO128F92F0E96,80,37,False
TRYPEFD128F42690AD,1614,529,True
TRYPEPQ128F9337DF6,125,33,False
TRYPEWP128EF34DF5E,48,30,False
TRYPFCL12903D019EB,157,27,False
TRYPFDD12903CE9BD6,922,240,True
TRYPFIX128F427B8D1,2715,1542,True
TRYPFQN12903D082E1,9817,3883,True
TRYPFZH128E0781AC3,133,70,False
TRYPFZT128F429EB47,1859,1408,True
TRYPIMO128F422BFCE,2567,508,True
TRYPJIQ12903CFA064,730,333,False
TRYPJOC128EF33EF3C,28,12,False
TRYPKOD128F426B80B,556,285,False
TRYPKOF128F9337987,178,103,False
TRYPKUA128F42178F0,32,16,False
TRYPKZO128F9341FE8,2827,1151,True
TRYPMUO128F92CFD5F,282,144,False
TRYPNAV12903CB41A5,252,105,False
TRYPNDU128F4222126,28,11,False
TRYPNKN128F425952B,129,52,False
TRYPNQA128F145A193,2400,1055,True
TRYPNUU128E07912EA,1515,660,True
TRYPOKY128F426B2F2,122,50,False
TRYPPIV128F9303DBF,9,8,False
TRYPPOH128F92F03F0,67,26,False
TRYPPRV12903CF25DE,438,272,False
TRYPQWF128F92E4B3B,5666,1417,True
TRYPQWV12903CAFC5F,130,28,False
TRYPRCJ128F42695DC,98,44,False
TRYPREG128F935A44E,99,52,False
TRYPSFO12903CA84F0,6048,1843,True
TRYPSLA128F934EF17,35,19,False
TRYPTBH128F4237738,61,38,False
TRYPUNU128F934EDD7,6,3,False
TRYPUPI12903CC98F2,1591,522,True
TRYPUXT128F934B408,1,1,False
TRYPVJC128E07847C9,670,354,False
TRYPVLY128F9317108,2,1,False
TRYPVPQ128F9329D34,568,339,False
TRYPVWN128F9320A97,4,3,False
TRYPVYH128F42A4C53,5953,1039,True
TRYPWFV128F9307B47,121,94,False
TRYPYAE128F426F8A4,5,1,False
TRYPYOU128F932A9F8,361,158,False
TRYPZMA128F933AB8F,29,11,False
TRYQACO128F14AE783,306,97,False
TRYQANQ128F4271F86,36,19,False
TRYQASX128F425B830,2057,625,True
TRYQAWJ128F931B413,256,104,False
TRYQBGS128F92F23B1,5981,3217,True
TRYQCSX128F932CFF7,1048,333,True
TRYQCTX12903CEA273,1839,503,True
TRYQDDY128F428F0DC,1198,371,True
TRYQDOC128F92D92B2,1361,554,True
TRYQDYX128F4276F86,700,386,False
TRYQEML128F9320B6A,3526,1158,True
TRYQGDV128F92CFD65,515,221,False
TRYQGFG128F424EF86,343,161,False
TRYQHBW128E0784785,689,312,False
TRYQHTU128EF35F036,62,19,False
TRYQJDU128F4293C55,67,13,False
TRYQJEA128E0799395,1596,962,True
TRYQJVV128F92D6890,8,4,False
TRYQKVN128E07864EB,1385,432,True
TRYQKYS128F146AE33,5,5,False
TRYQLCQ128F92F0C0F,1257,446,True
TRYQMAY128F92E58AF,6482,2518,True
TRYQMPK12903CB236D,360,88,False
TRYQMUP128F42824C4,84,45,False
TRYQNPM128F92F2868,60,19,False
TRYQNSL12903D05327,8,6,False
TRYQOTI128F429D50F,578,304,False
TRYQPUC12903CA6FF1,61,16,False
TRYQQBK128C7196373,646,265,False
TRYQQCC128E0795210,556,376,False
TRYQQFD128F42807F5,8,6,False
TRYQQNE128F145D808,428,139,False
TRYQQVN128F146BD67,4498,1432,True
TRYQSBI12903CD4396,80,48,False
TRYQSSL128F14580A6,1727,503,True
TRYQSWH128EF342CD1,18,6,False
TRYQSYR128E078B70A,307,154,False
TRYQWTM12903CD4388,286,166,False
TRYQWXU12903D01E29,4150,1298,True
TRYQXBP128E0791309,658,175,False
TRYQYGH12903CE5CFD,569,165,False
TRYQYHU128F9325F90,1,1,False
TRYQZHZ12903CF5CA9,176,107,False
TRYQZKY12903D027EA,16,7,False
TRYQZRH128F92F4918,3426,1522,True
TRYQZRP128F424CA04,6,5,False
TRYQZYT128F4263BFD,209,69,False
TRYRAMO128F9308B5F,3,2,False
TRYRAOJ128F93410D3,15,1,False
TRYRATA128F92FE11C,327,162,False
TRYRBJJ128F930F357,4,2,False
TRYRDMT12903CD3641,194,52,False
TRYRDPK128F92FEB93,1,1,False
TRYREFU128F42BC180,306,116,False
TRYREJW128F4264BC7,272,114,False
TRYREPS128F428A868,203,84,False
TRYRFGM128F428076C,3,2,False
TRYRIVU128F931F654,365,195,False
TRYRJBY128F932A090,583,204,False
TRYRJYD128F9333942,147,41,False
TRYRKAM128F9331966,216,113,False
TRYRMJE128F42626FF,70,16,False
TRYRMOR128F42626FE,117,88,False
TRYRMXP128F1464DFA,58,22,False
TRYRNCX128F425CBD3,39,20,False
TRYRNPE128F92CF475,41,12,False
TRYROOT128F425147A,290,67,False
TRYROPO128F14862A5,75,41,False
TRYROSC128F4274EEB,405,150,False
TRYROVB128F425EF01,2099,611,True
TRYRPVT128F42752EA,9,9,False
TRYRRIE128F42435B3,100,37,False
TRYRRJF128E0793E80,831,404,False
TRYRSJZ128F92F2009,44,20,False
TRYRTLC128F149409F,263,123,False
TRYRTTK128F428A27C,41,14,False
TRYRTYP128F42807DB,8,5,False
TRYRVDR128EF342B77,966,672,True
TRYRVJI12903CDB1E6,2858,728,True
TRYRVNR128E07898B4,1057,348,True
TRYRVYR128F4233838,3,3,False
TRYRVZU128F427F0D3,1138,771,True
TRYRWOQ128F9329798,3,2,False
TRYRWWP128F932D184,104,25,False
TRYRWXV12903CB6DA6,43,15,False
TRYRXZK12903D0C385,1222,376,True
TRYRYEX128F9308420,12,5,False
TRYRZBA128F424F0E3,1006,459,True
TRYRZFF128F933BBBB,29113,7410,True
TRYRZRK128F4228CD0,1723,1149,True
TRYSBGA128F92DE2F1,1119,409,True
TRYSBQA128F4278E87,60,20,False
TRYSDYR128F933AF5D,364,234,False
TRYSFDZ128F92CB35C,250,58,False
TRYSFQW12903CF306D,1053,325,True
TRYSFZU128F92CE5CF,123,34,False
TRYSGKP128E0783A4D,407,225,False
TRYSIIR128F42333FF,108,47,False
TRYSJOT12903CA7352,5870,3232,True
TRYSJQG12903CA97E4,92,26,False
TRYSKSA12903CB8031,143,64,False
TRYSKVJ128F42AD911,28,18,False
TRYSLDR128F428F42C,637,485,False
TRYSMUR12903CEB2D6,8,2,False
TRYSNCP128F92E554A,4,1,False
TRYSNGO128F930D70B,200,79,False
TRYSNXX128F92CC97F,1251,548,True
TRYSOQE128F932FC3A,14,11,False
TRYSPNO128F9314D00,124,46,False
TRYSPOW128F4280A46,16312,6591,True
TRYSQLQ128F4263004,698,192,False
TRYSQPC128E0790EAE,307,111,False
TRYSRKH128F146A46C,1023,426,True
TRYSSGR128F148AE43,941,439,True
TRYSSIM128F42B3EF5,54,13,False
TRYSSMQ128F4293EDF,95,9,False
TRYSSSX128F92F281E,243,135,False
TRYSTRS128F92CE55C,313,139,False
TRYSUBV128F4262CDA,495,254,False
TRYSUPR12903CBFEF2,7,2,False
TRYSVRV128F92CA51E,278,43,False
TRYSWIN128F423D476,95,40,False
TRYSWNM128F9304DC9,7,5,False
TRYSWTN128F425A5BD,15,7,False
TRYSXFS128F9343ED4,9,7,False
TRYSXNX128F14AA5C8,107,52,False
TRYTANG128F4298F1A,1339,634,True
TRYTCIW128F4214AC8,84,35,False
TRYTDFY128C7196377,234,84,False
TRYTDUF128F4282401,3001,797,True
TRYTFDD12903CFB580,43,34,False
TRYTFPZ12903CC01C5,1,1,False
TRYTGAI128F4285C07,2,2,False
TRYTGHP128F92D74C4,66,34,False
TRYTGLT128F146CA0A,33,16,False
TRYTGXF128F92DF133,846,334,True
TRYTJFT128F933CE84,711,259,False
TRYTJPW128E07895E0,128,78,False
TRYTKNM128F4237879,226,107,False
TRYTKOK128F42926B1,1140,606,True
TRYTKQE128F42ADA50,238,143,False
TRYTKWW128F423EFFA,899,586,True
TRYTLLP128F425933C,109,20,False
TRYTLPJ128E078F1DB,384,201,False
TRYTLRH128F42AE85E,357,161,False
TRYTMKP128F9300AF9,106,73,False
TRYTNJJ128F1464CFE,283,147,False
TRYTNRN12903CF258E,1261,525,True
TRYTNYS128F42AD91B,85,21,False
TRYTOVC128F4269E00,214,72,False
TRYTOZS128F9320B98,23,10,False
TRYTQDI128F428F870,1955,1394,True
TRYTQSY128F930553F,3,3,False
TRYTRQI128F14778F2,95,31,False
TRYTSEG12903CB33FA,1654,730,True
TRYTTGO12903CBEBD0,178,59,False
TRYTTJF128F92C4776,171,57,False
TRYTUWN128F1472303,7030,1291,True
TRYTVUF128F1469CB7,21,7,False
TRYTXIN128F429125D,3,2,False
TRYTXXJ12903CD1947,1004,570,True
TRYTZEM128F1465A68,2100,722,True
TRYTZME128F1494DF7,2411,874,True
TRYTZOS12903CC2FA7,68,28,False
TRYUAED128F42858BF,2645,1142,True
TRYUBFL128F4284F21,294,82,False
TRYUBMO128F4278839,165,85,False
TRYUBWR128E07840BA,10958,4442,True
TRYUBYS12903CF22CB,175,87,False
TRYUCLS128EF345D2A,45,7,False
TRYUDXN128F4259F2C,221,112,False
TRYUEKK128F4263A81,66,33,False
TRYUEOW12903CB8C4D,147,87,False
TRYUFBC12903CE02FD,59,15,False
TRYUFEK128F42349E7,250,128,False
TRYUGGV128F1456D4E,17,6,False
TRYUGSM128E07847DC,873,315,True
TRYUGZK128F92FFD51,34,20,False
TRYUHKT128F42393D9,182,90,False
TRYUIXI128F4266135,598,253,False
TRYUJEU128F14AE21C,820,311,False
TRYUJWB128F426C909,460,171,False
TRYULBR128F4268D47,48,26,False
TRYULYW12903CDDE21,19,7,False
TRYUMHX128F9356810,793,344,False
TRYUMOF128F4298350,42,12,False
TRYUMVX128F92D81B6,132,56,False
TRYUMWE128F42475C3,47,22,False
TRYUNDI128F4272661,13,9,False
TRYUOHB128F92EB22D,847,247,True
TRYUPGZ128EF34A0F9,360,157,False
TRYUQMA128F92F11F2,132,68,False
TRYUQWV128F92F45B5,1,1,False
TRYUQZE128F92F020C,41,12,False
TRYUSAN128E078DC88,87,46,False
TRYUSIZ128F422936E,32,17,False
TRYUSQE128F9323935,10,5,False
TRYUSUF128F424EBCA,136,40,False
TRYUTST12903CC0BC3,94,24,False
TRYUTWL128F1453E56,11216,1847,True
TRYUUAD128F4269EE8,64,7,False
TRYUUIN128F92D2239,13,5,False
TRYUUYW128F4260DC0,385,83,False
TRYUWET128E0793EB9,7,7,False
TRYUXSF128F92D2C01,971,509,True
TRYUYNR128F930C69F,271,101,False
TRYVAOC128F425979E,6,2,False
TRYVAZA12903CECC45,395,86,False
TRYVBGL128F931D493,40,9,False
TRYVBGP128F92DA3F0,7,5,False
TRYVCDF128F425E559,44,29,False
TRYVCKD128F425BDD9,606,340,False
TRYVCMV12903CB2E35,2,1,False
TRYVCSN128F1481311,84,41,False
TRYVDJM128F932A204,1,1,False
TRYVEAL128F92F8A00,2916,1732,True
TRYVEDZ128F9334B5B,40,23,False
TRYVEZL128F92E3898,687,323,False
TRYVGMA128F92EF67B,5802,2540,True
TRYVGQR128F932AEA7,3,2,False
TRYVIDH128F932A9B3,60,42,False
TRYVIJA128F426B350,187,97,False
TRYVIMN128F931D777,813,400,False
TRYVJAA128F429B0BB,41,22,False
TRYVJII128F92FA035,609,275,False
TRYVJJP128F427607A,12,6,False
TRYVJXU128E0782391,355,225,False
TRYVLBH128F92D7FAD,111,52,False
TRYVMSF12903CDBF3B,217,117,False
TRYVNSD128F42AE29B,111,43,False
TRYVOKE128F14AE21E,470,214,False
TRYVOXQ128F4298267,564,335,False
TRYVQJD12903CE70CB,249,148,False
TRYVQOA12903D0198E,428,272,False
TRYVQOF128F42569A2,218,53,False
TRYVSCV12903CF9591,1233,286,True
TRYVSIU128F429B911,487,257,False
TRYVSLS128F9333899,31,7,False
TRYVSZA128F92EFCE0,289,136,False
TRYVTCH128F429EA00,1189,551,True
TRYVUYF12903D00D8F,316,127,False
TRYVVCW128F429DB85,6895,3335,True
TRYVYAS128F933E672,1,1,False
TRYVYDA12903D0CF0B,415,162,False
TRYVYKK12903CA71F3,4,2,False
TRYVZFZ128E078FA18,551,207,False
TRYVZSW128F4291202,5,2,False
TRYWAHM128F14ADC9F,832,302,False
TRYWBFK128F4241B95,37,21,False
TRYWBFM128F92FB0BE,171,78,False
TRYWBZN128F931E5DC,460,190,False
TRYWCJM128F92D1241,789,380,False
TRYWCQZ128F42647B5,191,87,False
TRYWDCO128F42626FD,142,95,False
TRYWDVE128F424BF01,45,13,False
TRYWEEC128F9334133,343,123,False
TRYWFVE128F931C2D3,1479,776,True
TRYWFZU128F428A098,20,19,False
TRYWGFU12903CDB1BA,111,49,False
TRYWGLU128E0784662,5940,2224,True
TRYWIQM128F9316FA9,60,29,False
TRYWKRV128EF35C785,206,101,False
TRYWLGD12903CEA79C,26,14,False
TRYWLIM128F427930B,860,325,True
TRYWMKA128F930FD7E,127,65,False
TRYWMMX12903CD4BED,366,163,False
TRYWMNC128F4267F25,2,2,False
TRYWMUB128EF3460C9,535,217,False
TRYWOLG128F423B5C3,641,205,False
TRYWPVK128F4260EC2,27,18,False
TRYWRIP128F429E9E2,321,207,False
TRYWSSS128E0794EEA,347,115,False
TRYWSWT128F42792A6,279,127,False
TRYWUBH128F92D7F6B,534,310,False
TRYWUKH128F423CC6B,3374,1650,True
TRYWVAH128F423F2B4,180,133,False
TRYWVFD128F427C337,9,3,False
TRYWWQC128F933761F,886,248,True
TRYWXBI128F930277A,889,406,True
TRYWXBW12903CD4ACF,15,5,False
TRYWXJY128F428DEC2,98,41,False
TRYWXOD128F931A560,569,376,False
TRYWXRJ12903CA2DDC,135,29,False
TRYWYCR128F9346D2B,29,3,False
TRYWYIE128F92CE696,1605,458,True
TRYWYTC12903CC2F4A,12,6,False
TRYWYUG128F426BDE4,5,3,False
TRYXAKG12903CE9206,45,10,False
TRYXAMH128F423DF9B,672,211,False
TRYXAQC128F92C5A77,3373,1488,True
TRYXCAM12903CCA537,155,36,False
TRYXCDV128E078EF56,228,158,False
TRYXCRU128F42B785A,160,70,False
TRYXDJG12903CA1FFB,508,125,False
TRYXEEG128F9327CEB,97,24,False
TRYXFVD128F427CA33,286,160,False
TRYXHCW128F93231EF,82,32,False
TRYXIAO128F423EE4D,258,147,False
TRYXIPE128E07934C0,2886,1059,True
TRYXJPR128F934B745,19,4,False
TRYXJWI128F92E0A12,441,173,False
TRYXJZD128F92E0879,12,6,False
TRYXNBH128F427FCF9,417,261,False
TRYXNLG128E0781687,1317,611,True
TRYXOJH128F427C127,325,186,False
TRYXOKD128F424A78E,79,49,False
TRYXPNX128F425AC18,97,40,False
TRYXROT128F4296250,4,3,False
TRYXRYB128F4289F72,674,396,False
TRYXRZI128F932699C,56,32,False
TRYXSHT12903CBE09C,448,218,False
TRYXSYD128F92E1219,2111,1185,True
TRYXSYV128F145D222,9,5,False
TRYXUKQ128F92F1F68,4,1,False
TRYXURA128F934AF50,115,57,False
TRYXWBM12903CC766C,3400,2383,True
TRYXYEH12903CA275E,602,243,False
TRYXZEQ128F92F5E73,12,6,False
TRYXZTI128F932CDAE,17,8,False
TRYYAIC128F93098FF,802,269,False
TRYYBNU128F426FD14,103,26,False
TRYYBXX128F42315D9,457,179,False
TRYYBYJ128F9301FF5,586,199,False
TRYYDLF128F423BB17,4058,1908,True
TRYYDTF128F9344595,1583,280,True
TRYYEVU128E0789673,18,15,False
TRYYFBB12903CC5404,1088,183,True
TRYYFBL12903CDB5F7,66,51,False
TRYYFKC128E07984A5,1347,829,True
TRYYHXR128F932C8E0,417,173,False
TRYYJHJ128F9340B19,5234,1910,True
TRYYJNE128F42AD88D,1274,433,True
TRYYKQT128EF343959,6,2,False
TRYYLLX128F42AD13D,16,11,False
TRYYPAZ128F4272C4F,331,144,False
TRYYPXL128E0791FB1,8243,4388,True
TRYYRIE12903CA60FE,1203,543,True
TRYYRRS128F427B2BD,123,50,False
TRYYRTJ12903CCBD9B,162,75,False
TRYYRTR128F931324B,16,11,False
TRYYSMM128F934C3D5,569,175,False
TRYYTUP128F4298472,2055,688,True
TRYYUBP128F423AE8B,13,9,False
TRYYUDA128F1475C73,1,1,False
TRYYUQF128F424809C,60,26,False
TRYYVMG12903CA9B0E,37,18,False
TRYYVVU12903CB6448,108,36,False
TRYYVWM128F4284872,94,20,False
TRYYWSR128F42BA8E5,7384,2374,True
TRYYWTA128F429E9BD,673,390,False
TRYYWUC128F935965D,153,47,False
TRYYWZP128F4261047,522,176,False
TRYYXFI128F932D175,64,23,False
TRYYXRZ128F9331D61,1702,1035,True
TRYYYDU12903CF47ED,87,61,False
TRYYYHG128F9343EFB,28,12,False
TRYYYZM128F428E804,67,14,False
TRYYZGB128F9306B92,1,1,False
TRYZAMO128E079125F,5638,1914,True
TRYZCUD128F42AB36C,2,2,False
TRYZDVO128F427E1DD,7,3,False
TRYZFHX128F4297ECE,147,45,False
TRYZHNX128F4245741,6,3,False
TRYZHTB12903CBAEFA,28,13,False
TRYZIBN128F4286514,1201,387,True
TRYZIHU128F930C4EA,5,4,False
TRYZIVB12903D0800E,201,105,False
TRYZJKT128F422B280,288,198,False
TRYZJZY12903CFEDBD,443,279,False
TRYZKJR128F9309473,775,284,False
TRYZKPJ128F4288124,36,12,False
TRYZKTO12903CA8E13,28,10,False
TRYZLDB128E07810FD,2700,648,True
TRYZMQD128F93453DB,154,67,False
TRYZNFS128F933A74A,1006,469,True
TRYZNFT12903CEA9CA,984,367,True
TRYZOAQ12903CD43E6,125,55,False
TRYZODY128F427A565,8,2,False
TRYZOQL128F4262731,132,87,False
TRYZORO128F92F916C,38,24,False
TRYZQDH128F14A54FE,116,55,False
TRYZRTD128F428F849,12,7,False
TRYZSGX128F9329D2E,531,333,False
TRYZSLZ128F14784CB,2088,865,True
TRYZSOK128F9351B0D,68,33,False
TRYZTAC128F14993A6,1316,844,True
TRYZTNS128F93617F3,3045,1246,True
TRYZUHR128F93294D0,60,31,False
TRYZVAL12903CE7DD5,37,12,False
TRYZVRM128F4268BC0,2409,892,True
TRYZWMJ128F4286723,230,176,False
TRYZWTJ128F934844F,165,54,False
TRYZWWZ128F92FD6B5,23,6,False
TRYZXDQ128F9306C98,27,7,False
TRYZYHP128F930C0E0,65,24,False
TRYZYOZ128F426ADA5,1499,593,True
TRYZYPE128E0786A6F,61,34,False
TRYZZQL128F4274FC2,229,34,False
TRZAAAK12903CE2D4E,129,23,False
TRZAAFJ128F429209B,118,28,False
TRZAAYR128F42912EE,40,17,False
TRZABVF128F145876E,1521,817,True
TRZACEN128F428E742,5363,1081,True
TRZACEV128F4275504,7,2,False
TRZADEC128F148B136,145,64,False
TRZAEUT12903CCB3DD,1,1,False
TRZAFAS128F4282748,574,236,False
TRZALGW128F4296174,51280,14439,True
TRZALLJ128E0782496,424,204,False
TRZALMC128F4255FB2,123,57,False
TRZALTF128F14520F6,782,445,False
TRZANNH12903CEA961,23,14,False
TRZANQO128F934855D,226,100,False
TRZANYY128E0781F8E,1962,1113,True
TRZAOIQ128F4255AA8,3,2,False
TRZAOLL128F424A78F,68,37,False
TRZAORQ128F1468F7A,9,9,False
TRZAQRT12903CD748E,11,9,False
TRZARDE128F429F804,568,280,False
TRZARDX128F933CEFC,2,2,False
TRZASHE12903CFCEC8,117,66,False
TRZATJN128F92FDA39,117,48,False
TRZATPE128F931D056,232,99,False
TRZATRK128F424801A,351,161,False
TRZAVPT128F1491F3B,47,16,False
TRZAVZT128F427D32D,153,71,False
TRZAWAN128F92E7D8E,9477,5426,True
TRZAWIA128F4214443,549,258,False
TRZAWQQ128F4292B9E,30,5,False
TRZAXFA128E0792826,537,352,False
TRZAXHT128F146991C,351,211,False
TRZAXLF128F42AC304,1514,646,True
TRZAXTC12903CDA467,85,35,False
TRZAXZU12903CF250C,8,4,False
TRZAYAJ128F4250729,57,20,False
TRZAYJC128E0789041,3993,1848,True
TRZBANV12903CBB8B2,1187,729,True
TRZBATN128F931EB10,802,221,False
TRZBCCP128E079502F,334,232,False
TRZBCON128F932BBAE,224,113,False
TRZBCZS128F42941EA,342,126,False
TRZBDAY128F427D324,7,3,False
TRZBDJT12903CDCB1D,12,3,False
TRZBDLW12903CB551F,608,326,False
TRZBEPG128F4228AAC,753,324,False
TRZBFMK128F4282BBB,58,31,False
TRZBFVZ128E07993C8,1514,941,True
TRZBGEI12903CF8C87,172,30,False
TRZBGKA12903CDBF17,2335,1190,True
TRZBGPT128F92F8143,181,68,False
TRZBHAZ12903CC71ED,115,58,False
TRZBHUL128F9326C7D,325,118,False
TRZBHXT128F933247A,12,6,False
TRZBJHP12903CB5E41,4,3,False
TRZBJXM12903CE8959,2159,1139,True
TRZBKDJ12903CB89D5,71,39,False
TRZBKLC128F92ED28F,430,120,False
TRZBLDA128F4286927,37,28,False
TRZBLRW128F9302BC3,97,30,False
TRZBOSH128F427FB27,66,24,False
TRZBOWO128F92FB08D,809,458,False
TRZBSLP128F42579A6,701,232,False
TRZBTTA128F4261549,9,5,False
TRZBUFS128F9327C9F,6,2,False
TRZBUIY128F9306B9D,904,31,True
TRZBUJA128F92ECE71,974,137,True
TRZBUOR128E0783714,1216,474,True
TRZBXHY128F92F8FD5,11,4,False
TRZBZMG12903CC7AB3,3,2,False
TRZBZRH128F92FFBFC,616,338,False
TRZCBAY128F425EE93,284,112,False
TRZCBII128F92F8915,65,36,False
TRZCFMS128F424E4AE,29,3,False
TRZCGJF12903CBAE95,1578,425,True
TRZCIAK12903CB0392,119,52,False
TRZCIKE128F425843A,19,6,False
TRZCIWG128F4248B25,21071,8126,True
TRZCKTE128F4276B56,94,74,False
TRZCLHB128F4288791,1542,426,True
TRZCMFH128E07819A4,343,135,False
TRZCMJX128F4273317,43,20,False
TRZCMRI128F9355625,100,35,False
TRZCMVW128F934CCB0,137,69,False
TRZCNRB12903CF5D1A,74,41,False
TRZCOLE128F428EFED,493,200,False
TRZCPVP128F14AD47F,168,115,False
TRZCQMK128F423072B,2,2,False
TRZCRMO128F425CBBA,57,25,False
TRZCSSL128F426F89C,10,6,False
TRZCSSQ128F14862A9,58,40,False
TRZCWIS128F421DBD4,25,17,False
TRZCXNH128F1474065,41,28,False
TRZCYUK12903D0385D,13,7,False
TRZDADM128E0781A91,316,231,False
TRZDAHX128F92FEFB3,327,136,False
TRZDDRC128F9346B9C,1565,563,True
TRZDEEU128F4293D32,255,130,False
TRZDFJH128F147FD27,887,283,True
TRZDFXU128F428FD54,957,545,True
TRZDHNQ128F148C66C,1117,504,True
TRZDHVI128F931FD82,629,196,False
TRZDIFQ128E078EA8E,3,3,False
TRZDKDU12903CAC615,3950,638,True
TRZDLOT128F92E9214,4931,1649,True
TRZDLWE12903CB44DE,2046,1183,True
TRZDMAE128F42396B4,281,136,False
TRZDMLR128F42854CB,9911,2964,True
TRZDNGG128F934B160,191,56,False
TRZDNGL128F42926A6,5934,2284,True
TRZDNWB12903CE7FC4,112,39,False
TRZDOHK128F42BBDFC,202,80,False
TRZDPAV12903CF759A,2560,526,True
TRZDPCT128E0793AE9,1131,738,True
TRZDPFC128E0782E61,180,64,False
TRZDPGI12903D003CA,3293,1120,True
TRZDPGW12903CA8997,3,3,False
TRZDPHQ128F931D738,3059,716,True
TRZDQYV12903CB1C33,36,23,False
TRZDSNP128F4214491,128,52,False
TRZDUOT12903C9B155,143,62,False
TRZDVBK12903CBE3E7,85,39,False
TRZDWAC128F92E4BE8,27,16,False
TRZDWAV12903CDFD74,1,1,False
TRZDWBD128F9302F42,15,5,False
TRZDWRG128F14A65F2,2560,708,True
TRZDXMH128F429EB49,4137,2081,True
TRZDXUZ12903CF8A2A,10,10,False
TRZDXVY128F14B0F4F,255,75,False
TRZDYGB128F9310C23,616,182,False
TRZDZVD128F4248437,87,45,False
TRZEBFH128F429B5FB,706,228,False
TRZECFV128F932BBB4,286,127,False
TRZECXW128E07923D3,40,24,False
TRZEDBG128F42823E9,42,9,False
TRZEDRT12903CD2DCC,20109,6890,True
TRZEDUL128F429E5D2,1137,435,True
TRZEEYF128F92F60CF,13,8,False
TRZEFJM128EF34723C,8,6,False
TRZEGXE12903CF81DF,721,232,False
TRZEHTI128F92CB643,1618,972,True
TRZEHUJ128F1478EAA,56,24,False
TRZEIFY12903CD8DD4,406,239,False
TRZEIRB12903CDB603,56,45,False
TRZEJSA128F92DE1B3,4658,1542,True
TRZEKOI128F92EDA5A,11,7,False
TRZENFC128F423DF9E,656,211,False
TRZEOEL128F425A9A1,38,7,False
TRZEOKJ128C7196BA5,340,217,False
TRZEOMO128F428A42A,680,346,False
TRZEOSV128F92F911C,257,56,False
TRZEOWE128F4294FE6,2119,751,True
TRZEOZM128F428C183,1283,364,True
TRZEPBV12903CBFA24,441,227,False
TRZEPMQ128F932A7AA,47,25,False
TRZERPA128F146029A,402,169,False
TRZESON128F1465A61,537,235,False
TRZEUSA128F148AE3E,6129,2310,True
TRZEVCH128F932A087,304,130,False
TRZEVPZ128F9312EAB,138,45,False
TRZEVQS128F9314459,186,43,False
TRZEWHX128F92D92B3,2436,945,True
TRZEXFB128F92EC766,57,21,False
TRZEXIR128F92F2783,38,17,False
TRZEYHH128F4293009,1005,437,True
TRZEZKK128F931B0C2,213,73,False
TRZEZQR12903CDB8A8,179,67,False
TRZEZRJ128F9322FCF,1549,527,True
TRZEZWK12903CB732C,10,5,False
TRZFCCY128F428958E,81,12,False
TRZFDFD128F146DC74,24,11,False
TRZFDZL128F146BD6C,1661,603,True
TRZFEDU128E0791895,890,341,True
TRZFEDV128F932C81C,54,31,False
TRZFEUQ128F423EA6C,2270,951,True
TRZFGAB128F425987B,1574,878,True
TRZFGJA128F4294A11,13,7,False
TRZFGOE128F427836A,42,18,False
TRZFHDG128F9307C21,35,19,False
TRZFHFT128E0794C2E,7,2,False
TRZFHKD128F1482510,1031,567,True
TRZFHRA128F42368E3,103,32,False
TRZFICU128F92CD390,5948,1927,True
TRZFJTI128EF34DA08,893,344,True
TRZFJXU128F42975F1,41,27,False
TRZFLYX12903CF81F5,432,174,False
TRZFNLN12903CF0FED,139,77,False
TRZFNXW128F92FD8F8,560,372,False
TRZFNYC128F428B534,300,136,False
TRZFOEU128F425B0FF,600,263,False
TRZFOQG128F930A76E,100,69,False
TRZFOVL128F42442EE,598,286,False
TRZFPBU128F4285EA1,54,29,False
TRZFPHT128F42754D1,117,27,False
TRZFPML128F931B0D4,83,31,False
TRZFPPH128F4282105,290,106,False
TRZFPUI128F147A02A,6501,1868,True
TRZFQYB128F933E2E7,1588,406,True
TRZFRJK128F42356D7,848,388,True
TRZFRWI128F92EF0AB,55,8,False
TRZFRWY128F934EC76,356,148,False
TRZFTFF12903CF5A64,98,60,False
TRZFTJQ128F429DB01,2694,1167,True
TRZFUOD128F92F134B,155,57,False
TRZFWAK128F4290092,1879,684,True
TRZFWGR128F934C302,110,26,False
TRZFXSA128F93073BE,22048,6556,True
TRZFYVY128F4298102,2924,956,True
TRZGABY128F1462E00,18817,6592,True
TRZGAKR128F4298E19,225,53,False
TRZGATD12903CC67CE,1148,512,True
TRZGBMR128F935482C,1243,342,True
TRZGCAT128F421C96E,968,577,True
TRZGCJG128F1482627,1482,518,True
TRZGDMZ128F92D2DBC,358,158,False
TRZGDOH12903D059E6,23,5,False
TRZGDRC12903C92E4A,171,30,False
TRZGFWW128F147CBD3,570,307,False
TRZGGHL12903CDBF1F,5806,2508,True
TRZGGJV128F4291BCF,21,18,False
TRZGGLL128F427F472,113,34,False
TRZGGOW128F92FBC39,11,2,False
TRZGGXD128F92F4848,243,104,False
TRZGIEF12903CD5AE2,208,143,False
TRZGJJG12903CDA139,24,14,False
TRZGJPU128F935AAF6,18,9,False
TRZGJYR128F931A507,279,156,False
TRZGKWD128F427C3B6,29,10,False
TRZGLNO128F92D65BE,2997,1404,True
TRZGLQF128F428C75F,902,294,True
TRZGLXH128F1484193,90,50,False
TRZGMJS128F931AF33,656,471,False
TRZGMPL128F93157B2,6,3,False
TRZGOCD128E0793FF6,592,178,False
TRZGOFN128E078642A,59,24,False
TRZGPSM128EF33DE55,3,2,False
TRZGPWA128F4218F71,9,6,False
TRZGREN12903D02C0E,1570,779,True
TRZGRFI128E0791F41,373,216,False
TRZGRSG128F42186AF,3,2,False
TRZGRWA128F14685A6,132,54,False
TRZGSHZ128F931DBB7,24,13,False
TRZGSNK128F933CC00,395,197,False
TRZGSRL128E0781A4C,896,385,True
TRZGTBI128F9304155,89,28,False
TRZGTGX128F930AB70,56,23,False
TRZGTSV128F4252F7F,41,28,False
TRZGTVM128E078991D,170,94,False
TRZGTZF12903CC562D,729,175,False
TRZGTZV128F42AB4F0,32,20,False
TRZGUKA128F145A2D8,15,10,False
TRZGUYI128F42368DF,716,293,False
TRZGVJP128F426A5F0,320,154,False
TRZGVVI12903CD9B6B,375,123,False
TRZGVVY128F93332C1,9,6,False
TRZGWUP128F4261A6F,1731,852,True
TRZGXMG12903CF3074,714,184,False
TRZHAEP128F42695BD,97,28,False
TRZHAHT12903D05984,86,18,False
TRZHARM12903CD2BA8,128,34,False
TRZHAYK128F42753D8,542,204,False
TRZHBBL128F92FC00A,82,26,False
TRZHBTI128F424C2E8,57,13,False
TRZHBVL12903CBE71A,551,245,False
TRZHCHI12903CD8DCB,464,246,False
TRZHCRP128F932A467,295,149,False
TRZHDBC128F930F88E,3,3,False
TRZHDCH128F148D1BD,157,73,False
TRZHDKS128F92F020F,2,2,False
TRZHDOJ128EF368528,622,290,False
TRZHDSZ128F4268C77,289,99,False
TRZHEKS128F931B039,529,284,False
TRZHFLT128F930CAD2,958,414,True
TRZHGIW128F425757A,28,9,False
TRZHHIV128F1489172,4542,1852,True
TRZHIQO128F92DE5B9,270,79,False
TRZHJCH12903CB53DA,130,54,False
TRZHJOJ128F426974C,9,4,False
TRZHKQI128F424DA5F,128,66,False
TRZHKRT128F92F91CE,1359,744,True
TRZHMBQ128F4252294,265,133,False
TRZHOAX128F9300392,1703,356,True
TRZHPLV12903CCF7DA,130,70,False
TRZHQIH12903CC5658,14507,5888,True
TRZHQMA128F425B165,1340,519,True
TRZHRZM128F428BB7C,115,51,False
TRZHSIM128F931C247,240,169,False
TRZHTJB12903CAF8F3,1668,523,True
TRZHVAH128E0798836,62,12,False
TRZHWHD128F42B9D11,26,13,False
TRZHWRA128F424E675,5,4,False
TRZHXTM128F424DA16,889,300,True
TRZHXUZ128F4281338,675,350,False
TRZHYKI128F14674A5,2,2,False
TRZHYSO128F9319896,118,77,False
TRZHZBC128F14750BF,623,175,False
TRZHZVI12903D08586,101,54,False
TRZIANB12903CC36A1,24,9,False
TRZIAXW128F423AEEA,255,142,False
TRZIBWC128F146049C,322,119,False
TRZICNK12903C94F28,1934,768,True
TRZIDDK12903CD82FE,114,60,False
TRZIGUJ12903CD42EA,1800,535,True
TRZIHLW128F92E0610,11,7,False
TRZIIAF128F9345D01,728,101,False
TRZIITT12903CD22D9,1140,352,True
TRZIKRR128F92D517F,2,1,False
TRZIKTX12903CDB5EE,89,48,False
TRZIKXJ128F92FC70A,39,20,False
TRZIMHK12903CBB7A7,194,60,False
TRZIMNJ128F934D692,1627,782,True
TRZIMOI128F92D6892,7,6,False
TRZIMPT128F42913F5,10,8,False
TRZIMVM128F4256B02,1,1,False
TRZINPW128F9337F4D,26,6,False
TRZIOHR128EF34606B,52,15,False
TRZIOZV128F92FD03B,5485,1623,True
TRZISIO128F424FF0D,398,137,False
TRZISKP12903CC55F9,149,74,False
TRZITCK128F9344C3E,451,104,False
TRZITKO128F92EA2AA,215,147,False
TRZITYW128F428256E,9,6,False
TRZIUSP128EF350B94,351,265,False
TRZIVHZ128F1465262,4283,2068,True
TRZIVJK128E0788BC0,113,84,False
TRZIYAW128F427C6CE,64,39,False
TRZIYQS128F4227C35,256,104,False
TRZIZZZ128F1468D4B,256,97,False
TRZJAAQ128F9306409,7,3,False
TRZJBDY128F4293B52,2038,700,True
TRZJBPL128F4264924,2,2,False
TRZJBZR128F42996F2,1149,455,True
TRZJCMX12903CF5DE6,37,18,False
TRZJETA128F9316678,9,5,False
TRZJEUW128F93456CB,4014,1205,True
TRZJEYD128F932A085,170,74,False
TRZJFWQ128F934B096,49,7,False
TRZJFZJ128F92D425E,26205,7513,True
TRZJGCC128F427A496,16558,5985,True
TRZJGDR128F93234AF,1724,485,True
TRZJGZK128E0793FA4,1652,1061,True
TRZJHGG128E079655A,1090,606,True
TRZJHMD128F4266F41,4,3,False
TRZJICV128F42963A5,52,18,False
TRZJJHG128EF34A3F9,39,2,False
TRZJJJR128F4280805,86,51,False
TRZJLFP128F42832CD,128,97,False
TRZJOGH128F92E28E3,2367,880,True
TRZJPBU128F4230978,38,15,False
TRZJRJZ128F149BC3D,2746,1071,True
TRZJRNV128F92F4850,249,130,False
TRZJSDP128F4239F00,151,125,False
TRZJTFS128F42372B8,36,19,False
TRZJUMC128F1492269,164,72,False
TRZJUQW12903CF3EA6,28,16,False
TRZJURT128F92FB842,118,47,False
TRZJVUO128F42AECF2,3,1,False
TRZJYOY128F4261A63,1665,973,True
TRZJZEG12903CA7268,39,20,False
TRZJZHR128F4255BE1,688,284,False
TRZJZLO128F428CE08,25,18,False
TRZKBLR128F42A34CF,425,148,False
TRZKBZZ128F424C7E9,106,72,False
TRZKCBI128F9329C90,258,115,False
TRZKCYM128F4277EF8,291,149,False
TRZKDAX128EF34B768,31,11,False
TRZKHAQ128EF343349,1027,306,True
TRZKHEE128F4234779,1328,658,True
TRZKKEJ128F428AE4A,545,196,False
TRZKKLX128F424EAA7,106,34,False
TRZKLNE128F425B755,1253,177,True
TRZKMAS128F92CD9AD,455,267,False
TRZKMGY128F14554AD,246,47,False
TRZKOKE128E0786527,1287,701,True
TRZKOPS128F4291030,65,45,False
TRZKOQI128F4271768,4924,2376,True
TRZKPJG128F1475D2D,90,43,False
TRZKPNM128F42446DD,157,46,False
TRZKPQT128F92F008D,323,164,False
TRZKSUC12903CD400A,1301,413,True
TRZKUIA128F422F407,291,122,False
TRZKVGQ128F4259421,66,29,False
TRZKVMX128F933D7F9,262,76,False
TRZKWFL128E078A893,281,83,False
TRZKXZE128F147C901,37,18,False
TRZKYRD128F14A2CC4,3281,1083,True
TRZKZNE128F42A38D1,26,5,False
TRZKZNS128F42733FD,518,312,False
TRZKZSX128F930326F,70,42,False
TRZLAOA128F92E0177,405,134,False
TRZLBOC128EF33DE51,8,6,False
TRZLDZN128F422DDA3,99,33,False
TRZLEQU128F4259AFD,1983,1053,True
TRZLEVZ128F92E8ABA,183,107,False
TRZLFKR128F932E9D0,7,3,False
TRZLFNI12903CD1740,167,71,False
TRZLHEY128F145B979,25,14,False
TRZLHQC128F1454184,2342,874,True
TRZLIAQ128F92C6119,469,155,False
TRZLIKW12903CFFA17,10,5,False
TRZLIQU128F92E522D,15,11,False
TRZLJNT128F92F9A5B,83,42,False
TRZLJOC128F14840BE,325,259,False
TRZLKDQ128F93265F4,23,11,False
TRZLKMQ128F92F9799,185,105,False
TRZLKTD128F42972B9,664,276,False
TRZLLRZ128F932D5DC,491,90,False
TRZLNKM128F93111C9,111,66,False
TRZLNLW128F1476A03,11,5,False
TRZLNQH128F4269CED,82,60,False
TRZLPDB128F4292123,18,9,False
TRZLPLN12903CA5E8E,7,4,False
TRZLPVQ128E0793121,225,113,False
TRZLQDD128F92FC238,12,8,False
TRZLQMZ128F930D658,39,26,False
TRZLROR128F426865D,462,189,False
TRZLSFQ128F92EF318,229,44,False
TRZLTHH128C7196366,1921,852,True
TRZLTKY128F1459D79,1044,289,True
TRZLTPX128F422AD7D,354,206,False
TRZLTUA128F1490EBB,343,130,False
TRZLTVG128F42B0DD6,629,273,False
TRZLUVQ128F424CC72,3461,553,True
TRZLVOA128F4274953,1,1,False
TRZLVOU128F422B295,262,178,False
TRZLWSN128F4256AC0,104,70,False
TRZLZGO12903CB035B,8,1,False
TRZMBTZ128E07927D6,378,236,False
TRZMCZB12903CADD2E,285,92,False
TRZMDEE128F932C830,175,52,False
TRZMFYX12903CF1E1B,180,121,False
TRZMHCI12903CCDEA6,1219,519,True
TRZMHYD128F428651A,1207,307,True
TRZMJUA128E078F619,307,115,False
TRZMKHX128F425E4EF,169,60,False
TRZMLSV128F9305C8C,1838,700,True
TRZMLZS128F148C605,436,189,False
TRZMMEH128F9327F08,2,2,False
TRZMNQV128F4294280,104,39,False
TRZMPSR128F4256314,27,9,False
TRZMUCF128F930CBEA,30,10,False
TRZMUCN128F14A2D88,53,37,False
TRZMUKC128E078171E,159,79,False
TRZMVHG12903CBE3E1,26,22,False
TRZMVVS128E078EBF3,600,365,False
TRZMYDQ128F92F08D6,195,71,False
TRZMYTV128F934B289,363,156,False
TRZNAHL128F9327D5A,111596,24592,True
TRZNAMY128F930C166,346,109,False
TRZNAZI128F9344C47,308,62,False
TRZNCYB128F92F9436,131,56,False
TRZNEEH128F9309E21,4,2,False
TRZNEGN128F427FD55,211,113,False
TRZNEUA128F4293F7D,1491,761,True
TRZNFCZ128F42396D5,4084,2737,True
TRZNFHQ12903CBD4CB,25,12,False
TRZNFMH12903D01B80,27,22,False
TRZNFQB128F148A1C0,592,209,False
TRZNGII128C7196554,1956,1446,True
TRZNHOR128F42A01A4,511,218,False
TRZNHUW12903CEB5D0,51,15,False
TRZNIKI128F427B0F8,3,3,False
TRZNJUT128F93091A9,275,201,False
TRZNKQM128F428A9E4,125,32,False
TRZNLPJ128F425CEC7,105,46,False
TRZNMPU12903CD433C,6,5,False
TRZNNHS12903CFB89A,119,44,False
TRZNNNF12903D01B11,357,226,False
TRZNNRM12903CDF14E,272,186,False
TRZNNUD128F428B059,15,8,False
TRZNOMG128F92D74C7,87,44,False
TRZNPZE12903CA5F89,87,26,False
TRZNQTR128F4291EF1,504,215,False
TRZNREH128F427549C,108,40,False
TRZNRUU128F933089C,6,4,False
TRZNRWG128F1466EC8,439,233,False
TRZNSVZ128F9316F6B,2533,1479,True
TRZNTEH12903CEFA43,2,1,False
TRZNUZO128F930416B,1256,541,True
TRZNVKO12903CE21FF,11,8,False
TRZNWBJ128F4257C0D,207,63,False
TRZNWDN128F42960EE,138,60,False
TRZNXKZ128F4263DF0,144,50,False
TRZNYAX128F92CB781,88,21,False
TRZNYFD128F9325ADF,110,66,False
TRZNYSV128F92F8917,50,33,False
TRZOAYC128F92F1B4B,502,265,False
TRZOBGT128E0782866,963,502,True
TRZOCKN12903CA2761,304,172,False
TRZODIW12903CF10C9,19,10,False
TRZODLB128F4270F75,1044,217,True
TRZODMO12903D02141,248,92,False
TRZODVD128E0782220,182,101,False
TRZOGBW128F424F086,884,504,True
TRZOGCJ128F4295622,491,133,False
TRZOHQF128F426DD45,190,98,False
TRZOIDW128F932935D,642,256,False
TRZOJZY128F429B01A,757,380,False
TRZOKGI12903D02CE5,228,96,False
TRZOKSI12903CD0BC2,518,129,False
TRZOMBK128F92EEB38,17,8,False
TRZOMJE128F42932D9,18,10,False
TRZOMPJ12903CF73FA,751,364,False
TRZOMXO128F1476847,529,331,False
TRZOPIN12903CF43BF,208,43,False
TRZOPLZ128F9304FA6,117,54,False
TRZOPZQ128F425F7EC,40,7,False
TRZOQGA128E0780D85,578,298,False
TRZOSNL128F145ACF4,6,5,False
TRZOTJX128F429BECF,976,410,True
TRZOTZX128F4285C4C,547,160,False
TRZOUAJ128F4262CD3,367,221,False
TRZOUEV12903CB43D0,2,2,False
TRZOVDC128F42911FA,72,35,False
TRZOWLZ12903D03662,75,2,False
TRZOWUD128F42AE3C2,277,93,False
TRZOWVV128F42B3745,150,99,False
TRZOWYY128E079900A,829,334,False
TRZOXGD128F931F1B6,19913,5241,True
TRZOXIX128F93293D2,28,14,False
TRZOXOV128F934F67D,1,1,False
TRZOZBC12903CA0CDE,85,27,False
TRZOZSK128F92F6735,2134,532,True
TRZPAPV128F427E8D2,715,446,False
TRZPASR128F933DFDB,24,16,False
TRZPBNO128F42B7BEA,43,16,False
TRZPBQE128F4293F23,1488,744,True
TRZPCVT128F14AAB68,3,2,False
TRZPCXO128F14628F5,2830,1037,True
TRZPDAU128F423980C,314,131,False
TRZPDFG128F92FDEF5,14351,4049,True
TRZPDMV12903CA79A7,283,64,False
TRZPELV128F934B425,129,54,False
TRZPETU128F427704B,8947,3581,True
TRZPGIL12903CA5F3F,681,209,False
TRZPHBJ128F428CCD5,38,20,False
TRZPHVT128F4298109,896,370,True
TRZPIYV128F1487B7A,89,22,False
TRZPJIB128F930B47F,82,42,False
TRZPKSB12903CBF079,22,8,False
TRZPLCV128F92CD953,4505,1724,True
TRZPLXF128F4289653,3,3,False
TRZPMKE128F426E35A,570,234,False
TRZPNGC128F92F06AC,4,4,False
TRZPOIO128F42649B1,44,23,False
TRZPOYX128F42AE29D,72,47,False
TRZPREZ128F14952AB,75,30,False
TRZPSPN128F1491824,588,126,False
TRZPTJA128F428353F,9,1,False
TRZPUVN128F427F03E,459,127,False
TRZPVDF128F427E119,100,39,False
TRZPVLJ128F148D2F7,18374,7094,True
TRZPWBK12903CD42F2,178,123,False
TRZPWCP128F9322E47,712,219,False
TRZPWYQ12903D057CE,3,2,False
TRZPXAH12903CEBB8E,239,124,False
TRZPXCA128F42620E6,239,113,False
TRZPXCO128F14A13DD,61,46,False
TRZPXMX128F933EBCD,12,6,False
TRZPZNW128F4272015,188,126,False
TRZQBPB12903C9CF11,16,12,False
TRZQCAP12903CE6C12,24,4,False
TRZQCXQ128F4277001,197,92,False
TRZQDMA128F145C032,497,306,False
TRZQDXD128F42178EC,33,20,False
TRZQDYC128F92E28E1,2304,906,True
TRZQFGT12903CF221E,41,14,False
TRZQFPJ12903CF43BB,134,25,False
TRZQHRW128F146A5E3,2288,885,True
TRZQHTS128F92FED20,148,36,False
TRZQHYB128F423BD0B,1026,310,True
TRZQJFE128F9331D69,1280,889,True
TRZQKIF128F421B856,53,31,False
TRZQLHL128F92EB2D5,624,245,False
TRZQLWT128F4266DFB,178,50,False
TRZQNYV128E078169A,16,8,False
TRZQOWV12903CB2875,463,210,False
TRZQPCY128F4276CB4,755,465,False
TRZQQWW128F14AA690,9,6,False
TRZQTAU128F14AAFA7,543,253,False
TRZQTFW128F9343A7E,766,304,False
TRZQTSF128F424FE70,457,167,False
TRZQTVH128F934B6E3,1196,474,True
TRZQUXO12903CB2497,214,68,False
TRZQVDG12903CF3066,372,139,False
TRZQWLN128F426235E,706,423,False
TRZQXCJ128F428254A,3,2,False
TRZQXZQ128F92E4955,8609,3026,True
TRZQZUW128F92FEFBF,100,32,False
TRZRBGU128F423BB12,4745,2241,True
TRZRBIN128F4221039,16,8,False
TRZRBQL128F425BD34,343,170,False
TRZRCKK128F93462E8,32,19,False
TRZRCMG128F42568AB,60,32,False
TRZREIT128F93552B1,149,95,False
TRZRGYD128F426B2F1,27,8,False
TRZRHXH128F42709BC,74,52,False
TRZRIAI128F4257A5A,38,24,False
TRZRIGS128F932C905,9,5,False
TRZRJRP128F146A43A,713,161,False
TRZRKXA128F1492976,6,4,False
TRZRNXW128F425B6E8,17,10,False
TRZROTX128F42720DE,783,482,False
TRZROZM12903CA50E0,10,6,False
TRZRQAV128E0782852,928,425,True
TRZRROE128F423477D,418,252,False
TRZRRPX128F92D0248,1,1,False
TRZRSXN128F92FF75A,14,8,False
TRZRTPM128F4284DB9,3,2,False
TRZRTUL128F92EF37C,20,6,False
TRZRVID12903CBBD53,82,34,False
TRZRWCL128F42AAE2D,37,28,False
TRZRWPZ128F93508E7,379,135,False
TRZRWQC128F428DFC8,544,296,False
TRZRXBC128F92ECDE2,296,102,False
TRZRXXB128F92D043B,795,379,False
TRZRZCI128F422AD59,100,59,False
TRZRZCK128E0791FAA,88,55,False
TRZRZFB128F145A3B7,238,101,False
TRZSADA128F930C627,3012,871,True
TRZSAKK12903CB6527,1583,917,True
TRZSCEP12903CD0010,37,22,False
TRZSCIE128F4269D41,639,212,False
TRZSDCG128F4247F5B,3131,1735,True
TRZSDDA128E079263E,143,80,False
TRZSDXE128EF3411A3,97,51,False
TRZSESS128F92FE120,338,152,False
TRZSEYA128F92FD75B,246,158,False
TRZSFIP128F930A58F,12,5,False
TRZSFLN128F9300B4D,23,11,False
TRZSFYX128F427FEEA,326,135,False
TRZSHHQ128F425AD60,552,153,False
TRZSHLK128F1465A6B,838,406,False
TRZSHON128F93297B9,36,25,False
TRZSHXI128F1469EEE,24,19,False
TRZSHYK128F93290E9,179,50,False
TRZSIHA128F9325E44,21,16,False
TRZSJFN128E078460E,458,232,False
TRZSJMQ12903CBE2A3,14,9,False
TRZSJPR128F932BB41,86,22,False
TRZSKYR128F425CF94,237,44,False
TRZSKZF128E078F2D1,687,205,False
TRZSLUQ128F4268FC5,1184,988,True
TRZSMKX128F4293F1F,1387,694,True
TRZSMRS128F934C4FA,50,20,False
TRZSMVW128F933E44C,50,24,False
TRZSNFG128F930ADD4,8193,1941,True
TRZSNGR12903CB45C9,321,89,False
TRZSOKH128F92FED73,2253,1156,True
TRZSOTL12903CEBC4F,4,2,False
TRZSOVT128F148B2DF,251,113,False
TRZSPHL128F4259A32,17,16,False
TRZSPYG128F147F575,116,61,False
TRZSQJD128F42900FE,307,103,False
TRZSQOW128F9314066,18,6,False
TRZSRHG128F423E59D,72,49,False
TRZSRHM12903D0AF9F,6,5,False
TRZSSHW128F92F0290,395,162,False
TRZSSWC128F9319F57,6,6,False
TRZSTZA128E0781956,191,94,False
TRZSTZV128F148C564,16,10,False
TRZSUDA128F42819CF,1,1,False
TRZSUUV128F428B92C,672,197,False
TRZSWVJ128F4276D6B,487,197,False
TRZSXMG128F4277E8E,144,37,False
TRZSYMA12903CB261F,82,33,False
TRZSZIU128F428CFE7,2,2,False
TRZTBJP12903CF2510,9,5,False
TRZTBNV128F1454838,2582,1349,True
TRZTDOO12903CFA059,223,145,False
TRZTFKZ128F4291BD0,1,1,False
TRZTFTE128F424955C,139,49,False
TRZTGED128F1480173,751,358,False
TRZTGNM12903CEB6E0,1,1,False
TRZTHAK128F426AA9F,165,105,False
TRZTHTC128F423D121,229,63,False
TRZTHXF128F14AE348,141,55,False
TRZTICD128F423766A,2739,714,True
TRZTIFP128E0791078,2,2,False
TRZTIKO128F42514B6,51,30,False
TRZTITV12903CB5FDA,65,27,False
TRZTKDQ128F14A2F16,11,5,False
TRZTKJA128F42900EA,762,390,False
TRZTKKP128F42475CD,55,22,False
TRZTKUR128F4280802,18,12,False
TRZTLXS12903CB44AE,4103,2020,True
TRZTNJN128E078A2CF,2223,574,True
TRZTOFS128F424800F,134,45,False
TRZTOGF128F42AADFE,10,5,False
TRZTPOB12903CF05F7,271,212,False
TRZTQGZ128F1476913,54,7,False
TRZTRQL128F9309DB7,313,158,False
TRZTSQU128E078E27A,130,50,False
TRZTSQY128F425A56D,81,33,False
TRZTSWS128F9355F2F,3514,977,True
TRZTTKK128F42BA38C,6,3,False
TRZTUSJ12903CEA58C,145,65,False
TRZTVMN128F930AAB2,268,120,False
TRZTWRM12903D00715,327,106,False
TRZTWRQ128F9325EE6,12,4,False
TRZTXLU128F9337AEC,471,256,False
TRZTYUW128F42BC44D,25,16,False
TRZTZDD128F92E98CE,4,3,False
TRZUAAE128F423A342,673,323,False
TRZUAAT128F4281501,69,27,False
TRZUAKW12903CB6D3B,1010,483,True
TRZUAOC12903CECC1E,116,56,False
TRZUBNQ128F92F954A,32,15,False
TRZUCGM128F42B918D,215,182,False
TRZUCOD12903C9AD13,98,61,False
TRZUDDZ128F92EC27A,164,60,False
TRZUDLB128F4291134,2,2,False
TRZUEXK12903CC62F1,431,115,False
TRZUGAV128F146E720,407,76,False
TRZUHQZ128F4266D4C,1804,274,True
TRZUHXB128F4255B8F,15,3,False
TRZUIIA128F425DDA5,4011,1284,True
TRZUITG12903CB101A,248,45,False
TRZUIYM128F4251745,13,7,False
TRZUKEW128F4240E07,1048,343,True
TRZUKSV128F4295F98,1401,461,True
TRZUKVZ12903CA45CC,8,4,False
TRZULBW128F4292552,2,2,False
TRZULWO128F92FF0D7,120,90,False
TRZUOPW128F424F4B3,54,18,False
TRZUPIQ128F42A6F07,108,53,False
TRZUQEM128F92E6AE7,328,176,False
TRZUQQC128F9327704,25,22,False
TRZURWW128F42B919E,542,282,False
TRZURYT12903CAC936,3,2,False
TRZUSCF128F424F0DD,2229,737,True
TRZUSDI128F4259806,3416,1270,True
TRZUSJW128F4275EE4,69,24,False
TRZUSWC128F92E2DDA,328,187,False
TRZUTUR12903CB2669,774,227,False
TRZUTWX128F42480DD,103,51,False
TRZUUIK128EF35F9DE,584,315,False
TRZUUKG128F145F98A,2274,988,True
TRZUVRD128F932978F,189,44,False
TRZUVRO12903C9E076,1,1,False
TRZUVUF128EF35EEE5,116,22,False
TRZUWTL128F92DF137,211,148,False
TRZUYTK128F9350954,2,2,False
TRZVAXK128F92E846D,55,30,False
TRZVCQT128F92F902D,21,13,False
TRZVDPP128F428FA15,349,176,False
TRZVFIK128EF343BDC,2041,306,True
TRZVGVO128F426E7BF,185,66,False
TRZVIAP12903CAEB8C,41,24,False
TRZVIIW12903CD51EA,2033,594,True
TRZVJCK128F425E21A,4050,1375,True
TRZVJNM128F42AD8FF,369,118,False
TRZVKDR128E078868B,3963,1665,True
TRZVLBV128F42625BF,7,5,False
TRZVLYR128E0792809,799,230,False
TRZVOBV128F9310CFA,187,80,False
TRZVQCR12903CA5CF7,162,86,False
TRZVQLE128F424997E,28,16,False
TRZVQPD128F428EDD7,1277,213,True
TRZVQSD128F92D3F16,127,77,False
TRZVQUJ128F932A970,64,25,False
TRZVRAA128F4291007,11,5,False
TRZVRFU128F92FECFE,55,28,False
TRZVSCY12903CC0515,669,168,False
TRZVTUG128F1486A86,4124,2484,True
TRZVUBX128F428297C,21,7,False
TRZVUWB128F9328FF9,7,2,False
TRZVWLM128F42910A0,14,6,False
TRZVWVO128F42336CA,202,120,False
TRZVXIL128F42792AF,323,154,False
TRZVXRL128F934C17C,410,193,False
TRZVZYO12903CDDD91,53,27,False
TRZVZZL128F427EC4E,100,42,False
TRZWAMW12903CD20E9,329,124,False
TRZWBDR128F1459D82,33,11,False
TRZWBDZ12903CE60F9,90,29,False
TRZWCIL128F931D05E,200,71,False
TRZWDMQ128F9315FCA,445,277,False
TRZWDZA12903CDD3D0,10,8,False
TRZWETF128F14594BA,675,191,False
TRZWFPA128F1498D4C,3,3,False
TRZWGLY12903CA4A2E,934,284,True
TRZWGWX128F934C38E,395,211,False
TRZWHUA128F42B7EC9,638,208,False
TRZWIOL128F429E974,32,15,False
TRZWISK12903CC6477,105,50,False
TRZWIXD128F92F16A4,2881,1083,True
TRZWJLP128F4259F98,176,92,False
TRZWKDG128F147F9BD,27,13,False
TRZWKIZ128F4242070,26,10,False
TRZWLFI12903CC50A4,91,48,False
TRZWMRC128F145819A,19,14,False
TRZWMXN128F92CB359,373,143,False
TRZWOXZ128F42670EA,41,12,False
TRZWPQV128F4249558,130,62,False
TRZWQOK12903CCC2D5,7,6,False
TRZWRHO128F92EBD2A,68,14,False
TRZWSOC128E078DB14,18,9,False
TRZWSRJ128F934C226,274,138,False
TRZWTOU12903CE450A,4240,2270,True
TRZWTWF128F931BAD9,317,199,False
TRZWVCU128F4281943,78,40,False
TRZWWJU128F4288383,3,2,False
TRZWXMQ12903CE6AEF,2333,1087,True
TRZWXVH128F932BCF7,32,27,False
TRZWYOP128F146CB52,306,163,False
TRZWYQD128F42178DE,44,21,False
TRZWYYH12903CF457E,6,3,False
TRZWZFL128F428005E,2458,559,True
TRZWZGO128F1489837,837,310,False
TRZXAQA128F14AA19F,988,382,True
TRZXBJI12903CBA296,1235,381,True
TRZXCYH12903CF0BDE,16,8,False
TRZXERV128F1458FD6,777,323,False
TRZXGMH12903CE297D,122,53,False
TRZXGQT128F42B36DF,452,167,False
TRZXGRK12903CADD35,137,75,False
TRZXGWT128F423EE3E,345,174,False
TRZXGXG128E0781EE5,145,74,False
TRZXIYC128E07921CB,996,471,True
TRZXJMS128F4259AFC,1031,525,True
TRZXJNZ128F14A94EA,3175,1471,True
TRZXNGV128F4263D9A,1740,517,True
TRZXNMI128F934C68E,16,10,False
TRZXQFG128F1458AA9,1557,865,True
TRZXQKB128F9344161,1042,392,True
TRZXQVN128E0782857,10175,2110,True
TRZXSBW128F9351C97,97,68,False
TRZXSEG12903D0739D,203,69,False
TRZXSNU128F424F4B0,47,20,False
TRZXTEN128F145C48E,5,5,False
TRZXUNH128F92CC81E,10,3,False
TRZXUTX12903CDEC94,638,182,False
TRZXUYV12903CFA45F,466,217,False
TRZXVRI12903C9CBE6,159,131,False
TRZXWJE128EF35F2AB,17,8,False
TRZXXCO128F4221A93,27,19,False
TRZXXNF12903CFCDE4,518,248,False
TRZXYHW128F427ECEE,299,122,False
TRZXYLI128F92DE2CD,419,185,False
TRZYAGJ128F9332CEF,13572,6434,True
TRZYBJI128F4274B84,393,224,False
TRZYBKA128F42AAE0C,5,4,False
TRZYCQQ128F422C101,13,9,False
TRZYCSO12903CCC9CD,1,1,False
TRZYDAQ12903CF0AAF,52,38,False
TRZYEFS128F42336CC,200,121,False
TRZYEIH128F428B53C,274,126,False
TRZYEOI12903CDB5A6,253,84,False
TRZYESA128F148D67F,2385,943,True
TRZYEVA12903CE43B0,49,23,False
TRZYFLU12903CD5CB0,15,10,False
TRZYFPN128F426B266,797,258,False
TRZYGHP12903CB1738,936,312,True
TRZYGSG128F9310CDB,620,407,False
TRZYJLX128F42A5E5A,237,71,False
TRZYLRH128F932CC96,81,39,False
TRZYMAN128F934B532,46,32,False
TRZYPUA128E078F880,40,19,False
TRZYQIJ128C7196721,8,5,False
TRZYSPG128F92CD2B4,382,129,False
TRZYSWO12903CD43DD,40,27,False
TRZYTMZ128F424D436,136,77,False
TRZYUMY128F92E282B,53,17,False
TRZYUQG128F930B054,1100,285,True
TRZYUYY128F92DFBA7,1719,506,True
TRZYWCD128F425C7FD,1426,1012,True
TRZYXCV12903CB41B7,280,73,False
TRZYYJH128E0791268,554,316,False
TRZYZKL128F4295CB0,41,4,False
TRZYZKO128F933B441,4,3,False
TRZZBIH12903CF1315,2,2,False
TRZZEVQ128F92CFD63,11205,3482,True
TRZZEYE12903CD1B39,5,4,False
TRZZFIU128F4262062,203,116,False
TRZZHCR128F4255456,713,276,False
TRZZHWM128E07818C6,364,240,False
TRZZIRH128F92C1D67,128,62,False
TRZZJCD128EF3553CC,471,237,False
TRZZJVM128E0781B78,395,306,False
TRZZKAB128F92E0BDC,36,22,False
TRZZKGN128F42B5CC5,274,150,False
TRZZKHE128F9311204,321,167,False
TRZZKOL128F93112EF,1197,662,True
TRZZKVN128E0793E54,126,78,False
TRZZLTG128F146D6B0,115,73,False
TRZZNEL128F424C3C3,119,32,False
TRZZNIC128F42372F5,1124,276,True
TRZZNRN128F4217DF8,5,1,False
TRZZQGM128F9311E60,721,209,False
TRZZQHH128F1495208,27,16,False
TRZZRTG128F936184E,192,73,False
TRZZSQU128F92FCDE8,2939,1214,True
TRZZUBQ128F9351D51,5061,3092,True
TRZZUPR12903CC11FE,3,3,False
TRZZUTD12903CADD68,10638,3673,True
TRZZVMG128F149B9A2,65,31,False
TRZZXIR128F9308AD4,68,14,False
TRZZXJT128F931D72C,870,270,True
TRZZXOQ128F932A083,268,88,False
TRZZXVN128F93285B4,84,38,False
TRZZYMU128E0792400,3107,1140,True
TRZZZCL128F428BB80,32,19,False
TRZZZCN128F9317A03,24,15,False
TRZZZHL128F9329CFB,281,116,False
TRZZZRJ128F42819AF,1212,857,True
